instance,period,period_number,coil_id,processed,used,coil_width,coil_weight,coil_ton_value,used_length,strip_count,strip_produced_weight,strip_leftover_weight,strip_retail_weight,strip_scrap_weight,strip_loss_weight,lateral_leftover_weight,lateral_leftover_retail_weight,lateral_leftover_scrap_weight,edge_trim_weight,rolled_leftover_weight,rolled_leftover_width,rolled_leftover_length,processed_scrap_weight
bf_qcv_045,period_1,1,114,0,1,1000.0,9764.95,5288.27,2757.29,2,9380.71,0.0,0.0,0.0,3.4,283.18,0.0,283.18,97.65,0.0,1000.0,0.0,0.0
bf_qcv_045,period_1,1,120,0,1,1000.0,8424.14,5288.27,2378.69,2,8080.54,11.65,11.65,0.0,3.4,244.3,0.0,244.3,84.24,0.0,1000.0,0.0,0.0
bf_qcv_045,period_1,1,122,0,1,1000.0,7122.49,5288.27,2011.15,2,7033.52,0.0,0.0,0.0,3.5,14.24,0.0,14.24,71.22,0.0,1000.0,0.0,0.0
bf_qcv_045,period_1,1,142,0,1,1000.0,8859.15,5288.27,2501.52,2,8510.24,0.0,0.0,0.0,3.4,256.92,0.0,256.92,88.59,0.0,1000.0,0.0,0.0
bf_qcv_045,period_1,1,146,0,1,1000.0,8447.56,5288.27,2385.31,2,8114.7,0.0,0.0,0.0,3.4,244.98,0.0,244.98,84.48,0.0,1000.0,0.0,0.0
bf_qcv_045,period_1,1,150,0,1,1000.0,8067.69,5288.27,2278.04,2,7967.38,0.0,0.0,0.0,3.5,16.14,0.0,16.14,80.68,0.0,1000.0,0.0,0.0
bf_qcv_045,period_1,1,157,0,1,1000.0,9296.83,5288.27,2625.11,2,8679.93,0.0,0.0,0.0,3.31,520.62,0.0,520.62,92.97,0.0,1000.0,0.0,0.0
bf_qcv_045,period_1,1,162,0,1,1000.0,8451.68,5288.27,2386.47,2,8118.66,0.0,0.0,0.0,3.4,245.1,0.0,245.1,84.52,0.0,1000.0,0.0,0.0
bf_qcv_045,period_1,1,165,0,1,1000.0,8589.81,5288.27,2425.47,2,8251.4,0.0,0.0,0.0,3.4,249.1,0.0,249.1,85.9,0.0,1000.0,0.0,0.0
bf_qcv_045,period_1,1,168,0,1,880.0,8196.89,5302.87,2630.14,2,8091.35,0.0,0.0,0.0,3.08,9.31,0.0,9.31,93.15,0.0,880.0,0.0,0.0
bf_qcv_045,period_1,1,171,0,1,880.0,6277.12,5302.87,2014.14,2,6174.19,0.0,0.0,0.0,3.07,28.53,0.0,28.53,71.33,0.0,880.0,0.0,0.0
bf_qcv_045,period_1,1,175,0,1,880.0,7080.64,5302.87,2271.97,2,6964.93,0.0,0.0,0.0,3.07,32.18,0.0,32.18,80.46,0.0,880.0,0.0,0.0
bf_qcv_045,period_1,1,176,0,1,880.0,7459.93,5302.87,2393.67,2,7338.18,0.0,0.0,0.0,3.07,33.91,0.0,33.91,84.77,0.0,880.0,0.0,0.0
bf_qcv_045,period_1,1,178,0,1,880.0,7891.48,5302.87,2532.14,2,7781.84,7.92,7.92,0.0,3.08,8.97,0.0,8.97,89.68,0.0,880.0,0.0,0.0
bf_qcv_045,period_1,1,180,0,1,880.0,8764.2,5302.87,2812.18,2,8651.57,0.0,0.0,0.0,3.08,9.96,0.0,9.96,99.59,0.0,880.0,0.0,0.0
bf_qcv_045,period_1,1,182,0,1,880.0,6299.42,5302.87,2021.3,2,6217.6,0.0,0.0,0.0,3.08,7.16,0.0,7.16,71.58,0.0,880.0,0.0,0.0
bf_qcv_045,period_1,1,191,0,1,880.0,6582.35,5302.87,2112.08,2,6474.56,0.0,0.0,0.0,3.07,29.92,0.0,29.92,74.8,0.0,880.0,0.0,0.0
bf_qcv_045,period_1,1,197,0,1,880.0,6281.02,5302.87,2015.4,2,6199.43,0.0,0.0,0.0,3.08,7.14,0.0,7.14,71.38,0.0,880.0,0.0,0.0
bf_qcv_045,period_1,1,199,0,1,880.0,6930.11,5302.87,2223.67,2,6840.41,0.0,0.0,0.0,3.08,7.88,0.0,7.88,78.75,0.0,880.0,0.0,0.0
bf_qcv_045,period_1,1,204,0,1,880.0,7616.07,5302.87,2443.77,2,7517.79,0.0,0.0,0.0,3.08,8.65,0.0,8.65,86.55,0.0,880.0,0.0,0.0
bf_qcv_045,period_1,1,207,0,1,880.0,7244.86,5302.87,2324.66,2,7151.22,0.0,0.0,0.0,3.08,8.23,0.0,8.23,82.33,0.0,880.0,0.0,0.0
bf_qcv_045,period_1,1,208,0,1,880.0,7244.0,5302.87,2324.39,2,7149.35,1.02,0.0,1.02,3.08,8.23,0.0,8.23,82.32,0.0,880.0,0.0,0.0
bf_qcv_045,period_1,1,210,0,1,880.0,7283.34,5302.87,2337.01,2,7164.4,0.0,0.0,0.0,3.07,33.11,0.0,33.11,82.77,0.0,880.0,0.0,0.0
bf_qcv_045,period_1,1,211,0,1,880.0,7672.4,5302.87,2461.85,2,7547.27,0.0,0.0,0.0,3.07,34.87,0.0,34.87,87.19,0.0,880.0,0.0,0.0
bf_qcv_045,period_1,1,220,0,1,880.0,8484.8,5302.87,2722.52,2,8375.66,0.0,0.0,0.0,3.08,9.64,0.0,9.64,96.42,0.0,880.0,0.0,0.0
bf_qcv_045,period_1,1,222,0,1,880.0,7362.83,5302.87,2362.52,2,7267.72,0.0,0.0,0.0,3.08,8.37,0.0,8.37,83.67,0.0,880.0,0.0,0.0
bf_qcv_045,period_1,1,225,0,1,880.0,7640.29,5302.87,2451.55,2,7515.67,0.0,0.0,0.0,3.07,34.73,0.0,34.73,86.82,0.0,880.0,0.0,0.0
bf_qcv_045,period_1,1,248,0,1,880.0,8106.4,5302.87,2601.11,2,7974.37,0.0,0.0,0.0,3.07,36.85,0.0,36.85,92.12,0.0,880.0,0.0,0.0
bf_qcv_045,period_1,1,252,0,1,880.0,8352.17,5302.87,2679.97,2,8244.69,0.0,0.0,0.0,3.08,9.49,0.0,9.49,94.91,0.0,880.0,0.0,0.0
bf_qcv_045,period_1,1,32,0,1,1200.0,8255.11,4819.73,1942.47,2,8140.85,0.0,0.0,0.0,4.19,41.28,0.0,41.28,68.79,0.0,1200.0,0.0,0.0
bf_qcv_045,period_1,1,38,0,1,1200.0,5600.09,4819.73,1317.73,2,5521.23,0.0,0.0,0.0,4.19,28.0,0.0,28.0,46.67,0.0,1200.0,0.0,0.0
bf_qcv_045,period_1,1,4,0,1,1200.0,8025.79,4819.73,1888.51,2,7914.59,0.0,0.0,0.0,4.19,40.13,0.0,40.13,66.88,0.0,1200.0,0.0,0.0
bf_qcv_045,period_1,1,55,0,1,1200.0,7683.09,4819.73,1807.87,2,7576.46,0.0,0.0,0.0,4.19,38.42,0.0,38.42,64.03,0.0,1200.0,0.0,0.0
bf_qcv_045,period_1,1,60,0,1,1200.0,7644.47,4819.73,1798.78,2,7493.98,44.37,44.0,0.37,4.19,38.22,0.0,38.22,63.7,0.0,1200.0,0.0,0.0
bf_qcv_045,period_1,1,7,0,1,1200.0,8064.92,4819.73,1897.72,2,7953.19,0.0,0.0,0.0,4.19,40.32,0.0,40.32,67.21,0.0,1200.0,0.0,0.0
bf_qcv_045,period_1,1,72,0,1,1200.0,8036.24,4819.73,1890.97,2,7924.9,0.0,0.0,0.0,4.19,40.18,0.0,40.18,66.97,0.0,1200.0,0.0,0.0
bf_qcv_045,period_1,1,74,0,1,1200.0,8054.77,4819.73,1895.33,2,7943.18,0.0,0.0,0.0,4.19,40.27,0.0,40.27,67.12,0.0,1200.0,0.0,0.0
bf_qcv_045,period_1,1,83,0,1,1200.0,7994.35,4819.73,1881.11,2,7883.57,0.0,0.0,0.0,4.19,39.97,0.0,39.97,66.62,0.0,1200.0,0.0,0.0
bf_qcv_045,period_1,1,87,0,1,1200.0,7602.58,4819.73,1788.93,2,7497.02,0.0,0.0,0.0,4.19,38.01,0.0,38.01,63.35,0.0,1200.0,0.0,0.0
bf_qcv_045,period_1,1,92,0,1,1000.0,8593.93,5288.27,2426.64,2,8023.42,0.0,0.0,0.0,3.31,481.26,0.0,481.26,85.94,0.0,1000.0,0.0,0.0
bf_qcv_045,period_2,2,114,0,1,1000.0,9764.95,5288.27,2757.29,2,9380.71,0.0,0.0,0.0,3.4,283.18,0.0,283.18,97.65,0.0,1000.0,0.0,0.0
bf_qcv_045,period_2,2,123,0,1,1000.0,8934.09,5288.27,2522.69,2,8582.26,0.0,0.0,0.0,3.4,259.09,0.0,259.09,89.34,0.0,1000.0,0.0,0.0
bf_qcv_045,period_2,2,126,0,1,1000.0,9551.22,5288.27,2696.94,2,9433.11,0.0,0.0,0.0,3.5,19.1,0.0,19.1,95.51,0.0,1000.0,0.0,0.0
bf_qcv_045,period_2,2,136,0,1,1000.0,9049.37,5288.27,2555.24,2,8937.28,0.0,0.0,0.0,3.5,18.1,0.0,18.1,90.49,0.0,1000.0,0.0,0.0
bf_qcv_045,period_2,2,142,0,1,1000.0,8859.15,5288.27,2501.52,2,8510.24,0.0,0.0,0.0,3.4,256.92,0.0,256.92,88.59,0.0,1000.0,0.0,0.0
bf_qcv_045,period_2,2,147,0,1,1000.0,6865.85,5288.27,1938.68,2,6594.68,0.0,0.0,0.0,3.4,199.11,0.0,199.11,68.66,0.0,1000.0,0.0,0.0
bf_qcv_045,period_2,2,157,0,1,1000.0,9296.83,5288.27,2625.11,2,8679.93,0.0,0.0,0.0,3.31,520.62,0.0,520.62,92.97,0.0,1000.0,0.0,0.0
bf_qcv_045,period_2,2,163,0,1,1000.0,8742.76,5288.27,2468.66,2,8398.39,0.0,0.0,0.0,3.4,253.54,0.0,253.54,87.43,0.0,1000.0,0.0,0.0
bf_qcv_045,period_2,2,178,0,1,880.0,7891.48,5302.87,2532.14,2,7762.87,0.0,0.0,0.0,3.07,35.87,0.0,35.87,89.68,0.0,880.0,0.0,0.0
bf_qcv_045,period_2,2,180,0,1,880.0,8764.2,5302.87,2812.18,2,8651.57,0.0,0.0,0.0,3.08,9.96,0.0,9.96,99.59,0.0,880.0,0.0,0.0
bf_qcv_045,period_2,2,193,0,1,880.0,7037.51,5302.87,2258.13,2,6946.46,0.0,0.0,0.0,3.08,8.0,0.0,8.0,79.97,0.0,880.0,0.0,0.0
bf_qcv_045,period_2,2,198,0,1,880.0,6995.92,5302.87,2244.79,2,6905.39,0.0,0.0,0.0,3.08,7.95,0.0,7.95,79.5,0.0,880.0,0.0,0.0
bf_qcv_045,period_2,2,199,0,1,880.0,6930.11,5302.87,2223.67,2,6840.41,0.0,0.0,0.0,3.08,7.88,0.0,7.88,78.75,0.0,880.0,0.0,0.0
bf_qcv_045,period_2,2,204,0,1,880.0,7616.07,5302.87,2443.77,2,7491.84,0.0,0.0,0.0,3.07,34.62,0.0,34.62,86.55,0.0,880.0,0.0,0.0
bf_qcv_045,period_2,2,206,0,1,880.0,6243.84,5302.87,2003.47,2,6162.71,0.0,0.0,0.0,3.08,7.1,0.0,7.1,70.95,0.0,880.0,0.0,0.0
bf_qcv_045,period_2,2,21,0,1,1200.0,7985.82,4819.73,1879.1,2,7875.15,0.0,0.0,0.0,4.19,39.93,0.0,39.93,66.55,0.0,1200.0,0.0,0.0
bf_qcv_045,period_2,2,211,0,1,880.0,7672.4,5302.87,2461.85,2,7547.27,0.0,0.0,0.0,3.07,34.87,0.0,34.87,87.19,0.0,880.0,0.0,0.0
bf_qcv_045,period_2,2,212,0,1,880.0,7547.31,5302.87,2421.71,2,7449.89,0.0,0.0,0.0,3.08,8.58,0.0,8.58,85.76,0.0,880.0,0.0,0.0
bf_qcv_045,period_2,2,213,0,1,880.0,7338.81,5302.87,2354.81,2,7244.0,0.0,0.0,0.0,3.08,8.34,0.0,8.34,83.4,0.0,880.0,0.0,0.0
bf_qcv_045,period_2,2,215,0,1,880.0,7412.93,5302.87,2378.59,2,7291.93,0.0,0.0,0.0,3.07,33.7,0.0,33.7,84.24,0.0,880.0,0.0,0.0
bf_qcv_045,period_2,2,220,0,1,880.0,8484.8,5302.87,2722.52,2,8375.66,0.0,0.0,0.0,3.08,9.64,0.0,9.64,96.42,0.0,880.0,0.0,0.0
bf_qcv_045,period_2,2,23,0,1,1200.0,7012.03,4819.73,1649.97,2,6914.34,0.0,0.0,0.0,4.19,35.06,0.0,35.06,58.43,0.0,1200.0,0.0,0.0
bf_qcv_045,period_2,2,234,0,1,880.0,8367.18,5302.87,2684.78,2,8230.55,0.45,0.0,0.45,3.07,38.03,0.0,38.03,95.08,0.0,880.0,0.0,0.0
bf_qcv_045,period_2,2,248,0,1,880.0,8106.4,5302.87,2601.11,2,8001.99,0.0,0.0,0.0,3.08,9.21,0.0,9.21,92.12,0.0,880.0,0.0,0.0
bf_qcv_045,period_2,2,252,0,1,880.0,8352.17,5302.87,2679.97,2,8244.69,0.0,0.0,0.0,3.08,9.49,0.0,9.49,94.91,0.0,880.0,0.0,0.0
bf_qcv_045,period_2,2,253,0,1,880.0,7601.37,5302.87,2439.06,2,7477.37,0.0,0.0,0.0,3.07,34.55,0.0,34.55,86.38,0.0,880.0,0.0,0.0
bf_qcv_045,period_2,2,3,0,1,1200.0,7416.12,4819.73,1745.05,2,7313.05,0.0,0.0,0.0,4.19,37.08,0.0,37.08,61.8,0.0,1200.0,0.0,0.0
bf_qcv_045,period_2,2,32,0,1,1200.0,8255.11,4819.73,1942.47,2,8140.85,0.0,0.0,0.0,4.19,41.28,0.0,41.28,68.79,0.0,1200.0,0.0,0.0
bf_qcv_045,period_2,2,4,0,1,1200.0,8025.79,4819.73,1888.51,2,7914.59,0.0,0.0,0.0,4.19,40.13,0.0,40.13,66.88,0.0,1200.0,0.0,0.0
bf_qcv_045,period_2,2,48,0,1,1200.0,7701.29,4819.73,1812.15,2,7594.41,0.0,0.0,0.0,4.19,38.51,0.0,38.51,64.18,0.0,1200.0,0.0,0.0
bf_qcv_045,period_2,2,56,0,1,1200.0,7613.64,4819.73,1791.53,2,7507.93,0.0,0.0,0.0,4.19,38.07,0.0,38.07,63.45,0.0,1200.0,0.0,0.0
bf_qcv_045,period_2,2,72,0,1,1200.0,8036.24,4819.73,1890.97,2,7924.9,0.0,0.0,0.0,4.19,40.18,0.0,40.18,66.97,0.0,1200.0,0.0,0.0
bf_qcv_045,period_2,2,74,0,1,1200.0,8054.77,4819.73,1895.33,2,7816.39,126.79,119.06,7.73,4.19,40.27,0.0,40.27,67.12,0.0,1200.0,0.0,0.0
bf_qcv_045,period_2,2,83,0,1,1200.0,7994.35,4819.73,1881.11,2,7883.57,0.0,0.0,0.0,4.19,39.97,0.0,39.97,66.62,0.0,1200.0,0.0,0.0
bf_qcv_045,period_2,2,90,0,1,1000.0,8237.15,5288.27,2325.89,2,7690.19,0.0,0.0,0.0,3.31,461.28,0.0,461.28,82.37,0.0,1000.0,0.0,0.0
bf_qcv_045,period_2,2,256,1,1,717.0,44.0,4819.73,17.33,1,41.46,0.0,0.0,0.0,2.54,0.0,0.0,0.0,0.0,0.0,717.0,0.0,2.54
bf_qcv_045,period_2,2,257,1,1,494.0,11.65,5288.27,6.66,1,6.58,3.32,0.0,3.32,1.75,0.0,0.0,0.0,0.0,0.0,494.0,0.0,5.07
bf_qcv_045,period_2,2,258,1,1,436.0,7.92,5302.87,5.13,1,5.88,0.5,0.0,0.5,1.54,0.0,0.0,0.0,0.0,0.0,436.0,0.0,2.04
bf_qcv_045,period_3,3,109,0,1,1000.0,8036.79,5288.27,2269.32,2,7503.05,0.0,0.0,0.0,3.31,450.06,0.0,450.06,80.37,0.0,1000.0,0.0,0.0
bf_qcv_045,period_3,3,114,0,1,1000.0,9764.95,5288.27,2757.29,2,9117.16,0.0,0.0,0.0,3.31,546.84,0.0,546.84,97.65,0.0,1000.0,0.0,0.0
bf_qcv_045,period_3,3,119,0,1,1000.0,8730.4,5288.27,2465.17,2,8622.14,0.0,0.0,0.0,3.5,17.46,0.0,17.46,87.3,0.0,1000.0,0.0,0.0
bf_qcv_045,period_3,3,120,0,1,1000.0,8424.14,5288.27,2378.69,2,8092.2,0.0,0.0,0.0,3.4,244.3,0.0,244.3,84.24,0.0,1000.0,0.0,0.0
bf_qcv_045,period_3,3,136,0,1,1000.0,9049.37,5288.27,2555.24,2,8693.04,0.0,0.0,0.0,3.4,262.43,0.0,262.43,90.49,0.0,1000.0,0.0,0.0
bf_qcv_045,period_3,3,142,0,1,1000.0,8859.15,5288.27,2501.52,2,8749.34,0.0,0.0,0.0,3.5,17.72,0.0,17.72,88.59,0.0,1000.0,0.0,0.0
bf_qcv_045,period_3,3,145,0,1,1000.0,8038.62,5288.27,2269.83,2,7504.76,0.0,0.0,0.0,3.31,450.16,0.0,450.16,80.39,0.0,1000.0,0.0,0.0
bf_qcv_045,period_3,3,157,0,1,1000.0,9296.83,5288.27,2625.11,2,9165.68,16.09,16.09,0.0,3.5,18.59,0.0,18.59,92.97,0.0,1000.0,0.0,0.0
bf_qcv_045,period_3,3,165,0,1,1000.0,8589.81,5288.27,2425.47,2,8251.4,0.0,0.0,0.0,3.4,249.1,0.0,249.1,85.9,0.0,1000.0,0.0,0.0
bf_qcv_045,period_3,3,168,0,1,880.0,8196.89,5302.87,2630.14,2,8063.42,0.0,0.0,0.0,3.07,37.26,0.0,37.26,93.15,0.0,880.0,0.0,0.0
bf_qcv_045,period_3,3,174,0,1,880.0,7125.05,5302.87,2286.22,2,7032.91,0.0,0.0,0.0,3.08,8.1,0.0,8.1,80.97,0.0,880.0,0.0,0.0
bf_qcv_045,period_3,3,176,0,1,880.0,7459.93,5302.87,2393.67,2,7363.6,0.0,0.0,0.0,3.08,8.48,0.0,8.48,84.77,0.0,880.0,0.0,0.0
bf_qcv_045,period_3,3,180,0,1,880.0,8764.2,5302.87,2812.18,2,8621.7,0.0,0.0,0.0,3.07,39.84,0.0,39.84,99.59,0.0,880.0,0.0,0.0
bf_qcv_045,period_3,3,181,0,1,880.0,7321.08,5302.87,2349.12,2,7226.49,0.0,0.0,0.0,3.08,8.32,0.0,8.32,83.19,0.0,880.0,0.0,0.0
bf_qcv_045,period_3,3,186,0,1,880.0,7381.95,5302.87,2368.65,2,7261.44,0.0,0.0,0.0,3.07,33.55,0.0,33.55,83.89,0.0,880.0,0.0,0.0
bf_qcv_045,period_3,3,192,0,1,880.0,7480.06,5302.87,2400.13,2,7383.48,0.0,0.0,0.0,3.08,8.5,0.0,8.5,85.0,0.0,880.0,0.0,0.0
bf_qcv_045,period_3,3,196,0,1,880.0,7155.48,5302.87,2295.98,2,7038.58,0.0,0.0,0.0,3.07,32.52,0.0,32.52,81.31,0.0,880.0,0.0,0.0
bf_qcv_045,period_3,3,20,0,1,1200.0,5981.33,4819.73,1407.44,2,5897.39,0.0,0.0,0.0,4.19,29.91,0.0,29.91,49.84,0.0,1200.0,0.0,0.0
bf_qcv_045,period_3,3,203,0,1,880.0,7636.22,5302.87,2450.24,2,7511.15,0.51,0.0,0.51,3.07,34.71,0.0,34.71,86.78,0.0,880.0,0.0,0.0
bf_qcv_045,period_3,3,204,0,1,880.0,7616.07,5302.87,2443.77,2,7491.84,0.0,0.0,0.0,3.07,34.62,0.0,34.62,86.55,0.0,880.0,0.0,0.0
bf_qcv_045,period_3,3,21,0,1,1200.0,7985.82,4819.73,1879.1,2,7875.15,0.0,0.0,0.0,4.19,39.93,0.0,39.93,66.55,0.0,1200.0,0.0,0.0
bf_qcv_045,period_3,3,211,0,1,880.0,7672.4,5302.87,2461.85,2,7573.42,0.0,0.0,0.0,3.08,8.72,0.0,8.72,87.19,0.0,880.0,0.0,0.0
bf_qcv_045,period_3,3,212,0,1,880.0,7547.31,5302.87,2421.71,2,7449.89,0.0,0.0,0.0,3.08,8.58,0.0,8.58,85.76,0.0,880.0,0.0,0.0
bf_qcv_045,period_3,3,220,0,1,880.0,8484.8,5302.87,2722.52,2,8346.75,0.0,0.0,0.0,3.07,38.57,0.0,38.57,96.42,0.0,880.0,0.0,0.0
bf_qcv_045,period_3,3,222,0,1,880.0,7362.83,5302.87,2362.52,2,7267.72,0.0,0.0,0.0,3.08,8.37,0.0,8.37,83.67,0.0,880.0,0.0,0.0
bf_qcv_045,period_3,3,225,0,1,880.0,7640.29,5302.87,2451.55,2,7541.71,0.0,0.0,0.0,3.08,8.68,0.0,8.68,86.82,0.0,880.0,0.0,0.0
bf_qcv_045,period_3,3,229,0,1,880.0,7358.24,5302.87,2361.04,2,7248.44,14.75,14.75,0.0,3.08,8.36,0.0,8.36,83.62,0.0,880.0,0.0,0.0
bf_qcv_045,period_3,3,234,0,1,880.0,8367.18,5302.87,2684.78,2,8231.0,0.0,0.0,0.0,3.07,38.03,0.0,38.03,95.08,0.0,880.0,0.0,0.0
bf_qcv_045,period_3,3,239,0,1,880.0,7477.33,5302.87,2399.26,2,7380.79,0.0,0.0,0.0,3.08,8.5,0.0,8.5,84.97,0.0,880.0,0.0,0.0
bf_qcv_045,period_3,3,243,0,1,880.0,7486.51,5302.87,2402.2,2,7389.85,0.0,0.0,0.0,3.08,8.51,0.0,8.51,85.07,0.0,880.0,0.0,0.0
bf_qcv_045,period_3,3,248,0,1,880.0,8106.4,5302.87,2601.11,2,7974.37,0.0,0.0,0.0,3.07,36.85,0.0,36.85,92.12,0.0,880.0,0.0,0.0
bf_qcv_045,period_3,3,251,0,1,880.0,7522.41,5302.87,2413.72,2,7399.67,0.0,0.0,0.0,3.07,34.19,0.0,34.19,85.48,0.0,880.0,0.0,0.0
bf_qcv_045,period_3,3,252,0,1,880.0,8352.17,5302.87,2679.97,2,8216.23,0.0,0.0,0.0,3.07,37.96,0.0,37.96,94.91,0.0,880.0,0.0,0.0
bf_qcv_045,period_3,3,253,0,1,880.0,7601.37,5302.87,2439.06,2,7503.28,0.0,0.0,0.0,3.08,8.64,0.0,8.64,86.38,0.0,880.0,0.0,0.0
bf_qcv_045,period_3,3,3,0,1,1200.0,7416.12,4819.73,1745.05,2,7313.05,0.0,0.0,0.0,4.19,37.08,0.0,37.08,61.8,0.0,1200.0,0.0,0.0
bf_qcv_045,period_3,3,32,0,1,1200.0,8255.11,4819.73,1942.47,2,8140.51,0.34,0.0,0.34,4.19,41.28,0.0,41.28,68.79,0.0,1200.0,0.0,0.0
bf_qcv_045,period_3,3,4,0,1,1200.0,8025.79,4819.73,1888.51,2,7914.59,0.0,0.0,0.0,4.19,40.13,0.0,40.13,66.88,0.0,1200.0,0.0,0.0
bf_qcv_045,period_3,3,48,0,1,1200.0,7701.29,4819.73,1812.15,2,7594.41,0.0,0.0,0.0,4.19,38.51,0.0,38.51,64.18,0.0,1200.0,0.0,0.0
bf_qcv_045,period_3,3,56,0,1,1200.0,7613.64,4819.73,1791.53,2,7507.81,0.12,0.0,0.12,4.19,38.07,0.0,38.07,63.45,0.0,1200.0,0.0,0.0
bf_qcv_045,period_3,3,59,0,1,1200.0,7195.72,4819.73,1693.19,2,7095.58,0.0,0.0,0.0,4.19,35.98,0.0,35.98,59.96,0.0,1200.0,0.0,0.0
bf_qcv_045,period_3,3,7,0,1,1200.0,8064.92,4819.73,1897.72,2,7953.19,0.0,0.0,0.0,4.19,40.32,0.0,40.32,67.21,0.0,1200.0,0.0,0.0
bf_qcv_045,period_3,3,72,0,1,1200.0,8036.24,4819.73,1890.97,2,7924.9,0.0,0.0,0.0,4.19,40.18,0.0,40.18,66.97,0.0,1200.0,0.0,0.0
bf_qcv_045,period_3,3,87,0,1,1200.0,7602.58,4819.73,1788.93,2,7497.02,0.0,0.0,0.0,4.19,38.01,0.0,38.01,63.35,0.0,1200.0,0.0,0.0
bf_qcv_045,period_3,3,91,0,1,1000.0,7911.06,5288.27,2233.82,2,7385.62,0.0,0.0,0.0,3.31,443.02,0.0,443.02,79.11,0.0,1000.0,0.0,0.0
bf_qcv_045,period_3,3,256,1,1,717.0,119.06,4819.73,46.89,1,116.52,0.0,0.0,0.0,2.54,0.0,0.0,0.0,0.0,0.0,717.0,0.0,2.54
bf_qcv_045,period_4,4,102,0,1,1000.0,7505.42,5288.27,2119.28,2,7006.75,0.0,0.0,0.0,3.31,420.3,0.0,420.3,75.05,0.0,1000.0,0.0,0.0
bf_qcv_045,period_4,4,107,0,1,1000.0,9312.83,5288.27,2629.63,2,8694.88,0.0,0.0,0.0,3.31,521.52,0.0,521.52,93.13,0.0,1000.0,0.0,0.0
bf_qcv_045,period_4,4,123,0,1,1000.0,8934.09,5288.27,2522.69,2,8582.26,0.0,0.0,0.0,3.4,259.09,0.0,259.09,89.34,0.0,1000.0,0.0,0.0
bf_qcv_045,period_4,4,126,0,1,1000.0,9551.22,5288.27,2696.94,2,9175.32,0.0,0.0,0.0,3.4,276.99,0.0,276.99,95.51,0.0,1000.0,0.0,0.0
bf_qcv_045,period_4,4,133,0,1,1000.0,7002.69,5288.27,1977.32,2,6915.16,0.0,0.0,0.0,3.5,14.01,0.0,14.01,70.03,0.0,1000.0,0.0,0.0
bf_qcv_045,period_4,4,136,0,1,1000.0,9049.37,5288.27,2555.24,2,8448.8,0.0,0.0,0.0,3.31,506.76,0.0,506.76,90.49,0.0,1000.0,0.0,0.0
bf_qcv_045,period_4,4,146,0,1,1000.0,8447.56,5288.27,2385.31,2,8342.69,0.0,0.0,0.0,3.5,16.9,0.0,16.9,84.48,0.0,1000.0,0.0,0.0
bf_qcv_045,period_4,4,157,0,1,1000.0,9296.83,5288.27,2625.11,2,8921.59,9.26,9.26,0.0,3.4,269.61,0.0,269.61,92.97,0.0,1000.0,0.0,0.0
bf_qcv_045,period_4,4,165,0,1,1000.0,8589.81,5288.27,2425.47,2,8483.23,0.0,0.0,0.0,3.5,17.18,0.0,17.18,85.9,0.0,1000.0,0.0,0.0
bf_qcv_045,period_4,4,168,0,1,880.0,8196.89,5302.87,2630.14,2,8091.35,0.0,0.0,0.0,3.08,9.31,0.0,9.31,93.15,0.0,880.0,0.0,0.0
bf_qcv_045,period_4,4,174,0,1,880.0,7125.05,5302.87,2286.22,2,6993.18,15.45,15.45,0.0,3.07,32.39,0.0,32.39,80.97,0.0,880.0,0.0,0.0
bf_qcv_045,period_4,4,176,0,1,880.0,7459.93,5302.87,2393.67,2,7350.07,13.54,13.54,0.0,3.08,8.48,0.0,8.48,84.77,0.0,880.0,0.0,0.0
bf_qcv_045,period_4,4,178,0,1,880.0,7891.48,5302.87,2532.14,2,7762.87,0.0,0.0,0.0,3.07,35.87,0.0,35.87,89.68,0.0,880.0,0.0,0.0
bf_qcv_045,period_4,4,192,0,1,880.0,7480.06,5302.87,2400.13,2,7383.48,0.0,0.0,0.0,3.08,8.5,0.0,8.5,85.0,0.0,880.0,0.0,0.0
bf_qcv_045,period_4,4,199,0,1,880.0,6930.11,5302.87,2223.67,2,6840.41,0.0,0.0,0.0,3.08,7.88,0.0,7.88,78.75,0.0,880.0,0.0,0.0
bf_qcv_045,period_4,4,209,0,1,880.0,7244.87,5302.87,2324.67,2,7126.54,0.0,0.0,0.0,3.07,32.93,0.0,32.93,82.33,0.0,880.0,0.0,0.0
bf_qcv_045,period_4,4,211,0,1,880.0,7672.4,5302.87,2461.85,2,7573.42,0.0,0.0,0.0,3.08,8.72,0.0,8.72,87.19,0.0,880.0,0.0,0.0
bf_qcv_045,period_4,4,220,0,1,880.0,8484.8,5302.87,2722.52,2,8375.66,0.0,0.0,0.0,3.08,9.64,0.0,9.64,96.42,0.0,880.0,0.0,0.0
bf_qcv_045,period_4,4,221,0,1,880.0,5603.45,5302.87,1797.98,2,5511.24,0.0,0.0,0.0,3.07,25.47,0.0,25.47,63.68,0.0,880.0,0.0,0.0
bf_qcv_045,period_4,4,239,0,1,880.0,7477.33,5302.87,2399.26,2,7380.79,0.0,0.0,0.0,3.08,8.5,0.0,8.5,84.97,0.0,880.0,0.0,0.0
bf_qcv_045,period_4,4,248,0,1,880.0,8106.4,5302.87,2601.11,2,8001.99,0.0,0.0,0.0,3.08,9.21,0.0,9.21,92.12,0.0,880.0,0.0,0.0
bf_qcv_045,period_4,4,251,0,1,880.0,7522.41,5302.87,2413.72,2,7425.3,0.0,0.0,0.0,3.08,8.55,0.0,8.55,85.48,0.0,880.0,0.0,0.0
bf_qcv_045,period_4,4,252,0,1,880.0,8352.17,5302.87,2679.97,2,8216.23,0.0,0.0,0.0,3.07,37.96,0.0,37.96,94.91,0.0,880.0,0.0,0.0
bf_qcv_045,period_4,4,37,0,1,1200.0,7110.47,4819.73,1673.13,2,7011.47,0.0,0.0,0.0,4.19,35.55,0.0,35.55,59.25,0.0,1200.0,0.0,0.0
bf_qcv_045,period_4,4,39,0,1,1200.0,6039.92,4819.73,1421.22,2,5955.19,0.0,0.0,0.0,4.19,30.2,0.0,30.2,50.33,0.0,1200.0,0.0,0.0
bf_qcv_045,period_4,4,4,0,1,1200.0,8025.79,4819.73,1888.51,2,7914.49,0.1,0.0,0.1,4.19,40.13,0.0,40.13,66.88,0.0,1200.0,0.0,0.0
bf_qcv_045,period_4,4,48,0,1,1200.0,7701.29,4819.73,1812.15,2,7594.41,0.0,0.0,0.0,4.19,38.51,0.0,38.51,64.18,0.0,1200.0,0.0,0.0
bf_qcv_045,period_4,4,66,0,1,1200.0,7909.62,4819.73,1861.17,2,7799.97,0.0,0.0,0.0,4.19,39.55,0.0,39.55,65.91,0.0,1200.0,0.0,0.0
bf_qcv_045,period_4,4,7,0,1,1200.0,8064.92,4819.73,1897.72,2,7874.11,79.09,79.09,0.0,4.19,40.32,0.0,40.32,67.21,0.0,1200.0,0.0,0.0
bf_qcv_045,period_4,4,83,0,1,1200.0,7994.35,4819.73,1881.11,2,7883.57,0.0,0.0,0.0,4.19,39.97,0.0,39.97,66.62,0.0,1200.0,0.0,0.0
bf_qcv_045,period_4,4,256,1,1,494.0,16.09,5288.27,9.2,1,14.34,0.0,0.0,0.0,1.75,0.0,0.0,0.0,0.0,0.0,494.0,0.0,1.75
bf_qcv_045,period_4,4,257,1,1,436.0,14.75,5302.87,9.55,1,13.21,0.0,0.0,0.0,1.54,0.0,0.0,0.0,0.0,0.0,436.0,0.0,1.54
bf_qcv_045,period_5,5,105,0,1,1000.0,7708.63,5288.27,2176.66,2,7612.63,0.0,0.0,0.0,3.5,15.42,0.0,15.42,77.09,0.0,1000.0,0.0,0.0
bf_qcv_045,period_5,5,111,0,1,1000.0,6331.64,5288.27,1787.84,2,5910.44,0.0,0.0,0.0,3.31,354.57,0.0,354.57,63.32,0.0,1000.0,0.0,0.0
bf_qcv_045,period_5,5,119,0,1,1000.0,8730.4,5288.27,2465.17,2,8622.14,0.0,0.0,0.0,3.5,17.46,0.0,17.46,87.3,0.0,1000.0,0.0,0.0
bf_qcv_045,period_5,5,127,0,1,1000.0,7058.91,5288.27,1993.2,2,6780.21,0.0,0.0,0.0,3.4,204.71,0.0,204.71,70.59,0.0,1000.0,0.0,0.0
bf_qcv_045,period_5,5,135,0,1,1000.0,7114.63,5288.27,2008.93,2,6641.76,0.0,0.0,0.0,3.31,398.42,0.0,398.42,71.15,0.0,1000.0,0.0,0.0
bf_qcv_045,period_5,5,146,0,1,1000.0,8447.56,5288.27,2385.31,2,7886.71,0.0,0.0,0.0,3.31,473.06,0.0,473.06,84.48,0.0,1000.0,0.0,0.0
bf_qcv_045,period_5,5,147,0,1,1000.0,6865.85,5288.27,1938.68,2,6594.68,0.0,0.0,0.0,3.4,199.11,0.0,199.11,68.66,0.0,1000.0,0.0,0.0
bf_qcv_045,period_5,5,156,0,1,1000.0,7275.31,5288.27,2054.3,2,6988.17,0.0,0.0,0.0,3.4,210.98,0.0,210.98,72.75,0.0,1000.0,0.0,0.0
bf_qcv_045,period_5,5,161,0,1,1000.0,7071.34,5288.27,1996.71,2,6601.32,0.0,0.0,0.0,3.31,396.0,0.0,396.0,70.71,0.0,1000.0,0.0,0.0
bf_qcv_045,period_5,5,166,0,1,1000.0,8158.41,5288.27,2303.66,2,8057.01,0.0,0.0,0.0,3.5,16.32,0.0,16.32,81.58,0.0,1000.0,0.0,0.0
bf_qcv_045,period_5,5,168,0,1,880.0,8196.89,5302.87,2630.14,2,8091.35,0.0,0.0,0.0,3.08,9.31,0.0,9.31,93.15,0.0,880.0,0.0,0.0
bf_qcv_045,period_5,5,176,0,1,880.0,7459.93,5302.87,2393.67,2,7363.6,0.0,0.0,0.0,3.08,8.48,0.0,8.48,84.77,0.0,880.0,0.0,0.0
bf_qcv_045,period_5,5,178,0,1,880.0,7891.48,5302.87,2532.14,2,7789.76,0.0,0.0,0.0,3.08,8.97,0.0,8.97,89.68,0.0,880.0,0.0,0.0
bf_qcv_045,period_5,5,179,0,1,880.0,6707.65,5302.87,2152.29,2,6585.59,12.28,12.28,0.0,3.07,30.49,0.0,30.49,76.22,0.0,880.0,0.0,0.0
bf_qcv_045,period_5,5,180,0,1,880.0,8764.2,5302.87,2812.18,2,8641.71,9.86,9.86,0.0,3.08,9.96,0.0,9.96,99.59,0.0,880.0,0.0,0.0
bf_qcv_045,period_5,5,202,0,1,880.0,7276.38,5302.87,2334.78,2,7157.55,0.0,0.0,0.0,3.07,33.07,0.0,33.07,82.69,0.0,880.0,0.0,0.0
bf_qcv_045,period_5,5,203,0,1,880.0,7636.22,5302.87,2450.24,2,7537.69,0.0,0.0,0.0,3.08,8.68,0.0,8.68,86.78,0.0,880.0,0.0,0.0
bf_qcv_045,period_5,5,204,0,1,880.0,7616.07,5302.87,2443.77,2,7517.79,0.0,0.0,0.0,3.08,8.65,0.0,8.65,86.55,0.0,880.0,0.0,0.0
bf_qcv_045,period_5,5,21,0,1,1200.0,7985.82,4819.73,1879.1,2,7874.57,0.58,0.0,0.58,4.19,39.93,0.0,39.93,66.55,0.0,1200.0,0.0,0.0
bf_qcv_045,period_5,5,211,0,1,880.0,7672.4,5302.87,2461.85,2,7573.42,0.0,0.0,0.0,3.08,8.72,0.0,8.72,87.19,0.0,880.0,0.0,0.0
bf_qcv_045,period_5,5,212,0,1,880.0,7547.31,5302.87,2421.71,2,7449.89,0.0,0.0,0.0,3.08,8.58,0.0,8.58,85.76,0.0,880.0,0.0,0.0
bf_qcv_045,period_5,5,213,0,1,880.0,7338.81,5302.87,2354.81,2,7218.99,0.0,0.0,0.0,3.07,33.36,0.0,33.36,83.4,0.0,880.0,0.0,0.0
bf_qcv_045,period_5,5,220,0,1,880.0,8484.8,5302.87,2722.52,2,8346.75,0.0,0.0,0.0,3.07,38.57,0.0,38.57,96.42,0.0,880.0,0.0,0.0
bf_qcv_045,period_5,5,225,0,1,880.0,7640.29,5302.87,2451.55,2,7541.71,0.0,0.0,0.0,3.08,8.68,0.0,8.68,86.82,0.0,880.0,0.0,0.0
bf_qcv_045,period_5,5,229,0,1,880.0,7358.24,5302.87,2361.04,2,7263.18,0.0,0.0,0.0,3.08,8.36,0.0,8.36,83.62,0.0,880.0,0.0,0.0
bf_qcv_045,period_5,5,234,0,1,880.0,8367.18,5302.87,2684.78,2,8231.0,0.0,0.0,0.0,3.07,38.03,0.0,38.03,95.08,0.0,880.0,0.0,0.0
bf_qcv_045,period_5,5,235,0,1,880.0,7326.77,5302.87,2350.95,2,7207.14,0.0,0.0,0.0,3.07,33.3,0.0,33.3,83.26,0.0,880.0,0.0,0.0
bf_qcv_045,period_5,5,236,0,1,880.0,5494.68,5302.87,1763.08,2,5404.2,0.0,0.0,0.0,3.07,24.98,0.0,24.98,62.44,0.0,880.0,0.0,0.0
bf_qcv_045,period_5,5,239,0,1,880.0,7477.33,5302.87,2399.26,2,7380.79,0.0,0.0,0.0,3.08,8.5,0.0,8.5,84.97,0.0,880.0,0.0,0.0
bf_qcv_045,period_5,5,243,0,1,880.0,7486.51,5302.87,2402.2,2,7364.34,0.0,0.0,0.0,3.07,34.03,0.0,34.03,85.07,0.0,880.0,0.0,0.0
bf_qcv_045,period_5,5,244,0,1,880.0,6063.0,5302.87,1945.44,2,5963.48,0.0,0.0,0.0,3.07,27.56,0.0,27.56,68.9,0.0,880.0,0.0,0.0
bf_qcv_045,period_5,5,248,0,1,880.0,8106.4,5302.87,2601.11,2,8001.99,0.0,0.0,0.0,3.08,9.21,0.0,9.21,92.12,0.0,880.0,0.0,0.0
bf_qcv_045,period_5,5,249,0,1,880.0,7169.03,5302.87,2300.33,2,7076.34,0.0,0.0,0.0,3.08,8.15,0.0,8.15,81.47,0.0,880.0,0.0,0.0
bf_qcv_045,period_5,5,252,0,1,880.0,8352.17,5302.87,2679.97,2,8244.69,0.0,0.0,0.0,3.08,9.49,0.0,9.49,94.91,0.0,880.0,0.0,0.0
bf_qcv_045,period_5,5,253,0,1,880.0,7601.37,5302.87,2439.06,2,7477.37,0.0,0.0,0.0,3.07,34.55,0.0,34.55,86.38,0.0,880.0,0.0,0.0
bf_qcv_045,period_5,5,28,0,1,1200.0,7226.67,4819.73,1700.47,2,7126.12,0.0,0.0,0.0,4.19,36.13,0.0,36.13,60.22,0.0,1200.0,0.0,0.0
bf_qcv_045,period_5,5,30,0,1,1200.0,6761.84,4819.73,1591.1,2,6667.49,0.0,0.0,0.0,4.19,33.81,0.0,33.81,56.35,0.0,1200.0,0.0,0.0
bf_qcv_045,period_5,5,32,0,1,1200.0,8255.11,4819.73,1942.47,2,8038.12,102.72,102.72,0.0,4.19,41.28,0.0,41.28,68.79,0.0,1200.0,0.0,0.0
bf_qcv_045,period_5,5,35,0,1,1200.0,7537.9,4819.73,1773.71,2,7433.2,0.0,0.0,0.0,4.19,37.69,0.0,37.69,62.82,0.0,1200.0,0.0,0.0
bf_qcv_045,period_5,5,44,0,1,1200.0,6755.28,4819.73,1589.55,2,6661.02,0.0,0.0,0.0,4.19,33.78,0.0,33.78,56.29,0.0,1200.0,0.0,0.0
bf_qcv_045,period_5,5,47,0,1,1200.0,6644.17,4819.73,1563.41,2,6551.39,0.0,0.0,0.0,4.19,33.22,0.0,33.22,55.37,0.0,1200.0,0.0,0.0
bf_qcv_045,period_5,5,5,0,1,1200.0,6801.91,4819.73,1600.52,2,6707.02,0.0,0.0,0.0,4.19,34.01,0.0,34.01,56.68,0.0,1200.0,0.0,0.0
bf_qcv_045,period_5,5,56,0,1,1200.0,7613.64,4819.73,1791.53,2,7507.93,0.0,0.0,0.0,4.19,38.07,0.0,38.07,63.45,0.0,1200.0,0.0,0.0
bf_qcv_045,period_5,5,59,0,1,1200.0,7195.72,4819.73,1693.19,2,7095.58,0.0,0.0,0.0,4.19,35.98,0.0,35.98,59.96,0.0,1200.0,0.0,0.0
bf_qcv_045,period_5,5,60,0,1,1200.0,7644.47,4819.73,1798.78,2,7538.35,0.0,0.0,0.0,4.19,38.22,0.0,38.22,63.7,0.0,1200.0,0.0,0.0
bf_qcv_045,period_5,5,74,0,1,1200.0,8054.77,4819.73,1895.33,2,7943.18,0.0,0.0,0.0,4.19,40.27,0.0,40.27,67.12,0.0,1200.0,0.0,0.0
bf_qcv_045,period_5,5,76,0,1,1200.0,7537.46,4819.73,1773.6,2,7432.77,0.0,0.0,0.0,4.19,37.69,0.0,37.69,62.81,0.0,1200.0,0.0,0.0
bf_qcv_045,period_5,5,79,0,1,1200.0,7028.91,4819.73,1653.94,2,6931.0,0.0,0.0,0.0,4.19,35.14,0.0,35.14,58.57,0.0,1200.0,0.0,0.0
bf_qcv_045,period_5,5,90,0,1,1000.0,8237.15,5288.27,2325.89,2,8134.81,0.0,0.0,0.0,3.5,16.47,0.0,16.47,82.37,0.0,1000.0,0.0,0.0
bf_qcv_045,period_5,5,92,0,1,1000.0,8593.93,5288.27,2426.64,2,8486.71,0.59,0.0,0.59,3.5,17.19,0.0,17.19,85.94,0.0,1000.0,0.0,0.0
bf_qcv_045,period_5,5,256,1,1,717.0,79.09,4819.73,31.15,1,76.55,0.0,0.0,0.0,2.54,0.0,0.0,0.0,0.0,0.0,717.0,0.0,2.54
bf_qcv_045,period_5,5,257,1,1,494.0,9.26,5288.27,5.29,1,7.51,0.0,0.0,0.0,1.75,0.0,0.0,0.0,0.0,0.0,494.0,0.0,1.75
bf_qcv_045,period_5,5,258,1,1,433.0,15.45,5302.87,10.08,1,13.92,0.0,0.0,0.0,1.53,0.0,0.0,0.0,0.0,0.0,433.0,0.0,1.53
bf_qcv_045,period_5,5,259,1,1,436.0,13.54,5302.87,8.77,1,12.0,0.0,0.0,0.0,1.54,0.0,0.0,0.0,0.0,0.0,436.0,0.0,1.54
bf_sae1006_045,period_1,1,102,0,1,810.0,8652.32,5173.98,3015.43,1,8334.44,0.0,0.0,0.0,2.76,208.3,0.0,208.3,106.82,0.0,810.0,0.0,0.0
bf_sae1006_045,period_1,1,111,0,1,810.0,8429.71,5173.98,2937.85,1,8119.94,0.0,0.0,0.0,2.76,202.94,0.0,202.94,104.07,0.0,810.0,0.0,0.0
bf_sae1006_045,period_1,1,116,0,1,810.0,6160.9,5173.98,2147.15,1,5933.76,0.0,0.0,0.0,2.76,148.32,0.0,148.32,76.06,0.0,810.0,0.0,0.0
bf_sae1006_045,period_1,1,117,0,1,810.0,8397.97,5173.98,2926.79,1,8089.35,0.0,0.0,0.0,2.76,202.17,0.0,202.17,103.68,0.0,810.0,0.0,0.0
bf_sae1006_045,period_1,1,119,0,1,810.0,6764.98,5173.98,2357.67,1,6515.84,0.0,0.0,0.0,2.76,162.86,0.0,162.86,83.52,0.0,810.0,0.0,0.0
bf_sae1006_045,period_1,1,138,0,1,810.0,7333.88,5173.98,2555.94,1,7331.01,0.0,0.0,0.0,2.87,0.0,0.0,0.0,0.0,0.0,810.0,0.0,0.0
bf_sae1006_045,period_1,1,140,0,1,810.0,8199.01,5173.98,2857.45,1,7897.64,0.0,0.0,0.0,2.76,197.38,0.0,197.38,101.22,0.0,810.0,0.0,0.0
bf_sae1006_045,period_1,1,144,0,1,810.0,8560.72,5173.98,2983.51,1,8246.18,0.0,0.0,0.0,2.76,206.09,0.0,206.09,105.69,0.0,810.0,0.0,0.0
bf_sae1006_045,period_1,1,145,0,1,810.0,8343.94,5173.98,2907.96,1,8037.29,0.0,0.0,0.0,2.76,200.87,0.0,200.87,103.01,0.0,810.0,0.0,0.0
bf_sae1006_045,period_1,1,158,0,1,810.0,8164.37,5173.98,2845.38,1,7864.26,0.0,0.0,0.0,2.76,196.55,0.0,196.55,100.79,0.0,810.0,0.0,0.0
bf_sae1006_045,period_1,1,160,0,1,810.0,8253.99,5173.98,2876.61,1,7950.62,0.0,0.0,0.0,2.76,198.71,0.0,198.71,101.9,0.0,810.0,0.0,0.0
bf_sae1006_045,period_1,1,163,0,1,810.0,7058.57,5173.98,2459.99,1,6798.73,0.0,0.0,0.0,2.76,169.93,0.0,169.93,87.14,0.0,810.0,0.0,0.0
bf_sae1006_045,period_1,1,172,0,1,810.0,6733.26,5173.98,2346.62,1,6485.27,0.0,0.0,0.0,2.76,162.1,0.0,162.1,83.13,0.0,810.0,0.0,0.0
bf_sae1006_045,period_1,1,173,0,1,810.0,6346.17,5173.98,2211.71,1,6112.28,0.0,0.0,0.0,2.76,152.78,0.0,152.78,78.35,0.0,810.0,0.0,0.0
bf_sae1006_045,period_1,1,174,0,1,810.0,7053.51,5173.98,2458.23,1,6793.86,0.0,0.0,0.0,2.76,169.81,0.0,169.81,87.08,0.0,810.0,0.0,0.0
bf_sae1006_045,period_1,1,184,0,1,810.0,8492.56,5173.98,2959.76,1,8180.5,0.0,0.0,0.0,2.76,204.45,0.0,204.45,104.85,0.0,810.0,0.0,0.0
bf_sae1006_045,period_1,1,188,0,1,810.0,7018.27,5173.98,2445.95,1,6759.9,0.0,0.0,0.0,2.76,168.96,0.0,168.96,86.65,0.0,810.0,0.0,0.0
bf_sae1006_045,period_1,1,197,0,1,810.0,8068.21,5173.98,2811.87,1,7771.6,0.0,0.0,0.0,2.76,194.23,0.0,194.23,99.61,0.0,810.0,0.0,0.0
bf_sae1006_045,period_1,1,198,0,1,810.0,8265.6,5173.98,2880.66,1,7961.8,0.0,0.0,0.0,2.76,198.99,0.0,198.99,102.04,0.0,810.0,0.0,0.0
bf_sae1006_045,period_1,1,199,0,1,810.0,6921.23,5173.98,2412.13,1,6918.36,0.0,0.0,0.0,2.87,0.0,0.0,0.0,0.0,0.0,810.0,0.0,0.0
bf_sae1006_045,period_1,1,211,0,1,1250.0,9821.87,5102.73,2218.13,2,9683.92,0.0,0.0,0.0,4.37,55.0,0.0,55.0,78.57,0.0,1250.0,0.0,0.0
bf_sae1006_045,period_1,1,214,0,1,1250.0,9647.75,5102.73,2178.81,2,9511.37,0.8,0.0,0.8,4.37,54.03,0.0,54.03,77.18,0.0,1250.0,0.0,0.0
bf_sae1006_045,period_1,1,215,0,1,1250.0,8469.02,5102.73,1912.61,2,8173.41,0.0,0.0,0.0,4.28,223.58,0.0,223.58,67.75,0.0,1250.0,0.0,0.0
bf_sae1006_045,period_1,1,218,0,1,1250.0,8856.9,5102.73,2000.2,2,8661.26,0.0,0.0,0.0,4.33,120.45,0.0,120.45,70.86,0.0,1250.0,0.0,0.0
bf_sae1006_045,period_1,1,221,0,1,1250.0,7668.13,5102.73,1731.74,2,7559.48,0.0,0.0,0.0,4.37,42.94,0.0,42.94,61.35,0.0,1250.0,0.0,0.0
bf_sae1006_045,period_1,1,226,0,1,1250.0,8877.12,5102.73,2004.77,2,8752.02,0.0,0.0,0.0,4.37,49.71,0.0,49.71,71.02,0.0,1250.0,0.0,0.0
bf_sae1006_045,period_1,1,243,0,1,1250.0,7001.03,5102.73,1581.08,2,6845.48,0.0,0.0,0.0,4.33,95.21,0.0,95.21,56.01,0.0,1250.0,0.0,0.0
bf_sae1006_045,period_1,1,249,0,1,1250.0,7036.21,5102.73,1589.03,3,5267.5,1539.27,1539.27,0.0,4.29,168.87,0.0,168.87,56.29,0.0,1250.0,0.0,0.0
bf_sae1006_045,period_1,1,252,0,1,1250.0,7644.01,5102.73,1726.29,2,7474.57,0.0,0.0,0.0,4.33,103.96,0.0,103.96,61.15,0.0,1250.0,0.0,0.0
bf_sae1006_045,period_1,1,263,0,1,1250.0,9106.32,5102.73,2056.53,2,8978.11,0.0,0.0,0.0,4.37,51.0,0.0,51.0,72.85,0.0,1250.0,0.0,0.0
bf_sae1006_045,period_1,1,274,0,1,1250.0,8273.17,5102.73,1868.38,2,8090.14,0.0,0.0,0.0,4.33,112.52,0.0,112.52,66.19,0.0,1250.0,0.0,0.0
bf_sae1006_045,period_1,1,275,0,1,1250.0,9385.4,5102.73,2119.56,2,9253.39,0.0,0.0,0.0,4.37,52.56,0.0,52.56,75.08,0.0,1250.0,0.0,0.0
bf_sae1006_045,period_1,1,284,0,1,1250.0,10148.17,5102.73,2291.82,2,10005.79,0.0,0.0,0.0,4.37,56.83,0.0,56.83,81.19,0.0,1250.0,0.0,0.0
bf_sae1006_045,period_1,1,296,0,1,1250.0,8219.87,5102.73,1856.34,2,8103.71,0.0,0.0,0.0,4.37,46.03,0.0,46.03,65.76,0.0,1250.0,0.0,0.0
bf_sae1006_045,period_1,1,34,0,1,1100.0,7747.6,4947.45,1988.28,2,7444.51,0.0,0.0,0.0,3.75,228.91,0.0,228.91,70.43,0.0,1100.0,0.0,0.0
bf_sae1006_045,period_1,1,40,0,1,1100.0,8460.11,4947.45,2171.13,2,8117.07,12.43,12.43,0.0,3.75,249.96,0.0,249.96,76.91,0.0,1100.0,0.0,0.0
bf_sae1006_045,period_1,1,43,0,1,1100.0,7816.93,4947.45,2006.07,2,7508.76,2.41,0.0,2.41,3.75,230.95,0.0,230.95,71.06,0.0,1100.0,0.0,0.0
bf_sae1006_045,period_1,1,44,0,1,1100.0,7996.82,4947.45,2052.23,2,7760.4,0.0,0.0,0.0,3.78,159.94,0.0,159.94,72.7,0.0,1100.0,0.0,0.0
bf_sae1006_045,period_1,1,47,0,1,1100.0,9577.17,4947.45,2457.8,2,9203.4,0.0,0.0,0.0,3.75,282.96,0.0,282.96,87.07,0.0,1100.0,0.0,0.0
bf_sae1006_045,period_1,1,56,0,1,1100.0,7980.04,4947.45,2047.93,2,7817.9,42.22,42.07,0.16,3.84,43.53,0.0,43.53,72.55,0.0,1100.0,0.0,0.0
bf_sae1006_045,period_1,1,58,0,1,1100.0,8692.29,4947.45,2230.71,2,8352.71,0.0,0.0,0.0,3.75,256.82,0.0,256.82,79.02,0.0,1100.0,0.0,0.0
bf_sae1006_045,period_1,1,60,0,1,1100.0,7266.21,4947.45,1864.74,2,6981.72,0.0,0.0,0.0,3.75,214.68,0.0,214.68,66.06,0.0,1100.0,0.0,0.0
bf_sae1006_045,period_1,1,66,0,1,1100.0,8114.01,4947.45,2082.31,2,7388.7,6.24,0.0,6.24,3.55,641.74,0.0,641.74,73.76,0.0,1100.0,0.0,0.0
bf_sae1006_045,period_1,1,73,0,1,1100.0,7750.95,4947.45,1989.14,2,7447.74,0.0,0.0,0.0,3.75,229.01,0.0,229.01,70.46,0.0,1100.0,0.0,0.0
bf_sae1006_045,period_1,1,77,0,1,1100.0,7793.33,4947.45,2000.01,2,7488.48,0.0,0.0,0.0,3.75,230.26,0.0,230.26,70.85,0.0,1100.0,0.0,0.0
bf_sae1006_045,period_1,1,78,0,1,1100.0,7904.94,4947.45,2028.66,2,7595.78,0.0,0.0,0.0,3.75,233.56,0.0,233.56,71.86,0.0,1100.0,0.0,0.0
bf_sae1006_045,period_1,1,88,0,1,1100.0,8466.59,4947.45,2172.79,2,8361.18,1.5,0.0,1.5,3.85,23.09,0.0,23.09,76.97,0.0,1100.0,0.0,0.0
bf_sae1006_045,period_1,1,92,0,1,1100.0,7997.36,4947.45,2052.37,2,7760.93,0.0,0.0,0.0,3.78,159.95,0.0,159.95,72.7,0.0,1100.0,0.0,0.0
bf_sae1006_045,period_1,1,98,0,1,810.0,8626.33,5173.98,3006.38,1,8309.4,0.0,0.0,0.0,2.76,207.67,0.0,207.67,106.5,0.0,810.0,0.0,0.0
bf_sae1006_045,period_2,2,102,0,1,810.0,8652.32,5173.98,3015.43,1,8334.44,0.0,0.0,0.0,2.76,208.3,0.0,208.3,106.82,0.0,810.0,0.0,0.0
bf_sae1006_045,period_2,2,104,0,1,810.0,6501.97,5173.98,2266.01,1,6499.1,0.0,0.0,0.0,2.87,0.0,0.0,0.0,0.0,0.0,810.0,0.0,0.0
bf_sae1006_045,period_2,2,111,0,1,810.0,8429.71,5173.98,2937.85,1,8119.94,0.0,0.0,0.0,2.76,202.94,0.0,202.94,104.07,0.0,810.0,0.0,0.0
bf_sae1006_045,period_2,2,115,0,1,810.0,7447.16,5173.98,2595.42,1,7173.17,0.0,0.0,0.0,2.76,179.28,0.0,179.28,91.94,0.0,810.0,0.0,0.0
bf_sae1006_045,period_2,2,117,0,1,810.0,8397.97,5173.98,2926.79,1,8089.35,0.0,0.0,0.0,2.76,202.17,0.0,202.17,103.68,0.0,810.0,0.0,0.0
bf_sae1006_045,period_2,2,118,0,1,810.0,7935.17,5173.98,2765.5,1,7643.41,0.0,0.0,0.0,2.76,191.03,0.0,191.03,97.97,0.0,810.0,0.0,0.0
bf_sae1006_045,period_2,2,121,0,1,810.0,8058.98,5173.98,2808.65,1,7762.71,0.0,0.0,0.0,2.76,194.01,0.0,194.01,99.49,0.0,810.0,0.0,0.0
bf_sae1006_045,period_2,2,123,0,1,810.0,7976.6,5173.98,2779.94,1,7683.33,0.0,0.0,0.0,2.76,192.03,0.0,192.03,98.48,0.0,810.0,0.0,0.0
bf_sae1006_045,period_2,2,136,0,1,810.0,6009.09,5173.98,2094.24,1,6005.87,0.35,0.0,0.35,2.87,0.0,0.0,0.0,0.0,0.0,810.0,0.0,0.0
bf_sae1006_045,period_2,2,137,0,1,810.0,8004.9,5173.98,2789.8,1,7710.6,0.0,0.0,0.0,2.76,192.71,0.0,192.71,98.83,0.0,810.0,0.0,0.0
bf_sae1006_045,period_2,2,140,0,1,810.0,8199.01,5173.98,2857.45,1,7897.64,0.0,0.0,0.0,2.76,197.38,0.0,197.38,101.22,0.0,810.0,0.0,0.0
bf_sae1006_045,period_2,2,142,0,1,810.0,7935.07,5173.98,2765.46,1,7643.31,0.0,0.0,0.0,2.76,191.03,0.0,191.03,97.96,0.0,810.0,0.0,0.0
bf_sae1006_045,period_2,2,144,0,1,810.0,8560.72,5173.98,2983.51,1,8246.18,0.0,0.0,0.0,2.76,206.09,0.0,206.09,105.69,0.0,810.0,0.0,0.0
bf_sae1006_045,period_2,2,145,0,1,810.0,8343.94,5173.98,2907.96,1,8037.29,0.0,0.0,0.0,2.76,200.87,0.0,200.87,103.01,0.0,810.0,0.0,0.0
bf_sae1006_045,period_2,2,147,0,1,810.0,7787.62,5173.98,2714.08,1,7501.23,0.0,0.0,0.0,2.76,187.48,0.0,187.48,96.14,0.0,810.0,0.0,0.0
bf_sae1006_045,period_2,2,149,0,1,810.0,8069.45,5173.98,2812.3,1,7772.8,0.0,0.0,0.0,2.76,194.26,0.0,194.26,99.62,0.0,810.0,0.0,0.0
bf_sae1006_045,period_2,2,152,0,1,810.0,7849.27,5173.98,2735.56,1,7560.64,0.0,0.0,0.0,2.76,188.96,0.0,188.96,96.9,0.0,810.0,0.0,0.0
bf_sae1006_045,period_2,2,158,0,1,810.0,8164.37,5173.98,2845.38,1,7864.26,0.0,0.0,0.0,2.76,196.55,0.0,196.55,100.79,0.0,810.0,0.0,0.0
bf_sae1006_045,period_2,2,160,0,1,810.0,8253.99,5173.98,2876.61,1,7950.62,0.0,0.0,0.0,2.76,198.71,0.0,198.71,101.9,0.0,810.0,0.0,0.0
bf_sae1006_045,period_2,2,17,0,1,1100.0,8592.88,4947.45,2205.2,2,8340.13,123.92,123.92,0.0,3.84,46.87,0.0,46.87,78.12,0.0,1100.0,0.0,0.0
bf_sae1006_045,period_2,2,175,0,1,810.0,7775.96,5173.98,2710.01,1,7490.0,0.0,0.0,0.0,2.76,187.2,0.0,187.2,96.0,0.0,810.0,0.0,0.0
bf_sae1006_045,period_2,2,184,0,1,810.0,8492.56,5173.98,2959.76,1,8180.5,0.0,0.0,0.0,2.76,204.45,0.0,204.45,104.85,0.0,810.0,0.0,0.0
bf_sae1006_045,period_2,2,19,0,1,1100.0,7371.22,4947.45,1891.69,2,3001.8,1030.14,1030.14,0.0,2.13,3270.14,3270.14,0.0,67.01,0.0,1100.0,0.0,0.0
bf_sae1006_045,period_2,2,190,0,1,810.0,7533.94,5173.98,2625.67,1,7256.79,0.0,0.0,0.0,2.76,181.37,0.0,181.37,93.01,0.0,810.0,0.0,0.0
bf_sae1006_045,period_2,2,197,0,1,810.0,8068.21,5173.98,2811.87,1,7771.6,0.0,0.0,0.0,2.76,194.23,0.0,194.23,99.61,0.0,810.0,0.0,0.0
bf_sae1006_045,period_2,2,198,0,1,810.0,8265.6,5173.98,2880.66,1,7961.8,0.0,0.0,0.0,2.76,198.99,0.0,198.99,102.04,0.0,810.0,0.0,0.0
bf_sae1006_045,period_2,2,202,0,1,810.0,7892.67,5173.98,2750.69,1,7602.46,0.0,0.0,0.0,2.76,190.01,0.0,190.01,97.44,0.0,810.0,0.0,0.0
bf_sae1006_045,period_2,2,210,0,1,1250.0,7495.07,5102.73,1692.65,2,7328.84,0.0,0.0,0.0,4.33,101.93,0.0,101.93,59.96,0.0,1250.0,0.0,0.0
bf_sae1006_045,period_2,2,215,0,1,1250.0,8469.02,5102.73,1912.61,2,8312.29,37.18,37.18,0.0,4.37,47.43,0.0,47.43,67.75,0.0,1250.0,0.0,0.0
bf_sae1006_045,period_2,2,216,0,1,1250.0,7680.18,5102.73,1734.46,2,7571.36,0.0,0.0,0.0,4.37,43.01,0.0,43.01,61.44,0.0,1250.0,0.0,0.0
bf_sae1006_045,period_2,2,219,0,1,1250.0,7532.3,5102.73,1701.06,2,7365.27,0.0,0.0,0.0,4.33,102.44,0.0,102.44,60.26,0.0,1250.0,0.0,0.0
bf_sae1006_045,period_2,2,223,0,1,1250.0,9182.36,5102.73,2073.7,2,9053.11,0.0,0.0,0.0,4.37,51.42,0.0,51.42,73.46,0.0,1250.0,0.0,0.0
bf_sae1006_045,period_2,2,233,0,1,1250.0,8631.29,5102.73,1949.25,2,8509.54,0.0,0.0,0.0,4.37,48.34,0.0,48.34,69.05,0.0,1250.0,0.0,0.0
bf_sae1006_045,period_2,2,236,0,1,1250.0,7641.28,5102.73,1725.67,2,7532.19,0.81,0.0,0.81,4.37,42.79,0.0,42.79,61.13,0.0,1250.0,0.0,0.0
bf_sae1006_045,period_2,2,240,0,1,1250.0,7582.46,5102.73,1712.39,2,7414.35,0.0,0.0,0.0,4.33,103.12,0.0,103.12,60.66,0.0,1250.0,0.0,0.0
bf_sae1006_045,period_2,2,252,0,1,1250.0,7644.01,5102.73,1726.29,2,7535.68,0.0,0.0,0.0,4.37,42.81,0.0,42.81,61.15,0.0,1250.0,0.0,0.0
bf_sae1006_045,period_2,2,256,0,1,1250.0,7386.26,5102.73,1668.08,2,7127.9,0.0,0.0,0.0,4.28,195.0,0.0,195.0,59.09,0.0,1250.0,0.0,0.0
bf_sae1006_045,period_2,2,262,0,1,1250.0,7919.18,5102.73,1788.43,2,7807.11,0.0,0.0,0.0,4.37,44.35,0.0,44.35,63.35,0.0,1250.0,0.0,0.0
bf_sae1006_045,period_2,2,264,0,1,1250.0,7454.59,5102.73,1683.51,2,7193.88,0.0,0.0,0.0,4.28,196.8,0.0,196.8,59.64,0.0,1250.0,0.0,0.0
bf_sae1006_045,period_2,2,289,0,1,1250.0,6691.16,5102.73,1511.1,2,6595.79,0.0,0.0,0.0,4.37,37.47,0.0,37.47,53.53,0.0,1250.0,0.0,0.0
bf_sae1006_045,period_2,2,293,0,1,1250.0,8419.48,5102.73,1901.42,2,8233.29,0.0,0.0,0.0,4.33,114.5,0.0,114.5,67.36,0.0,1250.0,0.0,0.0
bf_sae1006_045,period_2,2,41,0,1,1100.0,7674.27,4947.45,1969.46,2,7374.02,0.0,0.0,0.0,3.75,226.74,0.0,226.74,69.77,0.0,1100.0,0.0,0.0
bf_sae1006_045,period_2,2,45,0,1,1100.0,8391.36,4947.45,2153.49,3,8286.51,9.46,9.46,0.0,3.85,15.26,0.0,15.26,76.29,0.0,1100.0,0.0,0.0
bf_sae1006_045,period_2,2,49,0,1,1100.0,6958.36,4947.45,1785.73,2,6752.15,0.0,0.0,0.0,3.78,139.17,0.0,139.17,63.26,0.0,1100.0,0.0,0.0
bf_sae1006_045,period_2,2,61,0,1,1100.0,7665.46,4947.45,1967.2,2,7365.55,0.0,0.0,0.0,3.75,226.48,0.0,226.48,69.69,0.0,1100.0,0.0,0.0
bf_sae1006_045,period_2,2,7,0,1,1100.0,6939.65,4947.45,1780.93,2,6149.52,477.28,477.28,0.0,3.72,246.04,0.0,246.04,63.09,0.0,1100.0,0.0,0.0
bf_sae1006_045,period_2,2,72,0,1,1100.0,7350.99,4947.45,1886.49,2,7055.51,7.72,7.72,0.0,3.75,217.19,0.0,217.19,66.83,0.0,1100.0,0.0,0.0
bf_sae1006_045,period_2,2,88,0,1,1100.0,8466.59,4947.45,2172.79,2,8134.82,0.9,0.0,0.9,3.75,250.15,0.0,250.15,76.97,0.0,1100.0,0.0,0.0
bf_sae1006_045,period_2,2,9,0,1,1100.0,6373.95,4947.45,1635.76,2,6123.94,0.0,0.0,0.0,3.75,188.32,0.0,188.32,57.95,0.0,1100.0,0.0,0.0
bf_sae1006_045,period_2,2,98,0,1,810.0,8626.33,5173.98,3006.38,1,8309.4,0.0,0.0,0.0,2.76,207.67,0.0,207.67,106.5,0.0,810.0,0.0,0.0
bf_sae1006_045,period_2,2,99,0,1,810.0,6553.34,5173.98,2283.92,1,6550.47,0.0,0.0,0.0,2.87,0.0,0.0,0.0,0.0,0.0,810.0,0.0,0.0
bf_sae1006_045,period_2,2,298,1,1,277.0,12.43,4947.45,12.67,1,11.45,0.0,0.0,0.0,0.98,0.0,0.0,0.0,0.0,0.0,277.0,0.0,0.98
bf_sae1006_045,period_2,2,299,1,1,550.0,42.07,4947.45,21.59,1,32.31,7.82,0.0,7.82,1.95,0.0,0.0,0.0,0.0,0.0,550.0,0.0,9.76
bf_sae1006_045,period_2,2,300,1,1,560.0,1222.28,5102.73,616.15,1,1220.3,0.0,0.0,0.0,1.98,0.0,0.0,0.0,0.0,0.0,560.0,0.0,1.98
bf_sae1006_045,period_2,2,301,1,1,325.0,316.99,5102.73,275.34,1,269.19,0.0,0.0,0.0,0.98,37.06,0.0,37.06,9.75,0.0,325.0,0.0,47.8
bf_sae1006_045,period_3,3,10,0,1,1100.0,7799.79,4947.45,2001.67,2,7494.69,0.0,0.0,0.0,3.75,230.45,0.0,230.45,70.91,0.0,1100.0,0.0,0.0
bf_sae1006_045,period_3,3,100,0,1,810.0,7717.17,5173.98,2689.52,1,7433.35,0.0,0.0,0.0,2.76,185.78,0.0,185.78,95.27,0.0,810.0,0.0,0.0
bf_sae1006_045,period_3,3,102,0,1,810.0,8652.32,5173.98,3015.43,1,8334.44,0.0,0.0,0.0,2.76,208.3,0.0,208.3,106.82,0.0,810.0,0.0,0.0
bf_sae1006_045,period_3,3,106,0,1,810.0,5590.46,5173.98,1948.34,1,5587.59,0.0,0.0,0.0,2.87,0.0,0.0,0.0,0.0,0.0,810.0,0.0,0.0
bf_sae1006_045,period_3,3,111,0,1,810.0,8429.71,5173.98,2937.85,1,8119.94,0.0,0.0,0.0,2.76,202.94,0.0,202.94,104.07,0.0,810.0,0.0,0.0
bf_sae1006_045,period_3,3,112,0,1,810.0,7772.61,5173.98,2708.85,1,7764.3,5.44,0.0,5.44,2.87,0.0,0.0,0.0,0.0,0.0,810.0,0.0,0.0
bf_sae1006_045,period_3,3,117,0,1,810.0,8397.97,5173.98,2926.79,1,8089.35,0.0,0.0,0.0,2.76,202.17,0.0,202.17,103.68,0.0,810.0,0.0,0.0
bf_sae1006_045,period_3,3,118,0,1,810.0,7935.17,5173.98,2765.5,1,7643.41,0.0,0.0,0.0,2.76,191.03,0.0,191.03,97.97,0.0,810.0,0.0,0.0
bf_sae1006_045,period_3,3,12,0,1,1100.0,8142.55,4947.45,2089.63,2,7823.31,0.9,0.0,0.9,3.75,240.58,0.0,240.58,74.02,0.0,1100.0,0.0,0.0
bf_sae1006_045,period_3,3,121,0,1,810.0,8058.98,5173.98,2808.65,1,7762.71,0.0,0.0,0.0,2.76,194.01,0.0,194.01,99.49,0.0,810.0,0.0,0.0
bf_sae1006_045,period_3,3,123,0,1,810.0,7976.6,5173.98,2779.94,1,7683.33,0.0,0.0,0.0,2.76,192.03,0.0,192.03,98.48,0.0,810.0,0.0,0.0
bf_sae1006_045,period_3,3,129,0,1,810.0,7540.1,5173.98,2627.81,1,7262.73,0.0,0.0,0.0,2.76,181.52,0.0,181.52,93.09,0.0,810.0,0.0,0.0
bf_sae1006_045,period_3,3,131,0,1,810.0,6996.94,5173.98,2438.52,1,6739.35,0.0,0.0,0.0,2.76,168.44,0.0,168.44,86.38,0.0,810.0,0.0,0.0
bf_sae1006_045,period_3,3,140,0,1,810.0,8199.01,5173.98,2857.45,1,7897.64,0.0,0.0,0.0,2.76,197.38,0.0,197.38,101.22,0.0,810.0,0.0,0.0
bf_sae1006_045,period_3,3,142,0,1,810.0,7935.07,5173.98,2765.46,1,7643.31,0.0,0.0,0.0,2.76,191.03,0.0,191.03,97.96,0.0,810.0,0.0,0.0
bf_sae1006_045,period_3,3,144,0,1,810.0,8560.72,5173.98,2983.51,1,8246.18,0.0,0.0,0.0,2.76,206.09,0.0,206.09,105.69,0.0,810.0,0.0,0.0
bf_sae1006_045,period_3,3,145,0,1,810.0,8343.94,5173.98,2907.96,1,8037.29,0.0,0.0,0.0,2.76,200.87,0.0,200.87,103.01,0.0,810.0,0.0,0.0
bf_sae1006_045,period_3,3,149,0,1,810.0,8069.45,5173.98,2812.3,1,7772.8,0.0,0.0,0.0,2.76,194.26,0.0,194.26,99.62,0.0,810.0,0.0,0.0
bf_sae1006_045,period_3,3,152,0,1,810.0,7849.27,5173.98,2735.56,1,7560.64,0.0,0.0,0.0,2.76,188.96,0.0,188.96,96.9,0.0,810.0,0.0,0.0
bf_sae1006_045,period_3,3,156,0,1,810.0,6906.78,5173.98,2407.09,1,6652.47,0.0,0.0,0.0,2.76,166.27,0.0,166.27,85.27,0.0,810.0,0.0,0.0
bf_sae1006_045,period_3,3,158,0,1,810.0,8164.37,5173.98,2845.38,1,7864.26,0.0,0.0,0.0,2.76,196.55,0.0,196.55,100.79,0.0,810.0,0.0,0.0
bf_sae1006_045,period_3,3,160,0,1,810.0,8253.99,5173.98,2876.61,1,7950.62,0.0,0.0,0.0,2.76,198.71,0.0,198.71,101.9,0.0,810.0,0.0,0.0
bf_sae1006_045,period_3,3,184,0,1,810.0,8492.56,5173.98,2959.76,1,8180.5,0.0,0.0,0.0,2.76,204.45,0.0,204.45,104.85,0.0,810.0,0.0,0.0
bf_sae1006_045,period_3,3,187,0,1,810.0,7249.88,5173.98,2526.67,1,7247.01,0.0,0.0,0.0,2.87,0.0,0.0,0.0,0.0,0.0,810.0,0.0,0.0
bf_sae1006_045,period_3,3,188,0,1,810.0,7018.27,5173.98,2445.95,1,6759.9,0.0,0.0,0.0,2.76,168.96,0.0,168.96,86.65,0.0,810.0,0.0,0.0
bf_sae1006_045,period_3,3,197,0,1,810.0,8068.21,5173.98,2811.87,1,7771.6,0.0,0.0,0.0,2.76,194.23,0.0,194.23,99.61,0.0,810.0,0.0,0.0
bf_sae1006_045,period_3,3,198,0,1,810.0,8265.6,5173.98,2880.66,1,7961.8,0.0,0.0,0.0,2.76,198.99,0.0,198.99,102.04,0.0,810.0,0.0,0.0
bf_sae1006_045,period_3,3,211,0,1,1250.0,9821.87,5102.73,2218.13,2,9683.92,0.0,0.0,0.0,4.37,55.0,0.0,55.0,78.57,0.0,1250.0,0.0,0.0
bf_sae1006_045,period_3,3,212,0,1,1250.0,9144.93,5102.73,2065.25,2,9016.19,0.0,0.0,0.0,4.37,51.21,0.0,51.21,73.16,0.0,1250.0,0.0,0.0
bf_sae1006_045,period_3,3,214,0,1,1250.0,9647.75,5102.73,2178.81,2,9512.17,0.0,0.0,0.0,4.37,54.03,0.0,54.03,77.18,0.0,1250.0,0.0,0.0
bf_sae1006_045,period_3,3,217,0,1,1250.0,9684.03,5102.73,2187.0,2,9470.52,0.0,0.0,0.0,4.33,131.7,0.0,131.7,77.47,0.0,1250.0,0.0,0.0
bf_sae1006_045,period_3,3,23,0,1,1100.0,8418.67,4947.45,2160.49,2,8089.66,0.0,0.0,0.0,3.75,248.73,0.0,248.73,76.53,0.0,1100.0,0.0,0.0
bf_sae1006_045,period_3,3,236,0,1,1250.0,7641.28,5102.73,1725.67,2,5100.77,2432.22,2432.22,0.0,4.37,42.79,0.0,42.79,61.13,0.0,1250.0,0.0,0.0
bf_sae1006_045,period_3,3,242,0,1,1250.0,9035.47,5102.73,2040.53,2,8908.22,0.0,0.0,0.0,4.37,50.6,0.0,50.6,72.28,0.0,1250.0,0.0,0.0
bf_sae1006_045,period_3,3,246,0,1,1250.0,8883.53,5102.73,2006.22,2,8758.35,0.0,0.0,0.0,4.37,49.75,0.0,49.75,71.07,0.0,1250.0,0.0,0.0
bf_sae1006_045,period_3,3,266,0,1,1250.0,9615.49,5102.73,2171.52,2,9480.35,0.0,0.0,0.0,4.37,53.85,0.0,53.85,76.92,0.0,1250.0,0.0,0.0
bf_sae1006_045,period_3,3,269,0,1,1250.0,8888.97,5102.73,2007.45,2,8692.64,0.0,0.0,0.0,4.33,120.89,0.0,120.89,71.11,0.0,1250.0,0.0,0.0
bf_sae1006_045,period_3,3,270,0,1,1250.0,8233.36,5102.73,1859.39,2,8116.51,0.51,0.0,0.51,4.37,46.11,0.0,46.11,65.87,0.0,1250.0,0.0,0.0
bf_sae1006_045,period_3,3,285,0,1,1250.0,9136.09,5102.73,2063.25,3,8963.64,0.0,0.0,0.0,4.35,95.02,0.0,95.02,73.09,0.0,1250.0,0.0,0.0
bf_sae1006_045,period_3,3,294,0,1,1250.0,9812.88,5102.73,2216.1,2,9675.06,0.0,0.0,0.0,4.37,54.95,0.0,54.95,78.5,0.0,1250.0,0.0,0.0
bf_sae1006_045,period_3,3,297,0,1,1250.0,9101.03,5102.73,2055.34,2,8972.89,0.0,0.0,0.0,4.37,50.97,0.0,50.97,72.81,0.0,1250.0,0.0,0.0
bf_sae1006_045,period_3,3,31,0,1,1100.0,7451.48,4947.45,1912.28,2,6227.88,887.94,879.1,8.84,3.72,264.19,0.0,264.19,67.74,0.0,1100.0,0.0,0.0
bf_sae1006_045,period_3,3,34,0,1,1100.0,7747.6,4947.45,1988.28,2,7631.07,0.0,0.0,0.0,3.84,42.26,0.0,42.26,70.43,0.0,1100.0,0.0,0.0
bf_sae1006_045,period_3,3,47,0,1,1100.0,9577.17,4947.45,2457.8,2,9105.34,189.44,189.44,0.0,3.78,191.54,0.0,191.54,87.07,0.0,1100.0,0.0,0.0
bf_sae1006_045,period_3,3,51,0,1,1100.0,8547.0,4947.45,2193.43,2,8213.03,0.0,0.0,0.0,3.75,252.52,0.0,252.52,77.7,0.0,1100.0,0.0,0.0
bf_sae1006_045,period_3,3,59,0,1,1100.0,7803.53,4947.45,2002.63,2,7498.28,0.0,0.0,0.0,3.75,230.56,0.0,230.56,70.94,0.0,1100.0,0.0,0.0
bf_sae1006_045,period_3,3,72,0,1,1100.0,7350.99,4947.45,1886.49,2,7063.23,0.0,0.0,0.0,3.75,217.19,0.0,217.19,66.83,0.0,1100.0,0.0,0.0
bf_sae1006_045,period_3,3,8,0,1,1100.0,9609.36,4947.45,2466.06,2,9438.11,27.63,27.63,0.0,3.84,52.41,0.0,52.41,87.36,0.0,1100.0,0.0,0.0
bf_sae1006_045,period_3,3,82,0,1,1100.0,8175.59,4947.45,2098.11,2,7841.2,14.77,14.77,0.0,3.75,241.55,0.0,241.55,74.32,0.0,1100.0,0.0,0.0
bf_sae1006_045,period_3,3,88,0,1,1100.0,8466.59,4947.45,2172.79,2,8135.73,0.0,0.0,0.0,3.75,250.15,0.0,250.15,76.97,0.0,1100.0,0.0,0.0
bf_sae1006_045,period_3,3,92,0,1,1100.0,7997.36,4947.45,2052.37,3,7906.26,0.0,0.0,0.0,3.85,14.54,0.0,14.54,72.7,0.0,1100.0,0.0,0.0
bf_sae1006_045,period_3,3,96,0,1,1100.0,9069.31,4947.45,2327.47,2,8933.55,0.0,0.0,0.0,3.84,49.47,0.0,49.47,82.45,0.0,1100.0,0.0,0.0
bf_sae1006_045,period_3,3,98,0,1,810.0,8626.33,5173.98,3006.38,1,8309.4,0.0,0.0,0.0,2.76,207.67,0.0,207.67,106.5,0.0,810.0,0.0,0.0
bf_sae1006_045,period_3,3,298,1,1,726.0,477.28,4947.45,185.58,1,474.71,0.0,0.0,0.0,2.57,0.0,0.0,0.0,0.0,0.0,726.0,0.0,2.57
bf_sae1006_045,period_3,3,299,1,1,534.0,123.92,4947.45,65.51,1,122.03,0.0,0.0,0.0,1.89,0.0,0.0,0.0,0.0,0.0,534.0,0.0,1.89
bf_sae1006_045,period_3,3,300,1,1,325.0,1030.14,4947.45,894.78,1,877.02,0.0,0.0,0.0,0.98,120.45,0.0,120.45,31.7,0.0,325.0,0.0,153.12
bf_sae1006_045,period_3,3,301,1,1,488.0,3270.14,4947.45,1891.69,1,2176.71,0.0,0.0,0.0,1.15,1025.27,0.0,1025.27,67.01,0.0,488.0,0.0,1093.43
bf_sae1006_045,period_3,3,302,1,1,534.0,9.46,4947.45,5.0,1,7.57,0.0,0.0,0.0,1.89,0.0,0.0,0.0,0.0,0.0,534.0,0.0,1.89
bf_sae1006_045,period_3,3,303,1,1,277.0,7.72,4947.45,7.87,1,6.74,0.0,0.0,0.0,0.98,0.0,0.0,0.0,0.0,0.0,277.0,0.0,0.98
bf_sae1006_045,period_3,3,304,1,1,673.0,37.18,5102.73,15.6,1,34.8,0.0,0.0,0.0,2.38,0.0,0.0,0.0,0.0,0.0,673.0,0.0,2.38
bf_sae1006_045,period_4,4,102,0,1,810.0,8652.32,5173.98,3015.43,1,8334.44,0.0,0.0,0.0,2.76,208.3,0.0,208.3,106.82,0.0,810.0,0.0,0.0
bf_sae1006_045,period_4,4,111,0,1,810.0,8429.71,5173.98,2937.85,1,8119.94,0.0,0.0,0.0,2.76,202.94,0.0,202.94,104.07,0.0,810.0,0.0,0.0
bf_sae1006_045,period_4,4,117,0,1,810.0,8397.97,5173.98,2926.79,1,8089.35,0.0,0.0,0.0,2.76,202.17,0.0,202.17,103.68,0.0,810.0,0.0,0.0
bf_sae1006_045,period_4,4,118,0,1,810.0,7935.17,5173.98,2765.5,1,7643.41,0.0,0.0,0.0,2.76,191.03,0.0,191.03,97.97,0.0,810.0,0.0,0.0
bf_sae1006_045,period_4,4,121,0,1,810.0,8058.98,5173.98,2808.65,1,8055.45,0.66,0.0,0.66,2.87,0.0,0.0,0.0,0.0,0.0,810.0,0.0,0.0
bf_sae1006_045,period_4,4,134,0,1,810.0,7603.1,5173.98,2649.77,1,7600.23,0.0,0.0,0.0,2.87,0.0,0.0,0.0,0.0,0.0,810.0,0.0,0.0
bf_sae1006_045,period_4,4,140,0,1,810.0,8199.01,5173.98,2857.45,1,7897.64,0.0,0.0,0.0,2.76,197.38,0.0,197.38,101.22,0.0,810.0,0.0,0.0
bf_sae1006_045,period_4,4,144,0,1,810.0,8560.72,5173.98,2983.51,1,8246.18,0.0,0.0,0.0,2.76,206.09,0.0,206.09,105.69,0.0,810.0,0.0,0.0
bf_sae1006_045,period_4,4,145,0,1,810.0,8343.94,5173.98,2907.96,1,8037.29,0.0,0.0,0.0,2.76,200.87,0.0,200.87,103.01,0.0,810.0,0.0,0.0
bf_sae1006_045,period_4,4,149,0,1,810.0,8069.45,5173.98,2812.3,1,7772.8,0.0,0.0,0.0,2.76,194.26,0.0,194.26,99.62,0.0,810.0,0.0,0.0
bf_sae1006_045,period_4,4,160,0,1,810.0,8253.99,5173.98,2876.61,1,7950.62,0.0,0.0,0.0,2.76,198.71,0.0,198.71,101.9,0.0,810.0,0.0,0.0
bf_sae1006_045,period_4,4,165,0,1,810.0,7074.79,5173.98,2465.65,1,6814.36,0.0,0.0,0.0,2.76,170.32,0.0,170.32,87.34,0.0,810.0,0.0,0.0
bf_sae1006_045,period_4,4,170,0,1,810.0,7358.21,5173.98,2564.42,1,7087.46,0.0,0.0,0.0,2.76,177.14,0.0,177.14,90.84,0.0,810.0,0.0,0.0
bf_sae1006_045,period_4,4,184,0,1,810.0,8492.56,5173.98,2959.76,1,8180.5,0.0,0.0,0.0,2.76,204.45,0.0,204.45,104.85,0.0,810.0,0.0,0.0
bf_sae1006_045,period_4,4,190,0,1,810.0,7533.94,5173.98,2625.67,1,7256.79,0.0,0.0,0.0,2.76,181.37,0.0,181.37,93.01,0.0,810.0,0.0,0.0
bf_sae1006_045,period_4,4,191,0,1,810.0,7635.68,5173.98,2661.12,1,7354.83,0.0,0.0,0.0,2.76,183.82,0.0,183.82,94.27,0.0,810.0,0.0,0.0
bf_sae1006_045,period_4,4,198,0,1,810.0,8265.6,5173.98,2880.66,1,7961.8,0.0,0.0,0.0,2.76,198.99,0.0,198.99,102.04,0.0,810.0,0.0,0.0
bf_sae1006_045,period_4,4,201,0,1,810.0,7318.93,5173.98,2550.73,1,7049.61,0.0,0.0,0.0,2.76,176.2,0.0,176.2,90.36,0.0,810.0,0.0,0.0
bf_sae1006_045,period_4,4,206,0,1,1250.0,8574.99,5102.73,1936.54,2,8275.73,0.0,0.0,0.0,4.28,226.38,0.0,226.38,68.6,0.0,1250.0,0.0,0.0
bf_sae1006_045,period_4,4,210,0,1,1250.0,7495.07,5102.73,1469.07,2,6360.22,0.0,0.0,0.0,4.33,88.47,0.0,88.47,52.04,990.01,1250.0,223.58,0.0
bf_sae1006_045,period_4,4,211,0,1,1250.0,9821.87,5102.73,2218.13,2,9683.92,0.0,0.0,0.0,4.37,55.0,0.0,55.0,78.57,0.0,1250.0,0.0,0.0
bf_sae1006_045,period_4,4,222,0,1,1250.0,7241.9,5102.73,1635.48,2,7081.14,0.0,0.0,0.0,4.33,98.49,0.0,98.49,57.94,0.0,1250.0,0.0,0.0
bf_sae1006_045,period_4,4,223,0,1,1250.0,9182.36,5102.73,2073.7,2,9053.11,0.0,0.0,0.0,4.37,51.42,0.0,51.42,73.46,0.0,1250.0,0.0,0.0
bf_sae1006_045,period_4,4,239,0,1,1250.0,8824.97,5102.73,1992.99,2,8700.58,0.0,0.0,0.0,4.37,49.42,0.0,49.42,70.6,0.0,1250.0,0.0,0.0
bf_sae1006_045,period_4,4,24,0,1,1100.0,7263.44,4947.45,1864.03,2,6978.6,0.46,0.0,0.46,3.75,214.6,0.0,214.6,66.03,0.0,1100.0,0.0,0.0
bf_sae1006_045,period_4,4,244,0,1,1250.0,8860.64,5102.73,2001.05,2,8733.88,1.89,0.0,1.89,4.37,49.62,0.0,49.62,70.89,0.0,1250.0,0.0,0.0
bf_sae1006_045,period_4,4,246,0,1,1250.0,8883.53,5102.73,2006.22,2,8758.35,0.0,0.0,0.0,4.37,49.75,0.0,49.75,71.07,0.0,1250.0,0.0,0.0
bf_sae1006_045,period_4,4,266,0,1,1250.0,9615.49,5102.73,2171.52,2,9480.35,0.0,0.0,0.0,4.37,53.85,0.0,53.85,76.92,0.0,1250.0,0.0,0.0
bf_sae1006_045,period_4,4,269,0,1,1250.0,8888.97,5102.73,2007.45,2,8483.36,280.35,280.35,0.0,4.37,49.78,0.0,49.78,71.11,0.0,1250.0,0.0,0.0
bf_sae1006_045,period_4,4,27,0,1,1100.0,8403.41,4947.45,2156.58,2,8074.99,0.0,0.0,0.0,3.75,248.28,0.0,248.28,76.39,0.0,1100.0,0.0,0.0
bf_sae1006_045,period_4,4,32,0,1,1100.0,8353.3,4947.45,2143.72,2,8026.81,0.0,0.0,0.0,3.75,246.8,0.0,246.8,75.94,0.0,1100.0,0.0,0.0
bf_sae1006_045,period_4,4,38,0,1,1100.0,8953.94,4947.45,2297.86,2,8819.86,0.0,0.0,0.0,3.84,48.84,0.0,48.84,81.4,0.0,1100.0,0.0,0.0
bf_sae1006_045,period_4,4,47,0,1,1100.0,9577.17,4947.45,2457.8,3,9468.84,0.0,0.0,0.0,3.85,17.41,0.0,17.41,87.07,0.0,1100.0,0.0,0.0
bf_sae1006_045,period_4,4,70,0,1,1100.0,6773.12,4947.45,1738.19,2,6161.71,305.98,305.98,0.0,3.72,240.14,0.0,240.14,61.57,0.0,1100.0,0.0,0.0
bf_sae1006_045,period_4,4,75,0,1,1100.0,9088.48,4947.45,2332.39,3,8959.12,26.35,26.35,0.0,3.85,16.52,0.0,16.52,82.62,0.0,1100.0,0.0,0.0
bf_sae1006_045,period_4,4,9,0,1,1100.0,6373.95,4947.45,1635.76,3,6281.17,19.39,19.39,0.0,3.85,11.59,0.0,11.59,57.95,0.0,1100.0,0.0,0.0
bf_sae1006_045,period_4,4,298,1,1,550.0,27.63,4947.45,14.18,1,25.68,0.0,0.0,0.0,1.95,0.0,0.0,0.0,0.0,0.0,550.0,0.0,1.95
bf_sae1006_045,period_4,4,299,1,1,325.0,879.1,4947.45,763.58,1,873.87,4.08,0.0,4.08,1.15,0.0,0.0,0.0,0.0,0.0,325.0,0.0,5.23
bf_sae1006_045,period_4,4,300,1,1,534.0,189.44,4947.45,100.15,1,187.55,0.0,0.0,0.0,1.89,0.0,0.0,0.0,0.0,0.0,534.0,0.0,1.89
bf_sae1006_045,period_4,4,301,1,1,780.5,14.77,4947.45,5.34,1,12.01,0.0,0.0,0.0,2.76,0.0,0.0,0.0,0.0,0.0,780.5,0.0,2.76
bf_sae1006_045,period_4,4,302,1,1,560.0,2432.22,5102.73,1226.08,1,2386.84,0.0,0.0,0.0,1.95,0.0,0.0,0.0,43.43,0.0,560.0,0.0,45.38
bf_sae1006_045,period_5,5,10,0,1,1100.0,7799.79,4947.45,2001.67,2,7682.5,0.0,0.0,0.0,3.84,42.54,0.0,42.54,70.91,0.0,1100.0,0.0,0.0
bf_sae1006_045,period_5,5,102,0,1,810.0,8652.32,5173.98,3015.43,1,8334.44,0.0,0.0,0.0,2.76,208.3,0.0,208.3,106.82,0.0,810.0,0.0,0.0
bf_sae1006_045,period_5,5,111,0,1,810.0,8429.71,5173.98,2937.85,1,8119.94,0.0,0.0,0.0,2.76,202.94,0.0,202.94,104.07,0.0,810.0,0.0,0.0
bf_sae1006_045,period_5,5,112,0,1,810.0,7772.61,5173.98,2708.85,1,7486.77,0.0,0.0,0.0,2.76,187.12,0.0,187.12,95.96,0.0,810.0,0.0,0.0
bf_sae1006_045,period_5,5,117,0,1,810.0,8397.97,5173.98,2926.79,1,8089.35,0.0,0.0,0.0,2.76,202.17,0.0,202.17,103.68,0.0,810.0,0.0,0.0
bf_sae1006_045,period_5,5,118,0,1,810.0,7935.17,5173.98,2765.5,1,7643.41,0.0,0.0,0.0,2.76,191.03,0.0,191.03,97.97,0.0,810.0,0.0,0.0
bf_sae1006_045,period_5,5,12,0,1,1100.0,8142.55,4947.45,2089.63,2,8020.27,0.0,0.0,0.0,3.84,44.41,0.0,44.41,74.02,0.0,1100.0,0.0,0.0
bf_sae1006_045,period_5,5,121,0,1,810.0,8058.98,5173.98,2808.65,1,7762.71,0.0,0.0,0.0,2.76,194.01,0.0,194.01,99.49,0.0,810.0,0.0,0.0
bf_sae1006_045,period_5,5,123,0,1,810.0,7976.6,5173.98,2779.94,1,7683.33,0.0,0.0,0.0,2.76,192.03,0.0,192.03,98.48,0.0,810.0,0.0,0.0
bf_sae1006_045,period_5,5,133,0,1,810.0,7463.15,5173.98,2601.0,1,7431.91,28.37,28.37,0.0,2.87,0.0,0.0,0.0,0.0,0.0,810.0,0.0,0.0
bf_sae1006_045,period_5,5,135,0,1,810.0,6299.73,5173.98,2195.53,1,6067.53,0.0,0.0,0.0,2.76,151.66,0.0,151.66,77.77,0.0,810.0,0.0,0.0
bf_sae1006_045,period_5,5,137,0,1,810.0,8004.9,5173.98,2789.8,1,7710.6,0.0,0.0,0.0,2.76,192.71,0.0,192.71,98.83,0.0,810.0,0.0,0.0
bf_sae1006_045,period_5,5,140,0,1,810.0,8199.01,5173.98,2857.45,1,7897.64,0.0,0.0,0.0,2.76,197.38,0.0,197.38,101.22,0.0,810.0,0.0,0.0
bf_sae1006_045,period_5,5,141,0,1,810.0,7180.11,5173.98,2502.35,1,6915.85,0.0,0.0,0.0,2.76,172.85,0.0,172.85,88.64,0.0,810.0,0.0,0.0
bf_sae1006_045,period_5,5,142,0,1,810.0,7935.07,5173.98,2765.46,1,7643.31,0.0,0.0,0.0,2.76,191.03,0.0,191.03,97.96,0.0,810.0,0.0,0.0
bf_sae1006_045,period_5,5,144,0,1,810.0,8560.72,5173.98,2983.51,1,8246.18,0.0,0.0,0.0,2.76,206.09,0.0,206.09,105.69,0.0,810.0,0.0,0.0
bf_sae1006_045,period_5,5,145,0,1,810.0,8343.94,5173.98,2907.96,1,8037.29,0.0,0.0,0.0,2.76,200.87,0.0,200.87,103.01,0.0,810.0,0.0,0.0
bf_sae1006_045,period_5,5,149,0,1,810.0,8069.45,5173.98,2812.3,1,7772.8,0.0,0.0,0.0,2.76,194.26,0.0,194.26,99.62,0.0,810.0,0.0,0.0
bf_sae1006_045,period_5,5,15,0,1,1100.0,7529.54,4947.45,1932.32,2,7234.88,0.0,0.0,0.0,3.75,222.46,0.0,222.46,68.45,0.0,1100.0,0.0,0.0
bf_sae1006_045,period_5,5,152,0,1,810.0,7849.27,5173.98,2735.56,1,7560.64,0.0,0.0,0.0,2.76,188.96,0.0,188.96,96.9,0.0,810.0,0.0,0.0
bf_sae1006_045,period_5,5,157,0,1,810.0,7607.31,5173.98,2651.24,1,7327.49,0.0,0.0,0.0,2.76,183.14,0.0,183.14,93.92,0.0,810.0,0.0,0.0
bf_sae1006_045,period_5,5,158,0,1,810.0,8164.37,5173.98,2845.38,1,7864.26,0.0,0.0,0.0,2.76,196.55,0.0,196.55,100.79,0.0,810.0,0.0,0.0
bf_sae1006_045,period_5,5,160,0,1,810.0,8253.99,5173.98,2876.61,1,7950.62,0.0,0.0,0.0,2.76,198.71,0.0,198.71,101.9,0.0,810.0,0.0,0.0
bf_sae1006_045,period_5,5,168,0,1,810.0,6172.09,5173.98,2151.05,1,5944.54,0.0,0.0,0.0,2.76,148.59,0.0,148.59,76.2,0.0,810.0,0.0,0.0
bf_sae1006_045,period_5,5,171,0,1,810.0,6430.87,5173.98,2241.23,1,6193.89,0.0,0.0,0.0,2.76,154.82,0.0,154.82,79.39,0.0,810.0,0.0,0.0
bf_sae1006_045,period_5,5,175,0,1,810.0,7775.96,5173.98,2710.01,1,7490.0,0.0,0.0,0.0,2.76,187.2,0.0,187.2,96.0,0.0,810.0,0.0,0.0
bf_sae1006_045,period_5,5,179,0,1,810.0,6535.22,5173.98,2277.6,1,6294.44,0.0,0.0,0.0,2.76,157.33,0.0,157.33,80.68,0.0,810.0,0.0,0.0
bf_sae1006_045,period_5,5,184,0,1,810.0,8492.56,5173.98,2959.76,1,8180.5,0.0,0.0,0.0,2.76,204.45,0.0,204.45,104.85,0.0,810.0,0.0,0.0
bf_sae1006_045,period_5,5,195,0,1,810.0,5464.1,5173.98,1904.3,1,5461.23,0.0,0.0,0.0,2.87,0.0,0.0,0.0,0.0,0.0,810.0,0.0,0.0
bf_sae1006_045,period_5,5,197,0,1,810.0,8068.21,5173.98,2811.87,1,7771.6,0.0,0.0,0.0,2.76,194.23,0.0,194.23,99.61,0.0,810.0,0.0,0.0
bf_sae1006_045,period_5,5,198,0,1,810.0,8265.6,5173.98,2880.66,1,7961.8,0.0,0.0,0.0,2.76,198.99,0.0,198.99,102.04,0.0,810.0,0.0,0.0
bf_sae1006_045,period_5,5,202,0,1,810.0,7892.67,5173.98,2750.69,1,7602.46,0.0,0.0,0.0,2.76,190.01,0.0,190.01,97.44,0.0,810.0,0.0,0.0
bf_sae1006_045,period_5,5,209,0,1,1250.0,7860.62,5102.73,1775.21,3,7711.64,0.0,0.0,0.0,4.35,81.75,0.0,81.75,62.88,0.0,1250.0,0.0,0.0
bf_sae1006_045,period_5,5,213,0,1,1250.0,8397.3,5102.73,1896.41,2,8278.73,0.0,0.0,0.0,4.37,47.02,0.0,47.02,67.18,0.0,1250.0,0.0,0.0
bf_sae1006_045,period_5,5,217,0,1,1250.0,9684.03,5102.73,2187.0,2,9547.96,0.0,0.0,0.0,4.37,54.23,0.0,54.23,77.47,0.0,1250.0,0.0,0.0
bf_sae1006_045,period_5,5,224,0,1,1250.0,10008.67,5102.73,2260.31,2,9660.1,0.0,0.0,0.0,4.28,264.23,0.0,264.23,80.07,0.0,1250.0,0.0,0.0
bf_sae1006_045,period_5,5,232,0,1,1250.0,7705.67,5102.73,1740.21,2,7436.32,0.0,0.0,0.0,4.28,203.43,0.0,203.43,61.65,0.0,1250.0,0.0,0.0
bf_sae1006_045,period_5,5,24,0,1,1100.0,7263.44,4947.45,1864.03,2,4322.09,2614.07,2614.07,0.0,3.72,257.52,0.0,257.52,66.03,0.0,1100.0,0.0,0.0
bf_sae1006_045,period_5,5,242,0,1,1250.0,9035.47,5102.73,2040.53,2,8835.97,0.0,0.0,0.0,4.33,122.88,0.0,122.88,72.28,0.0,1250.0,0.0,0.0
bf_sae1006_045,period_5,5,244,0,1,1250.0,8860.64,5102.73,2001.05,2,8551.56,0.0,0.0,0.0,4.28,233.92,0.0,233.92,70.89,0.0,1250.0,0.0,0.0
bf_sae1006_045,period_5,5,253,0,1,1250.0,8940.67,5102.73,2019.12,3,8771.82,0.0,0.0,0.0,4.35,92.98,0.0,92.98,71.53,0.0,1250.0,0.0,0.0
bf_sae1006_045,period_5,5,257,0,1,1250.0,7856.2,5102.73,1774.21,2,7744.99,0.0,0.0,0.0,4.37,43.99,0.0,43.99,62.85,0.0,1250.0,0.0,0.0
bf_sae1006_045,period_5,5,263,0,1,1250.0,9106.32,5102.73,2056.53,3,8934.42,0.0,0.0,0.0,4.35,94.71,0.0,94.71,72.85,0.0,1250.0,0.0,0.0
bf_sae1006_045,period_5,5,277,0,1,1250.0,8687.72,5102.73,1962.0,2,8565.2,0.0,0.0,0.0,4.37,48.65,0.0,48.65,69.5,0.0,1250.0,0.0,0.0
bf_sae1006_045,period_5,5,279,0,1,1250.0,7994.22,5102.73,1805.38,2,7877.56,3.57,0.0,3.57,4.37,44.77,0.0,44.77,63.95,0.0,1250.0,0.0,0.0
bf_sae1006_045,period_5,5,282,0,1,1250.0,8050.2,5102.73,1818.02,2,6953.83,982.52,982.52,0.0,4.37,45.08,0.0,45.08,64.4,0.0,1250.0,0.0,0.0
bf_sae1006_045,period_5,5,284,0,1,1250.0,10148.17,5102.73,2291.82,2,10005.79,0.0,0.0,0.0,4.37,56.83,0.0,56.83,81.19,0.0,1250.0,0.0,0.0
bf_sae1006_045,period_5,5,293,0,1,1250.0,8419.48,5102.73,1901.42,2,8300.61,0.0,0.0,0.0,4.37,47.15,0.0,47.15,67.36,0.0,1250.0,0.0,0.0
bf_sae1006_045,period_5,5,297,0,1,1250.0,9101.03,5102.73,2055.34,2,8972.89,0.0,0.0,0.0,4.37,50.97,0.0,50.97,72.81,0.0,1250.0,0.0,0.0
bf_sae1006_045,period_5,5,33,0,1,1100.0,7759.86,4947.45,1991.42,2,7456.3,0.0,0.0,0.0,3.75,229.27,0.0,229.27,70.54,0.0,1100.0,0.0,0.0
bf_sae1006_045,period_5,5,46,0,1,1100.0,7271.97,4947.45,1866.22,2,6962.83,24.44,24.44,0.0,3.75,214.85,0.0,214.85,66.11,0.0,1100.0,0.0,0.0
bf_sae1006_045,period_5,5,48,0,1,1100.0,7123.23,4947.45,1828.04,2,6844.27,0.0,0.0,0.0,3.75,210.46,0.0,210.46,64.76,0.0,1100.0,0.0,0.0
bf_sae1006_045,period_5,5,54,0,1,1100.0,7910.3,4947.45,2030.03,2,7791.4,0.0,0.0,0.0,3.84,43.15,0.0,43.15,71.91,0.0,1100.0,0.0,0.0
bf_sae1006_045,period_5,5,67,0,1,1100.0,7518.5,4947.45,1929.48,2,7185.36,38.9,38.9,0.0,3.75,222.14,0.0,222.14,68.35,0.0,1100.0,0.0,0.0
bf_sae1006_045,period_5,5,73,0,1,1100.0,7750.95,4947.45,1989.14,2,7442.83,4.91,4.91,0.0,3.75,229.01,0.0,229.01,70.46,0.0,1100.0,0.0,0.0
bf_sae1006_045,period_5,5,79,0,1,1100.0,7126.0,4947.45,1828.76,2,6846.93,0.0,0.0,0.0,3.75,210.54,0.0,210.54,64.78,0.0,1100.0,0.0,0.0
bf_sae1006_045,period_5,5,8,0,1,1100.0,9609.36,4947.45,2466.06,3,9500.68,0.0,0.0,0.0,3.85,17.47,0.0,17.47,87.36,0.0,1100.0,0.0,0.0
bf_sae1006_045,period_5,5,80,0,1,1100.0,7905.34,4947.45,2028.76,2,7690.99,95.53,89.89,5.64,3.84,43.12,0.0,43.12,71.87,0.0,1100.0,0.0,0.0
bf_sae1006_045,period_5,5,81,0,1,1100.0,7691.38,4947.45,1973.85,2,7345.04,0.0,0.0,0.0,3.72,272.69,0.0,272.69,69.92,0.0,1100.0,0.0,0.0
bf_sae1006_045,period_5,5,97,0,1,810.0,7778.89,5173.98,2711.03,1,7492.82,0.0,0.0,0.0,2.76,187.27,0.0,187.27,96.04,0.0,810.0,0.0,0.0
bf_sae1006_045,period_5,5,98,0,1,810.0,8626.33,5173.98,3006.38,1,8623.46,0.0,0.0,0.0,2.87,0.0,0.0,0.0,0.0,0.0,810.0,0.0,0.0
bf_sae1006_045,period_5,5,298,1,1,277.0,19.39,4947.45,19.76,1,18.41,0.0,0.0,0.0,0.98,0.0,0.0,0.0,0.0,0.0,277.0,0.0,0.98
bf_sae1006_045,period_5,5,299,1,1,726.0,305.98,4947.45,118.98,1,303.41,0.0,0.0,0.0,2.57,0.0,0.0,0.0,0.0,0.0,726.0,0.0,2.57
bf_sae1006_045,period_5,5,300,1,1,534.0,26.35,4947.45,13.93,1,24.46,0.0,0.0,0.0,1.89,0.0,0.0,0.0,0.0,0.0,534.0,0.0,1.89
bf_sae1006_045,period_5,5,301,1,1,1250.0,990.01,5102.73,223.58,2,786.89,0.0,0.0,0.0,3.54,191.67,0.0,191.67,7.92,0.0,1250.0,0.0,203.12
bf_sae1006_045,period_5,5,302,1,1,673.0,280.35,5102.73,117.59,1,277.97,0.0,0.0,0.0,2.38,0.0,0.0,0.0,0.0,0.0,673.0,0.0,2.38
bf_sae1006_050,period_1,1,1,0,1,1200.0,8758.05,5164.94,996.85,4,4197.95,0.0,0.0,0.0,4.22,466.91,466.91,0.0,39.24,4049.74,1200.0,857.42,0.0
bf_sae1006_050,period_1,1,3,0,1,1200.0,7815.78,5164.94,1654.76,4,6971.37,0.0,0.0,0.0,4.22,775.06,775.06,0.0,65.13,0.0,1200.0,0.0,0.0
bf_sae1006_050,period_1,1,5,0,1,1200.0,8920.81,5164.94,1888.72,7,7888.67,9.5,9.5,0.0,4.18,944.12,944.12,0.0,74.34,0.0,1200.0,0.0,0.0
bf_sae1006_050,period_1,1,6,0,1,1200.0,8903.34,5164.94,1885.02,4,7942.02,0.0,0.0,0.0,4.22,882.91,882.91,0.0,74.19,0.0,1200.0,0.0,0.0
bf_sae1006_050,period_2,2,1,0,1,1200.0,8758.05,5164.94,1854.26,4,7798.24,14.1,14.1,0.0,4.22,868.51,868.51,0.0,72.98,0.0,1200.0,0.0,0.0
bf_sae1006_050,period_2,2,3,0,1,1200.0,7815.78,5164.94,1386.96,3,3496.75,0.0,0.0,0.0,2.52,2997.04,2997.04,0.0,54.59,1264.88,1200.0,267.8,0.0
bf_sae1006_050,period_2,2,6,0,1,1200.0,8903.34,5164.94,1885.02,4,7942.02,0.0,0.0,0.0,4.22,882.91,882.91,0.0,74.19,0.0,1200.0,0.0,0.0
bf_sae1006_050,period_2,2,10,1,1,430.0,9.5,5164.94,5.61,1,7.81,0.0,0.0,0.0,1.69,0.0,0.0,0.0,0.0,0.0,430.0,0.0,1.69
bf_sae1006_050,period_2,2,11,1,1,127.0,944.12,5164.94,1888.72,1,783.87,0.0,0.0,0.0,0.42,85.49,0.0,85.49,74.34,0.0,127.0,0.0,160.25
bf_sae1006_050,period_2,2,12,1,1,119.0,882.91,5164.94,1885.01,1,782.33,0.0,0.0,0.0,0.42,25.97,0.0,25.97,74.19,0.0,119.0,0.0,100.58
bf_sae1006_050,period_2,2,7,1,1,1200.0,4049.74,5164.94,857.41,5,3965.8,0.0,0.0,0.0,4.63,45.56,0.0,45.56,33.75,0.0,1200.0,0.0,83.94
bf_sae1006_050,period_2,2,8,1,1,119.0,466.91,5164.94,996.85,1,413.53,0.0,0.0,0.0,0.42,13.73,0.0,13.73,39.24,0.0,119.0,0.0,53.38
bf_sae1006_050,period_2,2,9,1,1,119.0,775.06,5164.94,1654.75,1,686.72,0.0,0.0,0.0,0.42,22.8,0.0,22.8,65.13,0.0,119.0,0.0,88.34
bf_sae1006_050,period_3,3,1,0,1,1200.0,8758.05,5164.94,1854.26,5,8324.33,257.58,257.58,0.0,4.63,98.53,0.0,98.53,72.98,0.0,1200.0,0.0,0.0
bf_sae1006_050,period_3,3,3,0,1,1200.0,7815.78,5164.94,1654.76,5,7658.09,0.0,0.0,0.0,4.63,87.93,0.0,87.93,65.13,0.0,1200.0,0.0,0.0
bf_sae1006_050,period_3,3,6,0,1,1200.0,8903.34,5164.94,1885.02,4,7724.99,217.02,217.02,0.0,4.22,882.91,882.91,0.0,74.19,0.0,1200.0,0.0,0.0
bf_sae1006_050,period_3,3,10,1,1,549.0,2997.04,5164.94,1386.96,2,2921.23,0.0,0.0,0.0,2.11,19.11,0.0,19.11,54.59,0.0,549.0,0.0,75.81
bf_sae1006_050,period_3,3,11,1,1,119.0,882.91,5164.94,1885.01,1,782.33,0.0,0.0,0.0,0.42,25.97,0.0,25.97,74.19,0.0,119.0,0.0,100.58
bf_sae1006_050,period_3,3,7,1,1,430.0,14.1,5164.94,8.33,1,12.41,0.0,0.0,0.0,1.69,0.0,0.0,0.0,0.0,0.0,430.0,0.0,1.69
bf_sae1006_050,period_3,3,8,1,1,119.0,868.51,5164.94,1854.27,1,769.57,0.0,0.0,0.0,0.42,25.54,0.0,25.54,72.98,0.0,119.0,0.0,98.94
bf_sae1006_050,period_3,3,9,1,1,1200.0,1264.88,5164.94,267.8,8,1227.08,0.0,0.0,0.0,4.6,22.66,0.0,22.66,10.54,0.0,1200.0,0.0,37.8
bf_sae1006_050,period_4,4,1,0,1,1200.0,8758.05,5164.94,1854.26,4,7812.34,0.0,0.0,0.0,4.22,868.51,868.51,0.0,72.98,0.0,1200.0,0.0,0.0
bf_sae1006_050,period_4,4,3,0,1,1200.0,7815.78,5164.94,1654.76,7,6564.81,354.49,354.49,0.0,4.18,827.17,827.17,0.0,65.13,0.0,1200.0,0.0,0.0
bf_sae1006_050,period_4,4,6,0,1,1200.0,8903.34,5164.94,1885.02,4,7942.02,0.0,0.0,0.0,4.22,882.91,882.91,0.0,74.19,0.0,1200.0,0.0,0.0
bf_sae1006_050,period_4,4,7,1,1,105.5,257.58,5164.94,620.3,1,257.16,0.0,0.0,0.0,0.42,0.0,0.0,0.0,0.0,0.0,105.5,0.0,0.42
bf_sae1006_050,period_4,4,8,1,1,430.0,217.02,5164.94,128.23,1,215.33,0.0,0.0,0.0,1.69,0.0,0.0,0.0,0.0,0.0,430.0,0.0,1.69
bf_sae1006_050,period_4,4,9,1,1,119.0,882.91,5164.94,1885.01,1,782.33,0.0,0.0,0.0,0.42,25.97,0.0,25.97,74.19,0.0,119.0,0.0,100.58
bf_sae1006_050,period_5,5,1,0,1,1200.0,8758.05,5164.94,1854.26,5,8516.95,64.96,64.96,0.0,4.63,98.53,0.0,98.53,72.98,0.0,1200.0,0.0,0.0
bf_sae1006_050,period_5,5,2,0,1,1200.0,9053.57,5164.94,1916.83,5,8871.64,0.0,0.0,0.0,4.63,101.85,0.0,101.85,75.45,0.0,1200.0,0.0,0.0
bf_sae1006_050,period_5,5,5,0,1,1200.0,8920.81,5164.94,1888.72,5,8741.48,0.0,0.0,0.0,4.63,100.36,0.0,100.36,74.34,0.0,1200.0,0.0,0.0
bf_sae1006_050,period_5,5,6,0,1,1200.0,8903.34,5164.94,1885.02,5,8289.87,434.49,434.49,0.0,4.63,100.16,0.0,100.16,74.19,0.0,1200.0,0.0,0.0
bf_sae1006_050,period_5,5,10,1,1,127.0,827.17,5164.94,1654.76,1,686.72,0.0,0.0,0.0,0.42,74.9,0.0,74.9,65.13,0.0,127.0,0.0,140.45
bf_sae1006_050,period_5,5,11,1,1,119.0,882.91,5164.94,1885.01,1,782.33,0.0,0.0,0.0,0.42,25.97,0.0,25.97,74.19,0.0,119.0,0.0,100.58
bf_sae1006_050,period_5,5,7,1,1,119.0,868.51,5164.94,1854.27,1,769.57,0.0,0.0,0.0,0.42,25.54,0.0,25.54,72.98,0.0,119.0,0.0,98.94
bf_sae1006_050,period_5,5,8,1,1,430.0,140.6,5164.94,83.07,1,138.91,0.0,0.0,0.0,1.69,0.0,0.0,0.0,0.0,0.0,430.0,0.0,1.69
bf_sae1006_050,period_5,5,9,1,1,105.5,213.89,5164.94,515.09,1,213.47,0.0,0.0,0.0,0.42,0.0,0.0,0.0,0.0,0.0,105.5,0.0,0.42
bz_nbr7008_043,period_1,1,103,0,1,1020.0,11056.39,5742.24,3203.1,2,10682.57,12.77,12.77,0.0,3.34,249.31,0.0,249.31,108.4,0.0,1020.0,0.0,0.0
bz_nbr7008_043,period_1,1,108,0,1,1020.0,11121.22,5742.24,3221.88,2,10943.37,0.0,0.0,0.0,3.4,65.42,0.0,65.42,109.03,0.0,1020.0,0.0,0.0
bz_nbr7008_043,period_1,1,12,0,1,900.0,6783.42,5465.22,2227.22,1,6596.68,2.89,0.0,2.89,2.96,105.52,0.0,105.52,75.37,0.0,900.0,0.0,0.0
bz_nbr7008_043,period_1,1,15,0,1,900.0,5455.81,5465.22,1791.32,1,4131.98,0.0,0.0,0.0,2.31,1260.9,1260.9,0.0,60.62,0.0,900.0,0.0,0.0
bz_nbr7008_043,period_1,1,16,0,1,900.0,6057.05,5465.22,1786.4,2,4909.83,8.34,8.34,0.0,2.75,459.45,0.0,459.45,60.45,616.22,900.0,202.33,0.0
bz_nbr7008_043,period_1,1,17,0,1,900.0,7313.56,5465.22,2401.28,2,7020.8,13.53,13.53,0.0,2.93,195.03,0.0,195.03,81.26,0.0,900.0,0.0,0.0
bz_nbr7008_043,period_1,1,18,0,1,900.0,6104.8,5465.22,2004.41,1,5939.04,0.0,0.0,0.0,2.96,94.96,0.0,94.96,67.83,0.0,900.0,0.0,0.0
bz_nbr7008_043,period_1,1,19,0,1,900.0,5325.41,5465.22,1748.51,1,4033.17,0.0,0.0,0.0,2.31,1230.76,1230.76,0.0,59.17,0.0,900.0,0.0,0.0
bz_nbr7008_043,period_1,1,21,0,1,900.0,6096.57,5465.22,2001.7,1,4606.0,11.54,11.54,0.0,2.31,1408.99,1408.99,0.0,67.74,0.0,900.0,0.0,0.0
bz_nbr7008_043,period_1,1,24,0,1,900.0,6122.76,5465.22,2010.3,1,5956.52,0.0,0.0,0.0,2.96,95.24,0.0,95.24,68.03,0.0,900.0,0.0,0.0
bz_nbr7008_043,period_1,1,26,0,1,900.0,7426.33,5465.22,2438.31,2,4413.65,139.3,139.3,0.0,1.87,2789.0,2789.0,0.0,82.51,0.0,900.0,0.0,0.0
bz_nbr7008_043,period_1,1,4,0,1,900.0,6302.43,5465.22,2069.29,2,6035.3,12.11,12.11,0.0,2.92,182.07,0.0,182.07,70.03,0.0,900.0,0.0,0.0
bz_nbr7008_043,period_1,1,42,0,1,900.0,6107.69,5465.22,2005.36,1,4625.96,0.0,0.0,0.0,2.31,1411.56,1411.56,0.0,67.86,0.0,900.0,0.0,0.0
bz_nbr7008_043,period_1,1,43,0,1,900.0,7210.13,5465.22,2367.32,1,5368.28,93.08,93.08,0.0,2.31,1666.34,1666.34,0.0,80.11,0.0,900.0,0.0,0.0
bz_nbr7008_043,period_1,1,51,0,1,1200.0,7580.63,5944.29,1666.73,2,6262.69,0.0,0.0,0.0,3.76,445.59,0.0,445.59,56.4,812.18,1200.0,200.0,0.0
bz_nbr7008_043,period_1,1,63,0,1,1200.0,7911.9,5944.29,1948.3,3,7139.19,630.26,630.26,0.0,3.99,72.53,0.0,72.53,65.93,0.0,1200.0,0.0,0.0
bz_nbr7008_043,period_1,1,7,0,1,900.0,7226.15,5465.22,2372.58,2,6934.18,0.0,0.0,0.0,2.92,208.76,0.0,208.76,80.29,0.0,900.0,0.0,0.0
bz_nbr7008_043,period_1,1,8,0,1,900.0,6168.47,5465.22,2025.31,1,4672.02,0.0,0.0,0.0,2.31,1425.6,1425.6,0.0,68.54,0.0,900.0,0.0,0.0
bz_nbr7008_043,period_1,1,87,0,1,1020.0,10581.66,5742.24,3065.56,2,10246.34,0.0,0.0,0.0,3.34,228.23,0.0,228.23,103.74,0.0,1020.0,0.0,0.0
bz_nbr7008_043,period_1,1,89,0,1,1020.0,11111.48,5742.24,3219.06,2,10748.65,0.0,0.0,0.0,3.34,250.55,0.0,250.55,108.94,0.0,1020.0,0.0,0.0
bz_nbr7008_043,period_1,1,95,0,1,1020.0,10624.15,5742.24,3077.87,2,10287.5,0.0,0.0,0.0,3.34,229.15,0.0,229.15,104.16,0.0,1020.0,0.0,0.0
bz_nbr7008_043,period_2,2,102,0,1,1020.0,10704.7,5742.24,3101.21,2,10258.97,106.56,106.56,0.0,3.34,230.89,0.0,230.89,104.95,0.0,1020.0,0.0,0.0
bz_nbr7008_043,period_2,2,17,0,1,900.0,7313.56,5465.22,2401.28,1,5539.75,0.0,0.0,0.0,2.31,1690.24,1690.24,0.0,81.26,0.0,900.0,0.0,0.0
bz_nbr7008_043,period_2,2,20,0,1,900.0,6113.48,5465.22,2007.26,1,4610.78,19.57,19.57,0.0,2.31,1412.89,1412.89,0.0,67.93,0.0,900.0,0.0,0.0
bz_nbr7008_043,period_2,2,21,0,1,900.0,6096.57,5465.22,2001.7,1,5931.03,0.0,0.0,0.0,2.96,94.84,0.0,94.84,67.74,0.0,900.0,0.0,0.0
bz_nbr7008_043,period_2,2,23,0,1,900.0,6233.47,5465.22,2046.65,1,6064.28,0.0,0.0,0.0,2.96,96.97,0.0,96.97,69.26,0.0,900.0,0.0,0.0
bz_nbr7008_043,period_2,2,32,0,1,900.0,6276.23,5465.22,2060.69,1,4753.68,0.0,0.0,0.0,2.31,1450.51,1450.51,0.0,69.74,0.0,900.0,0.0,0.0
bz_nbr7008_043,period_2,2,44,0,1,900.0,4606.0,5465.22,1512.3,1,4480.21,0.0,0.0,0.0,2.96,71.65,0.0,71.65,51.18,0.0,900.0,0.0,0.0
bz_nbr7008_043,period_2,2,47,0,1,1200.0,6515.67,5944.29,971.6,2,3179.5,0.0,0.0,0.0,3.28,729.93,729.93,0.0,32.88,2570.08,1200.0,632.88,0.0
bz_nbr7008_043,period_2,2,48,0,1,1200.0,7938.31,5944.29,1954.81,2,5631.69,583.47,583.47,0.0,3.18,1653.81,1653.81,0.0,66.15,0.0,1200.0,0.0,0.0
bz_nbr7008_043,period_2,2,70,0,1,1200.0,8707.53,5944.29,2144.23,2,8258.7,285.2,285.2,0.0,3.99,87.08,0.0,87.08,72.56,0.0,1200.0,0.0,0.0
bz_nbr7008_043,period_2,2,72,0,1,1200.0,8488.08,5944.29,2090.19,2,8328.48,0.0,0.0,0.0,3.99,84.88,0.0,84.88,70.73,0.0,1200.0,0.0,0.0
bz_nbr7008_043,period_2,2,75,0,1,1200.0,8068.01,5944.29,1986.74,2,6639.32,0.0,0.0,0.0,3.34,1358.12,1358.12,0.0,67.23,0.0,1200.0,0.0,0.0
bz_nbr7008_043,period_2,2,78,0,1,1200.0,7641.03,5944.29,1881.6,2,7089.65,0.0,0.0,0.0,3.77,483.93,0.0,483.93,63.68,0.0,1200.0,0.0,0.0
bz_nbr7008_043,period_2,2,80,0,1,1200.0,6940.45,5944.29,1709.08,2,6306.33,0.0,0.0,0.0,3.69,572.59,0.0,572.59,57.84,0.0,1200.0,0.0,0.0
bz_nbr7008_043,period_2,2,81,0,1,1200.0,8718.14,5944.29,2146.84,2,8089.57,0.0,0.0,0.0,3.77,552.15,0.0,552.15,72.65,0.0,1200.0,0.0,0.0
bz_nbr7008_043,period_2,2,87,0,1,1020.0,10581.66,5742.24,3065.56,2,10101.17,145.17,145.17,0.0,3.34,228.23,0.0,228.23,103.74,0.0,1020.0,0.0,0.0
bz_nbr7008_043,period_2,2,94,0,1,1020.0,10296.48,5742.24,2982.95,2,9938.1,21.92,21.92,0.0,3.34,232.18,0.0,232.18,100.95,0.0,1020.0,0.0,0.0
bz_nbr7008_043,period_2,2,99,0,1,1020.0,11479.18,5742.24,3325.58,2,11104.45,0.0,0.0,0.0,3.34,258.84,0.0,258.84,112.54,0.0,1020.0,0.0,0.0
bz_nbr7008_043,period_2,2,109,1,1,432.0,12.11,5465.22,8.28,1,10.65,0.0,0.0,0.0,1.46,0.0,0.0,0.0,0.0,0.0,432.0,0.0,1.46
bz_nbr7008_043,period_2,2,110,1,1,208.0,1425.6,5465.22,2025.31,1,0.0,822.06,822.06,0.0,0.41,534.6,0.0,534.6,68.54,0.0,208.0,0.0,1425.6
bz_nbr7008_043,period_2,2,111,1,1,208.0,1260.9,5465.22,1791.32,1,727.04,0.0,0.0,0.0,0.41,472.84,0.0,472.84,60.62,0.0,208.0,0.0,533.86
bz_nbr7008_043,period_2,2,112,1,1,258.0,8.34,5465.22,9.55,1,7.47,0.0,0.0,0.0,0.87,0.0,0.0,0.0,0.0,0.0,258.0,0.0,0.87
bz_nbr7008_043,period_2,2,113,1,1,900.0,616.22,5465.22,202.33,1,593.61,3.21,0.0,3.21,2.96,9.59,0.0,9.59,6.85,0.0,900.0,0.0,22.61
bz_nbr7008_043,period_2,2,114,1,1,746.0,13.53,5465.22,5.36,1,11.01,0.0,0.0,0.0,2.52,0.0,0.0,0.0,0.0,0.0,746.0,0.0,2.52
bz_nbr7008_043,period_2,2,115,1,1,208.0,1230.76,5465.22,1748.5,1,179.33,530.32,530.32,0.0,0.41,461.53,0.0,461.53,59.17,0.0,208.0,0.0,1051.43
bz_nbr7008_043,period_2,2,116,1,1,682.0,11.54,5465.22,5.0,1,9.23,0.0,0.0,0.0,2.31,0.0,0.0,0.0,0.0,0.0,682.0,0.0,2.31
bz_nbr7008_043,period_2,2,117,1,1,208.0,1408.99,5465.22,2001.71,1,87.95,636.51,636.51,0.0,0.36,616.43,0.0,616.43,67.74,0.0,208.0,0.0,1321.04
bz_nbr7008_043,period_2,2,118,1,1,120.0,139.3,5465.22,343.03,1,123.85,0.0,0.0,0.0,0.36,3.48,0.0,3.48,11.61,0.0,120.0,0.0,15.45
bz_nbr7008_043,period_2,2,119,1,1,338.0,2789.0,5465.22,2438.31,1,2128.01,0.0,0.0,0.0,0.87,577.6,0.0,577.6,82.51,0.0,338.0,0.0,660.99
bz_nbr7008_043,period_2,2,120,1,1,208.0,1411.56,5465.22,2005.36,1,813.96,0.0,0.0,0.0,0.41,529.33,0.0,529.33,67.86,0.0,208.0,0.0,597.6
bz_nbr7008_043,period_2,2,121,1,1,682.0,93.08,5465.22,40.33,1,90.77,0.0,0.0,0.0,2.31,0.0,0.0,0.0,0.0,0.0,682.0,0.0,2.31
bz_nbr7008_043,period_2,2,122,1,0,208.0,1666.34,5465.22,0.0,0,0.0,0.0,0.0,0.0,0.0,0.0,0.0,0.0,0.0,0.0,208.0,0.0,1666.34
bz_nbr7008_043,period_2,2,123,1,0,1200.0,812.18,5944.29,-0.0,0,0.0,0.0,0.0,0.0,0.0,0.0,0.0,0.0,0.0,0.0,1200.0,0.0,812.18
bz_nbr7008_043,period_2,2,124,1,1,107.0,245.15,5944.29,677.03,1,244.79,0.0,0.0,0.0,0.36,0.0,0.0,0.0,0.0,0.0,107.0,0.0,0.36
bz_nbr7008_043,period_2,2,125,1,1,536.0,385.12,5944.29,212.32,1,383.31,0.0,0.0,0.0,1.81,0.0,0.0,0.0,0.0,0.0,536.0,0.0,1.81
bz_nbr7008_043,period_2,2,126,1,1,555.0,12.77,5742.24,6.8,1,10.89,0.0,0.0,0.0,1.88,0.0,0.0,0.0,0.0,0.0,555.0,0.0,1.88
bz_nbr7008_043,period_3,3,10,0,1,900.0,5633.16,5465.22,1849.55,2,4380.14,705.73,705.73,0.0,2.75,481.95,0.0,481.95,62.59,0.0,900.0,0.0,0.0
bz_nbr7008_043,period_3,3,101,0,1,1020.0,10488.41,5742.24,3038.55,2,10006.31,314.18,314.18,0.0,3.4,61.7,0.0,61.7,102.83,0.0,1020.0,0.0,0.0
bz_nbr7008_043,period_3,3,104,0,1,1020.0,10108.27,5742.24,2928.42,2,9787.8,0.0,0.0,0.0,3.34,218.02,0.0,218.02,99.1,0.0,1020.0,0.0,0.0
bz_nbr7008_043,period_3,3,12,0,1,900.0,6783.42,5465.22,2227.22,2,6509.16,0.0,0.0,0.0,2.92,195.97,0.0,195.97,75.37,0.0,900.0,0.0,0.0
bz_nbr7008_043,period_3,3,17,0,1,900.0,7313.56,5465.22,2401.28,1,7100.55,15.01,15.01,0.0,2.96,113.77,0.0,113.77,81.26,0.0,900.0,0.0,0.0
bz_nbr7008_043,period_3,3,22,0,1,900.0,4577.23,5465.22,1502.85,1,3466.22,0.0,0.0,0.0,2.31,1057.85,1057.85,0.0,50.86,0.0,900.0,0.0,0.0
bz_nbr7008_043,period_3,3,23,0,1,900.0,6233.47,5465.22,2046.65,2,5981.21,0.0,0.0,0.0,2.92,180.08,0.0,180.08,69.26,0.0,900.0,0.0,0.0
bz_nbr7008_043,period_3,3,30,0,1,900.0,7880.35,5465.22,2587.38,1,5969.25,0.0,0.0,0.0,2.31,1821.24,1821.24,0.0,87.56,0.0,900.0,0.0,0.0
bz_nbr7008_043,period_3,3,34,0,1,900.0,6391.65,5465.22,2098.59,2,6133.06,0.0,0.0,0.0,2.92,184.65,0.0,184.65,71.02,0.0,900.0,0.0,0.0
bz_nbr7008_043,period_3,3,45,0,1,900.0,6951.6,5465.22,2282.44,1,6763.26,0.0,0.0,0.0,2.96,108.14,0.0,108.14,77.24,0.0,900.0,0.0,0.0
bz_nbr7008_043,period_3,3,46,0,1,900.0,7048.48,5465.22,2314.25,1,6857.56,0.0,0.0,0.0,2.96,109.64,0.0,109.64,78.32,0.0,900.0,0.0,0.0
bz_nbr7008_043,period_3,3,48,0,1,1200.0,7938.31,5944.29,1954.81,2,7365.63,0.0,0.0,0.0,3.77,502.76,0.0,502.76,66.15,0.0,1200.0,0.0,0.0
bz_nbr7008_043,period_3,3,5,0,1,900.0,6953.28,5465.22,2282.99,1,5002.28,264.45,264.45,0.0,2.31,1606.98,1606.98,0.0,77.26,0.0,900.0,0.0,0.0
bz_nbr7008_043,period_3,3,51,0,1,1200.0,7580.63,5944.29,1866.73,2,6354.04,414.36,414.36,0.0,3.63,745.43,745.43,0.0,63.17,0.0,1200.0,0.0,0.0
bz_nbr7008_043,period_3,3,54,0,1,1200.0,8989.13,5944.29,2213.57,2,8318.68,0.0,0.0,0.0,3.76,591.78,0.0,591.78,74.91,0.0,1200.0,0.0,0.0
bz_nbr7008_043,period_3,3,56,0,1,1200.0,8813.21,5944.29,2170.25,2,8140.52,22.62,22.62,0.0,3.76,572.86,0.0,572.86,73.44,0.0,1200.0,0.0,0.0
bz_nbr7008_043,period_3,3,63,0,1,1200.0,7911.9,5944.29,1948.3,2,7341.11,0.0,0.0,0.0,3.77,501.09,0.0,501.09,65.93,0.0,1200.0,0.0,0.0
bz_nbr7008_043,period_3,3,65,0,1,1200.0,8585.18,5944.29,2114.1,2,7839.14,127.0,127.0,0.0,3.77,543.73,0.0,543.73,71.54,0.0,1200.0,0.0,0.0
bz_nbr7008_043,period_3,3,66,0,1,1200.0,7923.29,5944.29,1951.11,2,7774.04,0.0,0.0,0.0,3.99,79.23,0.0,79.23,66.03,0.0,1200.0,0.0,0.0
bz_nbr7008_043,period_3,3,71,0,1,1200.0,7965.55,5944.29,1961.51,2,7364.38,0.0,0.0,0.0,3.76,531.04,0.0,531.04,66.38,0.0,1200.0,0.0,0.0
bz_nbr7008_043,period_3,3,109,1,1,208.0,1690.24,5465.22,2401.27,1,0.0,869.14,869.14,0.0,0.36,739.48,0.0,739.48,81.26,0.0,208.0,0.0,1690.24
bz_nbr7008_043,period_3,3,110,1,1,682.0,19.57,5465.22,8.48,1,17.26,0.0,0.0,0.0,2.31,0.0,0.0,0.0,0.0,0.0,682.0,0.0,2.31
bz_nbr7008_043,period_3,3,111,1,1,208.0,1412.89,5465.22,2007.25,1,0.0,726.46,726.46,0.0,0.36,618.14,0.0,618.14,67.93,0.0,208.0,0.0,1412.89
bz_nbr7008_043,period_3,3,112,1,0,208.0,1450.51,5465.22,0.0,0,0.0,0.0,0.0,0.0,0.0,0.0,0.0,0.0,0.0,0.0,208.0,0.0,1450.51
bz_nbr7008_043,period_3,3,113,1,1,1200.0,2570.08,5944.29,632.88,2,2518.98,0.0,0.0,0.0,3.99,25.7,0.0,25.7,21.42,0.0,1200.0,0.0,51.1
bz_nbr7008_043,period_3,3,114,1,1,222.0,729.93,5944.29,971.59,1,277.21,116.95,116.95,0.0,0.41,302.49,0.0,302.49,32.88,0.0,222.0,0.0,452.72
bz_nbr7008_043,period_3,3,115,1,1,258.0,583.47,5944.29,668.28,1,582.6,0.0,0.0,0.0,0.87,0.0,0.0,0.0,0.0,0.0,258.0,0.0,0.87
bz_nbr7008_043,period_3,3,116,1,1,250.0,1653.81,5944.29,1954.8,2,1584.81,2.03,0.0,2.03,0.81,0.0,0.0,0.0,66.15,0.0,250.0,0.0,69.0
bz_nbr7008_043,period_3,3,117,1,1,746.0,285.2,5944.29,112.97,1,282.68,0.0,0.0,0.0,2.52,0.0,0.0,0.0,0.0,0.0,746.0,0.0,2.52
bz_nbr7008_043,period_3,3,118,1,1,202.0,1358.12,5944.29,1986.75,1,532.16,186.88,186.88,0.0,0.36,571.49,0.0,571.49,67.23,0.0,202.0,0.0,825.96
bz_nbr7008_043,period_3,3,119,1,1,432.0,145.17,5742.24,99.3,1,143.71,0.0,0.0,0.0,1.46,0.0,0.0,0.0,0.0,0.0,432.0,0.0,1.46
bz_nbr7008_043,period_3,3,120,1,1,555.0,21.92,5742.24,11.67,1,20.04,0.0,0.0,0.0,1.88,0.0,0.0,0.0,0.0,0.0,555.0,0.0,1.88
bz_nbr7008_043,period_3,3,121,1,1,556.0,106.56,5742.24,56.63,1,104.68,0.0,0.0,0.0,1.88,0.0,0.0,0.0,0.0,0.0,556.0,0.0,1.88
bz_nbr7008_043,period_4,4,105,0,1,1020.0,9853.38,5742.24,2854.58,2,9531.25,0.0,0.0,0.0,3.34,222.18,0.0,222.18,96.6,0.0,1020.0,0.0,0.0
bz_nbr7008_043,period_4,4,13,0,1,900.0,6313.45,5465.22,2072.91,1,6122.77,19.36,19.36,0.0,2.96,98.21,0.0,98.21,70.15,0.0,900.0,0.0,0.0
bz_nbr7008_043,period_4,4,18,0,1,900.0,6104.8,5465.22,2004.41,2,5737.3,120.39,120.39,0.0,2.92,176.36,0.0,176.36,67.83,0.0,900.0,0.0,0.0
bz_nbr7008_043,period_4,4,22,0,1,900.0,4577.23,5465.22,1502.85,1,4452.21,0.0,0.0,0.0,2.96,71.2,0.0,71.2,50.86,0.0,900.0,0.0,0.0
bz_nbr7008_043,period_4,4,35,0,1,900.0,6177.02,5465.22,2028.12,1,4678.5,0.0,0.0,0.0,2.31,1427.58,1427.58,0.0,68.63,0.0,900.0,0.0,0.0
bz_nbr7008_043,period_4,4,44,0,1,900.0,4606.0,5465.22,1512.3,1,4480.21,0.0,0.0,0.0,2.96,71.65,0.0,71.65,51.18,0.0,900.0,0.0,0.0
bz_nbr7008_043,period_4,4,47,0,1,1200.0,6515.67,5944.29,1346.05,3,4879.5,487.04,487.04,0.0,3.99,50.11,0.0,50.11,45.55,1049.48,1200.0,258.43,0.0
bz_nbr7008_043,period_4,4,53,0,1,1200.0,9660.37,5944.29,2378.86,2,7564.11,0.0,0.0,0.0,3.18,2012.58,2012.58,0.0,80.5,0.0,1200.0,0.0,0.0
bz_nbr7008_043,period_4,4,56,0,1,1200.0,8813.21,5944.29,2170.25,2,8126.07,37.07,37.07,0.0,3.76,572.86,0.0,572.86,73.44,0.0,1200.0,0.0,0.0
bz_nbr7008_043,period_4,4,65,0,1,1200.0,8585.18,5944.29,2114.1,2,7951.84,0.0,0.0,0.0,3.76,558.04,0.0,558.04,71.54,0.0,1200.0,0.0,0.0
bz_nbr7008_043,period_4,4,75,0,1,1200.0,8068.01,5944.29,1986.74,2,7916.11,0.0,0.0,0.0,3.99,80.68,0.0,80.68,67.23,0.0,1200.0,0.0,0.0
bz_nbr7008_043,period_4,4,77,0,1,1200.0,9082.29,5944.29,2236.51,2,8373.05,54.57,54.57,0.0,3.77,575.21,0.0,575.21,75.69,0.0,1200.0,0.0,0.0
bz_nbr7008_043,period_4,4,79,0,1,1200.0,7062.24,5944.29,1739.07,2,6552.34,0.0,0.0,0.0,3.77,447.28,0.0,447.28,58.85,0.0,1200.0,0.0,0.0
bz_nbr7008_043,period_4,4,80,0,1,1200.0,6940.45,5944.29,1709.08,2,6439.28,0.0,0.0,0.0,3.77,439.56,0.0,439.56,57.84,0.0,1200.0,0.0,0.0
bz_nbr7008_043,period_4,4,84,0,1,1020.0,8460.46,5742.24,2451.04,2,7900.85,423.5,423.5,0.0,3.4,49.77,0.0,49.77,82.95,0.0,1020.0,0.0,0.0
bz_nbr7008_043,period_4,4,88,0,1,1020.0,10102.75,5742.24,2926.82,2,9691.58,80.98,80.98,0.0,3.34,227.81,0.0,227.81,99.05,0.0,1020.0,0.0,0.0
bz_nbr7008_043,period_4,4,109,1,1,682.0,264.45,5465.22,114.58,1,262.14,0.0,0.0,0.0,2.31,0.0,0.0,0.0,0.0,0.0,682.0,0.0,2.31
bz_nbr7008_043,period_4,4,110,1,1,208.0,1606.98,5465.22,2282.99,1,926.7,0.0,0.0,0.0,0.41,602.62,0.0,602.62,77.26,0.0,208.0,0.0,680.28
bz_nbr7008_043,period_4,4,111,1,1,258.0,37.23,5465.22,42.64,1,36.36,0.0,0.0,0.0,0.87,0.0,0.0,0.0,0.0,0.0,258.0,0.0,0.87
bz_nbr7008_043,period_4,4,112,1,1,555.0,668.5,5465.22,355.93,1,666.62,0.0,0.0,0.0,1.88,0.0,0.0,0.0,0.0,0.0,555.0,0.0,1.88
bz_nbr7008_043,period_4,4,113,1,1,876.0,15.01,5465.22,5.06,1,12.05,0.0,0.0,0.0,2.96,0.0,0.0,0.0,0.0,0.0,876.0,0.0,2.96
bz_nbr7008_043,period_4,4,114,1,1,208.0,1057.85,5465.22,1502.86,1,0.0,543.82,543.82,0.0,0.36,462.81,0.0,462.81,50.86,0.0,208.0,0.0,1057.85
bz_nbr7008_043,period_4,4,115,1,1,208.0,1821.24,5465.22,2587.38,1,605.5,444.81,444.81,0.0,0.41,682.96,0.0,682.96,87.56,0.0,208.0,0.0,1215.74
bz_nbr7008_043,period_4,4,116,1,1,536.0,414.36,5944.29,228.44,1,412.55,0.0,0.0,0.0,1.81,0.0,0.0,0.0,0.0,0.0,536.0,0.0,1.81
bz_nbr7008_043,period_4,4,117,1,1,118.0,745.43,5944.29,1866.73,1,333.04,342.54,342.54,0.0,0.36,6.32,0.0,6.32,63.17,0.0,118.0,0.0,412.39
bz_nbr7008_043,period_4,4,118,1,1,556.0,22.62,5944.29,12.02,1,20.74,0.0,0.0,0.0,1.88,0.0,0.0,0.0,0.0,0.0,556.0,0.0,1.88
bz_nbr7008_043,period_4,4,119,1,1,432.0,127.0,5944.29,86.87,1,125.54,0.0,0.0,0.0,1.46,0.0,0.0,0.0,0.0,0.0,432.0,0.0,1.46
bz_nbr7008_043,period_4,4,120,1,1,746.0,314.18,5742.24,124.45,1,311.66,0.0,0.0,0.0,2.52,0.0,0.0,0.0,0.0,0.0,746.0,0.0,2.52
bz_nbr7008_043,period_5,5,1,0,1,900.0,5947.1,5465.22,1952.63,1,4336.17,168.11,168.11,0.0,2.31,1374.44,1374.44,0.0,66.08,0.0,900.0,0.0,0.0
bz_nbr7008_043,period_5,5,100,0,1,1020.0,10867.57,5742.24,3148.39,2,10523.28,0.0,0.0,0.0,3.34,234.4,0.0,234.4,106.54,0.0,1020.0,0.0,0.0
bz_nbr7008_043,period_5,5,104,0,1,1020.0,10108.27,5742.24,2928.42,2,9854.01,92.3,92.3,0.0,3.4,59.46,0.0,59.46,99.1,0.0,1020.0,0.0,0.0
bz_nbr7008_043,period_5,5,12,0,1,900.0,6783.42,5465.22,2227.22,1,5138.02,0.0,0.0,0.0,2.31,1567.72,1567.72,0.0,75.37,0.0,900.0,0.0,0.0
bz_nbr7008_043,period_5,5,17,0,1,900.0,7313.56,5465.22,2401.28,2,7015.73,2.36,0.0,2.36,2.92,211.28,0.0,211.28,81.26,0.0,900.0,0.0,0.0
bz_nbr7008_043,period_5,5,25,0,1,900.0,6703.85,5465.22,2201.09,2,6418.15,14.62,0.0,14.62,2.92,193.67,0.0,193.67,74.49,0.0,900.0,0.0,0.0
bz_nbr7008_043,period_5,5,30,0,1,900.0,7880.35,5465.22,2587.38,1,7667.24,0.0,0.0,0.0,2.96,122.58,0.0,122.58,87.56,0.0,900.0,0.0,0.0
bz_nbr7008_043,period_5,5,32,0,1,900.0,6276.23,5465.22,2060.69,1,6105.9,0.0,0.0,0.0,2.96,97.63,0.0,97.63,69.74,0.0,900.0,0.0,0.0
bz_nbr7008_043,period_5,5,36,0,1,900.0,5907.96,5465.22,1939.78,1,4474.61,0.0,0.0,0.0,2.31,1365.4,1365.4,0.0,65.64,0.0,900.0,0.0,0.0
bz_nbr7008_043,period_5,5,47,0,1,1200.0,6515.67,5944.29,1604.48,2,6044.94,0.0,0.0,0.0,3.77,412.66,0.0,412.66,54.3,0.0,1200.0,0.0,0.0
bz_nbr7008_043,period_5,5,49,0,1,1200.0,7914.68,5944.29,1948.99,2,7323.91,0.0,0.0,0.0,3.76,521.05,0.0,521.05,65.96,0.0,1200.0,0.0,0.0
bz_nbr7008_043,period_5,5,53,0,1,1200.0,9660.37,5944.29,2378.86,2,7748.95,40.48,40.48,0.0,3.28,1787.17,1787.17,0.0,80.5,0.0,1200.0,0.0,0.0
bz_nbr7008_043,period_5,5,61,0,1,1200.0,8806.08,5944.29,2168.49,2,8072.29,84.24,84.24,0.0,3.76,572.4,0.0,572.4,73.38,0.0,1200.0,0.0,0.0
bz_nbr7008_043,period_5,5,65,0,1,1200.0,8585.18,5944.29,2114.1,2,8423.8,0.0,0.0,0.0,3.99,85.85,0.0,85.85,71.54,0.0,1200.0,0.0,0.0
bz_nbr7008_043,period_5,5,7,0,1,900.0,7226.15,5465.22,2372.58,1,7009.86,20.63,20.63,0.0,2.96,112.41,0.0,112.41,80.29,0.0,900.0,0.0,0.0
bz_nbr7008_043,period_5,5,72,0,1,1200.0,8488.08,5944.29,2090.19,2,7847.72,0.0,0.0,0.0,3.76,565.87,0.0,565.87,70.73,0.0,1200.0,0.0,0.0
bz_nbr7008_043,period_5,5,73,0,1,1200.0,7191.58,5944.29,1770.92,2,6672.41,0.0,0.0,0.0,3.77,455.47,0.0,455.47,59.93,0.0,1200.0,0.0,0.0
bz_nbr7008_043,period_5,5,74,0,1,1200.0,8979.55,5944.29,2211.21,3,7094.15,736.96,736.96,0.0,3.54,1070.06,1070.06,0.0,74.83,0.0,1200.0,0.0,0.0
bz_nbr7008_043,period_5,5,76,0,1,1200.0,7790.32,5944.29,1918.36,2,7228.24,0.0,0.0,0.0,3.77,493.39,0.0,493.39,64.92,0.0,1200.0,0.0,0.0
bz_nbr7008_043,period_5,5,77,0,1,1200.0,9082.29,5944.29,2236.51,2,7323.1,0.0,0.0,0.0,3.28,1680.22,1680.22,0.0,75.69,0.0,1200.0,0.0,0.0
bz_nbr7008_043,period_5,5,80,0,1,1200.0,6940.45,5944.29,1709.08,2,6439.28,0.0,0.0,0.0,3.77,439.56,0.0,439.56,57.84,0.0,1200.0,0.0,0.0
bz_nbr7008_043,period_5,5,81,0,1,1200.0,8718.14,5944.29,2146.84,2,8554.32,0.0,0.0,0.0,3.99,87.18,0.0,87.18,72.65,0.0,1200.0,0.0,0.0
bz_nbr7008_043,period_5,5,94,0,1,1020.0,10296.48,5742.24,2982.95,2,9960.02,0.0,0.0,0.0,3.34,232.18,0.0,232.18,100.95,0.0,1020.0,0.0,0.0
bz_nbr7008_043,period_5,5,97,0,1,1020.0,8857.69,5742.24,2566.12,2,8576.46,0.0,0.0,0.0,3.34,191.05,0.0,191.05,86.84,0.0,1020.0,0.0,0.0
bz_nbr7008_043,period_5,5,109,1,1,876.0,19.36,5465.22,6.53,1,16.4,0.0,0.0,0.0,2.96,0.0,0.0,0.0,0.0,0.0,876.0,0.0,2.96
bz_nbr7008_043,period_5,5,110,1,1,432.0,120.39,5465.22,82.35,1,118.93,0.0,0.0,0.0,1.46,0.0,0.0,0.0,0.0,0.0,432.0,0.0,1.46
bz_nbr7008_043,period_5,5,111,1,1,208.0,1427.58,5465.22,2028.12,1,646.84,176.36,176.36,0.0,0.41,535.34,0.0,535.34,68.63,0.0,208.0,0.0,780.74
bz_nbr7008_043,period_5,5,112,1,1,107.0,487.04,5944.29,1345.05,1,486.68,0.0,0.0,0.0,0.36,0.0,0.0,0.0,0.0,0.0,107.0,0.0,0.36
bz_nbr7008_043,period_5,5,113,1,1,1200.0,1049.48,5944.29,258.43,2,951.33,0.0,0.0,0.0,3.7,85.71,0.0,85.71,8.75,0.0,1200.0,0.0,98.15
bz_nbr7008_043,period_5,5,114,1,1,250.0,2012.58,5944.29,2378.87,2,1931.26,0.0,0.0,0.0,0.81,0.0,0.0,0.0,80.5,0.0,250.0,0.0,81.32
bz_nbr7008_043,period_5,5,115,1,1,556.0,37.07,5944.29,19.7,1,35.19,0.0,0.0,0.0,1.88,0.0,0.0,0.0,0.0,0.0,556.0,0.0,1.88
bz_nbr7008_043,period_5,5,116,1,1,682.0,54.57,5944.29,23.64,1,52.26,0.0,0.0,0.0,2.31,0.0,0.0,0.0,0.0,0.0,682.0,0.0,2.31
bz_nbr7008_043,period_5,5,117,1,1,258.0,393.75,5742.24,450.98,1,392.88,0.0,0.0,0.0,0.87,0.0,0.0,0.0,0.0,0.0,258.0,0.0,0.87
bz_nbr7008_043,period_5,5,118,1,1,746.0,29.75,5742.24,11.78,1,27.23,0.0,0.0,0.0,2.52,0.0,0.0,0.0,0.0,0.0,746.0,0.0,2.52
bz_nbr7008_043,period_5,5,119,1,1,555.0,80.98,5742.24,43.12,1,77.54,1.56,0.0,1.56,1.88,0.0,0.0,0.0,0.0,0.0,555.0,0.0,3.44
bz_nbr7008_075,period_1,1,1,0,1,1000.0,6006.21,5355.26,765.26,5,3689.81,509.95,509.95,0.0,5.5,266.5,266.5,0.0,45.17,1489.29,1000.0,252.31,0.0
bz_nbr7008_075,period_1,1,2,0,1,1000.0,6606.91,5355.26,1119.34,5,6042.77,96.16,96.16,0.0,5.49,396.41,396.41,0.0,66.07,0.0,1000.0,0.0,0.0
bz_nbr7008_075,period_1,1,3,0,1,1000.0,6948.64,5355.26,1177.24,2,6838.71,20.72,20.72,0.0,5.83,13.9,0.0,13.9,69.49,0.0,1000.0,0.0,0.0
bz_nbr7008_075,period_1,1,4,0,1,1000.0,7071.97,5355.26,1198.13,2,6473.67,55.37,55.37,0.0,5.45,466.75,466.75,0.0,70.72,0.0,1000.0,0.0,0.0
bz_nbr7008_075,period_1,1,7,0,1,1000.0,6173.57,5355.26,1045.92,2,6093.66,0.0,0.0,0.0,5.83,12.35,0.0,12.35,61.74,0.0,1000.0,0.0,0.0
bz_nbr7008_075,period_1,1,8,0,1,1000.0,7395.89,5355.26,1253.01,2,6828.35,0.0,0.0,0.0,5.45,488.13,488.13,0.0,73.96,0.0,1000.0,0.0,0.0
bz_nbr7008_075,period_2,2,1,0,1,1000.0,6006.21,5355.26,1017.57,2,5544.28,0.0,0.0,0.0,5.45,396.41,396.41,0.0,60.06,0.0,1000.0,0.0,0.0
bz_nbr7008_075,period_2,2,2,0,1,1000.0,6606.91,5355.26,807.53,5,4284.52,0.0,0.0,0.0,5.31,428.98,428.98,0.0,47.66,1840.44,1000.0,311.81,0.0
bz_nbr7008_075,period_2,2,6,0,1,1000.0,7251.61,5355.26,1228.57,2,7152.56,6.2,0.0,6.2,5.83,14.5,0.0,14.5,72.52,0.0,1000.0,0.0,0.0
bz_nbr7008_075,period_2,2,7,0,1,1000.0,6173.57,5355.26,801.47,2,4365.69,0.0,0.0,0.0,5.45,312.22,312.22,0.0,47.31,1442.89,1000.0,244.45,0.0
bz_nbr7008_075,period_2,2,8,0,1,1000.0,7395.89,5355.26,1253.01,2,7301.31,0.0,0.0,0.0,5.83,14.79,0.0,14.79,73.96,0.0,1000.0,0.0,0.0
bz_nbr7008_075,period_2,2,12,1,1,495.0,509.95,5355.26,174.54,1,211.48,295.55,295.55,0.0,2.92,0.0,0.0,0.0,0.0,0.0,495.0,0.0,298.47
bz_nbr7008_075,period_2,2,13,1,1,1000.0,1489.29,5355.26,252.32,2,1468.55,0.0,0.0,0.0,5.84,0.0,0.0,0.0,14.89,0.0,1000.0,0.0,20.74
bz_nbr7008_075,period_2,2,14,1,1,59.0,266.5,5355.26,765.26,1,75.98,95.44,95.44,0.0,0.22,49.69,0.0,49.69,45.17,0.0,59.0,0.0,190.52
bz_nbr7008_075,period_2,2,15,1,1,38.0,96.16,5355.26,428.72,1,94.81,1.12,1.12,0.0,0.22,0.0,0.0,0.0,0.0,0.0,38.0,0.0,1.35
bz_nbr7008_075,period_2,2,16,1,1,60.0,396.41,5355.26,1119.33,1,250.84,0.0,0.0,0.0,0.22,79.28,0.0,79.28,66.07,0.0,60.0,0.0,145.57
bz_nbr7008_075,period_2,2,17,1,1,494.0,20.72,5355.26,7.11,1,17.8,0.0,0.0,0.0,2.92,0.0,0.0,0.0,0.0,0.0,494.0,0.0,2.92
bz_nbr7008_075,period_2,2,18,1,1,744.0,55.37,5355.26,12.61,1,50.98,0.0,0.0,0.0,4.39,0.0,0.0,0.0,0.0,0.0,744.0,0.0,4.39
bz_nbr7008_075,period_2,2,19,1,1,66.0,466.75,5355.26,1198.13,1,0.0,268.51,268.51,0.0,0.22,127.3,0.0,127.3,70.72,0.0,66.0,0.0,466.75
bz_nbr7008_075,period_2,2,20,1,1,66.0,488.13,5355.26,1253.01,1,280.82,0.0,0.0,0.0,0.22,133.13,0.0,133.13,73.96,0.0,66.0,0.0,207.31
bz_nbr7008_075,period_3,3,1,0,1,1000.0,6006.21,5355.26,1017.57,6,5540.81,87.48,87.48,0.0,5.54,312.32,312.32,0.0,60.06,0.0,1000.0,0.0,0.0
bz_nbr7008_075,period_3,3,10,0,1,1000.0,7523.85,5355.26,1274.69,2,6464.79,481.79,481.79,0.0,5.45,496.57,496.57,0.0,75.24,0.0,1000.0,0.0,0.0
bz_nbr7008_075,period_3,3,11,0,1,1000.0,7895.06,5355.26,1337.58,2,7794.49,0.0,0.0,0.0,5.83,15.79,0.0,15.79,78.95,0.0,1000.0,0.0,0.0
bz_nbr7008_075,period_3,3,2,0,1,1000.0,6606.91,5355.26,1119.34,2,6092.36,6.97,0.0,6.97,5.45,436.06,436.06,0.0,66.07,0.0,1000.0,0.0,0.0
bz_nbr7008_075,period_3,3,3,0,1,1000.0,6948.64,5355.26,1177.24,2,6837.62,21.8,21.8,0.0,5.83,13.9,0.0,13.9,69.49,0.0,1000.0,0.0,0.0
bz_nbr7008_075,period_3,3,12,1,1,66.0,396.41,5355.26,1017.57,1,228.01,0.0,0.0,0.0,0.22,108.11,0.0,108.11,60.06,0.0,66.0,0.0,168.4
bz_nbr7008_075,period_3,3,13,1,1,1000.0,1840.44,5355.26,311.81,2,1447.53,366.83,366.83,0.0,5.84,1.84,0.0,1.84,18.4,0.0,1000.0,0.0,392.91
bz_nbr7008_075,period_3,3,14,1,1,90.0,428.98,5355.26,807.53,2,361.8,0.0,0.0,0.0,0.45,19.07,0.0,19.07,47.66,0.0,90.0,0.0,67.18
bz_nbr7008_075,period_3,3,15,1,1,1000.0,1442.89,5355.26,244.45,2,1393.4,29.22,29.22,0.0,5.84,0.0,0.0,0.0,14.43,0.0,1000.0,0.0,49.49
bz_nbr7008_075,period_3,3,16,1,1,66.0,312.22,5355.26,801.46,1,179.54,0.0,0.0,0.0,0.22,85.15,0.0,85.15,47.31,0.0,66.0,0.0,132.68
bz_nbr7008_075,period_4,4,1,0,1,1000.0,6006.21,5355.26,1017.57,2,5928.3,0.0,0.0,0.0,5.83,12.01,0.0,12.01,60.06,0.0,1000.0,0.0,0.0
bz_nbr7008_075,period_4,4,11,0,1,1000.0,7895.06,5355.26,1337.58,3,6698.54,38.8,38.8,0.0,5.04,1073.73,1073.73,0.0,78.95,0.0,1000.0,0.0,0.0
bz_nbr7008_075,period_4,4,2,0,1,1000.0,6606.91,5355.26,1119.34,2,4519.82,2008.58,2008.58,0.0,5.84,6.61,0.0,6.61,66.07,0.0,1000.0,0.0,0.0
bz_nbr7008_075,period_4,4,3,0,1,1000.0,6948.64,5355.26,1177.24,2,6415.09,0.0,0.0,0.0,5.45,458.61,458.61,0.0,69.49,0.0,1000.0,0.0,0.0
bz_nbr7008_075,period_4,4,7,0,1,1000.0,6173.57,5355.26,1045.92,2,4530.2,1168.72,1168.72,0.0,5.45,407.46,407.46,0.0,61.74,0.0,1000.0,0.0,0.0
bz_nbr7008_075,period_4,4,12,1,1,38.0,87.48,5355.26,390.02,1,0.0,87.26,87.26,0.0,0.22,0.0,0.0,0.0,0.0,0.0,38.0,0.0,87.48
bz_nbr7008_075,period_4,4,13,1,1,52.0,312.32,5355.26,1017.56,1,120.57,107.44,107.44,0.0,0.22,24.02,0.0,24.02,60.06,0.0,52.0,0.0,191.75
bz_nbr7008_075,period_4,4,14,1,1,66.0,436.06,5355.26,1119.35,1,249.72,1.12,0.0,1.12,0.22,118.93,0.0,118.93,66.07,0.0,66.0,0.0,186.34
bz_nbr7008_075,period_4,4,15,1,1,494.0,21.8,5355.26,7.48,1,18.88,0.0,0.0,0.0,2.92,0.0,0.0,0.0,0.0,0.0,494.0,0.0,2.92
bz_nbr7008_075,period_4,4,16,1,1,180.0,481.79,5355.26,453.47,1,480.73,0.0,0.0,0.0,1.06,0.0,0.0,0.0,0.0,0.0,180.0,0.0,1.06
bz_nbr7008_075,period_4,4,17,1,1,66.0,496.57,5355.26,1274.68,1,284.56,1.12,0.0,1.12,0.22,135.43,0.0,135.43,75.24,0.0,66.0,0.0,212.01
bz_nbr7008_075,period_5,5,1,0,1,1000.0,6006.21,5355.26,1017.57,5,5271.38,128.9,128.9,0.0,5.31,540.56,540.56,0.0,60.06,0.0,1000.0,0.0,0.0
bz_nbr7008_075,period_5,5,10,0,1,1000.0,7523.85,5355.26,1274.69,2,7427.73,0.0,0.0,0.0,5.83,15.05,0.0,15.05,75.24,0.0,1000.0,0.0,0.0
bz_nbr7008_075,period_5,5,11,0,1,1000.0,7895.06,5355.26,1337.58,2,7733.87,60.62,60.62,0.0,5.83,15.79,0.0,15.79,78.95,0.0,1000.0,0.0,0.0
bz_nbr7008_075,period_5,5,2,0,1,1000.0,6606.91,5355.26,1119.34,2,3330.19,3198.21,3198.21,0.0,5.84,6.61,0.0,6.61,66.07,0.0,1000.0,0.0,0.0
bz_nbr7008_075,period_5,5,8,0,1,1000.0,7395.89,5355.26,1253.01,2,6828.35,0.0,0.0,0.0,5.45,488.13,488.13,0.0,73.96,0.0,1000.0,0.0,0.0
bz_nbr7008_075,period_5,5,9,0,1,1000.0,7560.04,5355.26,1280.82,2,6979.3,0.73,0.0,0.73,5.45,498.96,498.96,0.0,75.6,0.0,1000.0,0.0,0.0
bz_nbr7008_075,period_5,5,12,1,1,495.0,1894.54,5355.26,648.43,1,1891.62,0.0,0.0,0.0,2.92,0.0,0.0,0.0,0.0,0.0,495.0,0.0,2.92
bz_nbr7008_075,period_5,5,13,1,1,494.0,114.04,5355.26,39.11,1,111.12,0.0,0.0,0.0,2.92,0.0,0.0,0.0,0.0,0.0,494.0,0.0,2.92
bz_nbr7008_075,period_5,5,14,1,1,66.0,458.61,5355.26,1177.24,1,0.0,263.82,263.82,0.0,0.22,125.08,0.0,125.08,69.49,0.0,66.0,0.0,458.61
bz_nbr7008_075,period_5,5,15,1,1,744.0,1168.72,5355.26,266.13,1,1164.33,0.0,0.0,0.0,4.39,0.0,0.0,0.0,0.0,0.0,744.0,0.0,4.39
bz_nbr7008_075,period_5,5,16,1,1,66.0,407.46,5355.26,1045.94,1,0.0,234.37,234.37,0.0,0.22,111.13,0.0,111.13,61.74,0.0,66.0,0.0,407.46
bz_nbr7008_075,period_5,5,17,1,1,180.0,38.8,5355.26,36.52,1,37.74,0.0,0.0,0.0,1.06,0.0,0.0,0.0,0.0,0.0,180.0,0.0,1.06
bz_nbr7008_075,period_5,5,18,1,1,136.0,1073.73,5355.26,1337.58,3,870.26,29.11,29.11,0.0,0.67,94.74,0.0,94.74,78.95,0.0,136.0,0.0,203.47
bz_nbr7008_095,period_1,1,10,0,1,1000.0,8416.52,5412.45,1125.73,3,8293.24,31.72,31.72,0.0,7.4,0.0,0.0,0.0,84.17,0.0,1000.0,0.0,0.0
bz_nbr7008_095,period_1,1,11,0,1,1000.0,10148.98,5412.45,1357.45,3,10040.09,0.0,0.0,0.0,7.4,0.0,0.0,0.0,101.49,0.0,1000.0,0.0,0.0
bz_nbr7008_095,period_1,1,2,0,1,1000.0,9411.76,5412.45,1258.85,3,7723.13,402.17,402.17,0.0,6.46,1185.88,1185.88,0.0,94.12,0.0,1000.0,0.0,0.0
bz_nbr7008_095,period_1,1,5,0,1,1000.0,9700.28,5412.45,1297.44,4,9440.79,0.0,0.0,0.0,7.28,155.2,0.0,155.2,97.0,0.0,1000.0,0.0,0.0
bz_nbr7008_095,period_1,1,6,0,1,1000.0,9450.33,5412.45,1264.0,3,9348.42,0.0,0.0,0.0,7.4,0.0,0.0,0.0,94.5,0.0,1000.0,0.0,0.0
bz_nbr7008_095,period_1,1,7,0,1,1000.0,11315.34,5412.45,1513.45,5,9272.45,0.0,0.0,0.0,6.13,1923.61,1923.61,0.0,113.15,0.0,1000.0,0.0,0.0
bz_nbr7008_095,period_2,2,10,0,1,1000.0,8416.52,5412.45,1125.73,3,8324.95,0.0,0.0,0.0,7.4,0.0,0.0,0.0,84.17,0.0,1000.0,0.0,0.0
bz_nbr7008_095,period_2,2,2,0,1,1000.0,9411.76,5412.45,1258.85,3,9310.24,0.0,0.0,0.0,7.4,0.0,0.0,0.0,94.12,0.0,1000.0,0.0,0.0
bz_nbr7008_095,period_2,2,4,0,1,1000.0,9000.68,5412.45,1203.86,4,6869.3,325.26,325.26,0.0,5.98,1710.13,1710.13,0.0,90.01,0.0,1000.0,0.0,0.0
bz_nbr7008_095,period_2,2,5,0,1,1000.0,9700.28,5412.45,1297.44,3,9465.51,130.36,130.36,0.0,7.4,0.0,0.0,0.0,97.0,0.0,1000.0,0.0,0.0
bz_nbr7008_095,period_2,2,6,0,1,1000.0,9450.33,5412.45,917.52,4,6369.56,304.62,304.62,0.0,7.28,109.76,0.0,109.76,68.6,2590.51,1000.0,346.49,0.0
bz_nbr7008_095,period_2,2,8,0,1,1000.0,10079.29,5412.45,1348.13,3,8702.05,0.0,0.0,0.0,6.46,1269.99,1269.99,0.0,100.79,0.0,1000.0,0.0,0.0
bz_nbr7008_095,period_2,2,12,1,1,554.0,119.7,5412.45,28.9,1,115.56,0.0,0.0,0.0,4.14,0.0,0.0,0.0,0.0,0.0,554.0,0.0,4.14
bz_nbr7008_095,period_2,2,13,1,1,200.0,154.29,5412.45,103.18,1,152.79,0.0,0.0,0.0,1.5,0.0,0.0,0.0,0.0,0.0,200.0,0.0,1.5
bz_nbr7008_095,period_2,2,14,1,1,110.0,128.19,5412.45,155.87,1,127.37,0.0,0.0,0.0,0.82,0.0,0.0,0.0,0.0,0.0,110.0,0.0,0.82
bz_nbr7008_095,period_2,2,15,1,1,126.0,1185.88,5412.45,1258.84,1,1034.47,0.0,0.0,0.0,0.82,56.47,0.0,56.47,94.12,0.0,126.0,0.0,151.41
bz_nbr7008_095,period_2,2,16,1,1,170.0,1923.61,5412.45,1513.46,1,1243.87,0.0,0.0,0.0,0.82,565.77,0.0,565.77,113.15,0.0,170.0,0.0,679.74
bz_nbr7008_095,period_2,2,17,1,1,330.0,31.72,5412.45,12.86,1,29.25,0.0,0.0,0.0,2.47,0.0,0.0,0.0,0.0,0.0,330.0,0.0,2.47
bz_nbr7008_095,period_3,3,1,0,1,1000.0,10104.58,5412.45,1351.51,3,9996.13,0.0,0.0,0.0,7.4,0.0,0.0,0.0,101.05,0.0,1000.0,0.0,0.0
bz_nbr7008_095,period_3,3,10,0,1,1000.0,8416.52,5412.45,896.69,4,6351.61,170.87,170.87,0.0,7.28,107.27,0.0,107.27,67.04,1712.44,1000.0,229.04,0.0
bz_nbr7008_095,period_3,3,2,0,1,1000.0,9411.76,5412.45,1258.85,3,8971.69,0.0,0.0,0.0,7.13,338.82,0.0,338.82,94.12,0.0,1000.0,0.0,0.0
bz_nbr7008_095,period_3,3,4,0,1,1000.0,9000.68,5412.45,1203.86,3,8890.43,12.84,12.84,0.0,7.4,0.0,0.0,0.0,90.01,0.0,1000.0,0.0,0.0
bz_nbr7008_095,period_3,3,5,0,1,1000.0,9700.28,5412.45,1297.44,4,8029.22,112.73,112.73,0.0,6.28,1455.04,1455.04,0.0,97.0,0.0,1000.0,0.0,0.0
bz_nbr7008_095,period_3,3,6,0,1,1000.0,9450.33,5412.45,1264.0,3,8158.63,0.0,0.0,0.0,6.46,1190.74,1190.74,0.0,94.5,0.0,1000.0,0.0,0.0
bz_nbr7008_095,period_3,3,8,0,1,1000.0,10079.29,5412.45,1348.13,3,9971.1,0.0,0.0,0.0,7.4,0.0,0.0,0.0,100.79,0.0,1000.0,0.0,0.0
bz_nbr7008_095,period_3,3,12,1,1,200.0,325.26,5412.45,217.52,1,323.76,0.0,0.0,0.0,1.5,0.0,0.0,0.0,0.0,0.0,200.0,0.0,1.5
bz_nbr7008_095,period_3,3,13,1,1,190.0,1710.13,5412.45,1203.86,1,989.25,0.0,0.0,0.0,0.82,630.05,0.0,630.05,90.01,0.0,190.0,0.0,720.88
bz_nbr7008_095,period_3,3,14,1,1,330.0,130.36,5412.45,52.84,1,127.89,0.0,0.0,0.0,2.47,0.0,0.0,0.0,0.0,0.0,330.0,0.0,2.47
bz_nbr7008_095,period_3,3,15,1,1,110.0,304.62,5412.45,370.4,1,303.8,0.0,0.0,0.0,0.82,0.0,0.0,0.0,0.0,0.0,110.0,0.0,0.82
bz_nbr7008_095,period_3,3,16,1,1,1000.0,2590.51,5412.45,346.49,3,2557.2,0.0,0.0,0.0,7.4,0.0,0.0,0.0,25.91,0.0,1000.0,0.0,33.31
bz_nbr7008_095,period_3,3,17,1,1,126.0,1269.99,5412.45,1348.13,1,1107.9,0.0,0.0,0.0,0.82,60.48,0.0,60.48,100.79,0.0,126.0,0.0,162.09
bz_nbr7008_095,period_4,4,10,0,1,1000.0,8416.52,5412.45,1125.73,4,7925.73,264.68,264.68,0.0,7.28,134.66,0.0,134.66,84.17,0.0,1000.0,0.0,0.0
bz_nbr7008_095,period_4,4,2,0,1,1000.0,9411.76,5412.45,1258.85,3,8680.37,291.32,291.32,0.0,7.13,338.82,0.0,338.82,94.12,0.0,1000.0,0.0,0.0
bz_nbr7008_095,period_4,4,4,0,1,1000.0,9000.68,5412.45,1203.86,3,7645.31,88.85,88.85,0.0,6.43,1170.09,1170.09,0.0,90.01,0.0,1000.0,0.0,0.0
bz_nbr7008_095,period_4,4,5,0,1,1000.0,9700.28,5412.45,1297.44,3,9595.88,0.0,0.0,0.0,7.4,0.0,0.0,0.0,97.0,0.0,1000.0,0.0,0.0
bz_nbr7008_095,period_4,4,6,0,1,1000.0,9450.33,5412.45,1264.0,3,9348.42,0.0,0.0,0.0,7.4,0.0,0.0,0.0,94.5,0.0,1000.0,0.0,0.0
bz_nbr7008_095,period_4,4,12,1,1,330.0,12.84,5412.45,5.2,1,10.37,0.0,0.0,0.0,2.47,0.0,0.0,0.0,0.0,0.0,330.0,0.0,2.47
bz_nbr7008_095,period_4,4,13,1,1,200.0,112.73,5412.45,75.39,1,111.23,0.0,0.0,0.0,1.5,0.0,0.0,0.0,0.0,0.0,200.0,0.0,1.5
bz_nbr7008_095,period_4,4,14,1,1,150.0,1455.04,5412.45,1297.43,1,1066.21,0.0,0.0,0.0,0.82,291.01,0.0,291.01,97.0,0.0,150.0,0.0,388.83
bz_nbr7008_095,period_4,4,15,1,1,126.0,1190.74,5412.45,1264.0,1,1038.71,0.0,0.0,0.0,0.82,56.7,0.0,56.7,94.5,0.0,126.0,0.0,152.03
bz_nbr7008_095,period_4,4,16,1,1,110.0,170.87,5412.45,207.77,1,170.05,0.0,0.0,0.0,0.82,0.0,0.0,0.0,0.0,0.0,110.0,0.0,0.82
bz_nbr7008_095,period_4,4,17,1,1,1000.0,1712.44,5412.45,229.04,5,1619.72,0.0,0.0,0.0,7.1,68.5,0.0,68.5,17.12,0.0,1000.0,0.0,92.72
bz_nbr7008_095,period_5,5,2,0,1,1000.0,9411.76,5412.45,1258.85,3,8871.9,99.79,99.79,0.0,7.13,338.82,0.0,338.82,94.12,0.0,1000.0,0.0,0.0
bz_nbr7008_095,period_5,5,3,0,1,1000.0,11126.31,5412.45,1488.17,3,11007.65,0.0,0.0,0.0,7.4,0.0,0.0,0.0,111.26,0.0,1000.0,0.0,0.0
bz_nbr7008_095,period_5,5,4,0,1,1000.0,9000.68,5412.45,1203.86,4,7443.32,110.97,110.97,0.0,6.28,1350.1,1350.1,0.0,90.01,0.0,1000.0,0.0,0.0
bz_nbr7008_095,period_5,5,7,0,1,1000.0,11315.34,5412.45,1513.45,5,11155.19,39.59,39.59,0.0,7.4,0.0,0.0,0.0,113.15,0.0,1000.0,0.0,0.0
bz_nbr7008_095,period_5,5,8,0,1,1000.0,10079.29,5412.45,1348.13,3,9608.51,0.0,0.0,0.0,7.13,362.85,0.0,362.85,100.79,0.0,1000.0,0.0,0.0
bz_nbr7008_095,period_5,5,9,0,1,1000.0,10904.98,5412.45,1458.57,3,10788.53,0.0,0.0,0.0,7.4,0.0,0.0,0.0,109.05,0.0,1000.0,0.0,0.0
bz_nbr7008_095,period_5,5,12,1,1,554.0,178.71,5412.45,43.15,1,174.57,0.0,0.0,0.0,4.14,0.0,0.0,0.0,0.0,0.0,554.0,0.0,4.14
bz_nbr7008_095,period_5,5,13,1,1,200.0,112.6,5412.45,75.3,1,111.1,0.0,0.0,0.0,1.5,0.0,0.0,0.0,0.0,0.0,200.0,0.0,1.5
bz_nbr7008_095,period_5,5,14,1,1,330.0,88.85,5412.45,36.01,1,86.38,0.0,0.0,0.0,2.47,0.0,0.0,0.0,0.0,0.0,330.0,0.0,2.47
bz_nbr7008_095,period_5,5,15,1,1,130.0,1170.09,5412.45,1203.86,1,989.25,0.0,0.0,0.0,0.82,90.01,0.0,90.01,90.01,0.0,130.0,0.0,180.84
bz_nbr7008_095,period_5,5,16,1,1,110.0,264.68,5412.45,321.83,1,263.86,0.0,0.0,0.0,0.82,0.0,0.0,0.0,0.0,0.0,110.0,0.0,0.82
