instance,period,period_number,coil_id,processed,used,coil_width,coil_weight,coil_ton_value,used_length,strip_count,strip_produced_weight,strip_leftover_weight,strip_retail_weight,strip_scrap_weight,strip_loss_weight,lateral_leftover_weight,lateral_leftover_retail_weight,lateral_leftover_scrap_weight,edge_trim_weight,rolled_leftover_weight,rolled_leftover_width,rolled_leftover_length,processed_scrap_weight
bf_qcv_045,period_1,1,107,0,1,1000.0,9312.83,5288.27,2629.63,2,8694.88,0.0,0.0,0.0,3.31,521.52,0.0,521.52,93.13,0.0,1000.0,0.0,0.0
bf_qcv_045,period_1,1,112,0,1,1000.0,7814.23,5288.27,2206.47,2,7716.96,0.0,0.0,0.0,3.5,15.63,0.0,15.63,78.14,0.0,1000.0,0.0,0.0
bf_qcv_045,period_1,1,120,0,1,1000.0,8424.14,5288.27,2378.69,2,7864.84,0.0,0.0,0.0,3.31,471.75,0.0,471.75,84.24,0.0,1000.0,0.0,0.0
bf_qcv_045,period_1,1,126,0,1,1000.0,9551.22,5288.27,2696.94,2,9433.11,0.0,0.0,0.0,3.5,19.1,0.0,19.1,95.51,0.0,1000.0,0.0,0.0
bf_qcv_045,period_1,1,136,0,1,1000.0,9049.37,5288.27,2555.24,2,8448.8,0.0,0.0,0.0,3.31,506.76,0.0,506.76,90.49,0.0,1000.0,0.0,0.0
bf_qcv_045,period_1,1,146,0,1,1000.0,8447.56,5288.27,2385.31,2,8342.69,0.0,0.0,0.0,3.5,16.9,0.0,16.9,84.48,0.0,1000.0,0.0,0.0
bf_qcv_045,period_1,1,152,0,1,1000.0,8106.44,5288.27,2288.98,2,7568.11,0.0,0.0,0.0,3.31,453.96,0.0,453.96,81.06,0.0,1000.0,0.0,0.0
bf_qcv_045,period_1,1,157,0,1,1000.0,9296.83,5288.27,2625.11,2,8679.93,0.0,0.0,0.0,3.31,520.62,0.0,520.62,92.97,0.0,1000.0,0.0,0.0
bf_qcv_045,period_1,1,162,0,1,1000.0,8451.68,5288.27,2386.47,2,8337.22,9.54,9.54,0.0,3.5,16.9,0.0,16.9,84.52,0.0,1000.0,0.0,0.0
bf_qcv_045,period_1,1,164,0,1,1000.0,7192.0,5288.27,2030.78,2,7102.2,0.0,0.0,0.0,3.5,14.38,0.0,14.38,71.92,0.0,1000.0,0.0,0.0
bf_qcv_045,period_1,1,171,0,1,880.0,6277.12,5302.87,2014.14,2,6195.58,0.0,0.0,0.0,3.08,7.13,0.0,7.13,71.33,0.0,880.0,0.0,0.0
bf_qcv_045,period_1,1,180,0,1,880.0,8764.2,5302.87,2812.18,2,8651.57,0.0,0.0,0.0,3.08,9.96,0.0,9.96,99.59,0.0,880.0,0.0,0.0
bf_qcv_045,period_1,1,185,0,1,880.0,6736.03,5302.87,2161.39,2,6648.75,0.0,0.0,0.0,3.08,7.65,0.0,7.65,76.55,0.0,880.0,0.0,0.0
bf_qcv_045,period_1,1,186,0,1,880.0,7381.95,5302.87,2368.65,2,7286.6,0.0,0.0,0.0,3.08,8.39,0.0,8.39,83.89,0.0,880.0,0.0,0.0
bf_qcv_045,period_1,1,194,0,1,880.0,6031.69,5302.87,1935.39,2,5931.39,1.27,0.0,1.27,3.07,27.42,0.0,27.42,68.54,0.0,880.0,0.0,0.0
bf_qcv_045,period_1,1,198,0,1,880.0,6995.92,5302.87,2244.79,2,6881.55,0.0,0.0,0.0,3.07,31.8,0.0,31.8,79.5,0.0,880.0,0.0,0.0
bf_qcv_045,period_1,1,204,0,1,880.0,7616.07,5302.87,2443.77,2,7517.79,0.0,0.0,0.0,3.08,8.65,0.0,8.65,86.55,0.0,880.0,0.0,0.0
bf_qcv_045,period_1,1,208,0,1,880.0,7244.0,5302.87,2324.39,2,7125.69,0.0,0.0,0.0,3.07,32.93,0.0,32.93,82.32,0.0,880.0,0.0,0.0
bf_qcv_045,period_1,1,210,0,1,880.0,7283.34,5302.87,2337.01,2,7189.22,0.0,0.0,0.0,3.08,8.28,0.0,8.28,82.77,0.0,880.0,0.0,0.0
bf_qcv_045,period_1,1,212,0,1,880.0,7547.31,5302.87,2421.71,2,7424.17,0.0,0.0,0.0,3.07,34.31,0.0,34.31,85.76,0.0,880.0,0.0,0.0
bf_qcv_045,period_1,1,220,0,1,880.0,8484.8,5302.87,2722.52,2,8375.43,0.23,0.0,0.23,3.08,9.64,0.0,9.64,96.42,0.0,880.0,0.0,0.0
bf_qcv_045,period_1,1,222,0,1,880.0,7362.83,5302.87,2362.52,2,7242.63,0.0,0.0,0.0,3.07,33.47,0.0,33.47,83.67,0.0,880.0,0.0,0.0
bf_qcv_045,period_1,1,231,0,1,880.0,7039.14,5302.87,2258.65,2,6924.09,0.0,0.0,0.0,3.07,32.0,0.0,32.0,79.99,0.0,880.0,0.0,0.0
bf_qcv_045,period_1,1,234,0,1,880.0,8367.18,5302.87,2684.78,2,8231.0,0.0,0.0,0.0,3.07,38.03,0.0,38.03,95.08,0.0,880.0,0.0,0.0
bf_qcv_045,period_1,1,241,0,1,880.0,6810.95,5302.87,2185.43,2,6722.74,0.0,0.0,0.0,3.08,7.74,0.0,7.74,77.4,0.0,880.0,0.0,0.0
bf_qcv_045,period_1,1,242,0,1,880.0,7237.94,5302.87,2322.44,2,7144.39,0.0,0.0,0.0,3.08,8.22,0.0,8.22,82.25,0.0,880.0,0.0,0.0
bf_qcv_045,period_1,1,248,0,1,880.0,8106.4,5302.87,2601.11,2,8001.99,0.0,0.0,0.0,3.08,9.21,0.0,9.21,92.12,0.0,880.0,0.0,0.0
bf_qcv_045,period_1,1,251,0,1,880.0,7522.41,5302.87,2413.72,2,7399.67,0.0,0.0,0.0,3.07,34.19,0.0,34.19,85.48,0.0,880.0,0.0,0.0
bf_qcv_045,period_1,1,252,0,1,880.0,8352.17,5302.87,2679.97,2,8244.69,0.0,0.0,0.0,3.08,9.49,0.0,9.49,94.91,0.0,880.0,0.0,0.0
bf_qcv_045,period_1,1,253,0,1,880.0,7601.37,5302.87,2439.06,2,7503.28,0.0,0.0,0.0,3.08,8.64,0.0,8.64,86.38,0.0,880.0,0.0,0.0
bf_qcv_045,period_1,1,32,0,1,1200.0,8255.11,4819.73,1942.47,2,8140.85,0.0,0.0,0.0,4.19,41.28,0.0,41.28,68.79,0.0,1200.0,0.0,0.0
bf_qcv_045,period_1,1,4,0,1,1200.0,8025.79,4819.73,1888.51,2,7914.02,0.57,0.0,0.57,4.19,40.13,0.0,40.13,66.88,0.0,1200.0,0.0,0.0
bf_qcv_045,period_1,1,41,0,1,1200.0,7479.34,4819.73,1759.93,2,7375.42,0.0,0.0,0.0,4.19,37.4,0.0,37.4,62.33,0.0,1200.0,0.0,0.0
bf_qcv_045,period_1,1,48,0,1,1200.0,7701.29,4819.73,1812.15,2,7594.41,0.0,0.0,0.0,4.19,38.51,0.0,38.51,64.18,0.0,1200.0,0.0,0.0
bf_qcv_045,period_1,1,55,0,1,1200.0,7683.09,4819.73,1807.87,2,7576.46,0.0,0.0,0.0,4.19,38.42,0.0,38.42,64.03,0.0,1200.0,0.0,0.0
bf_qcv_045,period_1,1,60,0,1,1200.0,7644.47,4819.73,1798.78,2,7538.35,0.0,0.0,0.0,4.19,38.22,0.0,38.22,63.7,0.0,1200.0,0.0,0.0
bf_qcv_045,period_1,1,65,0,1,1200.0,7530.92,4819.73,1772.06,2,7426.31,0.0,0.0,0.0,4.19,37.65,0.0,37.65,62.76,0.0,1200.0,0.0,0.0
bf_qcv_045,period_1,1,66,0,1,1200.0,7909.62,4819.73,1861.17,2,7799.97,0.0,0.0,0.0,4.19,39.55,0.0,39.55,65.91,0.0,1200.0,0.0,0.0
bf_qcv_045,period_1,1,74,0,1,1200.0,8054.77,4819.73,1895.33,2,7943.18,0.0,0.0,0.0,4.19,40.27,0.0,40.27,67.12,0.0,1200.0,0.0,0.0
bf_qcv_045,period_1,1,84,0,1,1200.0,6604.02,4819.73,1553.96,2,6511.77,0.0,0.0,0.0,4.19,33.02,0.0,33.02,55.03,0.0,1200.0,0.0,0.0
bf_qcv_045,period_2,2,107,0,1,1000.0,9312.83,5288.27,2629.63,2,9197.58,0.0,0.0,0.0,3.5,18.63,0.0,18.63,93.13,0.0,1000.0,0.0,0.0
bf_qcv_045,period_2,2,114,0,1,1000.0,9764.95,5288.27,2757.29,2,9644.27,0.0,0.0,0.0,3.5,19.53,0.0,19.53,97.65,0.0,1000.0,0.0,0.0
bf_qcv_045,period_2,2,136,0,1,1000.0,9049.37,5288.27,2555.24,2,8693.04,0.0,0.0,0.0,3.4,262.43,0.0,262.43,90.49,0.0,1000.0,0.0,0.0
bf_qcv_045,period_2,2,142,0,1,1000.0,8859.15,5288.27,2501.52,2,8271.14,0.0,0.0,0.0,3.31,496.11,0.0,496.11,88.59,0.0,1000.0,0.0,0.0
bf_qcv_045,period_2,2,146,0,1,1000.0,8447.56,5288.27,2385.31,2,7886.71,0.0,0.0,0.0,3.31,473.06,0.0,473.06,84.48,0.0,1000.0,0.0,0.0
bf_qcv_045,period_2,2,157,0,1,1000.0,9296.83,5288.27,2625.11,2,9181.77,0.0,0.0,0.0,3.5,18.59,0.0,18.59,92.97,0.0,1000.0,0.0,0.0
bf_qcv_045,period_2,2,163,0,1,1000.0,8742.76,5288.27,2468.66,2,8162.43,0.0,0.0,0.0,3.31,489.59,0.0,489.59,87.43,0.0,1000.0,0.0,0.0
bf_qcv_045,period_2,2,165,0,1,1000.0,8589.81,5288.27,2425.47,2,8019.57,0.0,0.0,0.0,3.31,481.03,0.0,481.03,85.9,0.0,1000.0,0.0,0.0
bf_qcv_045,period_2,2,168,0,1,880.0,8196.89,5302.87,2630.14,2,8063.42,0.0,0.0,0.0,3.07,37.26,0.0,37.26,93.15,0.0,880.0,0.0,0.0
bf_qcv_045,period_2,2,17,0,1,1200.0,6259.56,4819.73,1472.91,2,6171.91,0.0,0.0,0.0,4.19,31.3,0.0,31.3,52.16,0.0,1200.0,0.0,0.0
bf_qcv_045,period_2,2,178,0,1,880.0,7891.48,5302.87,2532.14,2,7789.76,0.0,0.0,0.0,3.08,8.97,0.0,8.97,89.68,0.0,880.0,0.0,0.0
bf_qcv_045,period_2,2,180,0,1,880.0,8764.2,5302.87,2812.18,2,8651.57,0.0,0.0,0.0,3.08,9.96,0.0,9.96,99.59,0.0,880.0,0.0,0.0
bf_qcv_045,period_2,2,203,0,1,880.0,7636.22,5302.87,2450.24,2,7537.69,0.0,0.0,0.0,3.08,8.68,0.0,8.68,86.78,0.0,880.0,0.0,0.0
bf_qcv_045,period_2,2,204,0,1,880.0,7616.07,5302.87,2443.77,2,7517.79,0.0,0.0,0.0,3.08,8.65,0.0,8.65,86.55,0.0,880.0,0.0,0.0
bf_qcv_045,period_2,2,211,0,1,880.0,7672.4,5302.87,2461.85,2,7573.42,0.0,0.0,0.0,3.08,8.72,0.0,8.72,87.19,0.0,880.0,0.0,0.0
bf_qcv_045,period_2,2,212,0,1,880.0,7547.31,5302.87,2421.71,2,7449.89,0.0,0.0,0.0,3.08,8.58,0.0,8.58,85.76,0.0,880.0,0.0,0.0
bf_qcv_045,period_2,2,213,0,1,880.0,7338.81,5302.87,2354.81,2,7244.0,0.0,0.0,0.0,3.08,8.34,0.0,8.34,83.4,0.0,880.0,0.0,0.0
bf_qcv_045,period_2,2,214,0,1,880.0,6672.78,5302.87,2141.1,2,6563.56,0.0,0.0,0.0,3.07,30.33,0.0,30.33,75.83,0.0,880.0,0.0,0.0
bf_qcv_045,period_2,2,220,0,1,880.0,8484.8,5302.87,2722.52,2,8375.66,0.0,0.0,0.0,3.08,9.64,0.0,9.64,96.42,0.0,880.0,0.0,0.0
bf_qcv_045,period_2,2,225,0,1,880.0,7640.29,5302.87,2451.55,2,7515.67,0.0,0.0,0.0,3.07,34.73,0.0,34.73,86.82,0.0,880.0,0.0,0.0
bf_qcv_045,period_2,2,234,0,1,880.0,8367.18,5302.87,2684.78,2,8231.0,0.0,0.0,0.0,3.07,38.03,0.0,38.03,95.08,0.0,880.0,0.0,0.0
bf_qcv_045,period_2,2,235,0,1,880.0,7326.77,5302.87,2350.95,2,7206.13,1.0,0.0,1.0,3.07,33.3,0.0,33.3,83.26,0.0,880.0,0.0,0.0
bf_qcv_045,period_2,2,237,0,1,880.0,7018.47,5302.87,2252.02,2,6927.66,0.0,0.0,0.0,3.08,7.98,0.0,7.98,79.76,0.0,880.0,0.0,0.0
bf_qcv_045,period_2,2,252,0,1,880.0,8352.17,5302.87,2679.97,2,8216.23,0.0,0.0,0.0,3.07,37.96,0.0,37.96,94.91,0.0,880.0,0.0,0.0
bf_qcv_045,period_2,2,254,0,1,880.0,5843.15,5302.87,1874.9,2,5767.03,0.0,0.0,0.0,3.08,6.64,0.0,6.64,66.4,0.0,880.0,0.0,0.0
bf_qcv_045,period_2,2,32,0,1,1200.0,8255.11,4819.73,1942.47,2,8140.66,0.19,0.0,0.19,4.19,41.28,0.0,41.28,68.79,0.0,1200.0,0.0,0.0
bf_qcv_045,period_2,2,4,0,1,1200.0,8025.79,4819.73,1888.51,2,7914.59,0.0,0.0,0.0,4.19,40.13,0.0,40.13,66.88,0.0,1200.0,0.0,0.0
bf_qcv_045,period_2,2,48,0,1,1200.0,7701.29,4819.73,1812.15,2,7594.41,0.0,0.0,0.0,4.19,38.51,0.0,38.51,64.18,0.0,1200.0,0.0,0.0
bf_qcv_045,period_2,2,66,0,1,1200.0,7909.62,4819.73,1861.17,2,7799.97,0.0,0.0,0.0,4.19,39.55,0.0,39.55,65.91,0.0,1200.0,0.0,0.0
bf_qcv_045,period_2,2,68,0,1,1200.0,7663.96,4819.73,1803.37,2,7557.58,0.0,0.0,0.0,4.19,38.32,0.0,38.32,63.87,0.0,1200.0,0.0,0.0
bf_qcv_045,period_2,2,7,0,1,1200.0,8064.92,4819.73,1897.72,2,7953.19,0.0,0.0,0.0,4.19,40.32,0.0,40.32,67.21,0.0,1200.0,0.0,0.0
bf_qcv_045,period_2,2,72,0,1,1200.0,8036.24,4819.73,1890.97,2,7924.07,0.83,0.0,0.83,4.19,40.18,0.0,40.18,66.97,0.0,1200.0,0.0,0.0
bf_qcv_045,period_2,2,74,0,1,1200.0,8054.77,4819.73,1895.33,2,7943.18,0.0,0.0,0.0,4.19,40.27,0.0,40.27,67.12,0.0,1200.0,0.0,0.0
bf_qcv_045,period_2,2,83,0,1,1200.0,7994.35,4819.73,1881.11,2,7883.57,0.0,0.0,0.0,4.19,39.97,0.0,39.97,66.62,0.0,1200.0,0.0,0.0
bf_qcv_045,period_2,2,93,0,1,1000.0,7284.94,5288.27,2057.02,2,7194.02,0.0,0.0,0.0,3.5,14.57,0.0,14.57,72.85,0.0,1000.0,0.0,0.0
bf_qcv_045,period_2,2,256,1,1,494.0,9.54,5288.27,5.45,1,6.34,1.45,0.0,1.45,1.75,0.0,0.0,0.0,0.0,0.0,494.0,0.0,3.2
bf_qcv_045,period_3,3,106,0,1,1000.0,8151.57,5288.27,2301.73,2,7610.26,0.0,0.0,0.0,3.31,456.49,0.0,456.49,81.52,0.0,1000.0,0.0,0.0
bf_qcv_045,period_3,3,107,0,1,1000.0,9312.83,5288.27,2629.63,2,9197.58,0.0,0.0,0.0,3.5,18.63,0.0,18.63,93.13,0.0,1000.0,0.0,0.0
bf_qcv_045,period_3,3,123,0,1,1000.0,8934.09,5288.27,2522.69,2,8823.38,0.0,0.0,0.0,3.5,17.87,0.0,17.87,89.34,0.0,1000.0,0.0,0.0
bf_qcv_045,period_3,3,126,0,1,1000.0,9551.22,5288.27,2696.94,2,8917.53,0.0,0.0,0.0,3.31,534.87,0.0,534.87,95.51,0.0,1000.0,0.0,0.0
bf_qcv_045,period_3,3,155,0,1,1000.0,8064.62,5288.27,2277.18,2,7964.35,0.0,0.0,0.0,3.5,16.13,0.0,16.13,80.65,0.0,1000.0,0.0,0.0
bf_qcv_045,period_3,3,157,0,1,1000.0,9296.83,5288.27,2625.11,2,9180.27,1.5,0.0,1.5,3.5,18.59,0.0,18.59,92.97,0.0,1000.0,0.0,0.0
bf_qcv_045,period_3,3,165,0,1,1000.0,8589.81,5288.27,2425.47,2,8251.4,0.0,0.0,0.0,3.4,249.1,0.0,249.1,85.9,0.0,1000.0,0.0,0.0
bf_qcv_045,period_3,3,166,0,1,1000.0,8158.41,5288.27,2303.66,2,7616.65,0.0,0.0,0.0,3.31,456.87,0.0,456.87,81.58,0.0,1000.0,0.0,0.0
bf_qcv_045,period_3,3,167,0,1,1000.0,8479.08,5288.27,2394.21,2,7916.15,0.0,0.0,0.0,3.31,474.83,0.0,474.83,84.79,0.0,1000.0,0.0,0.0
bf_qcv_045,period_3,3,168,0,1,880.0,8196.89,5302.87,2630.14,2,8063.42,0.0,0.0,0.0,3.07,37.26,0.0,37.26,93.15,0.0,880.0,0.0,0.0
bf_qcv_045,period_3,3,176,0,1,880.0,7459.93,5302.87,2393.67,2,7338.18,0.0,0.0,0.0,3.07,33.91,0.0,33.91,84.77,0.0,880.0,0.0,0.0
bf_qcv_045,period_3,3,178,0,1,880.0,7891.48,5302.87,2532.14,2,7762.87,0.0,0.0,0.0,3.07,35.87,0.0,35.87,89.68,0.0,880.0,0.0,0.0
bf_qcv_045,period_3,3,180,0,1,880.0,8764.2,5302.87,2812.18,2,8621.7,0.0,0.0,0.0,3.07,39.84,0.0,39.84,99.59,0.0,880.0,0.0,0.0
bf_qcv_045,period_3,3,186,0,1,880.0,7381.95,5302.87,2368.65,2,7286.6,0.0,0.0,0.0,3.08,8.39,0.0,8.39,83.89,0.0,880.0,0.0,0.0
bf_qcv_045,period_3,3,189,0,1,880.0,6306.56,5302.87,2023.59,2,6203.16,0.0,0.0,0.0,3.07,28.67,0.0,28.67,71.67,0.0,880.0,0.0,0.0
bf_qcv_045,period_3,3,196,0,1,880.0,7155.48,5302.87,2295.98,2,7038.58,0.0,0.0,0.0,3.07,32.52,0.0,32.52,81.31,0.0,880.0,0.0,0.0
bf_qcv_045,period_3,3,204,0,1,880.0,7616.07,5302.87,2443.77,2,7491.84,0.0,0.0,0.0,3.07,34.62,0.0,34.62,86.55,0.0,880.0,0.0,0.0
bf_qcv_045,period_3,3,208,0,1,880.0,7244.0,5302.87,2324.39,2,7125.69,0.0,0.0,0.0,3.07,32.93,0.0,32.93,82.32,0.0,880.0,0.0,0.0
bf_qcv_045,period_3,3,210,0,1,880.0,7283.34,5302.87,2337.01,2,7189.22,0.0,0.0,0.0,3.08,8.28,0.0,8.28,82.77,0.0,880.0,0.0,0.0
bf_qcv_045,period_3,3,212,0,1,880.0,7547.31,5302.87,2421.71,2,7449.89,0.0,0.0,0.0,3.08,8.58,0.0,8.58,85.76,0.0,880.0,0.0,0.0
bf_qcv_045,period_3,3,213,0,1,880.0,7338.81,5302.87,2354.81,2,7244.0,0.0,0.0,0.0,3.08,8.34,0.0,8.34,83.4,0.0,880.0,0.0,0.0
bf_qcv_045,period_3,3,214,0,1,880.0,6672.78,5302.87,2141.1,2,6586.29,0.0,0.0,0.0,3.08,7.58,0.0,7.58,75.83,0.0,880.0,0.0,0.0
bf_qcv_045,period_3,3,222,0,1,880.0,7362.83,5302.87,2362.52,2,7267.72,0.0,0.0,0.0,3.08,8.37,0.0,8.37,83.67,0.0,880.0,0.0,0.0
bf_qcv_045,period_3,3,225,0,1,880.0,7640.29,5302.87,2451.55,2,7541.71,0.0,0.0,0.0,3.08,8.68,0.0,8.68,86.82,0.0,880.0,0.0,0.0
bf_qcv_045,period_3,3,229,0,1,880.0,7358.24,5302.87,2361.04,2,7263.18,0.0,0.0,0.0,3.08,8.36,0.0,8.36,83.62,0.0,880.0,0.0,0.0
bf_qcv_045,period_3,3,236,0,1,880.0,5494.68,5302.87,1763.08,2,5404.05,0.15,0.0,0.15,3.07,24.98,0.0,24.98,62.44,0.0,880.0,0.0,0.0
bf_qcv_045,period_3,3,239,0,1,880.0,7477.33,5302.87,2399.26,2,7380.79,0.0,0.0,0.0,3.08,8.5,0.0,8.5,84.97,0.0,880.0,0.0,0.0
bf_qcv_045,period_3,3,243,0,1,880.0,7486.51,5302.87,2402.2,2,7389.85,0.0,0.0,0.0,3.08,8.51,0.0,8.51,85.07,0.0,880.0,0.0,0.0
bf_qcv_045,period_3,3,248,0,1,880.0,8106.4,5302.87,2601.11,2,7974.37,0.0,0.0,0.0,3.07,36.85,0.0,36.85,92.12,0.0,880.0,0.0,0.0
bf_qcv_045,period_3,3,251,0,1,880.0,7522.41,5302.87,2413.72,2,7399.67,0.0,0.0,0.0,3.07,34.19,0.0,34.19,85.48,0.0,880.0,0.0,0.0
bf_qcv_045,period_3,3,252,0,1,880.0,8352.17,5302.87,2679.97,2,8244.69,0.0,0.0,0.0,3.08,9.49,0.0,9.49,94.91,0.0,880.0,0.0,0.0
bf_qcv_045,period_3,3,253,0,1,880.0,7601.37,5302.87,2439.06,2,7503.13,0.14,0.0,0.14,3.08,8.64,0.0,8.64,86.38,0.0,880.0,0.0,0.0
bf_qcv_045,period_3,3,254,0,1,880.0,5843.15,5302.87,1874.9,2,5747.12,0.0,0.0,0.0,3.07,26.56,0.0,26.56,66.4,0.0,880.0,0.0,0.0
bf_qcv_045,period_3,3,32,0,1,1200.0,8255.11,4819.73,1942.47,2,8140.85,0.0,0.0,0.0,4.19,41.28,0.0,41.28,68.79,0.0,1200.0,0.0,0.0
bf_qcv_045,period_3,3,36,0,1,1200.0,6114.68,4819.73,1438.82,2,6028.21,0.74,0.0,0.74,4.19,30.57,0.0,30.57,50.96,0.0,1200.0,0.0,0.0
bf_qcv_045,period_3,3,4,0,1,1200.0,8025.79,4819.73,1888.51,2,7914.59,0.0,0.0,0.0,4.19,40.13,0.0,40.13,66.88,0.0,1200.0,0.0,0.0
bf_qcv_045,period_3,3,48,0,1,1200.0,7701.29,4819.73,1812.15,2,7593.32,1.09,0.0,1.09,4.19,38.51,0.0,38.51,64.18,0.0,1200.0,0.0,0.0
bf_qcv_045,period_3,3,49,0,1,1200.0,7204.33,4819.73,1695.22,2,7104.08,0.0,0.0,0.0,4.19,36.02,0.0,36.02,60.04,0.0,1200.0,0.0,0.0
bf_qcv_045,period_3,3,55,0,1,1200.0,7683.09,4819.73,1807.87,2,7576.46,0.0,0.0,0.0,4.19,38.42,0.0,38.42,64.03,0.0,1200.0,0.0,0.0
bf_qcv_045,period_3,3,7,0,1,1200.0,8064.92,4819.73,1897.72,2,7953.19,0.0,0.0,0.0,4.19,40.32,0.0,40.32,67.21,0.0,1200.0,0.0,0.0
bf_qcv_045,period_3,3,72,0,1,1200.0,8036.24,4819.73,1890.97,2,7924.9,0.0,0.0,0.0,4.19,40.18,0.0,40.18,66.97,0.0,1200.0,0.0,0.0
bf_qcv_045,period_3,3,73,0,1,1200.0,6940.05,4819.73,1633.03,2,6843.32,0.0,0.0,0.0,4.19,34.7,0.0,34.7,57.83,0.0,1200.0,0.0,0.0
bf_qcv_045,period_3,3,74,0,1,1200.0,8054.77,4819.73,1895.33,2,7943.18,0.0,0.0,0.0,4.19,40.27,0.0,40.27,67.12,0.0,1200.0,0.0,0.0
bf_qcv_045,period_3,3,83,0,1,1200.0,7994.35,4819.73,1881.11,2,7883.57,0.0,0.0,0.0,4.19,39.97,0.0,39.97,66.62,0.0,1200.0,0.0,0.0
bf_qcv_045,period_3,3,97,0,1,1000.0,8067.01,5288.27,2277.85,2,7531.28,0.0,0.0,0.0,3.31,451.75,0.0,451.75,80.67,0.0,1000.0,0.0,0.0
bf_qcv_045,period_4,4,107,0,1,1000.0,9312.83,5288.27,2629.62,2,8694.86,0.0,0.0,0.0,3.31,521.52,0.0,521.52,93.13,0.0,1000.0,0.0,0.0
bf_qcv_045,period_4,4,114,0,1,1000.0,9764.95,5288.27,2757.29,2,9117.16,0.0,0.0,0.0,3.31,546.84,0.0,546.84,97.65,0.0,1000.0,0.0,0.0
bf_qcv_045,period_4,4,121,0,1,1000.0,8454.77,5288.27,2387.34,2,8349.81,0.0,0.0,0.0,3.5,16.91,0.0,16.91,84.55,0.0,1000.0,0.0,0.0
bf_qcv_045,period_4,4,126,0,1,1000.0,9551.22,5288.27,2696.94,2,9175.32,0.0,0.0,0.0,3.4,276.99,0.0,276.99,95.51,0.0,1000.0,0.0,0.0
bf_qcv_045,period_4,4,135,0,1,1000.0,7114.63,5288.27,2008.93,2,7025.76,0.0,0.0,0.0,3.5,14.23,0.0,14.23,71.15,0.0,1000.0,0.0,0.0
bf_qcv_045,period_4,4,136,0,1,1000.0,9049.37,5288.27,2555.24,2,8448.8,0.0,0.0,0.0,3.31,506.76,0.0,506.76,90.49,0.0,1000.0,0.0,0.0
bf_qcv_045,period_4,4,142,0,1,1000.0,8859.15,5288.27,2501.52,2,8749.34,0.0,0.0,0.0,3.5,17.72,0.0,17.72,88.59,0.0,1000.0,0.0,0.0
bf_qcv_045,period_4,4,157,0,1,1000.0,9296.83,5288.27,2625.11,2,8679.93,0.0,0.0,0.0,3.31,520.62,0.0,520.62,92.97,0.0,1000.0,0.0,0.0
bf_qcv_045,period_4,4,163,0,1,1000.0,8742.76,5288.27,2468.66,2,8623.83,10.52,10.52,0.0,3.5,17.49,0.0,17.49,87.43,0.0,1000.0,0.0,0.0
bf_qcv_045,period_4,4,168,0,1,880.0,8196.89,5302.87,2630.14,2,7913.87,177.49,177.49,0.0,3.08,9.31,0.0,9.31,93.15,0.0,880.0,0.0,0.0
bf_qcv_045,period_4,4,178,0,1,880.0,7891.48,5302.87,2532.14,2,7789.76,0.0,0.0,0.0,3.08,8.97,0.0,8.97,89.68,0.0,880.0,0.0,0.0
bf_qcv_045,period_4,4,180,0,1,880.0,8764.2,5302.87,2812.18,2,8621.7,0.0,0.0,0.0,3.07,39.84,0.0,39.84,99.59,0.0,880.0,0.0,0.0
bf_qcv_045,period_4,4,203,0,1,880.0,7636.22,5302.87,2450.24,2,7537.69,0.0,0.0,0.0,3.08,8.68,0.0,8.68,86.78,0.0,880.0,0.0,0.0
bf_qcv_045,period_4,4,204,0,1,880.0,7616.07,5302.87,2443.77,2,7517.79,0.0,0.0,0.0,3.08,8.65,0.0,8.65,86.55,0.0,880.0,0.0,0.0
bf_qcv_045,period_4,4,211,0,1,880.0,7672.4,5302.87,2461.85,2,7573.42,0.0,0.0,0.0,3.08,8.72,0.0,8.72,87.19,0.0,880.0,0.0,0.0
bf_qcv_045,period_4,4,220,0,1,880.0,8484.8,5302.87,2722.52,2,8346.75,0.0,0.0,0.0,3.07,38.57,0.0,38.57,96.42,0.0,880.0,0.0,0.0
bf_qcv_045,period_4,4,225,0,1,880.0,7640.29,5302.87,2451.55,2,7541.71,0.0,0.0,0.0,3.08,8.68,0.0,8.68,86.82,0.0,880.0,0.0,0.0
bf_qcv_045,period_4,4,234,0,1,880.0,8367.18,5302.87,2684.78,2,8231.0,0.0,0.0,0.0,3.07,38.03,0.0,38.03,95.08,0.0,880.0,0.0,0.0
bf_qcv_045,period_4,4,235,0,1,880.0,7326.77,5302.87,2350.95,2,7232.11,0.0,0.0,0.0,3.08,8.33,0.0,8.33,83.26,0.0,880.0,0.0,0.0
bf_qcv_045,period_4,4,248,0,1,880.0,8106.4,5302.87,2601.11,2,8001.99,0.0,0.0,0.0,3.08,9.21,0.0,9.21,92.12,0.0,880.0,0.0,0.0
bf_qcv_045,period_4,4,252,0,1,880.0,8352.17,5302.87,2679.97,2,8216.23,0.0,0.0,0.0,3.07,37.96,0.0,37.96,94.91,0.0,880.0,0.0,0.0
bf_qcv_045,period_4,4,253,0,1,880.0,7601.37,5302.87,2439.06,2,7503.28,0.0,0.0,0.0,3.08,8.64,0.0,8.64,86.38,0.0,880.0,0.0,0.0
bf_qcv_045,period_4,4,38,0,1,1200.0,5600.09,4819.73,1317.73,2,5361.96,0.72,0.0,0.72,4.07,186.67,0.0,186.67,46.67,0.0,1200.0,0.0,0.0
bf_qcv_045,period_4,4,4,0,1,1200.0,8025.79,4819.73,1888.51,2,7914.59,0.0,0.0,0.0,4.19,40.13,0.0,40.13,66.88,0.0,1200.0,0.0,0.0
bf_qcv_045,period_4,4,54,0,1,1200.0,7391.03,4819.73,1739.15,2,7288.29,0.0,0.0,0.0,4.19,36.96,0.0,36.96,61.59,0.0,1200.0,0.0,0.0
bf_qcv_045,period_4,4,7,0,1,1200.0,8064.92,4819.73,1897.72,2,7901.54,51.66,51.06,0.6,4.19,40.32,0.0,40.32,67.21,0.0,1200.0,0.0,0.0
bf_qcv_045,period_4,4,72,0,1,1200.0,8036.24,4819.73,1890.97,2,7924.9,0.0,0.0,0.0,4.19,40.18,0.0,40.18,66.97,0.0,1200.0,0.0,0.0
bf_qcv_045,period_4,4,83,0,1,1200.0,7994.35,4819.73,1881.11,2,7883.57,0.0,0.0,0.0,4.19,39.97,0.0,39.97,66.62,0.0,1200.0,0.0,0.0
bf_qcv_045,period_4,4,87,0,1,1200.0,7602.58,4819.73,1788.93,2,7497.02,0.0,0.0,0.0,4.19,38.01,0.0,38.01,63.35,0.0,1200.0,0.0,0.0
bf_qcv_045,period_5,5,10,0,1,1200.0,7342.89,4819.73,1727.82,2,7240.79,0.0,0.0,0.0,4.19,36.71,0.0,36.71,61.19,0.0,1200.0,0.0,0.0
bf_qcv_045,period_5,5,114,0,1,1000.0,9764.95,5288.27,2757.29,2,9117.16,0.0,0.0,0.0,3.31,546.84,0.0,546.84,97.65,0.0,1000.0,0.0,0.0
bf_qcv_045,period_5,5,133,0,1,1000.0,7002.69,5288.27,1977.32,2,6915.16,0.0,0.0,0.0,3.5,14.01,0.0,14.01,70.03,0.0,1000.0,0.0,0.0
bf_qcv_045,period_5,5,134,0,1,1000.0,8206.06,5288.27,2317.11,2,8104.09,0.0,0.0,0.0,3.5,16.41,0.0,16.41,82.06,0.0,1000.0,0.0,0.0
bf_qcv_045,period_5,5,136,0,1,1000.0,9049.37,5288.27,2555.24,2,8448.8,0.0,0.0,0.0,3.31,506.76,0.0,506.76,90.49,0.0,1000.0,0.0,0.0
bf_qcv_045,period_5,5,144,0,1,1000.0,7979.66,5288.27,2253.19,2,7880.41,0.0,0.0,0.0,3.5,15.96,0.0,15.96,79.8,0.0,1000.0,0.0,0.0
bf_qcv_045,period_5,5,146,0,1,1000.0,8447.56,5288.27,2385.31,2,7886.71,0.0,0.0,0.0,3.31,473.06,0.0,473.06,84.48,0.0,1000.0,0.0,0.0
bf_qcv_045,period_5,5,15,0,1,1200.0,5763.59,4819.73,1356.2,2,5682.55,0.0,0.0,0.0,4.19,28.82,0.0,28.82,48.03,0.0,1200.0,0.0,0.0
bf_qcv_045,period_5,5,150,0,1,1000.0,8067.69,5288.27,2278.04,2,7967.38,0.0,0.0,0.0,3.5,16.14,0.0,16.14,80.68,0.0,1000.0,0.0,0.0
bf_qcv_045,period_5,5,162,0,1,1000.0,8451.68,5288.27,2386.47,2,8118.66,0.0,0.0,0.0,3.4,245.1,0.0,245.1,84.52,0.0,1000.0,0.0,0.0
bf_qcv_045,period_5,5,167,0,1,1000.0,8479.08,5288.27,2394.21,2,8373.83,0.0,0.0,0.0,3.5,16.96,0.0,16.96,84.79,0.0,1000.0,0.0,0.0
bf_qcv_045,period_5,5,169,0,1,880.0,6720.93,5302.87,2156.55,2,6633.84,0.0,0.0,0.0,3.08,7.64,0.0,7.64,76.37,0.0,880.0,0.0,0.0
bf_qcv_045,period_5,5,173,0,1,880.0,6836.88,5302.87,2193.75,2,6748.34,0.0,0.0,0.0,3.08,7.77,0.0,7.77,77.69,0.0,880.0,0.0,0.0
bf_qcv_045,period_5,5,174,0,1,880.0,7125.05,5302.87,2286.22,2,7032.91,0.0,0.0,0.0,3.08,8.1,0.0,8.1,80.97,0.0,880.0,0.0,0.0
bf_qcv_045,period_5,5,180,0,1,880.0,8764.2,5302.87,2812.18,2,8651.57,0.0,0.0,0.0,3.08,9.96,0.0,9.96,99.59,0.0,880.0,0.0,0.0
bf_qcv_045,period_5,5,184,0,1,880.0,7222.42,5302.87,2317.46,2,7129.06,0.0,0.0,0.0,3.08,8.21,0.0,8.21,82.07,0.0,880.0,0.0,0.0
bf_qcv_045,period_5,5,185,0,1,880.0,6736.03,5302.87,2161.39,2,6648.6,0.15,0.0,0.15,3.08,7.65,0.0,7.65,76.55,0.0,880.0,0.0,0.0
bf_qcv_045,period_5,5,186,0,1,880.0,7381.95,5302.87,2368.65,2,7261.44,0.0,0.0,0.0,3.07,33.55,0.0,33.55,83.89,0.0,880.0,0.0,0.0
bf_qcv_045,period_5,5,196,0,1,880.0,7155.48,5302.87,2295.98,2,7062.96,0.0,0.0,0.0,3.08,8.13,0.0,8.13,81.31,0.0,880.0,0.0,0.0
bf_qcv_045,period_5,5,198,0,1,880.0,6995.92,5302.87,2244.79,2,6881.55,0.0,0.0,0.0,3.07,31.8,0.0,31.8,79.5,0.0,880.0,0.0,0.0
bf_qcv_045,period_5,5,199,0,1,880.0,6930.11,5302.87,2223.67,2,6816.79,0.0,0.0,0.0,3.07,31.5,0.0,31.5,78.75,0.0,880.0,0.0,0.0
bf_qcv_045,period_5,5,201,0,1,880.0,7136.52,5302.87,2289.9,2,7019.92,0.0,0.0,0.0,3.07,32.44,0.0,32.44,81.1,0.0,880.0,0.0,0.0
bf_qcv_045,period_5,5,203,0,1,880.0,7636.22,5302.87,2450.24,2,7537.69,0.0,0.0,0.0,3.08,8.68,0.0,8.68,86.78,0.0,880.0,0.0,0.0
bf_qcv_045,period_5,5,205,0,1,880.0,5940.79,5302.87,1906.23,2,5863.45,0.0,0.0,0.0,3.08,6.75,0.0,6.75,67.51,0.0,880.0,0.0,0.0
bf_qcv_045,period_5,5,208,0,1,880.0,7244.0,5302.87,2324.39,2,7149.63,0.74,0.0,0.74,3.08,8.23,0.0,8.23,82.32,0.0,880.0,0.0,0.0
bf_qcv_045,period_5,5,209,0,1,880.0,7244.87,5302.87,2324.67,2,7151.23,0.0,0.0,0.0,3.08,8.23,0.0,8.23,82.33,0.0,880.0,0.0,0.0
bf_qcv_045,period_5,5,217,0,1,880.0,6726.83,5302.87,2158.44,2,6616.75,0.0,0.0,0.0,3.07,30.58,0.0,30.58,76.44,0.0,880.0,0.0,0.0
bf_qcv_045,period_5,5,220,0,1,880.0,8484.8,5302.87,2722.52,2,8375.66,0.0,0.0,0.0,3.08,9.64,0.0,9.64,96.42,0.0,880.0,0.0,0.0
bf_qcv_045,period_5,5,226,0,1,880.0,6934.29,5302.87,2225.01,2,6844.53,0.0,0.0,0.0,3.08,7.88,0.0,7.88,78.8,0.0,880.0,0.0,0.0
bf_qcv_045,period_5,5,229,0,1,880.0,7358.24,5302.87,2361.04,2,7238.11,0.0,0.0,0.0,3.07,33.45,0.0,33.45,83.62,0.0,880.0,0.0,0.0
bf_qcv_045,period_5,5,23,0,1,1200.0,7012.03,4819.73,1649.97,2,6914.34,0.0,0.0,0.0,4.19,35.06,0.0,35.06,58.43,0.0,1200.0,0.0,0.0
bf_qcv_045,period_5,5,234,0,1,880.0,8367.18,5302.87,2684.78,2,8231.0,0.0,0.0,0.0,3.07,38.03,0.0,38.03,95.08,0.0,880.0,0.0,0.0
bf_qcv_045,period_5,5,235,0,1,880.0,7326.77,5302.87,2350.95,2,7232.11,0.0,0.0,0.0,3.08,8.33,0.0,8.33,83.26,0.0,880.0,0.0,0.0
bf_qcv_045,period_5,5,239,0,1,880.0,7477.33,5302.87,2399.26,2,7355.31,0.0,0.0,0.0,3.07,33.99,0.0,33.99,84.97,0.0,880.0,0.0,0.0
bf_qcv_045,period_5,5,248,0,1,880.0,8106.4,5302.87,2601.11,2,7974.37,0.0,0.0,0.0,3.07,36.85,0.0,36.85,92.12,0.0,880.0,0.0,0.0
bf_qcv_045,period_5,5,249,0,1,880.0,7169.03,5302.87,2300.33,2,7076.34,0.0,0.0,0.0,3.08,8.15,0.0,8.15,81.47,0.0,880.0,0.0,0.0
bf_qcv_045,period_5,5,254,0,1,880.0,5843.15,5302.87,1874.9,2,5747.12,0.0,0.0,0.0,3.07,26.56,0.0,26.56,66.4,0.0,880.0,0.0,0.0
bf_qcv_045,period_5,5,28,0,1,1200.0,7226.67,4819.73,1700.47,2,7126.12,0.0,0.0,0.0,4.19,36.13,0.0,36.13,60.22,0.0,1200.0,0.0,0.0
bf_qcv_045,period_5,5,4,0,1,1200.0,8025.79,4819.73,1888.51,2,7914.59,0.0,0.0,0.0,4.19,40.13,0.0,40.13,66.88,0.0,1200.0,0.0,0.0
bf_qcv_045,period_5,5,55,0,1,1200.0,7683.09,4819.73,1807.87,2,7576.46,0.0,0.0,0.0,4.19,38.42,0.0,38.42,64.03,0.0,1200.0,0.0,0.0
bf_qcv_045,period_5,5,61,0,1,1200.0,6631.26,4819.73,1560.37,2,6538.65,0.0,0.0,0.0,4.19,33.16,0.0,33.16,55.26,0.0,1200.0,0.0,0.0
bf_qcv_045,period_5,5,69,0,1,1200.0,7216.88,4819.73,1698.17,2,7116.46,0.0,0.0,0.0,4.19,36.08,0.0,36.08,60.14,0.0,1200.0,0.0,0.0
bf_qcv_045,period_5,5,71,0,1,1200.0,7216.71,4819.73,1698.13,2,7115.12,1.18,0.0,1.18,4.19,36.08,0.0,36.08,60.14,0.0,1200.0,0.0,0.0
bf_qcv_045,period_5,5,72,0,1,1200.0,8036.24,4819.73,1890.97,2,7924.9,0.0,0.0,0.0,4.19,40.18,0.0,40.18,66.97,0.0,1200.0,0.0,0.0
bf_qcv_045,period_5,5,74,0,1,1200.0,8054.77,4819.73,1895.33,2,7943.18,0.0,0.0,0.0,4.19,40.27,0.0,40.27,67.12,0.0,1200.0,0.0,0.0
bf_qcv_045,period_5,5,83,0,1,1200.0,7994.35,4819.73,1881.11,2,7882.99,0.58,0.0,0.58,4.19,39.97,0.0,39.97,66.62,0.0,1200.0,0.0,0.0
bf_qcv_045,period_5,5,87,0,1,1200.0,7602.58,4819.73,1788.93,2,7497.02,0.0,0.0,0.0,4.19,38.01,0.0,38.01,63.35,0.0,1200.0,0.0,0.0
bf_qcv_045,period_5,5,88,0,1,1200.0,7193.98,4819.73,1692.78,2,7093.87,0.0,0.0,0.0,4.19,35.97,0.0,35.97,59.95,0.0,1200.0,0.0,0.0
bf_qcv_045,period_5,5,97,0,1,1000.0,8067.01,5288.27,2277.85,2,7966.71,0.0,0.0,0.0,3.5,16.13,0.0,16.13,80.67,0.0,1000.0,0.0,0.0
bf_qcv_045,period_5,5,98,0,1,1000.0,8039.54,5288.27,2270.09,2,7505.62,0.0,0.0,0.0,3.31,450.21,0.0,450.21,80.4,0.0,1000.0,0.0,0.0
bf_qcv_045,period_5,5,256,1,1,467.0,51.06,4819.73,30.87,1,49.41,0.0,0.0,0.0,1.65,0.0,0.0,0.0,0.0,0.0,467.0,0.0,1.65
bf_qcv_045,period_5,5,257,1,1,494.0,10.52,5288.27,6.01,1,7.44,1.33,0.0,1.33,1.75,0.0,0.0,0.0,0.0,0.0,494.0,0.0,3.08
bf_qcv_045,period_5,5,258,1,1,436.0,177.49,5302.87,114.95,1,175.95,0.0,0.0,0.0,1.54,0.0,0.0,0.0,0.0,0.0,436.0,0.0,1.54
bf_sae1006_045,period_1,1,102,0,1,810.0,8652.32,5173.98,3015.43,1,8334.44,0.0,0.0,0.0,2.76,208.3,0.0,208.3,106.82,0.0,810.0,0.0,0.0
bf_sae1006_045,period_1,1,103,0,1,810.0,6524.27,5173.98,2273.78,1,6520.42,0.98,0.0,0.98,2.87,0.0,0.0,0.0,0.0,0.0,810.0,0.0,0.0
bf_sae1006_045,period_1,1,11,0,1,1100.0,8385.95,4947.45,2152.1,3,8290.61,0.0,0.0,0.0,3.85,15.25,0.0,15.25,76.24,0.0,1100.0,0.0,0.0
bf_sae1006_045,period_1,1,111,0,1,810.0,8429.71,5173.98,2937.85,1,8119.94,0.0,0.0,0.0,2.76,202.94,0.0,202.94,104.07,0.0,810.0,0.0,0.0
bf_sae1006_045,period_1,1,117,0,1,810.0,8397.97,5173.98,2926.79,1,8089.35,0.0,0.0,0.0,2.76,202.17,0.0,202.17,103.68,0.0,810.0,0.0,0.0
bf_sae1006_045,period_1,1,118,0,1,810.0,7935.17,5173.98,2765.5,1,7643.41,0.0,0.0,0.0,2.76,191.03,0.0,191.03,97.97,0.0,810.0,0.0,0.0
bf_sae1006_045,period_1,1,121,0,1,810.0,8058.98,5173.98,2808.65,1,7762.71,0.0,0.0,0.0,2.76,194.01,0.0,194.01,99.49,0.0,810.0,0.0,0.0
bf_sae1006_045,period_1,1,123,0,1,810.0,7976.6,5173.98,2779.94,1,7683.33,0.0,0.0,0.0,2.76,192.03,0.0,192.03,98.48,0.0,810.0,0.0,0.0
bf_sae1006_045,period_1,1,136,0,1,810.0,6009.09,5173.98,2094.24,1,5787.48,0.0,0.0,0.0,2.76,144.66,0.0,144.66,74.19,0.0,810.0,0.0,0.0
bf_sae1006_045,period_1,1,137,0,1,810.0,8004.9,5173.98,2789.8,1,7710.6,0.0,0.0,0.0,2.76,192.71,0.0,192.71,98.83,0.0,810.0,0.0,0.0
bf_sae1006_045,period_1,1,140,0,1,810.0,8199.01,5173.98,2857.45,1,7897.64,0.0,0.0,0.0,2.76,197.38,0.0,197.38,101.22,0.0,810.0,0.0,0.0
bf_sae1006_045,period_1,1,144,0,1,810.0,8560.72,5173.98,2983.51,1,8246.18,0.0,0.0,0.0,2.76,206.09,0.0,206.09,105.69,0.0,810.0,0.0,0.0
bf_sae1006_045,period_1,1,145,0,1,810.0,8343.94,5173.98,2907.96,1,8037.29,0.0,0.0,0.0,2.76,200.87,0.0,200.87,103.01,0.0,810.0,0.0,0.0
bf_sae1006_045,period_1,1,147,0,1,810.0,7787.62,5173.98,2714.08,1,7501.23,0.0,0.0,0.0,2.76,187.48,0.0,187.48,96.14,0.0,810.0,0.0,0.0
bf_sae1006_045,period_1,1,149,0,1,810.0,8069.45,5173.98,2812.3,1,7772.8,0.0,0.0,0.0,2.76,194.26,0.0,194.26,99.62,0.0,810.0,0.0,0.0
bf_sae1006_045,period_1,1,15,0,1,1100.0,7529.54,4947.45,1932.32,2,6826.16,1.65,0.0,1.65,3.54,629.74,0.0,629.74,68.45,0.0,1100.0,0.0,0.0
bf_sae1006_045,period_1,1,158,0,1,810.0,8164.37,5173.98,2845.38,1,7864.26,0.0,0.0,0.0,2.76,196.55,0.0,196.55,100.79,0.0,810.0,0.0,0.0
bf_sae1006_045,period_1,1,160,0,1,810.0,8253.99,5173.98,2876.61,1,7950.62,0.0,0.0,0.0,2.76,198.71,0.0,198.71,101.9,0.0,810.0,0.0,0.0
bf_sae1006_045,period_1,1,163,0,1,810.0,7058.57,5173.98,2459.99,1,6798.73,0.0,0.0,0.0,2.76,169.93,0.0,169.93,87.14,0.0,810.0,0.0,0.0
bf_sae1006_045,period_1,1,171,0,1,810.0,6430.87,5173.98,2241.23,1,6428.0,0.0,0.0,0.0,2.87,0.0,0.0,0.0,0.0,0.0,810.0,0.0,0.0
bf_sae1006_045,period_1,1,177,0,1,810.0,7455.77,5173.98,2598.42,1,7181.47,0.0,0.0,0.0,2.76,179.49,0.0,179.49,92.05,0.0,810.0,0.0,0.0
bf_sae1006_045,period_1,1,178,0,1,810.0,6721.62,5173.98,2342.56,1,6474.06,0.0,0.0,0.0,2.76,161.82,0.0,161.82,82.98,0.0,810.0,0.0,0.0
bf_sae1006_045,period_1,1,184,0,1,810.0,8492.56,5173.98,2959.76,1,8180.5,0.0,0.0,0.0,2.76,204.45,0.0,204.45,104.85,0.0,810.0,0.0,0.0
bf_sae1006_045,period_1,1,190,0,1,810.0,7533.94,5173.98,2625.67,1,7531.07,0.0,0.0,0.0,2.87,0.0,0.0,0.0,0.0,0.0,810.0,0.0,0.0
bf_sae1006_045,period_1,1,197,0,1,810.0,8068.21,5173.98,2811.87,1,7771.6,0.0,0.0,0.0,2.76,194.23,0.0,194.23,99.61,0.0,810.0,0.0,0.0
bf_sae1006_045,period_1,1,198,0,1,810.0,8265.6,5173.98,2880.66,1,7961.8,0.0,0.0,0.0,2.76,198.99,0.0,198.99,102.04,0.0,810.0,0.0,0.0
bf_sae1006_045,period_1,1,202,0,1,810.0,7892.67,5173.98,2750.69,1,7602.46,0.0,0.0,0.0,2.76,190.01,0.0,190.01,97.44,0.0,810.0,0.0,0.0
bf_sae1006_045,period_1,1,21,0,1,1100.0,8163.38,4947.45,2094.98,3,8007.29,63.18,63.18,0.0,3.85,14.84,0.0,14.84,74.21,0.0,1100.0,0.0,0.0
bf_sae1006_045,period_1,1,222,0,1,1250.0,7241.9,5102.73,1635.48,2,7139.04,0.0,0.0,0.0,4.37,40.55,0.0,40.55,57.94,0.0,1250.0,0.0,0.0
bf_sae1006_045,period_1,1,223,0,1,1250.0,9182.36,5102.73,2073.7,3,9009.06,0.0,0.0,0.0,4.35,95.5,0.0,95.5,73.46,0.0,1250.0,0.0,0.0
bf_sae1006_045,period_1,1,224,0,1,1250.0,10008.67,5102.73,2260.31,2,9868.18,0.0,0.0,0.0,4.37,56.05,0.0,56.05,80.07,0.0,1250.0,0.0,0.0
bf_sae1006_045,period_1,1,232,0,1,1250.0,7705.67,5102.73,1740.21,2,7534.9,0.0,0.0,0.0,4.33,104.8,0.0,104.8,61.65,0.0,1250.0,0.0,0.0
bf_sae1006_045,period_1,1,235,0,1,1250.0,8203.19,5102.73,1852.57,2,8087.26,0.0,0.0,0.0,4.37,45.94,0.0,45.94,65.63,0.0,1250.0,0.0,0.0
bf_sae1006_045,period_1,1,242,0,1,1250.0,9035.47,5102.73,2040.53,2,8908.22,0.0,0.0,0.0,4.37,50.6,0.0,50.6,72.28,0.0,1250.0,0.0,0.0
bf_sae1006_045,period_1,1,261,0,1,1250.0,9249.69,5102.73,2088.91,2,9119.53,0.0,0.0,0.0,4.37,51.8,0.0,51.8,74.0,0.0,1250.0,0.0,0.0
bf_sae1006_045,period_1,1,266,0,1,1250.0,9615.49,5102.73,2171.52,2,9480.35,0.0,0.0,0.0,4.37,53.85,0.0,53.85,76.92,0.0,1250.0,0.0,0.0
bf_sae1006_045,period_1,1,274,0,1,1250.0,8273.17,5102.73,1868.38,2,8156.29,0.0,0.0,0.0,4.37,46.33,0.0,46.33,66.19,0.0,1250.0,0.0,0.0
bf_sae1006_045,period_1,1,290,0,1,1250.0,7556.8,5102.73,1706.59,2,7389.24,0.0,0.0,0.0,4.33,102.77,0.0,102.77,60.45,0.0,1250.0,0.0,0.0
bf_sae1006_045,period_1,1,294,0,1,1250.0,9812.88,5102.73,2216.1,2,8359.42,1315.63,1315.63,0.0,4.37,54.95,0.0,54.95,78.5,0.0,1250.0,0.0,0.0
bf_sae1006_045,period_1,1,295,0,1,1250.0,8678.75,5102.73,1959.97,2,8556.35,0.0,0.0,0.0,4.37,48.6,0.0,48.6,69.43,0.0,1250.0,0.0,0.0
bf_sae1006_045,period_1,1,59,0,1,1100.0,7803.53,4947.45,2002.63,2,7490.04,196.14,196.14,0.0,3.84,42.56,0.0,42.56,70.94,0.0,1100.0,0.0,0.0
bf_sae1006_045,period_1,1,66,0,1,1100.0,8114.01,4947.45,2082.31,2,6462.48,1286.36,1280.12,6.24,3.72,287.68,0.0,287.68,73.76,0.0,1100.0,0.0,0.0
bf_sae1006_045,period_1,1,73,0,1,1100.0,7750.95,4947.45,1989.14,2,7612.38,21.99,21.99,0.0,3.84,42.28,0.0,42.28,70.46,0.0,1100.0,0.0,0.0
bf_sae1006_045,period_1,1,81,0,1,1100.0,7691.38,4947.45,1973.85,2,7388.14,2.33,0.0,2.33,3.75,227.25,0.0,227.25,69.92,0.0,1100.0,0.0,0.0
bf_sae1006_045,period_1,1,83,0,1,1100.0,7264.83,4947.45,1864.38,2,7155.32,0.0,0.0,0.0,3.84,39.63,0.0,39.63,66.04,0.0,1100.0,0.0,0.0
bf_sae1006_045,period_1,1,84,0,1,1100.0,8331.32,4947.45,2138.08,2,8005.68,0.0,0.0,0.0,3.75,246.15,0.0,246.15,75.74,0.0,1100.0,0.0,0.0
bf_sae1006_045,period_1,1,90,0,1,1100.0,8097.48,4947.45,2078.07,3,8005.29,0.0,0.0,0.0,3.85,14.72,0.0,14.72,73.61,0.0,1100.0,0.0,0.0
bf_sae1006_045,period_1,1,95,0,1,1100.0,8314.41,4947.45,2133.74,2,7989.43,0.0,0.0,0.0,3.75,245.65,0.0,245.65,75.59,0.0,1100.0,0.0,0.0
bf_sae1006_045,period_1,1,98,0,1,810.0,8626.33,5173.98,3006.38,1,8309.4,0.0,0.0,0.0,2.76,207.67,0.0,207.67,106.5,0.0,810.0,0.0,0.0
bf_sae1006_045,period_2,2,10,0,1,1100.0,7799.79,4947.45,2001.67,2,7569.1,0.0,0.0,0.0,3.78,156.0,0.0,156.0,70.91,0.0,1100.0,0.0,0.0
bf_sae1006_045,period_2,2,102,0,1,810.0,8652.32,5173.98,3015.43,1,8334.44,0.0,0.0,0.0,2.76,208.3,0.0,208.3,106.82,0.0,810.0,0.0,0.0
bf_sae1006_045,period_2,2,108,0,1,810.0,6559.17,5173.98,2285.95,1,6556.3,0.0,0.0,0.0,2.87,0.0,0.0,0.0,0.0,0.0,810.0,0.0,0.0
bf_sae1006_045,period_2,2,11,0,1,1100.0,8385.95,4947.45,2152.1,2,8260.13,0.0,0.0,0.0,3.84,45.74,0.0,45.74,76.24,0.0,1100.0,0.0,0.0
bf_sae1006_045,period_2,2,111,0,1,810.0,8429.71,5173.98,2937.85,1,8119.94,0.0,0.0,0.0,2.76,202.94,0.0,202.94,104.07,0.0,810.0,0.0,0.0
bf_sae1006_045,period_2,2,117,0,1,810.0,8397.97,5173.98,2926.79,1,8089.35,0.0,0.0,0.0,2.76,202.17,0.0,202.17,103.68,0.0,810.0,0.0,0.0
bf_sae1006_045,period_2,2,118,0,1,810.0,7935.17,5173.98,2765.5,1,7643.41,0.0,0.0,0.0,2.76,191.03,0.0,191.03,97.97,0.0,810.0,0.0,0.0
bf_sae1006_045,period_2,2,12,0,1,1100.0,8142.55,4947.45,2089.63,2,7824.21,0.0,0.0,0.0,3.75,240.58,0.0,240.58,74.02,0.0,1100.0,0.0,0.0
bf_sae1006_045,period_2,2,121,0,1,810.0,8058.98,5173.98,2808.65,1,7762.71,0.0,0.0,0.0,2.76,194.01,0.0,194.01,99.49,0.0,810.0,0.0,0.0
bf_sae1006_045,period_2,2,123,0,1,810.0,7976.6,5173.98,2779.94,1,7683.33,0.0,0.0,0.0,2.76,192.03,0.0,192.03,98.48,0.0,810.0,0.0,0.0
bf_sae1006_045,period_2,2,137,0,1,810.0,8004.9,5173.98,2789.8,1,7710.6,0.0,0.0,0.0,2.76,192.71,0.0,192.71,98.83,0.0,810.0,0.0,0.0
bf_sae1006_045,period_2,2,140,0,1,810.0,8199.01,5173.98,2857.45,1,7897.64,0.0,0.0,0.0,2.76,197.38,0.0,197.38,101.22,0.0,810.0,0.0,0.0
bf_sae1006_045,period_2,2,142,0,1,810.0,7935.07,5173.98,2765.46,1,7643.31,0.0,0.0,0.0,2.76,191.03,0.0,191.03,97.96,0.0,810.0,0.0,0.0
bf_sae1006_045,period_2,2,144,0,1,810.0,8560.72,5173.98,2983.51,1,8246.18,0.0,0.0,0.0,2.76,206.09,0.0,206.09,105.69,0.0,810.0,0.0,0.0
bf_sae1006_045,period_2,2,145,0,1,810.0,8343.94,5173.98,2907.96,1,8037.29,0.0,0.0,0.0,2.76,200.87,0.0,200.87,103.01,0.0,810.0,0.0,0.0
bf_sae1006_045,period_2,2,147,0,1,810.0,7787.62,5173.98,2714.08,1,7501.23,0.0,0.0,0.0,2.76,187.48,0.0,187.48,96.14,0.0,810.0,0.0,0.0
bf_sae1006_045,period_2,2,149,0,1,810.0,8069.45,5173.98,2812.3,1,7772.8,0.0,0.0,0.0,2.76,194.26,0.0,194.26,99.62,0.0,810.0,0.0,0.0
bf_sae1006_045,period_2,2,152,0,1,810.0,7849.27,5173.98,2735.56,1,7560.64,0.0,0.0,0.0,2.76,188.96,0.0,188.96,96.9,0.0,810.0,0.0,0.0
bf_sae1006_045,period_2,2,154,0,1,810.0,6258.12,5173.98,2181.03,1,6255.25,0.0,0.0,0.0,2.87,0.0,0.0,0.0,0.0,0.0,810.0,0.0,0.0
bf_sae1006_045,period_2,2,158,0,1,810.0,8164.37,5173.98,2845.38,1,7864.26,0.0,0.0,0.0,2.76,196.55,0.0,196.55,100.79,0.0,810.0,0.0,0.0
bf_sae1006_045,period_2,2,160,0,1,810.0,8253.99,5173.98,2876.61,1,7950.62,0.0,0.0,0.0,2.76,198.71,0.0,198.71,101.9,0.0,810.0,0.0,0.0
bf_sae1006_045,period_2,2,175,0,1,810.0,7775.96,5173.98,2710.01,1,7490.0,0.0,0.0,0.0,2.76,187.2,0.0,187.2,96.0,0.0,810.0,0.0,0.0
bf_sae1006_045,period_2,2,183,0,1,810.0,6247.75,5173.98,2177.41,1,6243.89,0.99,0.0,0.99,2.87,0.0,0.0,0.0,0.0,0.0,810.0,0.0,0.0
bf_sae1006_045,period_2,2,184,0,1,810.0,8492.56,5173.98,2959.76,1,8180.5,0.0,0.0,0.0,2.76,204.45,0.0,204.45,104.85,0.0,810.0,0.0,0.0
bf_sae1006_045,period_2,2,197,0,1,810.0,8068.21,5173.98,2811.87,1,7771.6,0.0,0.0,0.0,2.76,194.23,0.0,194.23,99.61,0.0,810.0,0.0,0.0
bf_sae1006_045,period_2,2,198,0,1,810.0,8265.6,5173.98,2880.66,1,7961.8,0.0,0.0,0.0,2.76,198.99,0.0,198.99,102.04,0.0,810.0,0.0,0.0
bf_sae1006_045,period_2,2,202,0,1,810.0,7892.67,5173.98,2750.69,1,7602.46,0.0,0.0,0.0,2.76,190.01,0.0,190.01,97.44,0.0,810.0,0.0,0.0
bf_sae1006_045,period_2,2,205,0,1,1250.0,7053.94,5102.73,1593.03,2,6807.01,0.0,0.0,0.0,4.28,186.22,0.0,186.22,56.43,0.0,1250.0,0.0,0.0
bf_sae1006_045,period_2,2,216,0,1,1250.0,7680.18,5102.73,1734.46,2,7509.96,0.0,0.0,0.0,4.33,104.45,0.0,104.45,61.44,0.0,1250.0,0.0,0.0
bf_sae1006_045,period_2,2,222,0,1,1250.0,7241.9,5102.73,1635.48,2,7081.14,0.0,0.0,0.0,4.33,98.49,0.0,98.49,57.94,0.0,1250.0,0.0,0.0
bf_sae1006_045,period_2,2,227,0,1,1250.0,7857.2,5102.73,1774.44,2,7745.97,0.0,0.0,0.0,4.37,44.0,0.0,44.0,62.86,0.0,1250.0,0.0,0.0
bf_sae1006_045,period_2,2,243,0,1,1250.0,7001.03,5102.73,1581.08,2,6755.92,0.0,0.0,0.0,4.28,184.83,0.0,184.83,56.01,0.0,1250.0,0.0,0.0
bf_sae1006_045,period_2,2,249,0,1,1250.0,7036.21,5102.73,1589.03,2,6936.15,0.0,0.0,0.0,4.37,39.4,0.0,39.4,56.29,0.0,1250.0,0.0,0.0
bf_sae1006_045,period_2,2,251,0,1,1250.0,8622.27,5102.73,1947.22,2,8500.64,0.0,0.0,0.0,4.37,48.28,0.0,48.28,68.98,0.0,1250.0,0.0,0.0
bf_sae1006_045,period_2,2,253,0,1,1250.0,8940.67,5102.73,2019.12,2,8814.71,0.0,0.0,0.0,4.37,50.07,0.0,50.07,71.53,0.0,1250.0,0.0,0.0
bf_sae1006_045,period_2,2,254,0,1,1250.0,7007.66,5102.73,1582.58,2,6905.96,2.03,0.0,2.03,4.37,39.24,0.0,39.24,56.06,0.0,1250.0,0.0,0.0
bf_sae1006_045,period_2,2,256,0,1,1250.0,7386.26,5102.73,1668.08,2,7222.38,0.0,0.0,0.0,4.33,100.45,0.0,100.45,59.09,0.0,1250.0,0.0,0.0
bf_sae1006_045,period_2,2,26,0,1,1100.0,8511.86,4947.45,2184.41,2,8179.25,0.0,0.0,0.0,3.75,251.49,0.0,251.49,77.38,0.0,1100.0,0.0,0.0
bf_sae1006_045,period_2,2,260,0,1,1250.0,8080.82,5102.73,1824.94,2,7966.55,0.0,0.0,0.0,4.37,45.25,0.0,45.25,64.65,0.0,1250.0,0.0,0.0
bf_sae1006_045,period_2,2,266,0,1,1250.0,9615.49,5102.73,2171.52,3,9434.22,0.0,0.0,0.0,4.35,100.0,0.0,100.0,76.92,0.0,1250.0,0.0,0.0
bf_sae1006_045,period_2,2,267,0,1,1250.0,6326.83,5102.73,1428.82,2,6236.42,0.0,0.0,0.0,4.37,35.43,0.0,35.43,50.61,0.0,1250.0,0.0,0.0
bf_sae1006_045,period_2,2,294,0,1,1250.0,9812.88,5102.73,2216.1,2,9658.83,16.23,16.23,0.0,4.37,54.95,0.0,54.95,78.5,0.0,1250.0,0.0,0.0
bf_sae1006_045,period_2,2,34,0,1,1100.0,7747.6,4947.45,1988.28,2,7314.34,316.73,316.73,0.0,3.84,42.26,0.0,42.26,70.43,0.0,1100.0,0.0,0.0
bf_sae1006_045,period_2,2,42,0,1,1100.0,8176.74,4947.45,2098.41,2,7423.96,433.11,431.64,1.47,3.75,241.59,0.0,241.59,74.33,0.0,1100.0,0.0,0.0
bf_sae1006_045,period_2,2,70,0,1,1100.0,6773.12,4947.45,1738.19,2,6017.12,450.56,450.56,0.0,3.72,240.14,0.0,240.14,61.57,0.0,1100.0,0.0,0.0
bf_sae1006_045,period_2,2,77,0,1,1100.0,7793.33,4947.45,2000.01,2,7488.48,0.0,0.0,0.0,3.75,230.26,0.0,230.26,70.85,0.0,1100.0,0.0,0.0
bf_sae1006_045,period_2,2,9,0,1,1100.0,6373.95,4947.45,1635.76,2,6123.94,0.0,0.0,0.0,3.75,188.32,0.0,188.32,57.95,0.0,1100.0,0.0,0.0
bf_sae1006_045,period_2,2,95,0,1,1100.0,8314.41,4947.45,2133.74,2,7989.43,0.0,0.0,0.0,3.75,245.65,0.0,245.65,75.59,0.0,1100.0,0.0,0.0
bf_sae1006_045,period_2,2,97,0,1,810.0,7778.89,5173.98,2711.03,1,7492.82,0.0,0.0,0.0,2.76,187.27,0.0,187.27,96.04,0.0,810.0,0.0,0.0
bf_sae1006_045,period_2,2,98,0,1,810.0,8626.33,5173.98,3006.38,1,8309.4,0.0,0.0,0.0,2.76,207.67,0.0,207.67,106.5,0.0,810.0,0.0,0.0
bf_sae1006_045,period_2,2,298,1,1,277.0,63.18,4947.45,64.39,1,62.2,0.0,0.0,0.0,0.98,0.0,0.0,0.0,0.0,0.0,277.0,0.0,0.98
bf_sae1006_045,period_2,2,299,1,1,550.0,196.14,4947.45,100.67,1,194.19,0.0,0.0,0.0,1.95,0.0,0.0,0.0,0.0,0.0,550.0,0.0,1.95
bf_sae1006_045,period_2,2,300,1,1,325.0,1280.12,4947.45,1111.91,1,1278.97,0.0,0.0,0.0,1.15,0.0,0.0,0.0,0.0,0.0,325.0,0.0,1.15
bf_sae1006_045,period_2,2,301,1,1,534.0,21.99,4947.45,11.62,1,20.1,0.0,0.0,0.0,1.89,0.0,0.0,0.0,0.0,0.0,534.0,0.0,1.89
bf_sae1006_045,period_2,2,302,1,1,560.0,1315.63,5102.73,663.21,1,1313.65,0.0,0.0,0.0,1.98,0.0,0.0,0.0,0.0,0.0,560.0,0.0,1.98
bf_sae1006_045,period_3,3,100,0,1,810.0,7717.17,5173.98,2689.52,1,7433.35,0.0,0.0,0.0,2.76,185.78,0.0,185.78,95.27,0.0,810.0,0.0,0.0
bf_sae1006_045,period_3,3,102,0,1,810.0,8652.32,5173.98,3015.43,1,8334.44,0.0,0.0,0.0,2.76,208.3,0.0,208.3,106.82,0.0,810.0,0.0,0.0
bf_sae1006_045,period_3,3,11,0,1,1100.0,8385.95,4947.45,2152.1,3,8290.61,0.0,0.0,0.0,3.85,15.25,0.0,15.25,76.24,0.0,1100.0,0.0,0.0
bf_sae1006_045,period_3,3,111,0,1,810.0,8429.71,5173.98,2937.85,1,8119.94,0.0,0.0,0.0,2.76,202.94,0.0,202.94,104.07,0.0,810.0,0.0,0.0
bf_sae1006_045,period_3,3,112,0,1,810.0,7772.61,5173.98,2708.85,1,7486.77,0.0,0.0,0.0,2.76,187.12,0.0,187.12,95.96,0.0,810.0,0.0,0.0
bf_sae1006_045,period_3,3,117,0,1,810.0,8397.97,5173.98,2926.79,1,8089.35,0.0,0.0,0.0,2.76,202.17,0.0,202.17,103.68,0.0,810.0,0.0,0.0
bf_sae1006_045,period_3,3,118,0,1,810.0,7935.17,5173.98,2765.5,1,7643.41,0.0,0.0,0.0,2.76,191.03,0.0,191.03,97.97,0.0,810.0,0.0,0.0
bf_sae1006_045,period_3,3,121,0,1,810.0,8058.98,5173.98,2808.65,1,7762.71,0.0,0.0,0.0,2.76,194.01,0.0,194.01,99.49,0.0,810.0,0.0,0.0
bf_sae1006_045,period_3,3,123,0,1,810.0,7976.6,5173.98,2779.94,1,7683.33,0.0,0.0,0.0,2.76,192.03,0.0,192.03,98.48,0.0,810.0,0.0,0.0
bf_sae1006_045,period_3,3,129,0,1,810.0,7540.1,5173.98,2627.81,1,7537.02,0.21,0.0,0.21,2.87,0.0,0.0,0.0,0.0,0.0,810.0,0.0,0.0
bf_sae1006_045,period_3,3,137,0,1,810.0,8004.9,5173.98,2789.8,1,7710.6,0.0,0.0,0.0,2.76,192.71,0.0,192.71,98.83,0.0,810.0,0.0,0.0
bf_sae1006_045,period_3,3,138,0,1,810.0,7333.88,5173.98,2555.94,1,7064.02,0.0,0.0,0.0,2.76,176.56,0.0,176.56,90.54,0.0,810.0,0.0,0.0
bf_sae1006_045,period_3,3,14,0,1,1100.0,7755.17,4947.45,1990.22,2,7450.23,1.56,0.0,1.56,3.75,229.13,0.0,229.13,70.5,0.0,1100.0,0.0,0.0
bf_sae1006_045,period_3,3,140,0,1,810.0,8199.01,5173.98,2857.45,1,7897.64,0.0,0.0,0.0,2.76,197.38,0.0,197.38,101.22,0.0,810.0,0.0,0.0
bf_sae1006_045,period_3,3,142,0,1,810.0,7935.07,5173.98,2765.46,1,7643.31,0.0,0.0,0.0,2.76,191.03,0.0,191.03,97.96,0.0,810.0,0.0,0.0
bf_sae1006_045,period_3,3,144,0,1,810.0,8560.72,5173.98,2983.51,1,8246.18,0.0,0.0,0.0,2.76,206.09,0.0,206.09,105.69,0.0,810.0,0.0,0.0
bf_sae1006_045,period_3,3,145,0,1,810.0,8343.94,5173.98,2907.96,1,8037.29,0.0,0.0,0.0,2.76,200.87,0.0,200.87,103.01,0.0,810.0,0.0,0.0
bf_sae1006_045,period_3,3,147,0,1,810.0,7787.62,5173.98,2714.08,1,7501.23,0.0,0.0,0.0,2.76,187.48,0.0,187.48,96.14,0.0,810.0,0.0,0.0
bf_sae1006_045,period_3,3,152,0,1,810.0,7849.27,5173.98,2735.56,1,7560.64,0.0,0.0,0.0,2.76,188.96,0.0,188.96,96.9,0.0,810.0,0.0,0.0
bf_sae1006_045,period_3,3,157,0,1,810.0,7607.31,5173.98,2651.24,1,7327.49,0.0,0.0,0.0,2.76,183.14,0.0,183.14,93.92,0.0,810.0,0.0,0.0
bf_sae1006_045,period_3,3,158,0,1,810.0,8164.37,5173.98,2845.38,1,7864.26,0.0,0.0,0.0,2.76,196.55,0.0,196.55,100.79,0.0,810.0,0.0,0.0
bf_sae1006_045,period_3,3,160,0,1,810.0,8253.99,5173.98,2876.61,1,7950.62,0.0,0.0,0.0,2.76,198.71,0.0,198.71,101.9,0.0,810.0,0.0,0.0
bf_sae1006_045,period_3,3,173,0,1,810.0,6346.17,5173.98,2211.71,1,6343.3,0.0,0.0,0.0,2.87,0.0,0.0,0.0,0.0,0.0,810.0,0.0,0.0
bf_sae1006_045,period_3,3,175,0,1,810.0,7775.96,5173.98,2710.01,1,7490.0,0.0,0.0,0.0,2.76,187.2,0.0,187.2,96.0,0.0,810.0,0.0,0.0
bf_sae1006_045,period_3,3,181,0,1,810.0,6363.18,5173.98,2217.64,1,6128.67,0.0,0.0,0.0,2.76,153.19,0.0,153.19,78.56,0.0,810.0,0.0,0.0
bf_sae1006_045,period_3,3,184,0,1,810.0,8492.56,5173.98,2959.76,1,8180.5,0.0,0.0,0.0,2.76,204.45,0.0,204.45,104.85,0.0,810.0,0.0,0.0
bf_sae1006_045,period_3,3,192,0,1,810.0,6721.45,5173.98,2342.5,1,6718.58,0.0,0.0,0.0,2.87,0.0,0.0,0.0,0.0,0.0,810.0,0.0,0.0
bf_sae1006_045,period_3,3,197,0,1,810.0,8068.21,5173.98,2811.87,1,7771.6,0.0,0.0,0.0,2.76,194.23,0.0,194.23,99.61,0.0,810.0,0.0,0.0
bf_sae1006_045,period_3,3,202,0,1,810.0,7892.67,5173.98,2750.69,1,7602.46,0.0,0.0,0.0,2.76,190.01,0.0,190.01,97.44,0.0,810.0,0.0,0.0
bf_sae1006_045,period_3,3,224,0,1,1250.0,10008.67,5102.73,2260.31,2,9868.18,0.0,0.0,0.0,4.37,56.05,0.0,56.05,80.07,0.0,1250.0,0.0,0.0
bf_sae1006_045,period_3,3,226,0,1,1250.0,8877.12,5102.73,2004.77,2,8752.02,0.0,0.0,0.0,4.37,49.71,0.0,49.71,71.02,0.0,1250.0,0.0,0.0
bf_sae1006_045,period_3,3,229,0,1,1250.0,7906.15,5102.73,1785.49,2,7794.26,0.0,0.0,0.0,4.37,44.27,0.0,44.27,63.25,0.0,1250.0,0.0,0.0
bf_sae1006_045,period_3,3,235,0,1,1250.0,8203.19,5102.73,1852.57,2,7318.45,768.81,768.81,0.0,4.37,45.94,0.0,45.94,65.63,0.0,1250.0,0.0,0.0
bf_sae1006_045,period_3,3,24,0,1,1100.0,7263.44,4947.45,1864.03,2,6960.82,193.13,193.13,0.0,3.84,39.62,0.0,39.62,66.03,0.0,1100.0,0.0,0.0
bf_sae1006_045,period_3,3,243,0,1,1250.0,7001.03,5102.73,1581.08,2,6845.48,0.0,0.0,0.0,4.33,95.21,0.0,95.21,56.01,0.0,1250.0,0.0,0.0
bf_sae1006_045,period_3,3,246,0,1,1250.0,8883.53,5102.73,2006.22,2,8758.35,0.0,0.0,0.0,4.37,49.75,0.0,49.75,71.07,0.0,1250.0,0.0,0.0
bf_sae1006_045,period_3,3,251,0,1,1250.0,8622.27,5102.73,1947.22,2,8500.64,0.0,0.0,0.0,4.37,48.28,0.0,48.28,68.98,0.0,1250.0,0.0,0.0
bf_sae1006_045,period_3,3,259,0,1,1250.0,7680.91,5102.73,1734.62,2,7510.67,0.0,0.0,0.0,4.33,104.46,0.0,104.46,61.45,0.0,1250.0,0.0,0.0
bf_sae1006_045,period_3,3,263,0,1,1250.0,9106.32,5102.73,2056.53,3,8934.42,0.0,0.0,0.0,4.35,94.71,0.0,94.71,72.85,0.0,1250.0,0.0,0.0
bf_sae1006_045,period_3,3,267,0,1,1250.0,6326.83,5102.73,1428.82,2,4344.75,0.0,0.0,0.0,3.04,1928.42,1928.42,0.0,50.61,0.0,1250.0,0.0,0.0
bf_sae1006_045,period_3,3,268,0,1,1250.0,7734.29,5102.73,1746.68,2,7562.9,0.0,0.0,0.0,4.33,105.19,0.0,105.19,61.87,0.0,1250.0,0.0,0.0
bf_sae1006_045,period_3,3,279,0,1,1250.0,7994.22,5102.73,1805.38,2,7881.13,0.0,0.0,0.0,4.37,44.77,0.0,44.77,63.95,0.0,1250.0,0.0,0.0
bf_sae1006_045,period_3,3,284,0,1,1250.0,10148.17,5102.73,2291.82,2,10005.79,0.0,0.0,0.0,4.37,56.83,0.0,56.83,81.19,0.0,1250.0,0.0,0.0
bf_sae1006_045,period_3,3,286,0,1,1250.0,8130.01,5102.73,1836.05,2,8015.07,0.0,0.0,0.0,4.37,45.53,0.0,45.53,65.04,0.0,1250.0,0.0,0.0
bf_sae1006_045,period_3,3,293,0,1,1250.0,8419.48,5102.73,1901.42,2,8300.3,0.3,0.0,0.3,4.37,47.15,0.0,47.15,67.36,0.0,1250.0,0.0,0.0
bf_sae1006_045,period_3,3,3,0,1,1100.0,7614.83,4947.45,1954.2,2,6788.63,483.27,476.53,6.74,3.72,269.98,0.0,269.98,69.23,0.0,1100.0,0.0,0.0
bf_sae1006_045,period_3,3,50,0,1,1100.0,8837.22,4947.45,2267.91,2,8492.04,0.0,0.0,0.0,3.75,261.1,0.0,261.1,80.34,0.0,1100.0,0.0,0.0
bf_sae1006_045,period_3,3,51,0,1,1100.0,8547.0,4947.45,2193.43,2,8213.03,0.0,0.0,0.0,3.75,252.52,0.0,252.52,77.7,0.0,1100.0,0.0,0.0
bf_sae1006_045,period_3,3,69,0,1,1100.0,8103.78,4947.45,2079.68,3,7984.65,26.87,26.87,0.0,3.85,14.73,0.0,14.73,73.67,0.0,1100.0,0.0,0.0
bf_sae1006_045,period_3,3,83,0,1,1100.0,7264.83,4947.45,1864.38,2,7155.32,0.0,0.0,0.0,3.84,39.63,0.0,39.63,66.04,0.0,1100.0,0.0,0.0
bf_sae1006_045,period_3,3,88,0,1,1100.0,8466.59,4947.45,2172.79,3,8370.37,0.0,0.0,0.0,3.85,15.39,0.0,15.39,76.97,0.0,1100.0,0.0,0.0
bf_sae1006_045,period_3,3,89,0,1,1100.0,7602.23,4947.45,1950.97,2,7304.76,0.0,0.0,0.0,3.75,224.61,0.0,224.61,69.11,0.0,1100.0,0.0,0.0
bf_sae1006_045,period_3,3,95,0,1,1100.0,8314.41,4947.45,2133.74,2,8189.63,0.0,0.0,0.0,3.84,45.35,0.0,45.35,75.59,0.0,1100.0,0.0,0.0
bf_sae1006_045,period_3,3,97,0,1,810.0,7778.89,5173.98,2711.03,1,7492.82,0.0,0.0,0.0,2.76,187.27,0.0,187.27,96.04,0.0,810.0,0.0,0.0
bf_sae1006_045,period_3,3,98,0,1,810.0,8626.33,5173.98,3006.38,1,8309.4,0.0,0.0,0.0,2.76,207.67,0.0,207.67,106.5,0.0,810.0,0.0,0.0
bf_sae1006_045,period_3,3,298,1,1,534.0,221.73,4947.45,117.22,1,219.84,0.0,0.0,0.0,1.89,0.0,0.0,0.0,0.0,0.0,534.0,0.0,1.89
bf_sae1006_045,period_3,3,299,1,1,550.0,94.99,4947.45,48.75,1,93.04,0.0,0.0,0.0,1.95,0.0,0.0,0.0,0.0,0.0,550.0,0.0,1.95
bf_sae1006_045,period_3,3,300,1,1,277.0,431.64,4947.45,439.89,1,430.66,0.0,0.0,0.0,0.98,0.0,0.0,0.0,0.0,0.0,277.0,0.0,0.98
bf_sae1006_045,period_3,3,301,1,1,726.0,367.37,4947.45,142.85,1,364.8,0.0,0.0,0.0,2.57,0.0,0.0,0.0,0.0,0.0,726.0,0.0,2.57
bf_sae1006_045,period_3,3,302,1,1,325.0,83.2,4947.45,72.27,1,82.05,0.0,0.0,0.0,1.15,0.0,0.0,0.0,0.0,0.0,325.0,0.0,1.15
bf_sae1006_045,period_3,3,303,1,1,560.0,16.23,5102.73,8.18,1,14.25,0.0,0.0,0.0,1.98,0.0,0.0,0.0,0.0,0.0,560.0,0.0,1.98
bf_sae1006_045,period_4,4,102,0,1,810.0,8652.32,5173.98,3015.43,1,8334.44,0.0,0.0,0.0,2.76,208.3,0.0,208.3,106.82,0.0,810.0,0.0,0.0
bf_sae1006_045,period_4,4,105,0,1,810.0,6672.55,5173.98,2325.46,1,6426.77,0.0,0.0,0.0,2.76,160.64,0.0,160.64,82.38,0.0,810.0,0.0,0.0
bf_sae1006_045,period_4,4,111,0,1,810.0,8429.71,5173.98,2937.85,1,8119.94,0.0,0.0,0.0,2.76,202.94,0.0,202.94,104.07,0.0,810.0,0.0,0.0
bf_sae1006_045,period_4,4,112,0,1,810.0,7772.61,5173.98,2708.85,1,7769.74,0.0,0.0,0.0,2.87,0.0,0.0,0.0,0.0,0.0,810.0,0.0,0.0
bf_sae1006_045,period_4,4,117,0,1,810.0,8397.97,5173.98,2926.79,1,8089.35,0.0,0.0,0.0,2.76,202.17,0.0,202.17,103.68,0.0,810.0,0.0,0.0
bf_sae1006_045,period_4,4,121,0,1,810.0,8058.98,5173.98,2808.65,1,7762.71,0.0,0.0,0.0,2.76,194.01,0.0,194.01,99.49,0.0,810.0,0.0,0.0
bf_sae1006_045,period_4,4,137,0,1,810.0,8004.9,5173.98,2789.8,1,7710.6,0.0,0.0,0.0,2.76,192.71,0.0,192.71,98.83,0.0,810.0,0.0,0.0
bf_sae1006_045,period_4,4,140,0,1,810.0,8199.01,5173.98,2857.45,1,7897.64,0.0,0.0,0.0,2.76,197.38,0.0,197.38,101.22,0.0,810.0,0.0,0.0
bf_sae1006_045,period_4,4,141,0,1,810.0,7180.11,5173.98,2502.35,1,6915.85,0.0,0.0,0.0,2.76,172.85,0.0,172.85,88.64,0.0,810.0,0.0,0.0
bf_sae1006_045,period_4,4,144,0,1,810.0,8560.72,5173.98,2983.51,1,8246.18,0.0,0.0,0.0,2.76,206.09,0.0,206.09,105.69,0.0,810.0,0.0,0.0
bf_sae1006_045,period_4,4,145,0,1,810.0,8343.94,5173.98,2907.96,1,8037.29,0.0,0.0,0.0,2.76,200.87,0.0,200.87,103.01,0.0,810.0,0.0,0.0
bf_sae1006_045,period_4,4,149,0,1,810.0,8069.45,5173.98,2812.3,1,7771.89,0.91,0.0,0.91,2.76,194.26,0.0,194.26,99.62,0.0,810.0,0.0,0.0
bf_sae1006_045,period_4,4,158,0,1,810.0,8164.37,5173.98,2845.38,1,7864.26,0.0,0.0,0.0,2.76,196.55,0.0,196.55,100.79,0.0,810.0,0.0,0.0
bf_sae1006_045,period_4,4,160,0,1,810.0,8253.99,5173.98,2876.61,1,7950.62,0.0,0.0,0.0,2.76,198.71,0.0,198.71,101.9,0.0,810.0,0.0,0.0
bf_sae1006_045,period_4,4,184,0,1,810.0,8492.56,5173.98,2959.76,1,8180.5,0.0,0.0,0.0,2.76,204.45,0.0,204.45,104.85,0.0,810.0,0.0,0.0
bf_sae1006_045,period_4,4,197,0,1,810.0,8068.21,5173.98,2811.87,1,7771.6,0.0,0.0,0.0,2.76,194.23,0.0,194.23,99.61,0.0,810.0,0.0,0.0
bf_sae1006_045,period_4,4,198,0,1,810.0,8265.6,5173.98,2880.66,1,7961.8,0.0,0.0,0.0,2.76,198.99,0.0,198.99,102.04,0.0,810.0,0.0,0.0
bf_sae1006_045,period_4,4,202,0,1,810.0,7892.67,5173.98,2750.69,1,7885.94,3.86,0.0,3.86,2.87,0.0,0.0,0.0,0.0,0.0,810.0,0.0,0.0
bf_sae1006_045,period_4,4,205,0,1,1250.0,7053.94,5102.73,1593.03,2,6953.64,0.0,0.0,0.0,4.37,39.5,0.0,39.5,56.43,0.0,1250.0,0.0,0.0
bf_sae1006_045,period_4,4,211,0,1,1250.0,9821.87,5102.73,2218.13,2,9683.92,0.0,0.0,0.0,4.37,55.0,0.0,55.0,78.57,0.0,1250.0,0.0,0.0
bf_sae1006_045,period_4,4,217,0,1,1250.0,9684.03,5102.73,2187.0,2,9547.96,0.0,0.0,0.0,4.37,54.23,0.0,54.23,77.47,0.0,1250.0,0.0,0.0
bf_sae1006_045,period_4,4,238,0,1,1250.0,9038.83,5102.73,2041.29,2,8911.53,0.0,0.0,0.0,4.37,50.62,0.0,50.62,72.31,0.0,1250.0,0.0,0.0
bf_sae1006_045,period_4,4,243,0,1,1250.0,7001.03,5102.73,1581.08,2,6900.81,0.64,0.0,0.64,4.37,39.21,0.0,39.21,56.01,0.0,1250.0,0.0,0.0
bf_sae1006_045,period_4,4,245,0,1,1250.0,7847.13,5102.73,1772.16,3,7640.92,57.48,57.48,0.0,4.35,81.61,0.0,81.61,62.78,0.0,1250.0,0.0,0.0
bf_sae1006_045,period_4,4,263,0,1,1250.0,9106.32,5102.73,2056.53,2,8905.29,0.0,0.0,0.0,4.33,123.85,0.0,123.85,72.85,0.0,1250.0,0.0,0.0
bf_sae1006_045,period_4,4,266,0,1,1250.0,9615.49,5102.73,2171.52,2,9480.35,0.0,0.0,0.0,4.37,53.85,0.0,53.85,76.92,0.0,1250.0,0.0,0.0
bf_sae1006_045,period_4,4,284,0,1,1250.0,10148.17,5102.73,2291.82,2,9993.87,11.92,11.92,0.0,4.37,56.83,0.0,56.83,81.19,0.0,1250.0,0.0,0.0
bf_sae1006_045,period_4,4,289,0,1,1250.0,6691.16,5102.73,1511.1,3,6563.7,0.0,0.0,0.0,4.35,69.59,0.0,69.59,53.53,0.0,1250.0,0.0,0.0
bf_sae1006_045,period_4,4,35,0,1,1100.0,8790.23,4947.45,2255.85,2,8658.53,0.0,0.0,0.0,3.84,47.95,0.0,47.95,79.91,0.0,1100.0,0.0,0.0
bf_sae1006_045,period_4,4,54,0,1,1100.0,7910.3,4947.45,2030.03,3,7820.15,0.0,0.0,0.0,3.85,14.38,0.0,14.38,71.91,0.0,1100.0,0.0,0.0
bf_sae1006_045,period_4,4,73,0,1,1100.0,7750.95,4947.45,1989.14,3,7547.5,115.04,114.67,0.37,3.85,14.09,0.0,14.09,70.46,0.0,1100.0,0.0,0.0
bf_sae1006_045,period_4,4,85,0,1,1100.0,9133.93,4947.45,2344.05,2,8950.53,46.71,46.71,0.0,3.84,49.82,0.0,49.82,83.04,0.0,1100.0,0.0,0.0
bf_sae1006_045,period_4,4,9,0,1,1100.0,6373.95,4947.45,1635.76,2,5391.75,694.54,694.54,0.0,3.72,225.99,0.0,225.99,57.95,0.0,1100.0,0.0,0.0
bf_sae1006_045,period_4,4,91,0,1,1100.0,7929.97,4947.45,2035.08,3,7839.61,0.0,0.0,0.0,3.85,14.42,0.0,14.42,72.09,0.0,1100.0,0.0,0.0
bf_sae1006_045,period_4,4,97,0,1,810.0,7778.89,5173.98,2711.03,1,7492.82,0.0,0.0,0.0,2.76,187.27,0.0,187.27,96.04,0.0,810.0,0.0,0.0
bf_sae1006_045,period_4,4,98,0,1,810.0,8626.33,5173.98,3006.38,1,8309.4,0.0,0.0,0.0,2.76,207.67,0.0,207.67,106.5,0.0,810.0,0.0,0.0
bf_sae1006_045,period_4,4,298,1,1,325.0,476.53,4947.45,413.91,1,405.17,0.0,0.0,0.0,0.98,55.72,0.0,55.72,14.66,0.0,325.0,0.0,71.36
bf_sae1006_045,period_4,4,299,1,1,534.0,175.18,4947.45,92.61,1,173.29,0.0,0.0,0.0,1.89,0.0,0.0,0.0,0.0,0.0,534.0,0.0,1.89
bf_sae1006_045,period_4,4,300,1,1,550.0,17.95,4947.45,9.21,1,16.0,0.0,0.0,0.0,1.95,0.0,0.0,0.0,0.0,0.0,550.0,0.0,1.95
bf_sae1006_045,period_4,4,301,1,1,277.0,26.87,4947.45,27.38,1,25.89,0.0,0.0,0.0,0.98,0.0,0.0,0.0,0.0,0.0,277.0,0.0,0.98
bf_sae1006_045,period_4,4,302,1,1,560.0,768.81,5102.73,387.56,1,766.83,0.0,0.0,0.0,1.98,0.0,0.0,0.0,0.0,0.0,560.0,0.0,1.98
bf_sae1006_045,period_4,4,303,1,1,381.0,1928.42,5102.73,1428.83,1,1643.83,0.0,0.0,0.0,1.15,232.83,0.0,232.83,50.61,0.0,381.0,0.0,284.59
bf_sae1006_045,period_5,5,100,0,1,810.0,7717.17,5173.98,2689.52,1,7433.35,0.0,0.0,0.0,2.76,185.78,0.0,185.78,95.27,0.0,810.0,0.0,0.0
bf_sae1006_045,period_5,5,102,0,1,810.0,8652.32,5173.98,3015.43,1,8334.44,0.0,0.0,0.0,2.76,208.3,0.0,208.3,106.82,0.0,810.0,0.0,0.0
bf_sae1006_045,period_5,5,111,0,1,810.0,8429.71,5173.98,2937.85,1,8119.94,0.0,0.0,0.0,2.76,202.94,0.0,202.94,104.07,0.0,810.0,0.0,0.0
bf_sae1006_045,period_5,5,116,0,1,810.0,6160.9,5173.98,2147.15,1,5933.76,0.0,0.0,0.0,2.76,148.32,0.0,148.32,76.06,0.0,810.0,0.0,0.0
bf_sae1006_045,period_5,5,117,0,1,810.0,8397.97,5173.98,2926.79,1,8089.35,0.0,0.0,0.0,2.76,202.17,0.0,202.17,103.68,0.0,810.0,0.0,0.0
bf_sae1006_045,period_5,5,118,0,1,810.0,7935.17,5173.98,2765.5,1,7643.41,0.0,0.0,0.0,2.76,191.03,0.0,191.03,97.97,0.0,810.0,0.0,0.0
bf_sae1006_045,period_5,5,119,0,1,810.0,6764.98,5173.98,2357.67,1,6762.11,0.0,0.0,0.0,2.87,0.0,0.0,0.0,0.0,0.0,810.0,0.0,0.0
bf_sae1006_045,period_5,5,121,0,1,810.0,8058.98,5173.98,2808.65,1,7762.71,0.0,0.0,0.0,2.76,194.01,0.0,194.01,99.49,0.0,810.0,0.0,0.0
bf_sae1006_045,period_5,5,123,0,1,810.0,7976.6,5173.98,2779.94,1,7683.33,0.0,0.0,0.0,2.76,192.03,0.0,192.03,98.48,0.0,810.0,0.0,0.0
bf_sae1006_045,period_5,5,137,0,1,810.0,8004.9,5173.98,2789.8,1,7710.6,0.0,0.0,0.0,2.76,192.71,0.0,192.71,98.83,0.0,810.0,0.0,0.0
bf_sae1006_045,period_5,5,140,0,1,810.0,8199.01,5173.98,2857.45,1,7897.64,0.0,0.0,0.0,2.76,197.38,0.0,197.38,101.22,0.0,810.0,0.0,0.0
bf_sae1006_045,period_5,5,142,0,1,810.0,7935.07,5173.98,2765.46,1,7643.31,0.0,0.0,0.0,2.76,191.03,0.0,191.03,97.96,0.0,810.0,0.0,0.0
bf_sae1006_045,period_5,5,144,0,1,810.0,8560.72,5173.98,2983.51,1,8246.18,0.0,0.0,0.0,2.76,206.09,0.0,206.09,105.69,0.0,810.0,0.0,0.0
bf_sae1006_045,period_5,5,145,0,1,810.0,8343.94,5173.98,2907.96,1,8037.29,0.0,0.0,0.0,2.76,200.87,0.0,200.87,103.01,0.0,810.0,0.0,0.0
bf_sae1006_045,period_5,5,148,0,1,810.0,7556.09,5173.98,2633.39,1,7278.13,0.0,0.0,0.0,2.76,181.91,0.0,181.91,93.29,0.0,810.0,0.0,0.0
bf_sae1006_045,period_5,5,149,0,1,810.0,8069.45,5173.98,2812.3,1,7772.8,0.0,0.0,0.0,2.76,194.26,0.0,194.26,99.62,0.0,810.0,0.0,0.0
bf_sae1006_045,period_5,5,151,0,1,810.0,7584.96,5173.98,2643.45,1,7305.95,0.0,0.0,0.0,2.76,182.6,0.0,182.6,93.64,0.0,810.0,0.0,0.0
bf_sae1006_045,period_5,5,152,0,1,810.0,7849.27,5173.98,2735.56,1,7560.64,0.0,0.0,0.0,2.76,188.96,0.0,188.96,96.9,0.0,810.0,0.0,0.0
bf_sae1006_045,period_5,5,157,0,1,810.0,7607.31,5173.98,2651.24,1,7327.49,0.0,0.0,0.0,2.76,183.14,0.0,183.14,93.92,0.0,810.0,0.0,0.0
bf_sae1006_045,period_5,5,158,0,1,810.0,8164.37,5173.98,2845.38,1,7863.82,0.45,0.0,0.45,2.76,196.55,0.0,196.55,100.79,0.0,810.0,0.0,0.0
bf_sae1006_045,period_5,5,160,0,1,810.0,8253.99,5173.98,2876.61,1,7950.62,0.0,0.0,0.0,2.76,198.71,0.0,198.71,101.9,0.0,810.0,0.0,0.0
bf_sae1006_045,period_5,5,161,0,1,810.0,6118.4,5173.98,2132.33,1,5892.8,0.0,0.0,0.0,2.76,147.29,0.0,147.29,75.54,0.0,810.0,0.0,0.0
bf_sae1006_045,period_5,5,17,0,1,1100.0,8592.88,4947.45,2205.2,3,8480.54,14.74,14.74,0.0,3.85,15.62,0.0,15.62,78.12,0.0,1100.0,0.0,0.0
bf_sae1006_045,period_5,5,170,0,1,810.0,7358.21,5173.98,2564.42,1,7087.46,0.0,0.0,0.0,2.76,177.14,0.0,177.14,90.84,0.0,810.0,0.0,0.0
bf_sae1006_045,period_5,5,174,0,1,810.0,7053.51,5173.98,2458.23,1,6793.86,0.0,0.0,0.0,2.76,169.81,0.0,169.81,87.08,0.0,810.0,0.0,0.0
bf_sae1006_045,period_5,5,175,0,1,810.0,7775.96,5173.98,2710.01,1,7490.0,0.0,0.0,0.0,2.76,187.2,0.0,187.2,96.0,0.0,810.0,0.0,0.0
bf_sae1006_045,period_5,5,177,0,1,810.0,7455.77,5173.98,2598.42,1,7181.47,0.0,0.0,0.0,2.76,179.49,0.0,179.49,92.05,0.0,810.0,0.0,0.0
bf_sae1006_045,period_5,5,179,0,1,810.0,6535.22,5173.98,2277.6,1,6294.44,0.0,0.0,0.0,2.76,157.33,0.0,157.33,80.68,0.0,810.0,0.0,0.0
bf_sae1006_045,period_5,5,184,0,1,810.0,8492.56,5173.98,2959.76,1,8180.5,0.0,0.0,0.0,2.76,204.45,0.0,204.45,104.85,0.0,810.0,0.0,0.0
bf_sae1006_045,period_5,5,190,0,1,810.0,7533.94,5173.98,2625.67,1,7256.79,0.0,0.0,0.0,2.76,181.37,0.0,181.37,93.01,0.0,810.0,0.0,0.0
bf_sae1006_045,period_5,5,191,0,1,810.0,7635.68,5173.98,2661.12,1,7354.83,0.0,0.0,0.0,2.76,183.82,0.0,183.82,94.27,0.0,810.0,0.0,0.0
bf_sae1006_045,period_5,5,197,0,1,810.0,8068.21,5173.98,2811.87,1,7771.6,0.0,0.0,0.0,2.76,194.23,0.0,194.23,99.61,0.0,810.0,0.0,0.0
bf_sae1006_045,period_5,5,198,0,1,810.0,8265.6,5173.98,2880.66,1,7961.8,0.0,0.0,0.0,2.76,198.99,0.0,198.99,102.04,0.0,810.0,0.0,0.0
bf_sae1006_045,period_5,5,202,0,1,810.0,7892.67,5173.98,2750.69,1,7602.46,0.0,0.0,0.0,2.76,190.01,0.0,190.01,97.44,0.0,810.0,0.0,0.0
bf_sae1006_045,period_5,5,209,0,1,1250.0,7860.62,5102.73,1775.21,3,7711.64,0.0,0.0,0.0,4.35,81.75,0.0,81.75,62.88,0.0,1250.0,0.0,0.0
bf_sae1006_045,period_5,5,210,0,1,1250.0,7495.07,5102.73,1692.65,3,7352.81,0.0,0.0,0.0,4.35,77.95,0.0,77.95,59.96,0.0,1250.0,0.0,0.0
bf_sae1006_045,period_5,5,217,0,1,1250.0,9684.03,5102.73,2187.0,2,9547.96,0.0,0.0,0.0,4.37,54.23,0.0,54.23,77.47,0.0,1250.0,0.0,0.0
bf_sae1006_045,period_5,5,224,0,1,1250.0,10008.67,5102.73,2260.31,2,9868.18,0.0,0.0,0.0,4.37,56.05,0.0,56.05,80.07,0.0,1250.0,0.0,0.0
bf_sae1006_045,period_5,5,235,0,1,1250.0,8203.19,5102.73,1852.57,2,8085.37,1.89,0.0,1.89,4.37,45.94,0.0,45.94,65.63,0.0,1250.0,0.0,0.0
bf_sae1006_045,period_5,5,237,0,1,1250.0,7919.28,5102.73,1788.46,2,7546.79,260.42,260.42,0.0,4.37,44.35,0.0,44.35,63.35,0.0,1250.0,0.0,0.0
bf_sae1006_045,period_5,5,240,0,1,1250.0,7582.46,5102.73,1712.39,2,7474.97,0.0,0.0,0.0,4.37,42.46,0.0,42.46,60.66,0.0,1250.0,0.0,0.0
bf_sae1006_045,period_5,5,242,0,1,1250.0,9035.47,5102.73,2040.53,2,8908.22,0.0,0.0,0.0,4.37,50.6,0.0,50.6,72.28,0.0,1250.0,0.0,0.0
bf_sae1006_045,period_5,5,244,0,1,1250.0,8860.64,5102.73,2001.05,3,8681.34,11.92,11.92,0.0,4.35,92.15,0.0,92.15,70.89,0.0,1250.0,0.0,0.0
bf_sae1006_045,period_5,5,249,0,1,1250.0,7036.21,5102.73,1589.03,2,6936.15,0.0,0.0,0.0,4.37,39.4,0.0,39.4,56.29,0.0,1250.0,0.0,0.0
bf_sae1006_045,period_5,5,250,0,1,1250.0,8444.41,5102.73,1907.05,3,8284.69,0.0,0.0,0.0,4.35,87.82,0.0,87.82,67.56,0.0,1250.0,0.0,0.0
bf_sae1006_045,period_5,5,251,0,1,1250.0,8622.27,5102.73,1947.22,2,8500.64,0.0,0.0,0.0,4.37,48.28,0.0,48.28,68.98,0.0,1250.0,0.0,0.0
bf_sae1006_045,period_5,5,270,0,1,1250.0,8233.36,5102.73,1859.39,2,7945.86,0.0,0.0,0.0,4.28,217.36,0.0,217.36,65.87,0.0,1250.0,0.0,0.0
bf_sae1006_045,period_5,5,278,0,1,1250.0,8057.86,5102.73,1819.75,2,7943.91,0.0,0.0,0.0,4.37,45.12,0.0,45.12,64.46,0.0,1250.0,0.0,0.0
bf_sae1006_045,period_5,5,280,0,1,1250.0,8040.48,5102.73,1815.83,2,7759.61,0.0,0.0,0.0,4.28,212.27,0.0,212.27,64.32,0.0,1250.0,0.0,0.0
bf_sae1006_045,period_5,5,290,0,1,1250.0,7556.8,5102.73,1706.59,2,7389.24,0.0,0.0,0.0,4.33,102.77,0.0,102.77,60.45,0.0,1250.0,0.0,0.0
bf_sae1006_045,period_5,5,297,0,1,1250.0,9101.03,5102.73,2055.34,3,8929.22,0.0,0.0,0.0,4.35,94.65,0.0,94.65,72.81,0.0,1250.0,0.0,0.0
bf_sae1006_045,period_5,5,33,0,1,1100.0,7759.86,4947.45,1991.42,2,7633.41,9.74,9.74,0.0,3.84,42.33,0.0,42.33,70.54,0.0,1100.0,0.0,0.0
bf_sae1006_045,period_5,5,47,0,1,1100.0,9577.17,4947.45,2457.8,2,9434.03,0.0,0.0,0.0,3.84,52.24,0.0,52.24,87.07,0.0,1100.0,0.0,0.0
bf_sae1006_045,period_5,5,49,0,1,1100.0,6958.36,4947.45,1785.73,2,6644.67,0.0,0.0,0.0,3.72,246.71,0.0,246.71,63.26,0.0,1100.0,0.0,0.0
bf_sae1006_045,period_5,5,53,0,1,1100.0,8417.65,4947.45,2160.23,2,8268.58,22.79,22.79,0.0,3.84,45.91,0.0,45.91,76.52,0.0,1100.0,0.0,0.0
bf_sae1006_045,period_5,5,58,0,1,1100.0,8692.29,4947.45,2230.71,3,8588.23,5.38,0.0,5.38,3.85,15.8,0.0,15.8,79.02,0.0,1100.0,0.0,0.0
bf_sae1006_045,period_5,5,64,0,1,1100.0,7268.8,4947.45,1865.4,2,7159.23,0.0,0.0,0.0,3.84,39.65,0.0,39.65,66.08,0.0,1100.0,0.0,0.0
bf_sae1006_045,period_5,5,70,0,1,1100.0,6773.12,4947.45,1738.19,2,4891.29,1576.4,1576.4,0.0,3.72,240.14,0.0,240.14,61.57,0.0,1100.0,0.0,0.0
bf_sae1006_045,period_5,5,84,0,1,1100.0,8331.32,4947.45,2138.08,2,8228.03,0.98,0.0,0.98,3.85,22.72,0.0,22.72,75.74,0.0,1100.0,0.0,0.0
bf_sae1006_045,period_5,5,97,0,1,810.0,7778.89,5173.98,2711.03,1,7492.82,0.0,0.0,0.0,2.76,187.27,0.0,187.27,96.04,0.0,810.0,0.0,0.0
bf_sae1006_045,period_5,5,98,0,1,810.0,8626.33,5173.98,3006.38,1,8623.46,0.0,0.0,0.0,2.87,0.0,0.0,0.0,0.0,0.0,810.0,0.0,0.0
bf_sae1006_045,period_5,5,298,1,1,726.0,42.53,4947.45,16.54,1,39.96,0.0,0.0,0.0,2.57,0.0,0.0,0.0,0.0,0.0,726.0,0.0,2.57
bf_sae1006_045,period_5,5,299,1,1,325.0,652.02,4947.45,566.34,1,650.87,0.0,0.0,0.0,1.15,0.0,0.0,0.0,0.0,0.0,325.0,0.0,1.15
bf_sae1006_045,period_5,5,300,1,1,277.0,114.67,4947.45,116.86,1,113.69,0.0,0.0,0.0,0.98,0.0,0.0,0.0,0.0,0.0,277.0,0.0,0.98
bf_sae1006_045,period_5,5,301,1,1,550.0,46.71,4947.45,23.97,1,44.76,0.0,0.0,0.0,1.95,0.0,0.0,0.0,0.0,0.0,550.0,0.0,1.95
bf_sae1006_045,period_5,5,302,1,1,673.0,57.48,5102.73,24.11,1,55.1,0.0,0.0,0.0,2.38,0.0,0.0,0.0,0.0,0.0,673.0,0.0,2.38
bf_sae1006_045,period_5,5,303,1,1,673.0,11.92,5102.73,5.0,1,9.54,0.0,0.0,0.0,2.38,0.0,0.0,0.0,0.0,0.0,673.0,0.0,2.38
bf_sae1006_050,period_1,1,1,0,1,1200.0,8758.05,5164.94,1854.26,4,7699.49,112.85,112.85,0.0,4.22,868.51,868.51,0.0,72.98,0.0,1200.0,0.0,0.0
bf_sae1006_050,period_1,1,3,0,1,1200.0,7815.78,5164.94,1654.76,2,3485.68,0.0,0.0,0.0,2.11,4262.86,4262.86,0.0,65.13,0.0,1200.0,0.0,0.0
bf_sae1006_050,period_1,1,5,0,1,1200.0,8920.81,5164.94,1888.72,7,7898.17,0.0,0.0,0.0,4.18,944.12,944.12,0.0,74.34,0.0,1200.0,0.0,0.0
bf_sae1006_050,period_1,1,6,0,1,1200.0,8903.34,5164.94,1885.02,4,7916.66,25.36,25.36,0.0,4.22,882.91,882.91,0.0,74.19,0.0,1200.0,0.0,0.0
bf_sae1006_050,period_2,2,1,0,1,1200.0,8758.05,5164.94,1854.26,3,6534.51,508.27,508.27,0.0,3.8,1638.49,1638.49,0.0,72.98,0.0,1200.0,0.0,0.0
bf_sae1006_050,period_2,2,3,0,1,1200.0,7815.78,5164.94,1654.76,2,5597.92,0.0,0.0,0.0,3.38,2149.34,2149.34,0.0,65.13,0.0,1200.0,0.0,0.0
bf_sae1006_050,period_2,2,6,0,1,1200.0,8903.34,5164.94,1885.02,6,7100.35,0.0,0.0,0.0,3.77,1725.02,1725.02,0.0,74.19,0.0,1200.0,0.0,0.0
bf_sae1006_050,period_2,2,10,1,1,127.0,944.12,5164.94,1888.72,1,783.87,0.0,0.0,0.0,0.42,85.49,0.0,85.49,74.34,0.0,127.0,0.0,160.25
bf_sae1006_050,period_2,2,11,1,1,105.5,25.36,5164.94,61.07,1,24.94,0.0,0.0,0.0,0.42,0.0,0.0,0.0,0.0,0.0,105.5,0.0,0.42
bf_sae1006_050,period_2,2,12,1,1,119.0,882.91,5164.94,1885.01,1,782.33,0.0,0.0,0.0,0.42,25.97,0.0,25.97,74.19,0.0,119.0,0.0,100.58
bf_sae1006_050,period_2,2,7,1,1,430.0,112.85,5164.94,66.68,1,111.16,0.0,0.0,0.0,1.69,0.0,0.0,0.0,0.0,0.0,430.0,0.0,1.69
bf_sae1006_050,period_2,2,8,1,1,119.0,868.51,5164.94,1854.27,1,769.57,0.0,0.0,0.0,0.42,25.54,0.0,25.54,72.98,0.0,119.0,0.0,98.94
bf_sae1006_050,period_2,2,9,1,1,654.5,4262.86,5164.94,1654.77,3,4172.41,0.0,0.0,0.0,2.52,22.8,0.0,22.8,65.13,0.0,654.5,0.0,90.45
bf_sae1006_050,period_3,3,1,0,1,1200.0,8758.05,5164.94,1854.26,3,4675.74,0.0,0.0,0.0,2.52,4006.81,4006.81,0.0,72.98,0.0,1200.0,0.0,0.0
bf_sae1006_050,period_3,3,3,0,1,1200.0,7815.78,5164.94,1654.76,2,5597.92,0.0,0.0,0.0,3.38,2149.34,2149.34,0.0,65.13,0.0,1200.0,0.0,0.0
bf_sae1006_050,period_3,3,5,0,1,1200.0,8920.81,5164.94,1888.72,4,7098.9,858.71,858.71,0.0,4.22,884.65,884.65,0.0,74.34,0.0,1200.0,0.0,0.0
bf_sae1006_050,period_3,3,6,0,1,1200.0,8903.34,5164.94,1885.02,2,6377.34,0.0,0.0,0.0,3.38,2448.42,2448.42,0.0,74.19,0.0,1200.0,0.0,0.0
bf_sae1006_050,period_3,3,10,1,1,330.0,2149.34,5164.94,1654.76,3,2060.17,0.0,0.0,0.0,1.25,22.8,0.0,22.8,65.13,0.0,330.0,0.0,89.17
bf_sae1006_050,period_3,3,11,1,1,232.5,1725.02,5164.94,1885.02,2,1564.67,0.0,0.0,0.0,0.83,85.32,0.0,85.32,74.19,0.0,232.5,0.0,160.35
bf_sae1006_050,period_3,3,7,1,1,430.0,81.02,5164.94,47.87,1,79.33,0.0,0.0,0.0,1.69,0.0,0.0,0.0,0.0,0.0,430.0,0.0,1.69
bf_sae1006_050,period_3,3,8,1,1,105.5,427.25,5164.94,1028.9,1,426.83,0.0,0.0,0.0,0.42,0.0,0.0,0.0,0.0,0.0,105.5,0.0,0.42
bf_sae1006_050,period_3,3,9,1,1,224.5,1638.49,5164.94,1854.27,2,1539.13,0.0,0.0,0.0,0.83,25.54,0.0,25.54,72.98,0.0,224.5,0.0,99.36
bf_sae1006_050,period_4,4,1,0,1,1200.0,8758.05,5164.94,1854.26,4,7335.51,476.83,476.83,0.0,4.22,868.51,868.51,0.0,72.98,0.0,1200.0,0.0,0.0
bf_sae1006_050,period_4,4,3,0,1,1200.0,7815.78,5164.94,1654.76,3,6284.65,0.0,0.0,0.0,3.8,1462.2,1462.2,0.0,65.13,0.0,1200.0,0.0,0.0
bf_sae1006_050,period_4,4,10,1,1,105.5,118.79,5164.94,286.07,1,118.37,0.0,0.0,0.0,0.42,0.0,0.0,0.0,0.0,0.0,105.5,0.0,0.42
bf_sae1006_050,period_4,4,11,1,1,119.0,884.65,5164.94,1888.73,1,783.88,0.0,0.0,0.0,0.42,26.02,0.0,26.02,74.34,0.0,119.0,0.0,100.77
bf_sae1006_050,period_4,4,12,1,1,330.0,2448.42,5164.94,1885.02,3,2347.01,0.0,0.0,0.0,1.25,25.97,0.0,25.97,74.19,0.0,330.0,0.0,101.41
bf_sae1006_050,period_4,4,7,1,1,549.0,4006.81,5164.94,1854.26,2,3906.17,0.0,0.0,0.0,2.11,25.54,0.0,25.54,72.98,0.0,549.0,0.0,100.64
bf_sae1006_050,period_4,4,8,1,1,330.0,2149.34,5164.94,1654.76,3,2060.17,0.0,0.0,0.0,1.25,22.8,0.0,22.8,65.13,0.0,330.0,0.0,89.17
bf_sae1006_050,period_4,4,9,1,1,430.0,739.92,5164.94,437.18,1,738.23,0.0,0.0,0.0,1.69,0.0,0.0,0.0,0.0,0.0,430.0,0.0,1.69
bf_sae1006_050,period_5,5,1,0,1,1200.0,8758.05,5164.94,1854.26,5,8581.91,0.0,0.0,0.0,4.63,98.53,0.0,98.53,72.98,0.0,1200.0,0.0,0.0
bf_sae1006_050,period_5,5,2,0,1,1200.0,9053.57,5164.94,1916.83,5,8871.64,0.0,0.0,0.0,4.63,101.85,0.0,101.85,75.45,0.0,1200.0,0.0,0.0
bf_sae1006_050,period_5,5,5,0,1,1200.0,8920.81,5164.94,1888.72,5,8730.93,10.55,10.55,0.0,4.63,100.36,0.0,100.36,74.34,0.0,1200.0,0.0,0.0
bf_sae1006_050,period_5,5,6,0,1,1200.0,8903.34,5164.94,1885.02,5,8208.74,515.62,515.62,0.0,4.63,100.16,0.0,100.16,74.19,0.0,1200.0,0.0,0.0
bf_sae1006_050,period_5,5,10,1,1,224.5,1462.2,5164.94,1654.76,2,1373.44,0.0,0.0,0.0,0.83,22.8,0.0,22.8,65.13,0.0,224.5,0.0,88.76
bf_sae1006_050,period_5,5,7,1,1,430.0,221.73,5164.94,131.01,1,220.04,0.0,0.0,0.0,1.69,0.0,0.0,0.0,0.0,0.0,430.0,0.0,1.69
bf_sae1006_050,period_5,5,8,1,1,105.5,255.1,5164.94,614.33,1,254.68,0.0,0.0,0.0,0.42,0.0,0.0,0.0,0.0,0.0,105.5,0.0,0.42
bf_sae1006_050,period_5,5,9,1,1,119.0,868.51,5164.94,1854.27,1,769.57,0.0,0.0,0.0,0.42,25.54,0.0,25.54,72.98,0.0,119.0,0.0,98.94
bz_nbr7008_043,period_1,1,101,0,1,1020.0,10488.41,5742.24,3038.55,2,10145.74,0.0,0.0,0.0,3.34,236.5,0.0,236.5,102.83,0.0,1020.0,0.0,0.0
bz_nbr7008_043,period_1,1,102,0,1,1020.0,10704.7,5742.24,3101.21,2,10331.58,23.45,23.45,0.0,3.34,241.38,0.0,241.38,104.95,0.0,1020.0,0.0,0.0
bz_nbr7008_043,period_1,1,15,0,1,900.0,5455.81,5465.22,1791.32,1,4131.98,0.0,0.0,0.0,2.31,1260.9,1260.9,0.0,60.62,0.0,900.0,0.0,0.0
bz_nbr7008_043,period_1,1,18,0,1,900.0,6104.8,5465.22,2004.41,1,4604.96,18.81,18.81,0.0,2.31,1410.89,1410.89,0.0,67.83,0.0,900.0,0.0,0.0
bz_nbr7008_043,period_1,1,19,0,1,900.0,5325.41,5465.22,1748.51,2,4271.97,849.33,849.33,0.0,2.93,142.01,0.0,142.01,59.17,0.0,900.0,0.0,0.0
bz_nbr7008_043,period_1,1,20,0,1,900.0,6113.48,5465.22,2007.26,2,5064.87,814.72,814.72,0.0,2.93,163.03,0.0,163.03,67.93,0.0,900.0,0.0,0.0
bz_nbr7008_043,period_1,1,21,0,1,900.0,6096.57,5465.22,2001.7,1,4617.54,0.0,0.0,0.0,2.31,1408.99,1408.99,0.0,67.74,0.0,900.0,0.0,0.0
bz_nbr7008_043,period_1,1,22,0,1,900.0,4577.23,5465.22,1502.85,2,4391.22,0.0,0.0,0.0,2.92,132.23,0.0,132.23,50.86,0.0,900.0,0.0,0.0
bz_nbr7008_043,period_1,1,24,0,1,900.0,6122.76,5465.22,2010.3,1,4637.38,0.0,0.0,0.0,2.31,1415.04,1415.04,0.0,68.03,0.0,900.0,0.0,0.0
bz_nbr7008_043,period_1,1,30,0,1,900.0,7880.35,5465.22,2587.38,1,7661.41,5.84,0.0,5.84,2.96,122.58,0.0,122.58,87.56,0.0,900.0,0.0,0.0
bz_nbr7008_043,period_1,1,39,0,1,900.0,5926.91,5465.22,1946.0,1,5765.89,0.0,0.0,0.0,2.96,92.2,0.0,92.2,65.85,0.0,900.0,0.0,0.0
bz_nbr7008_043,period_1,1,4,0,1,900.0,6302.43,5465.22,2069.29,1,4773.53,0.0,0.0,0.0,2.31,1456.56,1456.56,0.0,70.03,0.0,900.0,0.0,0.0
bz_nbr7008_043,period_1,1,44,0,1,900.0,4606.0,5465.22,1512.3,2,3186.39,976.73,976.73,0.0,2.75,388.95,0.0,388.95,51.18,0.0,900.0,0.0,0.0
bz_nbr7008_043,period_1,1,45,0,1,900.0,6951.6,5465.22,2282.44,2,6408.47,262.14,262.14,0.0,2.92,200.82,0.0,200.82,77.24,0.0,900.0,0.0,0.0
bz_nbr7008_043,period_1,1,48,0,1,1200.0,7938.31,5944.29,1954.81,2,7345.79,0.0,0.0,0.0,3.76,522.61,0.0,522.61,66.15,0.0,1200.0,0.0,0.0
bz_nbr7008_043,period_1,1,55,0,1,1200.0,9265.22,5944.29,2281.56,5,9141.53,27.02,27.02,0.0,4.02,15.44,0.0,15.44,77.21,0.0,1200.0,0.0,0.0
bz_nbr7008_043,period_1,1,6,0,1,900.0,5206.75,5465.22,1709.55,1,5064.94,0.0,0.0,0.0,2.96,80.99,0.0,80.99,57.85,0.0,900.0,0.0,0.0
bz_nbr7008_043,period_1,1,76,0,1,1200.0,7790.32,5944.29,1918.36,2,7643.51,0.0,0.0,0.0,3.99,77.9,0.0,77.9,64.92,0.0,1200.0,0.0,0.0
bz_nbr7008_043,period_1,1,78,0,1,1200.0,7641.03,5944.29,1881.6,3,7139.19,364.13,364.13,0.0,3.99,70.04,0.0,70.04,63.68,0.0,1200.0,0.0,0.0
bz_nbr7008_043,period_1,1,8,0,1,900.0,6168.47,5465.22,2025.31,1,4672.02,0.0,0.0,0.0,2.31,1425.6,1425.6,0.0,68.54,0.0,900.0,0.0,0.0
bz_nbr7008_043,period_1,1,87,0,1,1020.0,10581.66,5742.24,3065.56,2,10246.34,0.0,0.0,0.0,3.34,228.23,0.0,228.23,103.74,0.0,1020.0,0.0,0.0
bz_nbr7008_043,period_1,1,90,0,1,1020.0,10644.79,5742.24,3083.85,2,10307.49,0.0,0.0,0.0,3.34,229.59,0.0,229.59,104.36,0.0,1020.0,0.0,0.0
bz_nbr7008_043,period_2,2,101,0,1,1020.0,10488.41,5742.24,3038.55,2,10156.02,0.0,0.0,0.0,3.34,226.22,0.0,226.22,102.83,0.0,1020.0,0.0,0.0
bz_nbr7008_043,period_2,2,102,0,1,1020.0,10704.7,5742.24,3101.21,2,10355.03,0.0,0.0,0.0,3.34,241.38,0.0,241.38,104.95,0.0,1020.0,0.0,0.0
bz_nbr7008_043,period_2,2,17,0,1,900.0,7313.56,5465.22,2401.28,1,5528.21,11.54,0.0,11.54,2.31,1690.24,1690.24,0.0,81.26,0.0,900.0,0.0,0.0
bz_nbr7008_043,period_2,2,23,0,1,900.0,6233.47,5465.22,2046.65,1,6062.34,1.94,0.0,1.94,2.96,96.97,0.0,96.97,69.26,0.0,900.0,0.0,0.0
bz_nbr7008_043,period_2,2,25,0,1,900.0,6703.85,5465.22,2201.09,1,5066.18,11.54,0.0,11.54,2.31,1549.33,1549.33,0.0,74.49,0.0,900.0,0.0,0.0
bz_nbr7008_043,period_2,2,42,0,1,900.0,6107.69,5465.22,2005.36,1,5941.85,0.0,0.0,0.0,2.96,95.01,0.0,95.01,67.86,0.0,900.0,0.0,0.0
bz_nbr7008_043,period_2,2,43,0,1,900.0,7210.13,5465.22,2367.32,1,5449.83,11.54,0.0,11.54,2.31,1666.34,1666.34,0.0,80.11,0.0,900.0,0.0,0.0
bz_nbr7008_043,period_2,2,46,0,1,900.0,7048.48,5465.22,2314.25,1,5327.33,11.54,0.0,11.54,2.31,1628.98,1628.98,0.0,78.32,0.0,900.0,0.0,0.0
bz_nbr7008_043,period_2,2,47,0,1,1200.0,6515.67,5944.29,1604.48,2,5252.7,0.0,0.0,0.0,3.28,1205.4,1205.4,0.0,54.3,0.0,1200.0,0.0,0.0
bz_nbr7008_043,period_2,2,6,0,1,900.0,5206.75,5465.22,1709.55,1,5064.94,0.0,0.0,0.0,2.96,80.99,0.0,80.99,57.85,0.0,900.0,0.0,0.0
bz_nbr7008_043,period_2,2,65,0,1,1200.0,8585.18,5944.29,2114.1,2,7065.12,0.0,0.0,0.0,3.34,1445.17,1445.17,0.0,71.54,0.0,1200.0,0.0,0.0
bz_nbr7008_043,period_2,2,74,0,1,1200.0,8979.55,5944.29,2211.21,2,8757.06,53.88,53.88,0.0,3.99,89.8,0.0,89.8,74.83,0.0,1200.0,0.0,0.0
bz_nbr7008_043,period_2,2,76,0,1,1200.0,7790.32,5944.29,1918.36,2,6404.2,0.0,0.0,0.0,3.34,1317.86,1317.86,0.0,64.92,0.0,1200.0,0.0,0.0
bz_nbr7008_043,period_2,2,78,0,1,1200.0,7641.03,5944.29,1881.6,2,7496.96,0.0,0.0,0.0,3.99,76.41,0.0,76.41,63.68,0.0,1200.0,0.0,0.0
bz_nbr7008_043,period_2,2,80,0,1,1200.0,6940.45,5944.29,1709.08,2,4689.37,905.99,905.99,0.0,3.28,1283.98,1283.98,0.0,57.84,0.0,1200.0,0.0,0.0
bz_nbr7008_043,period_2,2,88,0,1,1020.0,10102.75,5742.24,2926.82,2,9782.46,0.0,0.0,0.0,3.34,217.9,0.0,217.9,99.05,0.0,1020.0,0.0,0.0
bz_nbr7008_043,period_2,2,89,0,1,1020.0,11111.48,5742.24,3219.06,2,9746.7,490.11,490.11,0.0,3.18,762.55,0.0,762.55,108.94,0.0,1020.0,0.0,0.0
bz_nbr7008_043,period_2,2,94,0,1,1020.0,10296.48,5742.24,2982.95,2,9869.1,90.92,90.92,0.0,3.34,232.18,0.0,232.18,100.95,0.0,1020.0,0.0,0.0
bz_nbr7008_043,period_2,2,109,1,0,208.0,1456.56,5465.22,0.0,0,0.0,0.0,0.0,0.0,0.0,0.0,0.0,0.0,0.0,0.0,208.0,0.0,1456.56
bz_nbr7008_043,period_2,2,110,1,0,208.0,1425.6,5465.22,0.0,0,0.0,0.0,0.0,0.0,0.0,0.0,0.0,0.0,0.0,0.0,208.0,0.0,1425.6
bz_nbr7008_043,period_2,2,111,1,1,208.0,1260.9,5465.22,1791.32,1,727.04,0.0,0.0,0.0,0.41,472.84,0.0,472.84,60.62,0.0,208.0,0.0,533.86
bz_nbr7008_043,period_2,2,112,1,1,682.0,18.81,5465.22,8.15,1,7.67,8.83,0.0,8.83,2.31,0.0,0.0,0.0,0.0,0.0,682.0,0.0,11.14
bz_nbr7008_043,period_2,2,113,1,1,208.0,1410.89,5465.22,2004.41,1,235.95,489.48,489.48,0.0,0.36,617.26,0.0,617.26,67.83,0.0,208.0,0.0,1174.94
bz_nbr7008_043,period_2,2,114,1,1,120.0,709.65,5465.22,1747.51,1,709.24,0.0,0.0,0.0,0.41,0.0,0.0,0.0,0.0,0.0,120.0,0.0,0.41
bz_nbr7008_043,period_2,2,115,1,1,746.0,139.68,5465.22,55.33,1,137.16,0.0,0.0,0.0,2.52,0.0,0.0,0.0,0.0,0.0,746.0,0.0,2.52
bz_nbr7008_043,period_2,2,116,1,1,120.0,814.72,5465.22,2006.24,1,257.43,556.89,556.89,0.0,0.41,0.0,0.0,0.0,0.0,0.0,120.0,0.0,557.29
bz_nbr7008_043,period_2,2,117,1,0,208.0,1408.99,5465.22,0.0,0,0.0,0.0,0.0,0.0,0.0,0.0,0.0,0.0,0.0,0.0,208.0,0.0,1408.99
bz_nbr7008_043,period_2,2,118,1,1,208.0,1415.04,5465.22,2010.31,1,0.0,815.96,815.96,0.0,0.41,530.64,0.0,530.64,68.03,0.0,208.0,0.0,1415.04
bz_nbr7008_043,period_2,2,119,1,1,258.0,939.18,5465.22,1075.69,1,938.31,0.0,0.0,0.0,0.87,0.0,0.0,0.0,0.0,0.0,258.0,0.0,0.87
bz_nbr7008_043,period_2,2,120,1,1,556.0,37.55,5465.22,19.96,1,32.77,2.89,0.0,2.89,1.88,0.0,0.0,0.0,0.0,0.0,556.0,0.0,4.78
bz_nbr7008_043,period_2,2,121,1,1,432.0,262.14,5465.22,179.31,1,260.68,0.0,0.0,0.0,1.46,0.0,0.0,0.0,0.0,0.0,432.0,0.0,1.46
bz_nbr7008_043,period_2,2,122,1,1,120.0,27.02,5944.29,66.54,1,26.61,0.0,0.0,0.0,0.41,0.0,0.0,0.0,0.0,0.0,120.0,0.0,0.41
bz_nbr7008_043,period_2,2,123,1,1,107.0,220.99,5944.29,610.3,1,220.63,0.0,0.0,0.0,0.36,0.0,0.0,0.0,0.0,0.0,107.0,0.0,0.36
bz_nbr7008_043,period_2,2,124,1,1,536.0,143.14,5944.29,78.91,1,141.33,0.0,0.0,0.0,1.81,0.0,0.0,0.0,0.0,0.0,536.0,0.0,1.81
bz_nbr7008_043,period_2,2,125,1,1,555.0,23.45,5742.24,12.49,1,17.32,4.25,0.0,4.25,1.88,0.0,0.0,0.0,0.0,0.0,555.0,0.0,6.13
bz_nbr7008_043,period_3,3,102,0,1,1020.0,10704.7,5742.24,3101.21,2,9846.6,508.43,508.43,0.0,3.34,241.38,0.0,241.38,104.95,0.0,1020.0,0.0,0.0
bz_nbr7008_043,period_3,3,105,0,1,1020.0,9853.38,5742.24,2854.58,2,9531.25,0.0,0.0,0.0,3.34,222.18,0.0,222.18,96.6,0.0,1020.0,0.0,0.0
bz_nbr7008_043,period_3,3,11,0,1,900.0,5230.32,5465.22,1717.29,2,4460.81,266.97,266.97,0.0,2.75,441.67,0.0,441.67,58.11,0.0,900.0,0.0,0.0
bz_nbr7008_043,period_3,3,17,0,1,900.0,7313.56,5465.22,2401.28,1,7100.55,15.01,15.01,0.0,2.96,113.77,0.0,113.77,81.26,0.0,900.0,0.0,0.0
bz_nbr7008_043,period_3,3,45,0,1,900.0,6951.6,5465.22,2282.44,1,6763.26,0.0,0.0,0.0,2.96,108.14,0.0,108.14,77.24,0.0,900.0,0.0,0.0
bz_nbr7008_043,period_3,3,46,0,1,900.0,7048.48,5465.22,2314.25,1,6857.56,0.0,0.0,0.0,2.96,109.64,0.0,109.64,78.32,0.0,900.0,0.0,0.0
bz_nbr7008_043,period_3,3,47,0,1,1200.0,6515.67,5944.29,1604.48,2,5449.86,367.17,367.17,0.0,3.63,640.71,640.71,0.0,54.3,0.0,1200.0,0.0,0.0
bz_nbr7008_043,period_3,3,48,0,1,1200.0,7938.31,5944.29,1954.81,2,7345.79,0.0,0.0,0.0,3.76,522.61,0.0,522.61,66.15,0.0,1200.0,0.0,0.0
bz_nbr7008_043,period_3,3,53,0,1,1200.0,9660.37,5944.29,2378.86,2,9479.28,0.0,0.0,0.0,3.99,96.6,0.0,96.6,80.5,0.0,1200.0,0.0,0.0
bz_nbr7008_043,period_3,3,54,0,1,1200.0,8989.13,5944.29,2213.57,2,8341.14,0.0,0.0,0.0,3.77,569.31,0.0,569.31,74.91,0.0,1200.0,0.0,0.0
bz_nbr7008_043,period_3,3,55,0,1,1200.0,9265.22,5944.29,2281.56,2,7625.02,0.0,0.0,0.0,3.34,1559.65,1559.65,0.0,77.21,0.0,1200.0,0.0,0.0
bz_nbr7008_043,period_3,3,65,0,1,1200.0,8585.18,5944.29,2114.1,2,7966.14,0.0,0.0,0.0,3.77,543.73,0.0,543.73,71.54,0.0,1200.0,0.0,0.0
bz_nbr7008_043,period_3,3,7,0,1,900.0,7226.15,5465.22,2372.58,1,5297.43,176.08,176.08,0.0,2.31,1670.04,1670.04,0.0,80.29,0.0,900.0,0.0,0.0
bz_nbr7008_043,period_3,3,74,0,1,1200.0,8979.55,5944.29,2211.21,2,8332.25,0.0,0.0,0.0,3.77,568.7,0.0,568.7,74.83,0.0,1200.0,0.0,0.0
bz_nbr7008_043,period_3,3,79,0,1,1200.0,7062.24,5944.29,1739.07,2,6552.34,0.0,0.0,0.0,3.77,447.28,0.0,447.28,58.85,0.0,1200.0,0.0,0.0
bz_nbr7008_043,period_3,3,80,0,1,1200.0,6940.45,5944.29,1709.08,2,6439.28,0.0,0.0,0.0,3.77,439.56,0.0,439.56,57.84,0.0,1200.0,0.0,0.0
bz_nbr7008_043,period_3,3,85,0,1,1020.0,12497.66,5742.24,3620.64,2,12102.23,0.0,0.0,0.0,3.34,269.56,0.0,269.56,122.53,0.0,1020.0,0.0,0.0
bz_nbr7008_043,period_3,3,91,0,1,1020.0,11863.88,5742.24,3437.03,2,11100.87,573.51,573.51,0.0,3.4,69.79,0.0,69.79,116.31,0.0,1020.0,0.0,0.0
bz_nbr7008_043,period_3,3,109,1,1,208.0,1690.24,5465.22,2401.27,1,0.0,869.14,869.14,0.0,0.36,739.48,0.0,739.48,81.26,0.0,208.0,0.0,1690.24
bz_nbr7008_043,period_3,3,110,1,0,208.0,1549.33,5465.22,0.0,0,0.0,0.0,0.0,0.0,0.0,0.0,0.0,0.0,0.0,0.0,208.0,0.0,1549.33
bz_nbr7008_043,period_3,3,111,1,0,208.0,1666.34,5465.22,0.0,0,0.0,0.0,0.0,0.0,0.0,0.0,0.0,0.0,0.0,0.0,208.0,0.0,1666.34
bz_nbr7008_043,period_3,3,112,1,0,208.0,1628.98,5465.22,0.0,0,0.0,0.0,0.0,0.0,0.0,0.0,0.0,0.0,0.0,0.0,208.0,0.0,1628.98
bz_nbr7008_043,period_3,3,113,1,1,222.0,1205.4,5944.29,1604.48,1,532.16,48.46,48.46,0.0,0.36,570.12,0.0,570.12,54.3,0.0,222.0,0.0,673.24
bz_nbr7008_043,period_3,3,114,1,1,202.0,1445.17,5944.29,2114.09,1,389.76,468.35,468.35,0.0,0.41,515.11,0.0,515.11,71.54,0.0,202.0,0.0,1055.41
bz_nbr7008_043,period_3,3,115,1,1,746.0,53.88,5944.29,21.34,1,51.36,0.0,0.0,0.0,2.52,0.0,0.0,0.0,0.0,0.0,746.0,0.0,2.52
bz_nbr7008_043,period_3,3,116,1,1,203.0,1317.86,5944.29,1918.36,1,778.62,0.0,0.0,0.0,0.41,473.91,0.0,473.91,64.92,0.0,203.0,0.0,539.24
bz_nbr7008_043,period_3,3,117,1,1,536.0,905.99,5944.29,499.48,1,904.18,0.0,0.0,0.0,1.81,0.0,0.0,0.0,0.0,0.0,536.0,0.0,1.81
bz_nbr7008_043,period_3,3,118,1,1,222.0,1283.98,5944.29,1709.08,1,693.64,0.0,0.0,0.0,0.41,532.1,0.0,532.1,57.84,0.0,222.0,0.0,590.34
bz_nbr7008_043,period_3,3,119,1,1,258.0,490.11,5742.24,561.35,1,489.24,0.0,0.0,0.0,0.87,0.0,0.0,0.0,0.0,0.0,258.0,0.0,0.87
bz_nbr7008_043,period_3,3,120,1,1,432.0,90.92,5742.24,62.19,1,87.84,1.62,0.0,1.62,1.46,0.0,0.0,0.0,0.0,0.0,432.0,0.0,3.08
bz_nbr7008_043,period_4,4,1,0,1,900.0,5947.1,5465.22,1952.63,1,5538.04,247.51,247.51,0.0,2.96,92.51,0.0,92.51,66.08,0.0,900.0,0.0,0.0
bz_nbr7008_043,period_4,4,105,0,1,1020.0,9853.38,5742.24,2854.58,2,9091.12,256.66,249.35,7.31,3.28,405.73,0.0,405.73,96.6,0.0,1020.0,0.0,0.0
bz_nbr7008_043,period_4,4,22,0,1,900.0,4577.23,5465.22,1502.85,1,4452.21,0.0,0.0,0.0,2.96,71.2,0.0,71.2,50.86,0.0,900.0,0.0,0.0
bz_nbr7008_043,period_4,4,24,0,1,900.0,6122.76,5465.22,2010.3,1,4637.38,0.0,0.0,0.0,2.31,1415.04,1415.04,0.0,68.03,0.0,900.0,0.0,0.0
bz_nbr7008_043,period_4,4,27,0,1,900.0,6973.57,5465.22,2289.65,1,5056.27,225.83,225.83,0.0,2.31,1611.67,1611.67,0.0,77.48,0.0,900.0,0.0,0.0
bz_nbr7008_043,period_4,4,32,0,1,900.0,6276.23,5465.22,2060.69,1,4753.68,0.0,0.0,0.0,2.31,1450.51,1450.51,0.0,69.74,0.0,900.0,0.0,0.0
bz_nbr7008_043,period_4,4,33,0,1,900.0,6252.38,5465.22,2052.86,1,4724.07,11.54,11.54,0.0,2.31,1444.99,1444.99,0.0,69.47,0.0,900.0,0.0,0.0
bz_nbr7008_043,period_4,4,57,0,1,1200.0,7291.92,5944.29,1795.63,2,5708.82,0.0,0.0,0.0,3.18,1519.15,1519.15,0.0,60.77,0.0,1200.0,0.0,0.0
bz_nbr7008_043,period_4,4,6,0,1,900.0,5206.75,5465.22,1709.55,1,5064.94,0.0,0.0,0.0,2.96,80.99,0.0,80.99,57.85,0.0,900.0,0.0,0.0
bz_nbr7008_043,period_4,4,81,0,1,1200.0,8718.14,5944.29,2146.84,2,7169.11,5.49,0.0,5.49,3.34,1467.55,1467.55,0.0,72.65,0.0,1200.0,0.0,0.0
bz_nbr7008_043,period_4,4,82,0,1,1020.0,9316.86,5742.24,2699.14,2,9012.09,0.0,0.0,0.0,3.34,210.09,0.0,210.09,91.34,0.0,1020.0,0.0,0.0
bz_nbr7008_043,period_4,4,85,0,1,1020.0,12497.66,5742.24,3620.64,2,11150.58,939.4,932.09,7.31,3.34,281.81,0.0,281.81,122.53,0.0,1020.0,0.0,0.0
bz_nbr7008_043,period_4,4,9,0,1,900.0,5999.95,5465.22,1969.98,1,4721.6,249.17,249.17,0.0,2.52,959.99,959.99,0.0,66.67,0.0,900.0,0.0,0.0
bz_nbr7008_043,period_4,4,90,0,1,1020.0,10644.79,5742.24,3083.85,2,10291.1,16.4,0.0,16.4,3.34,229.59,0.0,229.59,104.36,0.0,1020.0,0.0,0.0
bz_nbr7008_043,period_4,4,95,0,1,1020.0,10624.15,5742.24,3077.87,2,10270.78,16.72,0.0,16.72,3.34,229.15,0.0,229.15,104.16,0.0,1020.0,0.0,0.0
bz_nbr7008_043,period_4,4,98,0,1,1020.0,9244.46,5742.24,2678.17,2,8874.14,221.91,221.91,0.0,3.4,54.38,0.0,54.38,90.63,0.0,1020.0,0.0,0.0
bz_nbr7008_043,period_4,4,109,1,1,682.0,176.08,5465.22,76.29,1,173.77,0.0,0.0,0.0,2.31,0.0,0.0,0.0,0.0,0.0,682.0,0.0,2.31
bz_nbr7008_043,period_4,4,110,1,1,208.0,1670.04,5465.22,2372.58,1,514.23,448.84,448.84,0.0,0.41,626.26,0.0,626.26,80.29,0.0,208.0,0.0,1155.81
bz_nbr7008_043,period_4,4,111,1,1,258.0,176.3,5465.22,201.92,1,175.43,0.0,0.0,0.0,0.87,0.0,0.0,0.0,0.0,0.0,258.0,0.0,0.87
bz_nbr7008_043,period_4,4,112,1,1,556.0,90.67,5465.22,48.19,1,79.38,9.41,0.0,9.41,1.88,0.0,0.0,0.0,0.0,0.0,556.0,0.0,11.29
bz_nbr7008_043,period_4,4,113,1,1,876.0,15.01,5465.22,5.06,1,12.05,0.0,0.0,0.0,2.96,0.0,0.0,0.0,0.0,0.0,876.0,0.0,2.96
bz_nbr7008_043,period_4,4,114,1,1,536.0,367.17,5944.29,202.42,1,365.36,0.0,0.0,0.0,1.81,0.0,0.0,0.0,0.0,0.0,536.0,0.0,1.81
bz_nbr7008_043,period_4,4,115,1,1,118.0,640.71,5944.29,1604.49,1,333.04,247.58,247.58,0.0,0.36,5.43,0.0,5.43,54.3,0.0,118.0,0.0,307.67
bz_nbr7008_043,period_4,4,116,1,1,202.0,1559.65,5944.29,2281.56,1,926.12,0.0,0.0,0.0,0.41,555.91,0.0,555.91,77.21,0.0,202.0,0.0,633.53
bz_nbr7008_043,period_4,4,117,1,1,746.0,573.51,5742.24,227.17,2,508.0,9.41,0.0,9.41,2.29,46.13,0.0,46.13,7.69,0.0,746.0,0.0,65.51
bz_nbr7008_043,period_4,4,118,1,1,555.0,508.43,5742.24,270.7,1,506.55,0.0,0.0,0.0,1.88,0.0,0.0,0.0,0.0,0.0,555.0,0.0,1.88
bz_nbr7008_043,period_5,5,102,0,1,1020.0,10704.7,5742.24,3101.21,2,10365.52,0.0,0.0,0.0,3.34,230.89,0.0,230.89,104.95,0.0,1020.0,0.0,0.0
bz_nbr7008_043,period_5,5,22,0,1,900.0,4577.23,5465.22,1502.85,1,3310.32,481.17,481.17,0.0,2.52,732.36,732.36,0.0,50.86,0.0,900.0,0.0,0.0
bz_nbr7008_043,period_5,5,35,0,1,900.0,6177.02,5465.22,2028.12,1,4678.5,0.0,0.0,0.0,2.31,1427.58,1427.58,0.0,68.63,0.0,900.0,0.0,0.0
bz_nbr7008_043,period_5,5,36,0,1,900.0,5907.96,5465.22,1939.78,1,4474.61,0.0,0.0,0.0,2.31,1365.4,1365.4,0.0,65.64,0.0,900.0,0.0,0.0
bz_nbr7008_043,period_5,5,40,0,1,900.0,5820.72,5465.22,1911.13,1,4408.5,0.0,0.0,0.0,2.31,1345.23,1345.23,0.0,64.67,0.0,900.0,0.0,0.0
bz_nbr7008_043,period_5,5,42,0,1,900.0,6107.69,5465.22,2005.36,1,4620.2,5.77,0.0,5.77,2.31,1411.56,1411.56,0.0,67.86,0.0,900.0,0.0,0.0
bz_nbr7008_043,period_5,5,43,0,1,900.0,7210.13,5465.22,2367.32,2,6918.8,0.0,0.0,0.0,2.92,208.29,0.0,208.29,80.11,0.0,900.0,0.0,0.0
bz_nbr7008_043,period_5,5,44,0,1,900.0,4606.0,5465.22,1512.3,2,2091.46,547.56,547.56,0.0,1.75,1914.05,1914.05,0.0,51.18,0.0,900.0,0.0,0.0
bz_nbr7008_043,period_5,5,45,0,1,900.0,6951.6,5465.22,2282.44,1,6763.26,0.0,0.0,0.0,2.96,108.14,0.0,108.14,77.24,0.0,900.0,0.0,0.0
bz_nbr7008_043,period_5,5,47,0,1,1200.0,6515.67,5944.29,1604.48,2,5807.97,9.07,9.07,0.0,3.63,640.71,640.71,0.0,54.3,0.0,1200.0,0.0,0.0
bz_nbr7008_043,period_5,5,5,0,1,900.0,6953.28,5465.22,2282.99,1,6764.89,0.0,0.0,0.0,2.96,108.16,0.0,108.16,77.26,0.0,900.0,0.0,0.0
bz_nbr7008_043,period_5,5,61,0,1,1200.0,8806.08,5944.29,2168.49,2,8640.65,0.0,0.0,0.0,3.99,88.06,0.0,88.06,73.38,0.0,1200.0,0.0,0.0
bz_nbr7008_043,period_5,5,65,0,1,1200.0,8585.18,5944.29,2114.1,2,7966.14,0.0,0.0,0.0,3.77,543.73,0.0,543.73,71.54,0.0,1200.0,0.0,0.0
bz_nbr7008_043,period_5,5,67,0,1,1200.0,9172.97,5944.29,2258.84,2,8511.8,0.0,0.0,0.0,3.77,580.95,0.0,580.95,76.44,0.0,1200.0,0.0,0.0
bz_nbr7008_043,period_5,5,7,0,1,900.0,7226.15,5465.22,2372.58,1,7030.49,0.0,0.0,0.0,2.96,112.41,0.0,112.41,80.29,0.0,900.0,0.0,0.0
bz_nbr7008_043,period_5,5,76,0,1,1200.0,7790.32,5944.29,1918.36,2,6340.21,738.8,738.8,0.0,3.69,642.7,0.0,642.7,64.92,0.0,1200.0,0.0,0.0
bz_nbr7008_043,period_5,5,78,0,1,1200.0,7641.03,5944.29,1881.6,2,7496.96,0.0,0.0,0.0,3.99,76.41,0.0,76.41,63.68,0.0,1200.0,0.0,0.0
bz_nbr7008_043,period_5,5,80,0,1,1200.0,6940.45,5944.29,1709.08,2,6809.22,0.0,0.0,0.0,3.99,69.4,0.0,69.4,57.84,0.0,1200.0,0.0,0.0
bz_nbr7008_043,period_5,5,85,0,1,1020.0,12497.66,5742.24,3620.64,2,12045.44,44.54,44.54,0.0,3.34,281.81,0.0,281.81,122.53,0.0,1020.0,0.0,0.0
bz_nbr7008_043,period_5,5,87,0,1,1020.0,10581.66,5742.24,3065.56,2,10241.22,5.12,0.0,5.12,3.34,228.23,0.0,228.23,103.74,0.0,1020.0,0.0,0.0
bz_nbr7008_043,period_5,5,88,0,1,1020.0,10102.75,5742.24,2926.82,2,9307.2,0.0,0.0,0.0,3.18,693.33,0.0,693.33,99.05,0.0,1020.0,0.0,0.0
bz_nbr7008_043,period_5,5,90,0,1,1020.0,10644.79,5742.24,3083.85,2,10307.49,0.0,0.0,0.0,3.34,229.59,0.0,229.59,104.36,0.0,1020.0,0.0,0.0
bz_nbr7008_043,period_5,5,93,0,1,1020.0,10845.6,5742.24,3142.03,2,10484.06,7.31,7.31,0.0,3.34,244.56,0.0,244.56,106.33,0.0,1020.0,0.0,0.0
bz_nbr7008_043,period_5,5,94,0,1,1020.0,10296.48,5742.24,2982.95,2,9957.1,13.01,13.01,0.0,3.34,222.08,0.0,222.08,100.95,0.0,1020.0,0.0,0.0
bz_nbr7008_043,period_5,5,109,1,1,876.0,247.51,5465.22,83.49,1,240.76,3.79,0.0,3.79,2.96,0.0,0.0,0.0,0.0,0.0,876.0,0.0,6.75
bz_nbr7008_043,period_5,5,110,1,1,746.0,249.17,5465.22,98.7,1,246.65,0.0,0.0,0.0,2.52,0.0,0.0,0.0,0.0,0.0,746.0,0.0,2.52
bz_nbr7008_043,period_5,5,111,1,1,144.0,959.99,5465.22,1969.98,1,0.0,799.59,799.59,0.0,0.41,93.33,0.0,93.33,66.67,0.0,144.0,0.0,959.99
bz_nbr7008_043,period_5,5,112,1,1,208.0,1415.04,5465.22,2010.31,1,249.12,566.84,566.84,0.0,0.41,530.64,0.0,530.64,68.03,0.0,208.0,0.0,1165.92
bz_nbr7008_043,period_5,5,113,1,1,682.0,225.83,5465.22,97.85,1,223.52,0.0,0.0,0.0,2.31,0.0,0.0,0.0,0.0,0.0,682.0,0.0,2.31
bz_nbr7008_043,period_5,5,114,1,1,208.0,1611.67,5465.22,2289.65,1,550.03,278.69,278.69,0.0,0.36,705.11,0.0,705.11,77.48,0.0,208.0,0.0,1061.64
bz_nbr7008_043,period_5,5,115,1,1,208.0,1450.51,5465.22,2060.7,1,0.0,745.81,745.81,0.0,0.36,634.6,0.0,634.6,69.74,0.0,208.0,0.0,1450.51
bz_nbr7008_043,period_5,5,116,1,1,682.0,11.54,5465.22,5.0,1,9.23,0.0,0.0,0.0,2.31,0.0,0.0,0.0,0.0,0.0,682.0,0.0,2.31
bz_nbr7008_043,period_5,5,117,1,0,208.0,1444.99,5465.22,0.0,0,0.0,0.0,0.0,0.0,0.0,0.0,0.0,0.0,0.0,0.0,208.0,0.0,1444.99
bz_nbr7008_043,period_5,5,118,1,1,250.0,1519.15,5944.29,1795.63,2,1457.57,0.0,0.0,0.0,0.81,0.0,0.0,0.0,60.77,0.0,250.0,0.0,61.58
bz_nbr7008_043,period_5,5,119,1,1,202.0,1467.55,5944.29,2146.83,1,871.41,0.0,0.0,0.0,0.41,523.09,0.0,523.09,72.65,0.0,202.0,0.0,596.14
bz_nbr7008_043,period_5,5,120,1,1,555.0,932.09,5742.24,496.27,1,930.21,0.0,0.0,0.0,1.88,0.0,0.0,0.0,0.0,0.0,555.0,0.0,1.88
bz_nbr7008_043,period_5,5,121,1,1,258.0,221.91,5742.24,254.16,1,221.04,0.0,0.0,0.0,0.87,0.0,0.0,0.0,0.0,0.0,258.0,0.0,0.87
bz_nbr7008_043,period_5,5,122,1,1,536.0,249.35,5742.24,137.47,1,247.54,0.0,0.0,0.0,1.81,0.0,0.0,0.0,0.0,0.0,536.0,0.0,1.81
bz_nbr7008_075,period_1,1,1,0,1,1000.0,6006.21,5355.26,1017.57,5,4129.79,1456.49,1456.49,0.0,5.5,354.37,354.37,0.0,60.06,0.0,1000.0,0.0,0.0
bz_nbr7008_075,period_1,1,2,0,1,1000.0,6606.91,5355.26,1119.34,5,6138.94,0.0,0.0,0.0,5.49,396.41,396.41,0.0,66.07,0.0,1000.0,0.0,0.0
bz_nbr7008_075,period_1,1,3,0,1,1000.0,6948.64,5355.26,1177.24,2,6859.42,0.0,0.0,0.0,5.83,13.9,0.0,13.9,69.49,0.0,1000.0,0.0,0.0
bz_nbr7008_075,period_1,1,4,0,1,1000.0,7071.97,5355.26,1198.13,2,5937.53,591.52,591.52,0.0,5.45,466.75,466.75,0.0,70.72,0.0,1000.0,0.0,0.0
bz_nbr7008_075,period_1,1,7,0,1,1000.0,6173.57,5355.26,1045.92,2,6072.94,20.72,20.72,0.0,5.83,12.35,0.0,12.35,61.74,0.0,1000.0,0.0,0.0
bz_nbr7008_075,period_1,1,8,0,1,1000.0,7395.89,5355.26,1253.01,2,6828.35,0.0,0.0,0.0,5.45,488.13,488.13,0.0,73.96,0.0,1000.0,0.0,0.0
bz_nbr7008_075,period_2,2,1,0,1,1000.0,6006.21,5355.26,1017.57,2,5407.04,137.25,137.25,0.0,5.45,396.41,396.41,0.0,60.06,0.0,1000.0,0.0,0.0
bz_nbr7008_075,period_2,2,2,0,1,1000.0,6606.91,5355.26,1119.34,2,4940.93,1587.47,1587.47,0.0,5.84,6.61,0.0,6.61,66.07,0.0,1000.0,0.0,0.0
bz_nbr7008_075,period_2,2,5,0,1,1000.0,7567.23,5355.26,1282.04,3,6457.37,0.0,0.0,0.0,5.04,1029.14,1029.14,0.0,75.67,0.0,1000.0,0.0,0.0
bz_nbr7008_075,period_2,2,7,0,1,1000.0,6173.57,5355.26,1045.92,2,4625.41,1073.51,1073.51,0.0,5.45,407.46,407.46,0.0,61.74,0.0,1000.0,0.0,0.0
bz_nbr7008_075,period_2,2,9,0,1,1000.0,7560.04,5355.26,1280.82,2,7463.49,0.0,0.0,0.0,5.83,15.12,0.0,15.12,75.6,0.0,1000.0,0.0,0.0
bz_nbr7008_075,period_2,2,12,1,1,495.0,1247.14,5355.26,426.85,3,904.89,95.52,95.52,0.0,2.35,219.19,219.19,0.0,25.19,0.0,495.0,0.0,342.25
bz_nbr7008_075,period_2,2,13,1,1,38.0,209.35,5355.26,933.37,1,0.0,209.13,209.13,0.0,0.22,0.0,0.0,0.0,0.0,0.0,38.0,0.0,209.35
bz_nbr7008_075,period_2,2,14,1,1,59.0,354.37,5355.26,1017.58,1,0.0,228.01,228.01,0.0,0.22,66.07,0.0,66.07,60.06,0.0,59.0,0.0,354.37
bz_nbr7008_075,period_2,2,15,1,1,60.0,396.41,5355.26,1119.33,1,153.12,97.72,97.72,0.0,0.22,79.28,0.0,79.28,66.07,0.0,60.0,0.0,243.29
bz_nbr7008_075,period_2,2,16,1,1,180.0,536.14,5355.26,504.63,1,535.08,0.0,0.0,0.0,1.06,0.0,0.0,0.0,0.0,0.0,180.0,0.0,1.06
bz_nbr7008_075,period_2,2,17,1,1,744.0,55.37,5355.26,12.61,1,50.98,0.0,0.0,0.0,4.39,0.0,0.0,0.0,0.0,0.0,744.0,0.0,4.39
bz_nbr7008_075,period_2,2,18,1,1,66.0,466.75,5355.26,1198.13,1,268.51,0.0,0.0,0.0,0.22,127.3,0.0,127.3,70.72,0.0,66.0,0.0,198.24
bz_nbr7008_075,period_2,2,19,1,1,494.0,20.72,5355.26,7.11,1,11.99,5.82,0.0,5.82,2.92,0.0,0.0,0.0,0.0,0.0,494.0,0.0,8.73
bz_nbr7008_075,period_2,2,20,1,1,66.0,488.13,5355.26,1253.01,1,280.82,0.0,0.0,0.0,0.22,133.13,0.0,133.13,73.96,0.0,66.0,0.0,207.31
bz_nbr7008_075,period_3,3,1,0,1,1000.0,6006.21,5355.26,1017.57,2,5740.01,188.3,188.3,0.0,5.83,12.01,0.0,12.01,60.06,0.0,1000.0,0.0,0.0
bz_nbr7008_075,period_3,3,2,0,1,1000.0,6606.91,5355.26,1119.34,3,5486.91,150.35,150.35,0.0,5.04,898.54,898.54,0.0,66.07,0.0,1000.0,0.0,0.0
bz_nbr7008_075,period_3,3,3,0,1,1000.0,6948.64,5355.26,1177.24,2,5287.3,1127.79,1127.79,0.0,5.45,458.61,458.61,0.0,69.49,0.0,1000.0,0.0,0.0
bz_nbr7008_075,period_3,3,4,0,1,1000.0,7071.97,5355.26,1198.13,3,6034.42,0.0,0.0,0.0,5.04,961.79,961.79,0.0,70.72,0.0,1000.0,0.0,0.0
bz_nbr7008_075,period_3,3,6,0,1,1000.0,7251.61,5355.26,1228.57,2,6695.03,0.0,0.0,0.0,5.45,478.61,478.61,0.0,72.52,0.0,1000.0,0.0,0.0
bz_nbr7008_075,period_3,3,7,0,1,1000.0,6173.57,5355.26,1045.92,2,3396.95,2702.87,2702.87,0.0,5.84,6.17,0.0,6.17,61.74,0.0,1000.0,0.0,0.0
bz_nbr7008_075,period_3,3,12,1,1,180.0,137.25,5355.26,129.18,1,136.19,0.0,0.0,0.0,1.06,0.0,0.0,0.0,0.0,0.0,180.0,0.0,1.06
bz_nbr7008_075,period_3,3,13,1,1,66.0,396.41,5355.26,1017.57,1,49.01,179.0,179.0,0.0,0.22,108.11,0.0,108.11,60.06,0.0,66.0,0.0,347.4
bz_nbr7008_075,period_3,3,14,1,1,495.0,1587.47,5355.26,543.33,1,1584.55,0.0,0.0,0.0,2.92,0.0,0.0,0.0,0.0,0.0,495.0,0.0,2.92
bz_nbr7008_075,period_3,3,15,1,1,136.0,1029.14,5355.26,1282.03,3,860.87,1.12,1.12,0.0,0.67,90.81,0.0,90.81,75.67,0.0,136.0,0.0,168.27
bz_nbr7008_075,period_3,3,16,1,1,744.0,1073.51,5355.26,244.45,1,1069.12,0.0,0.0,0.0,4.39,0.0,0.0,0.0,0.0,0.0,744.0,0.0,4.39
bz_nbr7008_075,period_3,3,17,1,1,66.0,407.46,5355.26,1045.94,1,0.0,234.37,234.37,0.0,0.22,111.13,0.0,111.13,61.74,0.0,66.0,0.0,407.46
bz_nbr7008_075,period_4,4,1,0,1,1000.0,6006.21,5355.26,1017.57,2,5544.28,0.0,0.0,0.0,5.45,396.41,396.41,0.0,60.06,0.0,1000.0,0.0,0.0
bz_nbr7008_075,period_4,4,2,0,1,1000.0,6606.91,5355.26,1119.34,2,4633.86,1894.54,1894.54,0.0,5.84,6.61,0.0,6.61,66.07,0.0,1000.0,0.0,0.0
bz_nbr7008_075,period_4,4,3,0,1,1000.0,6948.64,5355.26,1177.24,2,4174.86,2240.23,2240.23,0.0,5.45,458.61,458.61,0.0,69.49,0.0,1000.0,0.0,0.0
bz_nbr7008_075,period_4,4,4,0,1,1000.0,7071.97,5355.26,1198.13,2,4762.53,0.0,0.0,0.0,3.98,2234.74,2234.74,0.0,70.72,0.0,1000.0,0.0,0.0
bz_nbr7008_075,period_4,4,7,0,1,1000.0,6173.57,5355.26,1045.92,2,6054.37,39.28,39.28,0.0,5.83,12.35,0.0,12.35,61.74,0.0,1000.0,0.0,0.0
bz_nbr7008_075,period_4,4,12,1,1,494.0,188.3,5355.26,64.58,1,185.38,0.0,0.0,0.0,2.92,0.0,0.0,0.0,0.0,0.0,494.0,0.0,2.92
bz_nbr7008_075,period_4,4,13,1,1,180.0,150.35,5355.26,141.51,1,149.29,0.0,0.0,0.0,1.06,0.0,0.0,0.0,0.0,0.0,180.0,0.0,1.06
bz_nbr7008_075,period_4,4,14,1,0,136.0,898.54,5355.26,0.0,0,0.0,0.0,0.0,0.0,0.0,0.0,0.0,0.0,0.0,0.0,136.0,0.0,898.54
bz_nbr7008_075,period_4,4,15,1,1,744.0,1127.79,5355.26,256.81,1,1123.4,0.0,0.0,0.0,4.39,0.0,0.0,0.0,0.0,0.0,744.0,0.0,4.39
bz_nbr7008_075,period_4,4,16,1,1,66.0,458.61,5355.26,1177.24,1,0.0,263.82,263.82,0.0,0.22,125.08,0.0,125.08,69.49,0.0,66.0,0.0,458.61
bz_nbr7008_075,period_4,4,17,1,1,136.0,961.79,5355.26,1198.13,3,379.51,426.02,426.02,0.0,0.67,84.86,0.0,84.86,70.72,0.0,136.0,0.0,582.28
bz_nbr7008_075,period_4,4,18,1,1,66.0,478.61,5355.26,1228.58,1,275.34,0.0,0.0,0.0,0.22,130.53,0.0,130.53,72.52,0.0,66.0,0.0,203.27
bz_nbr7008_075,period_4,4,19,1,1,495.0,2702.87,5355.26,925.09,2,1963.6,0.0,0.0,0.0,2.12,682.54,682.54,0.0,54.6,0.0,495.0,0.0,739.27
bz_nbr7008_075,period_5,5,1,0,1,1000.0,6006.21,5355.26,1017.57,3,1885.12,3245.14,3245.14,0.0,5.05,810.84,810.84,0.0,60.06,0.0,1000.0,0.0,0.0
bz_nbr7008_075,period_5,5,10,0,1,1000.0,7523.85,5355.26,1274.69,2,6883.31,63.28,63.28,0.0,5.45,496.57,496.57,0.0,75.24,0.0,1000.0,0.0,0.0
bz_nbr7008_075,period_5,5,11,0,1,1000.0,7895.06,5355.26,1337.58,2,7794.49,0.0,0.0,0.0,5.83,15.79,0.0,15.79,78.95,0.0,1000.0,0.0,0.0
bz_nbr7008_075,period_5,5,2,0,1,1000.0,6606.91,5355.26,1119.34,3,5615.64,21.62,21.62,0.0,5.04,898.54,898.54,0.0,66.07,0.0,1000.0,0.0,0.0
bz_nbr7008_075,period_5,5,7,0,1,1000.0,6173.57,5355.26,1045.92,2,5698.92,0.0,0.0,0.0,5.45,407.46,407.46,0.0,61.74,0.0,1000.0,0.0,0.0
bz_nbr7008_075,period_5,5,9,0,1,1000.0,7560.04,5355.26,1280.82,2,7463.49,0.0,0.0,0.0,5.83,15.12,0.0,15.12,75.6,0.0,1000.0,0.0,0.0
bz_nbr7008_075,period_5,5,12,1,1,66.0,396.41,5355.26,1017.57,1,226.89,1.12,0.0,1.12,0.22,108.11,0.0,108.11,60.06,0.0,66.0,0.0,169.52
bz_nbr7008_075,period_5,5,13,1,1,495.0,1894.54,5355.26,648.43,1,1891.62,0.0,0.0,0.0,2.92,0.0,0.0,0.0,0.0,0.0,495.0,0.0,2.92
bz_nbr7008_075,period_5,5,14,1,1,180.0,72.63,5355.26,68.36,1,71.57,0.0,0.0,0.0,1.06,0.0,0.0,0.0,0.0,0.0,180.0,0.0,1.06
bz_nbr7008_075,period_5,5,15,1,1,744.0,2167.6,5355.26,493.59,1,2163.21,0.0,0.0,0.0,4.39,0.0,0.0,0.0,0.0,0.0,744.0,0.0,4.39
bz_nbr7008_075,period_5,5,16,1,1,66.0,458.61,5355.26,1177.24,1,262.7,1.12,0.0,1.12,0.22,125.08,0.0,125.08,69.49,0.0,66.0,0.0,195.91
bz_nbr7008_075,period_5,5,17,1,1,316.0,2234.74,5355.26,1198.13,4,1652.56,424.86,423.74,1.12,1.74,84.86,0.0,84.86,70.72,0.0,316.0,0.0,582.18
bz_nbr7008_075,period_5,5,18,1,1,494.0,39.28,5355.26,13.47,1,36.36,0.0,0.0,0.0,2.92,0.0,0.0,0.0,0.0,0.0,494.0,0.0,2.92
bz_nbr7008_095,period_1,1,10,0,1,1000.0,8416.52,5412.45,1125.73,3,8293.24,31.72,31.72,0.0,7.4,0.0,0.0,0.0,84.17,0.0,1000.0,0.0,0.0
bz_nbr7008_095,period_1,1,11,0,1,1000.0,10148.98,5412.45,1357.45,3,10040.09,0.0,0.0,0.0,7.4,0.0,0.0,0.0,101.49,0.0,1000.0,0.0,0.0
bz_nbr7008_095,period_1,1,3,0,1,1000.0,11126.31,5412.45,1488.17,5,9076.87,40.57,40.57,0.0,6.13,1891.47,1891.47,0.0,111.26,0.0,1000.0,0.0,0.0
bz_nbr7008_095,period_1,1,4,0,1,1000.0,9000.68,5412.45,1203.86,4,8657.45,101.93,101.93,0.0,7.28,144.01,0.0,144.01,90.01,0.0,1000.0,0.0,0.0
bz_nbr7008_095,period_1,1,6,0,1,1000.0,9450.33,5412.45,1264.0,3,9348.42,0.0,0.0,0.0,7.4,0.0,0.0,0.0,94.5,0.0,1000.0,0.0,0.0
bz_nbr7008_095,period_1,1,8,0,1,1000.0,10079.29,5412.45,1348.13,3,8702.05,0.0,0.0,0.0,6.46,1269.99,1269.99,0.0,100.79,0.0,1000.0,0.0,0.0
bz_nbr7008_095,period_2,2,10,0,1,1000.0,8416.52,5412.45,1125.73,4,6792.93,1397.48,1397.48,0.0,7.28,134.66,0.0,134.66,84.17,0.0,1000.0,0.0,0.0
bz_nbr7008_095,period_2,2,2,0,1,1000.0,9411.76,5412.45,1258.85,3,9310.24,0.0,0.0,0.0,7.4,0.0,0.0,0.0,94.12,0.0,1000.0,0.0,0.0
bz_nbr7008_095,period_2,2,4,0,1,1000.0,9000.68,5412.45,1203.86,3,8903.27,0.0,0.0,0.0,7.4,0.0,0.0,0.0,90.01,0.0,1000.0,0.0,0.0
bz_nbr7008_095,period_2,2,5,0,1,1000.0,9700.28,5412.45,1297.44,3,8887.2,708.68,708.68,0.0,7.4,0.0,0.0,0.0,97.0,0.0,1000.0,0.0,0.0
bz_nbr7008_095,period_2,2,6,0,1,1000.0,9450.33,5412.45,1264.0,4,6677.8,876.48,876.48,0.0,5.98,1795.56,1795.56,0.0,94.5,0.0,1000.0,0.0,0.0
bz_nbr7008_095,period_2,2,8,0,1,1000.0,10079.29,5412.45,1348.13,3,8677.22,24.82,24.82,0.0,6.46,1269.99,1269.99,0.0,100.79,0.0,1000.0,0.0,0.0
bz_nbr7008_095,period_2,2,12,1,1,200.0,34.45,5412.45,23.04,1,32.95,0.0,0.0,0.0,1.5,0.0,0.0,0.0,0.0,0.0,200.0,0.0,1.5
bz_nbr7008_095,period_2,2,13,1,1,110.0,6.12,5412.45,7.44,1,5.3,0.0,0.0,0.0,0.82,0.0,0.0,0.0,0.0,0.0,110.0,0.0,0.82
bz_nbr7008_095,period_2,2,14,1,1,170.0,1891.47,5412.45,1488.17,1,1223.07,0.0,0.0,0.0,0.82,556.31,0.0,556.31,111.26,0.0,170.0,0.0,668.4
bz_nbr7008_095,period_2,2,15,1,1,554.0,101.93,5412.45,24.61,1,97.79,0.0,0.0,0.0,4.14,0.0,0.0,0.0,0.0,0.0,554.0,0.0,4.14
bz_nbr7008_095,period_2,2,16,1,1,126.0,1269.99,5412.45,1348.13,1,1107.9,0.0,0.0,0.0,0.82,60.48,0.0,60.48,100.79,0.0,126.0,0.0,162.09
bz_nbr7008_095,period_2,2,17,1,1,330.0,31.72,5412.45,12.86,1,29.25,0.0,0.0,0.0,2.47,0.0,0.0,0.0,0.0,0.0,330.0,0.0,2.47
bz_nbr7008_095,period_3,3,10,0,1,1000.0,8416.52,5412.45,1125.73,4,8190.41,0.0,0.0,0.0,7.28,134.66,0.0,134.66,84.17,0.0,1000.0,0.0,0.0
bz_nbr7008_095,period_3,3,2,0,1,1000.0,9411.76,5412.45,1258.85,3,9310.24,0.0,0.0,0.0,7.4,0.0,0.0,0.0,94.12,0.0,1000.0,0.0,0.0
bz_nbr7008_095,period_3,3,4,0,1,1000.0,9000.68,5412.45,1203.86,3,8903.27,0.0,0.0,0.0,7.4,0.0,0.0,0.0,90.01,0.0,1000.0,0.0,0.0
bz_nbr7008_095,period_3,3,5,0,1,1000.0,9700.28,5412.45,1297.44,3,8309.44,65.15,65.15,0.0,6.46,1222.24,1222.24,0.0,97.0,0.0,1000.0,0.0,0.0
bz_nbr7008_095,period_3,3,6,0,1,1000.0,9450.33,5412.45,1264.0,3,9335.52,12.91,12.91,0.0,7.4,0.0,0.0,0.0,94.5,0.0,1000.0,0.0,0.0
bz_nbr7008_095,period_3,3,8,0,1,1000.0,10079.29,5412.45,1348.13,3,7315.18,2293.33,2293.33,0.0,7.13,362.85,0.0,362.85,100.79,0.0,1000.0,0.0,0.0
bz_nbr7008_095,period_3,3,9,0,1,1000.0,10904.98,5412.45,1458.57,3,9319.52,52.33,52.33,0.0,6.43,1417.65,1417.65,0.0,109.05,0.0,1000.0,0.0,0.0
bz_nbr7008_095,period_3,3,12,1,1,330.0,708.68,5412.45,287.24,2,663.41,0.0,0.0,0.0,2.32,21.48,0.0,21.48,21.48,0.0,330.0,0.0,45.27
bz_nbr7008_095,period_3,3,13,1,1,200.0,7.48,5412.45,5.0,1,5.98,0.0,0.0,0.0,1.5,0.0,0.0,0.0,0.0,0.0,200.0,0.0,1.5
bz_nbr7008_095,period_3,3,14,1,1,200.0,869.0,5412.45,581.15,1,867.5,0.0,0.0,0.0,1.5,0.0,0.0,0.0,0.0,0.0,200.0,0.0,1.5
bz_nbr7008_095,period_3,3,15,1,1,190.0,1795.56,5412.45,1264.0,1,1038.71,0.0,0.0,0.0,0.82,661.52,0.0,661.52,94.5,0.0,190.0,0.0,756.85
bz_nbr7008_095,period_3,3,16,1,1,554.0,20.71,5412.45,5.0,1,16.57,0.0,0.0,0.0,4.14,0.0,0.0,0.0,0.0,0.0,554.0,0.0,4.14
bz_nbr7008_095,period_3,3,17,1,1,110.0,4.11,5412.45,5.0,1,3.29,0.0,0.0,0.0,0.82,0.0,0.0,0.0,0.0,0.0,110.0,0.0,0.82
bz_nbr7008_095,period_3,3,18,1,1,126.0,1269.99,5412.45,1348.13,1,1107.9,0.0,0.0,0.0,0.82,60.48,0.0,60.48,100.79,0.0,126.0,0.0,162.09
bz_nbr7008_095,period_3,3,19,1,1,554.0,823.93,5412.45,198.92,1,819.79,0.0,0.0,0.0,4.14,0.0,0.0,0.0,0.0,0.0,554.0,0.0,4.14
bz_nbr7008_095,period_3,3,20,1,1,110.0,4.11,5412.45,5.0,1,3.29,0.0,0.0,0.0,0.82,0.0,0.0,0.0,0.0,0.0,110.0,0.0,0.82
bz_nbr7008_095,period_3,3,21,1,1,110.0,569.43,5412.45,692.39,1,568.61,0.0,0.0,0.0,0.82,0.0,0.0,0.0,0.0,0.0,110.0,0.0,0.82
bz_nbr7008_095,period_4,4,10,0,1,1000.0,8416.52,5412.45,1125.73,3,7843.51,178.71,178.71,0.0,7.13,302.99,0.0,302.99,84.17,0.0,1000.0,0.0,0.0
bz_nbr7008_095,period_4,4,2,0,1,1000.0,9411.76,5412.45,1258.85,4,8989.46,170.32,170.32,0.0,7.28,150.59,0.0,150.59,94.12,0.0,1000.0,0.0,0.0
bz_nbr7008_095,period_4,4,4,0,1,1000.0,9000.68,5412.45,1203.86,3,8903.27,0.0,0.0,0.0,7.4,0.0,0.0,0.0,90.01,0.0,1000.0,0.0,0.0
bz_nbr7008_095,period_4,4,5,0,1,1000.0,9700.28,5412.45,1297.44,3,7546.77,789.04,789.04,0.0,6.43,1261.04,1261.04,0.0,97.0,0.0,1000.0,0.0,0.0
bz_nbr7008_095,period_4,4,6,0,1,1000.0,9450.33,5412.45,1264.0,3,9348.42,0.0,0.0,0.0,7.4,0.0,0.0,0.0,94.5,0.0,1000.0,0.0,0.0
bz_nbr7008_095,period_4,4,12,1,1,110.0,65.15,5412.45,79.22,1,64.33,0.0,0.0,0.0,0.82,0.0,0.0,0.0,0.0,0.0,110.0,0.0,0.82
bz_nbr7008_095,period_4,4,13,1,1,126.0,1222.24,5412.45,1297.44,1,1066.21,0.0,0.0,0.0,0.82,58.2,0.0,58.2,97.0,0.0,126.0,0.0,156.03
bz_nbr7008_095,period_4,4,14,1,1,330.0,12.91,5412.45,5.23,1,10.44,0.0,0.0,0.0,2.47,0.0,0.0,0.0,0.0,0.0,330.0,0.0,2.47
bz_nbr7008_095,period_4,4,15,1,1,554.0,2293.33,5412.45,553.68,2,2190.02,0.0,0.0,0.0,3.96,57.95,0.0,57.95,41.4,0.0,554.0,0.0,103.31
bz_nbr7008_095,period_4,4,16,1,1,200.0,52.33,5412.45,35.0,1,50.83,0.0,0.0,0.0,1.5,0.0,0.0,0.0,0.0,0.0,200.0,0.0,1.5
bz_nbr7008_095,period_4,4,17,1,1,130.0,1417.65,5412.45,1458.57,1,1198.73,0.0,0.0,0.0,0.82,109.05,0.0,109.05,109.05,0.0,130.0,0.0,218.92
bz_nbr7008_095,period_5,5,10,0,1,1000.0,8416.52,5412.45,1125.73,3,7769.94,252.28,246.43,5.86,7.13,302.99,0.0,302.99,84.17,0.0,1000.0,0.0,0.0
bz_nbr7008_095,period_5,5,11,0,1,1000.0,10148.98,5412.45,1357.45,3,10040.09,0.0,0.0,0.0,7.4,0.0,0.0,0.0,101.49,0.0,1000.0,0.0,0.0
bz_nbr7008_095,period_5,5,3,0,1,1000.0,11126.31,5412.45,1488.17,3,11007.65,0.0,0.0,0.0,7.4,0.0,0.0,0.0,111.26,0.0,1000.0,0.0,0.0
bz_nbr7008_095,period_5,5,6,0,1,1000.0,9450.33,5412.45,1264.0,4,7932.0,0.0,0.0,0.0,6.28,1417.55,1417.55,0.0,94.5,0.0,1000.0,0.0,0.0
bz_nbr7008_095,period_5,5,7,0,1,1000.0,11315.34,5412.45,1513.45,5,11162.05,32.74,32.74,0.0,7.4,0.0,0.0,0.0,113.15,0.0,1000.0,0.0,0.0
bz_nbr7008_095,period_5,5,9,0,1,1000.0,10904.98,5412.45,1458.57,3,10396.22,0.0,0.0,0.0,7.13,392.58,0.0,392.58,109.05,0.0,1000.0,0.0,0.0
bz_nbr7008_095,period_5,5,12,1,1,200.0,7.48,5412.45,5.0,1,5.98,0.0,0.0,0.0,1.5,0.0,0.0,0.0,0.0,0.0,200.0,0.0,1.5
bz_nbr7008_095,period_5,5,13,1,1,110.0,162.84,5412.45,198.0,1,162.02,0.0,0.0,0.0,0.82,0.0,0.0,0.0,0.0,0.0,110.0,0.0,0.82
bz_nbr7008_095,period_5,5,14,1,1,330.0,659.01,5412.45,267.1,1,655.0,1.54,0.0,1.54,2.47,0.0,0.0,0.0,0.0,0.0,330.0,0.0,4.01
bz_nbr7008_095,period_5,5,15,1,1,200.0,130.03,5412.45,86.96,1,128.53,0.0,0.0,0.0,1.5,0.0,0.0,0.0,0.0,0.0,200.0,0.0,1.5
bz_nbr7008_095,period_5,5,16,1,1,130.0,1261.04,5412.45,1297.44,1,1066.21,0.0,0.0,0.0,0.82,97.0,0.0,97.0,97.0,0.0,130.0,0.0,194.83
bz_nbr7008_095,period_5,5,17,1,1,554.0,178.71,5412.45,43.15,1,174.57,0.0,0.0,0.0,4.14,0.0,0.0,0.0,0.0,0.0,554.0,0.0,4.14
