instance,period,period_number,coil_id,processed,used,coil_width,coil_weight,coil_ton_value,used_length,strip_count,strip_produced_weight,strip_leftover_weight,strip_retail_weight,strip_scrap_weight,strip_loss_weight,lateral_leftover_weight,lateral_leftover_retail_weight,lateral_leftover_scrap_weight,edge_trim_weight,rolled_leftover_weight,rolled_leftover_width,rolled_leftover_length,processed_scrap_weight
bf_qcv_045,period_1,1,107,0,1,1000.0,9312.83,5288.27,2629.63,2,8946.23,0.0,0.0,0.0,3.4,270.07,0.0,270.07,93.13,0.0,1000.0,0.0,0.0
bf_qcv_045,period_1,1,111,0,1,1000.0,6331.64,5288.27,1787.84,2,6252.16,0.0,0.0,0.0,3.5,12.66,0.0,12.66,63.32,0.0,1000.0,0.0,0.0
bf_qcv_045,period_1,1,119,0,1,1000.0,8730.4,5288.27,2465.17,2,8386.51,0.0,0.0,0.0,3.4,253.18,0.0,253.18,87.3,0.0,1000.0,0.0,0.0
bf_qcv_045,period_1,1,121,0,1,1000.0,8454.77,5288.27,2387.34,2,8349.64,0.17,0.0,0.17,3.5,16.91,0.0,16.91,84.55,0.0,1000.0,0.0,0.0
bf_qcv_045,period_1,1,126,0,1,1000.0,9551.22,5288.27,2696.94,2,8917.53,0.0,0.0,0.0,3.31,534.87,0.0,534.87,95.51,0.0,1000.0,0.0,0.0
bf_qcv_045,period_1,1,132,0,1,1000.0,7888.72,5288.27,2227.51,2,7364.76,0.0,0.0,0.0,3.31,441.77,0.0,441.77,78.89,0.0,1000.0,0.0,0.0
bf_qcv_045,period_1,1,136,0,1,1000.0,9049.37,5288.27,2555.24,2,8937.28,0.0,0.0,0.0,3.5,18.1,0.0,18.1,90.49,0.0,1000.0,0.0,0.0
bf_qcv_045,period_1,1,146,0,1,1000.0,8447.56,5288.27,2385.31,2,7886.71,0.0,0.0,0.0,3.31,473.06,0.0,473.06,84.48,0.0,1000.0,0.0,0.0
bf_qcv_045,period_1,1,157,0,1,1000.0,9296.83,5288.27,2625.11,2,8679.93,0.0,0.0,0.0,3.31,520.62,0.0,520.62,92.97,0.0,1000.0,0.0,0.0
bf_qcv_045,period_1,1,165,0,1,1000.0,8589.81,5288.27,2425.47,2,8483.23,0.0,0.0,0.0,3.5,17.18,0.0,17.18,85.9,0.0,1000.0,0.0,0.0
bf_qcv_045,period_1,1,168,0,1,880.0,8196.89,5302.87,2630.14,2,8090.92,0.43,0.0,0.43,3.08,9.31,0.0,9.31,93.15,0.0,880.0,0.0,0.0
bf_qcv_045,period_1,1,171,0,1,880.0,6277.12,5302.87,2014.14,2,6174.19,0.0,0.0,0.0,3.07,28.53,0.0,28.53,71.33,0.0,880.0,0.0,0.0
bf_qcv_045,period_1,1,172,0,1,880.0,6327.91,5302.87,2030.44,2,6224.17,0.0,0.0,0.0,3.07,28.76,0.0,28.76,71.91,0.0,880.0,0.0,0.0
bf_qcv_045,period_1,1,176,0,1,880.0,7459.93,5302.87,2393.67,2,7363.6,0.0,0.0,0.0,3.08,8.48,0.0,8.48,84.77,0.0,880.0,0.0,0.0
bf_qcv_045,period_1,1,180,0,1,880.0,8764.2,5302.87,2812.18,2,8621.7,0.0,0.0,0.0,3.07,39.84,0.0,39.84,99.59,0.0,880.0,0.0,0.0
bf_qcv_045,period_1,1,189,0,1,880.0,6306.56,5302.87,2023.59,2,6224.65,0.0,0.0,0.0,3.08,7.17,0.0,7.17,71.67,0.0,880.0,0.0,0.0
bf_qcv_045,period_1,1,2,0,1,1200.0,6868.7,4819.73,1616.24,2,6755.95,16.97,16.97,0.0,4.19,34.34,0.0,34.34,57.24,0.0,1200.0,0.0,0.0
bf_qcv_045,period_1,1,204,0,1,880.0,7616.07,5302.87,2443.77,2,7517.79,0.0,0.0,0.0,3.08,8.65,0.0,8.65,86.55,0.0,880.0,0.0,0.0
bf_qcv_045,period_1,1,207,0,1,880.0,7244.86,5302.87,2324.66,2,7151.22,0.0,0.0,0.0,3.08,8.23,0.0,8.23,82.33,0.0,880.0,0.0,0.0
bf_qcv_045,period_1,1,209,0,1,880.0,7244.87,5302.87,2324.67,2,7151.23,0.0,0.0,0.0,3.08,8.23,0.0,8.23,82.33,0.0,880.0,0.0,0.0
bf_qcv_045,period_1,1,211,0,1,880.0,7672.4,5302.87,2461.85,2,7573.42,0.0,0.0,0.0,3.08,8.72,0.0,8.72,87.19,0.0,880.0,0.0,0.0
bf_qcv_045,period_1,1,212,0,1,880.0,7547.31,5302.87,2421.71,2,7449.89,0.0,0.0,0.0,3.08,8.58,0.0,8.58,85.76,0.0,880.0,0.0,0.0
bf_qcv_045,period_1,1,215,0,1,880.0,7412.93,5302.87,2378.59,2,7317.19,0.0,0.0,0.0,3.08,8.42,0.0,8.42,84.24,0.0,880.0,0.0,0.0
bf_qcv_045,period_1,1,220,0,1,880.0,8484.8,5302.87,2722.52,2,8346.75,0.0,0.0,0.0,3.07,38.57,0.0,38.57,96.42,0.0,880.0,0.0,0.0
bf_qcv_045,period_1,1,234,0,1,880.0,8367.18,5302.87,2684.78,2,8259.51,0.0,0.0,0.0,3.08,9.51,0.0,9.51,95.08,0.0,880.0,0.0,0.0
bf_qcv_045,period_1,1,236,0,1,880.0,5494.68,5302.87,1763.08,2,5400.06,4.14,0.0,4.14,3.07,24.98,0.0,24.98,62.44,0.0,880.0,0.0,0.0
bf_qcv_045,period_1,1,239,0,1,880.0,7477.33,5302.87,2399.26,2,7380.79,0.0,0.0,0.0,3.08,8.5,0.0,8.5,84.97,0.0,880.0,0.0,0.0
bf_qcv_045,period_1,1,241,0,1,880.0,6810.95,5302.87,2185.43,2,6699.53,0.0,0.0,0.0,3.07,30.96,0.0,30.96,77.4,0.0,880.0,0.0,0.0
bf_qcv_045,period_1,1,248,0,1,880.0,8106.4,5302.87,2601.11,2,8001.99,0.0,0.0,0.0,3.08,9.21,0.0,9.21,92.12,0.0,880.0,0.0,0.0
bf_qcv_045,period_1,1,252,0,1,880.0,8352.17,5302.87,2679.97,2,8216.23,0.0,0.0,0.0,3.07,37.96,0.0,37.96,94.91,0.0,880.0,0.0,0.0
bf_qcv_045,period_1,1,253,0,1,880.0,7601.37,5302.87,2439.06,2,7477.37,0.0,0.0,0.0,3.07,34.55,0.0,34.55,86.38,0.0,880.0,0.0,0.0
bf_qcv_045,period_1,1,32,0,1,1200.0,8255.11,4819.73,1942.47,2,8140.85,0.0,0.0,0.0,4.19,41.28,0.0,41.28,68.79,0.0,1200.0,0.0,0.0
bf_qcv_045,period_1,1,4,0,1,1200.0,8025.79,4819.73,1888.51,2,7914.59,0.0,0.0,0.0,4.19,40.13,0.0,40.13,66.88,0.0,1200.0,0.0,0.0
bf_qcv_045,period_1,1,48,0,1,1200.0,7701.29,4819.73,1812.15,2,7594.41,0.0,0.0,0.0,4.19,38.51,0.0,38.51,64.18,0.0,1200.0,0.0,0.0
bf_qcv_045,period_1,1,60,0,1,1200.0,7644.47,4819.73,1798.78,2,7538.35,0.0,0.0,0.0,4.19,38.22,0.0,38.22,63.7,0.0,1200.0,0.0,0.0
bf_qcv_045,period_1,1,62,0,1,1200.0,6835.69,4819.73,1608.47,2,6737.61,2.75,0.0,2.75,4.19,34.18,0.0,34.18,56.96,0.0,1200.0,0.0,0.0
bf_qcv_045,period_1,1,66,0,1,1200.0,7909.62,4819.73,1861.17,2,7799.97,0.0,0.0,0.0,4.19,39.55,0.0,39.55,65.91,0.0,1200.0,0.0,0.0
bf_qcv_045,period_1,1,74,0,1,1200.0,8054.77,4819.73,1895.33,2,7943.18,0.0,0.0,0.0,4.19,40.27,0.0,40.27,67.12,0.0,1200.0,0.0,0.0
bf_qcv_045,period_1,1,83,0,1,1200.0,7994.35,4819.73,1881.11,2,7883.57,0.0,0.0,0.0,4.19,39.97,0.0,39.97,66.62,0.0,1200.0,0.0,0.0
bf_qcv_045,period_1,1,87,0,1,1200.0,7602.58,4819.73,1788.93,2,7497.02,0.0,0.0,0.0,4.19,38.01,0.0,38.01,63.35,0.0,1200.0,0.0,0.0
bf_qcv_045,period_2,2,114,0,1,1000.0,9764.95,5288.27,2757.29,2,9380.71,0.0,0.0,0.0,3.4,283.18,0.0,283.18,97.65,0.0,1000.0,0.0,0.0
bf_qcv_045,period_2,2,119,0,1,1000.0,8730.4,5288.27,2465.17,2,8386.51,0.0,0.0,0.0,3.4,253.18,0.0,253.18,87.3,0.0,1000.0,0.0,0.0
bf_qcv_045,period_2,2,123,0,1,1000.0,8934.09,5288.27,2522.69,2,8582.26,0.0,0.0,0.0,3.4,259.09,0.0,259.09,89.34,0.0,1000.0,0.0,0.0
bf_qcv_045,period_2,2,126,0,1,1000.0,9551.22,5288.27,2696.94,2,9431.2,1.9,0.0,1.9,3.5,19.1,0.0,19.1,95.51,0.0,1000.0,0.0,0.0
bf_qcv_045,period_2,2,136,0,1,1000.0,9049.37,5288.27,2555.24,2,8448.8,0.0,0.0,0.0,3.31,506.76,0.0,506.76,90.49,0.0,1000.0,0.0,0.0
bf_qcv_045,period_2,2,146,0,1,1000.0,8447.56,5288.27,2385.31,2,8342.69,0.0,0.0,0.0,3.5,16.9,0.0,16.9,84.48,0.0,1000.0,0.0,0.0
bf_qcv_045,period_2,2,157,0,1,1000.0,9296.83,5288.27,2625.11,2,8679.93,0.0,0.0,0.0,3.31,520.62,0.0,520.62,92.97,0.0,1000.0,0.0,0.0
bf_qcv_045,period_2,2,161,0,1,1000.0,7071.34,5288.27,1996.71,2,6601.32,0.0,0.0,0.0,3.31,396.0,0.0,396.0,70.71,0.0,1000.0,0.0,0.0
bf_qcv_045,period_2,2,167,0,1,1000.0,8479.08,5288.27,2394.21,2,8373.83,0.0,0.0,0.0,3.5,16.96,0.0,16.96,84.79,0.0,1000.0,0.0,0.0
bf_qcv_045,period_2,2,168,0,1,880.0,8196.89,5302.87,2630.14,2,8091.35,0.0,0.0,0.0,3.08,9.31,0.0,9.31,93.15,0.0,880.0,0.0,0.0
bf_qcv_045,period_2,2,173,0,1,880.0,6836.88,5302.87,2193.75,2,6739.25,9.09,9.09,0.0,3.08,7.77,0.0,7.77,77.69,0.0,880.0,0.0,0.0
bf_qcv_045,period_2,2,178,0,1,880.0,7891.48,5302.87,2532.14,2,7762.87,0.0,0.0,0.0,3.07,35.87,0.0,35.87,89.68,0.0,880.0,0.0,0.0
bf_qcv_045,period_2,2,191,0,1,880.0,6582.35,5302.87,2112.08,2,6496.99,0.0,0.0,0.0,3.08,7.48,0.0,7.48,74.8,0.0,880.0,0.0,0.0
bf_qcv_045,period_2,2,192,0,1,880.0,7480.06,5302.87,2400.13,2,7383.48,0.0,0.0,0.0,3.08,8.5,0.0,8.5,85.0,0.0,880.0,0.0,0.0
bf_qcv_045,period_2,2,204,0,1,880.0,7616.07,5302.87,2443.77,2,7491.84,0.0,0.0,0.0,3.07,34.62,0.0,34.62,86.55,0.0,880.0,0.0,0.0
bf_qcv_045,period_2,2,21,0,1,1200.0,7985.82,4819.73,1879.1,2,7875.15,0.0,0.0,0.0,4.19,39.93,0.0,39.93,66.55,0.0,1200.0,0.0,0.0
bf_qcv_045,period_2,2,211,0,1,880.0,7672.4,5302.87,2461.85,2,7573.42,0.0,0.0,0.0,3.08,8.72,0.0,8.72,87.19,0.0,880.0,0.0,0.0
bf_qcv_045,period_2,2,212,0,1,880.0,7547.31,5302.87,2421.71,2,7424.17,0.0,0.0,0.0,3.07,34.31,0.0,34.31,85.76,0.0,880.0,0.0,0.0
bf_qcv_045,period_2,2,225,0,1,880.0,7640.29,5302.87,2451.55,2,7541.71,0.0,0.0,0.0,3.08,8.68,0.0,8.68,86.82,0.0,880.0,0.0,0.0
bf_qcv_045,period_2,2,234,0,1,880.0,8367.18,5302.87,2684.78,2,8231.0,0.0,0.0,0.0,3.07,38.03,0.0,38.03,95.08,0.0,880.0,0.0,0.0
bf_qcv_045,period_2,2,239,0,1,880.0,7477.33,5302.87,2399.26,2,7380.79,0.0,0.0,0.0,3.08,8.5,0.0,8.5,84.97,0.0,880.0,0.0,0.0
bf_qcv_045,period_2,2,243,0,1,880.0,7486.51,5302.87,2402.2,2,7389.85,0.0,0.0,0.0,3.08,8.51,0.0,8.51,85.07,0.0,880.0,0.0,0.0
bf_qcv_045,period_2,2,248,0,1,880.0,8106.4,5302.87,2601.11,2,8001.99,0.0,0.0,0.0,3.08,9.21,0.0,9.21,92.12,0.0,880.0,0.0,0.0
bf_qcv_045,period_2,2,251,0,1,880.0,7522.41,5302.87,2413.72,2,7399.67,0.0,0.0,0.0,3.07,34.19,0.0,34.19,85.48,0.0,880.0,0.0,0.0
bf_qcv_045,period_2,2,252,0,1,880.0,8352.17,5302.87,2679.97,2,8244.66,0.0,0.0,0.0,3.08,9.49,0.0,9.49,94.91,0.0,880.0,0.0,0.0
bf_qcv_045,period_2,2,253,0,1,880.0,7601.37,5302.87,2439.06,2,7477.37,0.0,0.0,0.0,3.07,34.55,0.0,34.55,86.38,0.0,880.0,0.0,0.0
bf_qcv_045,period_2,2,32,0,1,1200.0,8255.11,4819.73,1942.47,2,8140.85,0.0,0.0,0.0,4.19,41.28,0.0,41.28,68.79,0.0,1200.0,0.0,0.0
bf_qcv_045,period_2,2,4,0,1,1200.0,8025.79,4819.73,1888.51,2,7914.59,0.0,0.0,0.0,4.19,40.13,0.0,40.13,66.88,0.0,1200.0,0.0,0.0
bf_qcv_045,period_2,2,51,0,1,1200.0,7190.72,4819.73,1692.01,2,7069.61,21.04,21.04,0.0,4.19,35.95,0.0,35.95,59.92,0.0,1200.0,0.0,0.0
bf_qcv_045,period_2,2,66,0,1,1200.0,7909.62,4819.73,1861.17,2,7799.97,0.0,0.0,0.0,4.19,39.55,0.0,39.55,65.91,0.0,1200.0,0.0,0.0
bf_qcv_045,period_2,2,7,0,1,1200.0,8064.92,4819.73,1897.72,2,7953.09,0.11,0.0,0.11,4.19,40.32,0.0,40.32,67.21,0.0,1200.0,0.0,0.0
bf_qcv_045,period_2,2,72,0,1,1200.0,8036.24,4819.73,1890.97,2,7924.9,0.0,0.0,0.0,4.19,40.18,0.0,40.18,66.97,0.0,1200.0,0.0,0.0
bf_qcv_045,period_2,2,73,0,1,1200.0,6940.05,4819.73,1633.03,2,6843.32,0.0,0.0,0.0,4.19,34.7,0.0,34.7,57.83,0.0,1200.0,0.0,0.0
bf_qcv_045,period_2,2,74,0,1,1200.0,8054.77,4819.73,1895.33,2,7943.18,0.0,0.0,0.0,4.19,40.27,0.0,40.27,67.12,0.0,1200.0,0.0,0.0
bf_qcv_045,period_2,2,76,0,1,1200.0,7537.46,4819.73,1773.6,2,7432.77,0.0,0.0,0.0,4.19,37.69,0.0,37.69,62.81,0.0,1200.0,0.0,0.0
bf_qcv_045,period_2,2,256,1,1,467.0,16.97,4819.73,10.26,1,15.32,0.0,0.0,0.0,1.65,0.0,0.0,0.0,0.0,0.0,467.0,0.0,1.65
bf_qcv_045,period_3,3,107,0,1,1000.0,9312.83,5288.27,2629.63,2,8694.88,0.0,0.0,0.0,3.31,521.52,0.0,521.52,93.13,0.0,1000.0,0.0,0.0
bf_qcv_045,period_3,3,114,0,1,1000.0,9764.95,5288.27,2757.29,2,9644.27,0.0,0.0,0.0,3.5,19.53,0.0,19.53,97.65,0.0,1000.0,0.0,0.0
bf_qcv_045,period_3,3,119,0,1,1000.0,8730.4,5288.27,2465.17,2,8386.51,0.0,0.0,0.0,3.4,253.18,0.0,253.18,87.3,0.0,1000.0,0.0,0.0
bf_qcv_045,period_3,3,129,0,1,1000.0,7913.08,5288.27,2234.39,2,7587.41,13.65,13.65,0.0,3.4,229.48,0.0,229.48,79.13,0.0,1000.0,0.0,0.0
bf_qcv_045,period_3,3,151,0,1,1000.0,8031.26,5288.27,2267.76,2,7497.89,0.0,0.0,0.0,3.31,449.75,0.0,449.75,80.31,0.0,1000.0,0.0,0.0
bf_qcv_045,period_3,3,157,0,1,1000.0,9296.83,5288.27,2625.11,2,9181.77,0.0,0.0,0.0,3.5,18.59,0.0,18.59,92.97,0.0,1000.0,0.0,0.0
bf_qcv_045,period_3,3,165,0,1,1000.0,8589.81,5288.27,2425.47,2,8251.4,0.0,0.0,0.0,3.4,249.1,0.0,249.1,85.9,0.0,1000.0,0.0,0.0
bf_qcv_045,period_3,3,166,0,1,1000.0,8158.41,5288.27,2303.66,2,7616.65,0.0,0.0,0.0,3.31,456.87,0.0,456.87,81.58,0.0,1000.0,0.0,0.0
bf_qcv_045,period_3,3,176,0,1,880.0,7459.93,5302.87,2393.67,2,7338.18,0.0,0.0,0.0,3.07,33.91,0.0,33.91,84.77,0.0,880.0,0.0,0.0
bf_qcv_045,period_3,3,180,0,1,880.0,8764.2,5302.87,2812.18,2,8651.57,0.0,0.0,0.0,3.08,9.96,0.0,9.96,99.59,0.0,880.0,0.0,0.0
bf_qcv_045,period_3,3,183,0,1,880.0,6152.16,5302.87,1974.05,2,6062.72,9.46,9.46,0.0,3.08,6.99,0.0,6.99,69.91,0.0,880.0,0.0,0.0
bf_qcv_045,period_3,3,186,0,1,880.0,7381.95,5302.87,2368.65,2,7286.6,0.0,0.0,0.0,3.08,8.39,0.0,8.39,83.89,0.0,880.0,0.0,0.0
bf_qcv_045,period_3,3,192,0,1,880.0,7480.06,5302.87,2400.13,2,7383.48,0.0,0.0,0.0,3.08,8.5,0.0,8.5,85.0,0.0,880.0,0.0,0.0
bf_qcv_045,period_3,3,203,0,1,880.0,7636.22,5302.87,2450.24,2,7511.67,0.0,0.0,0.0,3.07,34.71,0.0,34.71,86.78,0.0,880.0,0.0,0.0
bf_qcv_045,period_3,3,204,0,1,880.0,7616.07,5302.87,2443.77,2,7517.79,0.0,0.0,0.0,3.08,8.65,0.0,8.65,86.55,0.0,880.0,0.0,0.0
bf_qcv_045,period_3,3,211,0,1,880.0,7672.4,5302.87,2461.85,2,7547.27,0.0,0.0,0.0,3.07,34.87,0.0,34.87,87.19,0.0,880.0,0.0,0.0
bf_qcv_045,period_3,3,212,0,1,880.0,7547.31,5302.87,2421.71,2,7449.89,0.0,0.0,0.0,3.08,8.58,0.0,8.58,85.76,0.0,880.0,0.0,0.0
bf_qcv_045,period_3,3,213,0,1,880.0,7338.81,5302.87,2354.81,2,7244.0,0.0,0.0,0.0,3.08,8.34,0.0,8.34,83.4,0.0,880.0,0.0,0.0
bf_qcv_045,period_3,3,215,0,1,880.0,7412.93,5302.87,2378.59,2,7317.19,0.0,0.0,0.0,3.08,8.42,0.0,8.42,84.24,0.0,880.0,0.0,0.0
bf_qcv_045,period_3,3,218,0,1,880.0,6555.58,5302.87,2103.49,2,6448.22,0.0,0.0,0.0,3.07,29.8,0.0,29.8,74.5,0.0,880.0,0.0,0.0
bf_qcv_045,period_3,3,223,0,1,880.0,5778.84,5302.87,1854.26,2,5683.84,0.0,0.0,0.0,3.07,26.27,0.0,26.27,65.67,0.0,880.0,0.0,0.0
bf_qcv_045,period_3,3,225,0,1,880.0,7640.29,5302.87,2451.55,2,7515.67,0.0,0.0,0.0,3.07,34.73,0.0,34.73,86.82,0.0,880.0,0.0,0.0
bf_qcv_045,period_3,3,226,0,1,880.0,6934.29,5302.87,2225.01,2,6820.9,0.0,0.0,0.0,3.07,31.52,0.0,31.52,78.8,0.0,880.0,0.0,0.0
bf_qcv_045,period_3,3,234,0,1,880.0,8367.18,5302.87,2684.78,2,8231.0,0.0,0.0,0.0,3.07,38.03,0.0,38.03,95.08,0.0,880.0,0.0,0.0
bf_qcv_045,period_3,3,235,0,1,880.0,7326.77,5302.87,2350.95,2,7232.11,0.0,0.0,0.0,3.08,8.33,0.0,8.33,83.26,0.0,880.0,0.0,0.0
bf_qcv_045,period_3,3,236,0,1,880.0,5494.68,5302.87,1763.08,2,5404.2,0.0,0.0,0.0,3.07,24.98,0.0,24.98,62.44,0.0,880.0,0.0,0.0
bf_qcv_045,period_3,3,239,0,1,880.0,7477.33,5302.87,2399.26,2,7380.79,0.0,0.0,0.0,3.08,8.5,0.0,8.5,84.97,0.0,880.0,0.0,0.0
bf_qcv_045,period_3,3,243,0,1,880.0,7486.51,5302.87,2402.2,2,7389.85,0.0,0.0,0.0,3.08,8.51,0.0,8.51,85.07,0.0,880.0,0.0,0.0
bf_qcv_045,period_3,3,248,0,1,880.0,8106.4,5302.87,2601.11,2,7974.37,0.0,0.0,0.0,3.07,36.85,0.0,36.85,92.12,0.0,880.0,0.0,0.0
bf_qcv_045,period_3,3,25,0,1,1200.0,6585.84,4819.73,1549.68,2,6493.84,0.0,0.0,0.0,4.19,32.93,0.0,32.93,54.88,0.0,1200.0,0.0,0.0
bf_qcv_045,period_3,3,251,0,1,880.0,7522.41,5302.87,2413.72,2,7425.3,0.0,0.0,0.0,3.08,8.55,0.0,8.55,85.48,0.0,880.0,0.0,0.0
bf_qcv_045,period_3,3,252,0,1,880.0,8352.17,5302.87,2679.97,2,8216.23,0.0,0.0,0.0,3.07,37.96,0.0,37.96,94.91,0.0,880.0,0.0,0.0
bf_qcv_045,period_3,3,253,0,1,880.0,7601.37,5302.87,2439.04,2,7477.33,0.0,0.0,0.0,3.07,34.55,0.0,34.55,86.38,0.0,880.0,0.0,0.0
bf_qcv_045,period_3,3,32,0,1,1200.0,8255.11,4819.73,1942.47,2,8138.81,2.04,0.0,2.04,4.19,41.28,0.0,41.28,68.79,0.0,1200.0,0.0,0.0
bf_qcv_045,period_3,3,35,0,1,1200.0,7537.9,4819.73,1773.71,2,7433.2,0.0,0.0,0.0,4.19,37.69,0.0,37.69,62.82,0.0,1200.0,0.0,0.0
bf_qcv_045,period_3,3,4,0,1,1200.0,8025.79,4819.73,1888.51,2,7914.59,0.0,0.0,0.0,4.19,40.13,0.0,40.13,66.88,0.0,1200.0,0.0,0.0
bf_qcv_045,period_3,3,48,0,1,1200.0,7701.29,4819.73,1812.15,2,7594.41,0.0,0.0,0.0,4.19,38.51,0.0,38.51,64.18,0.0,1200.0,0.0,0.0
bf_qcv_045,period_3,3,55,0,1,1200.0,7683.09,4819.73,1807.87,2,7576.46,0.0,0.0,0.0,4.19,38.42,0.0,38.42,64.03,0.0,1200.0,0.0,0.0
bf_qcv_045,period_3,3,59,0,1,1200.0,7195.72,4819.73,1693.19,2,7095.58,0.0,0.0,0.0,4.19,35.98,0.0,35.98,59.96,0.0,1200.0,0.0,0.0
bf_qcv_045,period_3,3,65,0,1,1200.0,7530.92,4819.73,1772.06,2,7426.31,0.0,0.0,0.0,4.19,37.65,0.0,37.65,62.76,0.0,1200.0,0.0,0.0
bf_qcv_045,period_3,3,72,0,1,1200.0,8036.24,4819.73,1890.97,2,7924.9,0.0,0.0,0.0,4.19,40.18,0.0,40.18,66.97,0.0,1200.0,0.0,0.0
bf_qcv_045,period_3,3,8,0,1,1200.0,7499.52,4819.73,1764.68,2,7395.33,0.0,0.0,0.0,4.19,37.5,0.0,37.5,62.5,0.0,1200.0,0.0,0.0
bf_qcv_045,period_3,3,83,0,1,1200.0,7994.35,4819.73,1881.11,2,7883.57,0.0,0.0,0.0,4.19,39.97,0.0,39.97,66.62,0.0,1200.0,0.0,0.0
bf_qcv_045,period_3,3,90,0,1,1000.0,8237.15,5288.27,2325.89,2,8134.81,0.0,0.0,0.0,3.5,16.47,0.0,16.47,82.37,0.0,1000.0,0.0,0.0
bf_qcv_045,period_3,3,92,0,1,1000.0,8593.93,5288.27,2426.64,2,8023.42,0.0,0.0,0.0,3.31,481.26,0.0,481.26,85.94,0.0,1000.0,0.0,0.0
bf_qcv_045,period_3,3,256,1,1,717.0,21.04,4819.73,8.29,1,18.5,0.0,0.0,0.0,2.54,0.0,0.0,0.0,0.0,0.0,717.0,0.0,2.54
bf_qcv_045,period_3,3,257,1,1,436.0,9.09,5302.87,5.89,1,7.55,0.0,0.0,0.0,1.54,0.0,0.0,0.0,0.0,0.0,436.0,0.0,1.54
bf_qcv_045,period_4,4,107,0,1,1000.0,9312.83,5288.27,2629.63,2,8694.88,0.0,0.0,0.0,3.31,521.52,0.0,521.52,93.13,0.0,1000.0,0.0,0.0
bf_qcv_045,period_4,4,114,0,1,1000.0,9764.95,5288.27,2757.29,2,9117.16,0.0,0.0,0.0,3.31,546.84,0.0,546.84,97.65,0.0,1000.0,0.0,0.0
bf_qcv_045,period_4,4,123,0,1,1000.0,8934.09,5288.27,2522.69,2,8823.38,0.0,0.0,0.0,3.5,17.87,0.0,17.87,89.34,0.0,1000.0,0.0,0.0
bf_qcv_045,period_4,4,126,0,1,1000.0,9551.22,5288.27,2696.94,2,8917.53,0.0,0.0,0.0,3.31,534.87,0.0,534.87,95.51,0.0,1000.0,0.0,0.0
bf_qcv_045,period_4,4,136,0,1,1000.0,9049.37,5288.27,2555.24,2,8448.8,0.0,0.0,0.0,3.31,506.76,0.0,506.76,90.49,0.0,1000.0,0.0,0.0
bf_qcv_045,period_4,4,138,0,1,1000.0,7582.66,5288.27,2141.09,2,7488.17,0.0,0.0,0.0,3.5,15.17,0.0,15.17,75.83,0.0,1000.0,0.0,0.0
bf_qcv_045,period_4,4,154,0,1,1000.0,8016.97,5288.27,2263.72,2,7917.27,0.0,0.0,0.0,3.5,16.03,0.0,16.03,80.17,0.0,1000.0,0.0,0.0
bf_qcv_045,period_4,4,157,0,1,1000.0,9296.83,5288.27,2625.11,2,8930.85,0.0,0.0,0.0,3.4,269.61,0.0,269.61,92.97,0.0,1000.0,0.0,0.0
bf_qcv_045,period_4,4,163,0,1,1000.0,8742.76,5288.27,2468.66,2,8633.69,0.66,0.0,0.66,3.5,17.49,0.0,17.49,87.43,0.0,1000.0,0.0,0.0
bf_qcv_045,period_4,4,168,0,1,880.0,8196.89,5302.87,2630.14,2,8091.35,0.0,0.0,0.0,3.08,9.31,0.0,9.31,93.15,0.0,880.0,0.0,0.0
bf_qcv_045,period_4,4,178,0,1,880.0,7891.48,5302.87,2532.14,2,7789.76,0.0,0.0,0.0,3.08,8.97,0.0,8.97,89.68,0.0,880.0,0.0,0.0
bf_qcv_045,period_4,4,180,0,1,880.0,8764.2,5302.87,2812.18,2,8621.7,0.0,0.0,0.0,3.07,39.84,0.0,39.84,99.59,0.0,880.0,0.0,0.0
bf_qcv_045,period_4,4,202,0,1,880.0,7276.38,5302.87,2334.78,2,7157.37,24.98,24.98,0.0,3.08,8.27,0.0,8.27,82.69,0.0,880.0,0.0,0.0
bf_qcv_045,period_4,4,204,0,1,880.0,7616.07,5302.87,2443.77,2,7517.79,0.0,0.0,0.0,3.08,8.65,0.0,8.65,86.55,0.0,880.0,0.0,0.0
bf_qcv_045,period_4,4,211,0,1,880.0,7672.4,5302.87,2461.85,2,7573.42,0.0,0.0,0.0,3.08,8.72,0.0,8.72,87.19,0.0,880.0,0.0,0.0
bf_qcv_045,period_4,4,220,0,1,880.0,8484.8,5302.87,2722.52,2,8346.75,0.0,0.0,0.0,3.07,38.57,0.0,38.57,96.42,0.0,880.0,0.0,0.0
bf_qcv_045,period_4,4,222,0,1,880.0,7362.83,5302.87,2362.52,2,7267.72,0.0,0.0,0.0,3.08,8.37,0.0,8.37,83.67,0.0,880.0,0.0,0.0
bf_qcv_045,period_4,4,225,0,1,880.0,7640.29,5302.87,2451.55,2,7541.71,0.0,0.0,0.0,3.08,8.68,0.0,8.68,86.82,0.0,880.0,0.0,0.0
bf_qcv_045,period_4,4,234,0,1,880.0,8367.18,5302.87,2684.78,2,8231.0,0.0,0.0,0.0,3.07,38.03,0.0,38.03,95.08,0.0,880.0,0.0,0.0
bf_qcv_045,period_4,4,248,0,1,880.0,8106.4,5302.87,2601.11,2,8001.99,0.0,0.0,0.0,3.08,9.21,0.0,9.21,92.12,0.0,880.0,0.0,0.0
bf_qcv_045,period_4,4,252,0,1,880.0,8352.17,5302.87,2679.97,2,8216.23,0.0,0.0,0.0,3.07,37.96,0.0,37.96,94.91,0.0,880.0,0.0,0.0
bf_qcv_045,period_4,4,253,0,1,880.0,7601.37,5302.87,2439.06,2,7503.28,0.0,0.0,0.0,3.08,8.64,0.0,8.64,86.38,0.0,880.0,0.0,0.0
bf_qcv_045,period_4,4,32,0,1,1200.0,8255.11,4819.73,1942.47,2,8140.58,0.27,0.0,0.27,4.19,41.28,0.0,41.28,68.79,0.0,1200.0,0.0,0.0
bf_qcv_045,period_4,4,33,0,1,1200.0,6955.6,4819.73,1636.69,2,6858.67,0.0,0.0,0.0,4.19,34.78,0.0,34.78,57.96,0.0,1200.0,0.0,0.0
bf_qcv_045,period_4,4,39,0,1,1200.0,6039.92,4819.73,1421.22,2,5784.07,0.11,0.0,0.11,4.07,201.33,0.0,201.33,50.33,0.0,1200.0,0.0,0.0
bf_qcv_045,period_4,4,66,0,1,1200.0,7909.62,4819.73,1861.17,2,7799.97,0.0,0.0,0.0,4.19,39.55,0.0,39.55,65.91,0.0,1200.0,0.0,0.0
bf_qcv_045,period_4,4,7,0,1,1200.0,8064.92,4819.73,1897.72,2,7950.18,3.01,0.0,3.01,4.19,40.32,0.0,40.32,67.21,0.0,1200.0,0.0,0.0
bf_qcv_045,period_4,4,8,0,1,1200.0,7499.52,4819.73,1764.68,2,7395.33,0.0,0.0,0.0,4.19,37.5,0.0,37.5,62.5,0.0,1200.0,0.0,0.0
bf_qcv_045,period_4,4,83,0,1,1200.0,7994.35,4819.73,1881.11,2,7883.57,0.0,0.0,0.0,4.19,39.97,0.0,39.97,66.62,0.0,1200.0,0.0,0.0
bf_qcv_045,period_4,4,256,1,1,494.0,13.65,5288.27,7.8,1,11.9,0.0,0.0,0.0,1.75,0.0,0.0,0.0,0.0,0.0,494.0,0.0,1.75
bf_qcv_045,period_4,4,257,1,1,436.0,9.46,5302.87,6.13,1,7.92,0.0,0.0,0.0,1.54,0.0,0.0,0.0,0.0,0.0,436.0,0.0,1.54
bf_qcv_045,period_4,4,258,1,0,880.0,0.0,5302.87,0.0,0,0.0,0.0,0.0,0.0,0.0,0.0,0.0,0.0,0.0,0.0,880.0,0.0,0.0
bf_qcv_045,period_5,5,102,0,1,1000.0,7505.42,5288.27,2119.26,2,7209.23,0.0,0.0,0.0,3.4,217.66,0.0,217.66,75.05,0.0,1000.0,0.0,0.0
bf_qcv_045,period_5,5,104,0,1,1000.0,7206.42,5288.27,2034.85,2,7116.44,0.0,0.0,0.0,3.5,14.41,0.0,14.41,72.06,0.0,1000.0,0.0,0.0
bf_qcv_045,period_5,5,124,0,1,1000.0,6736.65,5288.27,1902.2,2,6652.31,0.0,0.0,0.0,3.5,13.47,0.0,13.47,67.37,0.0,1000.0,0.0,0.0
bf_qcv_045,period_5,5,127,0,1,1000.0,7058.91,5288.27,1993.2,2,6970.7,0.0,0.0,0.0,3.5,14.12,0.0,14.12,70.59,0.0,1000.0,0.0,0.0
bf_qcv_045,period_5,5,132,0,1,1000.0,7888.72,5288.27,2227.51,2,7364.76,0.0,0.0,0.0,3.31,441.77,0.0,441.77,78.89,0.0,1000.0,0.0,0.0
bf_qcv_045,period_5,5,133,0,1,1000.0,7002.69,5288.27,1977.32,2,6726.18,0.0,0.0,0.0,3.4,203.08,0.0,203.08,70.03,0.0,1000.0,0.0,0.0
bf_qcv_045,period_5,5,135,0,1,1000.0,7114.63,5288.27,2008.93,2,6833.76,0.0,0.0,0.0,3.4,206.32,0.0,206.32,71.15,0.0,1000.0,0.0,0.0
bf_qcv_045,period_5,5,145,0,1,1000.0,8038.62,5288.27,2269.83,2,7938.66,0.0,0.0,0.0,3.5,16.08,0.0,16.08,80.39,0.0,1000.0,0.0,0.0
bf_qcv_045,period_5,5,166,0,1,1000.0,8158.41,5288.27,2303.66,2,7616.65,0.0,0.0,0.0,3.31,456.87,0.0,456.87,81.58,0.0,1000.0,0.0,0.0
bf_qcv_045,period_5,5,168,0,1,880.0,8196.89,5302.87,2630.14,2,8091.35,0.0,0.0,0.0,3.08,9.31,0.0,9.31,93.15,0.0,880.0,0.0,0.0
bf_qcv_045,period_5,5,173,0,1,880.0,6836.88,5302.87,2193.75,2,6725.04,0.0,0.0,0.0,3.07,31.08,0.0,31.08,77.69,0.0,880.0,0.0,0.0
bf_qcv_045,period_5,5,175,0,1,880.0,7080.64,5302.87,2271.97,2,6989.05,0.0,0.0,0.0,3.08,8.05,0.0,8.05,80.46,0.0,880.0,0.0,0.0
bf_qcv_045,period_5,5,176,0,1,880.0,7459.93,5302.87,2393.67,2,7363.6,0.0,0.0,0.0,3.08,8.48,0.0,8.48,84.77,0.0,880.0,0.0,0.0
bf_qcv_045,period_5,5,178,0,1,880.0,7891.48,5302.87,2532.14,2,7789.74,0.0,0.0,0.0,3.08,8.97,0.0,8.97,89.68,0.0,880.0,0.0,0.0
bf_qcv_045,period_5,5,179,0,1,880.0,6707.65,5302.87,2152.29,2,6597.87,0.0,0.0,0.0,3.07,30.49,0.0,30.49,76.22,0.0,880.0,0.0,0.0
bf_qcv_045,period_5,5,180,0,1,880.0,8764.2,5302.87,2812.18,2,8651.57,0.0,0.0,0.0,3.08,9.96,0.0,9.96,99.59,0.0,880.0,0.0,0.0
bf_qcv_045,period_5,5,192,0,1,880.0,7480.06,5302.87,2400.13,2,7383.48,0.0,0.0,0.0,3.08,8.5,0.0,8.5,85.0,0.0,880.0,0.0,0.0
bf_qcv_045,period_5,5,204,0,1,880.0,7616.07,5302.87,2443.77,2,7517.79,0.0,0.0,0.0,3.08,8.65,0.0,8.65,86.55,0.0,880.0,0.0,0.0
bf_qcv_045,period_5,5,211,0,1,880.0,7672.4,5302.87,2461.85,2,7547.27,0.0,0.0,0.0,3.07,34.87,0.0,34.87,87.19,0.0,880.0,0.0,0.0
bf_qcv_045,period_5,5,212,0,1,880.0,7547.31,5302.87,2421.71,2,7449.89,0.0,0.0,0.0,3.08,8.58,0.0,8.58,85.76,0.0,880.0,0.0,0.0
bf_qcv_045,period_5,5,213,0,1,880.0,7338.81,5302.87,2354.81,2,7218.99,0.0,0.0,0.0,3.07,33.36,0.0,33.36,83.4,0.0,880.0,0.0,0.0
bf_qcv_045,period_5,5,220,0,1,880.0,8484.8,5302.87,2722.52,2,8346.75,0.0,0.0,0.0,3.07,38.57,0.0,38.57,96.42,0.0,880.0,0.0,0.0
bf_qcv_045,period_5,5,222,0,1,880.0,7362.83,5302.87,2362.52,2,7257.27,10.45,10.45,0.0,3.08,8.37,0.0,8.37,83.67,0.0,880.0,0.0,0.0
bf_qcv_045,period_5,5,234,0,1,880.0,8367.18,5302.87,2684.78,2,8259.51,0.0,0.0,0.0,3.08,9.51,0.0,9.51,95.08,0.0,880.0,0.0,0.0
bf_qcv_045,period_5,5,237,0,1,880.0,7018.47,5302.87,2252.02,2,6927.66,0.0,0.0,0.0,3.08,7.98,0.0,7.98,79.76,0.0,880.0,0.0,0.0
bf_qcv_045,period_5,5,239,0,1,880.0,7477.33,5302.87,2399.26,2,7355.31,0.0,0.0,0.0,3.07,33.99,0.0,33.99,84.97,0.0,880.0,0.0,0.0
bf_qcv_045,period_5,5,241,0,1,880.0,6810.95,5302.87,2185.43,2,6699.53,0.0,0.0,0.0,3.07,30.96,0.0,30.96,77.4,0.0,880.0,0.0,0.0
bf_qcv_045,period_5,5,243,0,1,880.0,7486.51,5302.87,2402.2,2,7364.34,0.0,0.0,0.0,3.07,34.03,0.0,34.03,85.07,0.0,880.0,0.0,0.0
bf_qcv_045,period_5,5,248,0,1,880.0,8106.4,5302.87,2601.11,2,8001.99,0.0,0.0,0.0,3.08,9.21,0.0,9.21,92.12,0.0,880.0,0.0,0.0
bf_qcv_045,period_5,5,251,0,1,880.0,7522.41,5302.87,2413.72,2,7399.67,0.0,0.0,0.0,3.07,34.19,0.0,34.19,85.48,0.0,880.0,0.0,0.0
bf_qcv_045,period_5,5,252,0,1,880.0,8352.17,5302.87,2679.97,2,8244.69,0.0,0.0,0.0,3.08,9.49,0.0,9.49,94.91,0.0,880.0,0.0,0.0
bf_qcv_045,period_5,5,253,0,1,880.0,7601.37,5302.87,2439.06,2,7503.28,0.0,0.0,0.0,3.08,8.64,0.0,8.64,86.38,0.0,880.0,0.0,0.0
bf_qcv_045,period_5,5,254,0,1,880.0,5843.15,5302.87,1874.9,2,5747.12,0.0,0.0,0.0,3.07,26.56,0.0,26.56,66.4,0.0,880.0,0.0,0.0
bf_qcv_045,period_5,5,30,0,1,1200.0,6761.84,4819.73,1591.1,2,6667.49,0.0,0.0,0.0,4.19,33.81,0.0,33.81,56.35,0.0,1200.0,0.0,0.0
bf_qcv_045,period_5,5,31,0,1,1200.0,6545.91,4819.73,1540.29,2,6454.44,0.0,0.0,0.0,4.19,32.73,0.0,32.73,54.55,0.0,1200.0,0.0,0.0
bf_qcv_045,period_5,5,32,0,1,1200.0,8255.11,4819.73,1942.47,2,8140.85,0.0,0.0,0.0,4.19,41.28,0.0,41.28,68.79,0.0,1200.0,0.0,0.0
bf_qcv_045,period_5,5,4,0,1,1200.0,8025.79,4819.73,1888.51,2,7914.59,0.0,0.0,0.0,4.19,40.13,0.0,40.13,66.88,0.0,1200.0,0.0,0.0
bf_qcv_045,period_5,5,48,0,1,1200.0,7701.29,4819.73,1812.15,2,7594.41,0.0,0.0,0.0,4.19,38.51,0.0,38.51,64.18,0.0,1200.0,0.0,0.0
bf_qcv_045,period_5,5,54,0,1,1200.0,7391.03,4819.73,1739.15,2,7288.29,0.0,0.0,0.0,4.19,36.96,0.0,36.96,61.59,0.0,1200.0,0.0,0.0
bf_qcv_045,period_5,5,56,0,1,1200.0,7613.64,4819.73,1791.53,2,7507.93,0.0,0.0,0.0,4.19,38.07,0.0,38.07,63.45,0.0,1200.0,0.0,0.0
bf_qcv_045,period_5,5,60,0,1,1200.0,7644.47,4819.73,1798.78,2,7538.35,0.0,0.0,0.0,4.19,38.22,0.0,38.22,63.7,0.0,1200.0,0.0,0.0
bf_qcv_045,period_5,5,74,0,1,1200.0,8054.77,4819.73,1895.33,2,7943.18,0.0,0.0,0.0,4.19,40.27,0.0,40.27,67.12,0.0,1200.0,0.0,0.0
bf_qcv_045,period_5,5,77,0,1,1200.0,7025.63,4819.73,1653.17,2,6927.76,0.0,0.0,0.0,4.19,35.13,0.0,35.13,58.55,0.0,1200.0,0.0,0.0
bf_qcv_045,period_5,5,78,0,1,1200.0,6756.74,4819.73,1589.9,2,6662.46,0.0,0.0,0.0,4.19,33.78,0.0,33.78,56.31,0.0,1200.0,0.0,0.0
bf_qcv_045,period_5,5,83,0,1,1200.0,7994.35,4819.73,1881.11,2,7883.57,0.0,0.0,0.0,4.19,39.97,0.0,39.97,66.62,0.0,1200.0,0.0,0.0
bf_qcv_045,period_5,5,86,0,1,1200.0,6615.53,4819.73,1556.67,2,6523.13,0.0,0.0,0.0,4.19,33.08,0.0,33.08,55.13,0.0,1200.0,0.0,0.0
bf_qcv_045,period_5,5,9,0,1,1200.0,6638.01,4819.73,1561.96,2,6530.82,14.49,14.49,0.0,4.19,33.19,0.0,33.19,55.32,0.0,1200.0,0.0,0.0
bf_qcv_045,period_5,5,90,0,1,1000.0,8237.15,5288.27,2325.89,2,7912.31,0.18,0.0,0.18,3.4,238.88,0.0,238.88,82.37,0.0,1000.0,0.0,0.0
bf_qcv_045,period_5,5,92,0,1,1000.0,8593.93,5288.27,2426.64,2,8023.42,0.0,0.0,0.0,3.31,481.26,0.0,481.26,85.94,0.0,1000.0,0.0,0.0
bf_qcv_045,period_5,5,97,0,1,1000.0,8067.01,5288.27,2277.85,2,7966.71,0.0,0.0,0.0,3.5,16.13,0.0,16.13,80.67,0.0,1000.0,0.0,0.0
bf_qcv_045,period_5,5,256,1,1,436.0,24.98,5302.87,16.18,1,23.44,0.0,0.0,0.0,1.54,0.0,0.0,0.0,0.0,0.0,436.0,0.0,1.54
bf_sae1006_045,period_1,1,102,0,1,810.0,8652.32,5173.98,3015.43,1,8334.44,0.0,0.0,0.0,2.76,208.3,0.0,208.3,106.82,0.0,810.0,0.0,0.0
bf_sae1006_045,period_1,1,110,0,1,810.0,7340.58,5173.98,2558.28,1,7070.47,0.0,0.0,0.0,2.76,176.72,0.0,176.72,90.62,0.0,810.0,0.0,0.0
bf_sae1006_045,period_1,1,111,0,1,810.0,8429.71,5173.98,2937.85,1,8119.94,0.0,0.0,0.0,2.76,202.94,0.0,202.94,104.07,0.0,810.0,0.0,0.0
bf_sae1006_045,period_1,1,117,0,1,810.0,8397.97,5173.98,2926.79,1,8089.35,0.0,0.0,0.0,2.76,202.17,0.0,202.17,103.68,0.0,810.0,0.0,0.0
bf_sae1006_045,period_1,1,118,0,1,810.0,7935.17,5173.98,2765.5,1,7643.41,0.0,0.0,0.0,2.76,191.03,0.0,191.03,97.97,0.0,810.0,0.0,0.0
bf_sae1006_045,period_1,1,121,0,1,810.0,8058.98,5173.98,2808.65,1,7762.71,0.0,0.0,0.0,2.76,194.01,0.0,194.01,99.49,0.0,810.0,0.0,0.0
bf_sae1006_045,period_1,1,123,0,1,810.0,7976.6,5173.98,2779.94,1,7683.33,0.0,0.0,0.0,2.76,192.03,0.0,192.03,98.48,0.0,810.0,0.0,0.0
bf_sae1006_045,period_1,1,124,0,1,810.0,5966.28,5173.98,2079.32,1,5963.4,0.01,0.0,0.01,2.87,0.0,0.0,0.0,0.0,0.0,810.0,0.0,0.0
bf_sae1006_045,period_1,1,125,0,1,810.0,6672.56,5173.98,2325.47,1,6669.69,0.0,0.0,0.0,2.87,0.0,0.0,0.0,0.0,0.0,810.0,0.0,0.0
bf_sae1006_045,period_1,1,137,0,1,810.0,8004.9,5173.98,2789.8,1,7710.6,0.0,0.0,0.0,2.76,192.71,0.0,192.71,98.83,0.0,810.0,0.0,0.0
bf_sae1006_045,period_1,1,140,0,1,810.0,8199.01,5173.98,2857.45,1,7897.64,0.0,0.0,0.0,2.76,197.38,0.0,197.38,101.22,0.0,810.0,0.0,0.0
bf_sae1006_045,period_1,1,142,0,1,810.0,7935.07,5173.98,2765.46,1,7643.31,0.0,0.0,0.0,2.76,191.03,0.0,191.03,97.96,0.0,810.0,0.0,0.0
bf_sae1006_045,period_1,1,144,0,1,810.0,8560.72,5173.98,2983.51,1,8246.18,0.0,0.0,0.0,2.76,206.09,0.0,206.09,105.69,0.0,810.0,0.0,0.0
bf_sae1006_045,period_1,1,145,0,1,810.0,8343.94,5173.98,2907.96,1,8037.29,0.0,0.0,0.0,2.76,200.87,0.0,200.87,103.01,0.0,810.0,0.0,0.0
bf_sae1006_045,period_1,1,149,0,1,810.0,8069.45,5173.98,2812.3,1,7772.8,0.0,0.0,0.0,2.76,194.26,0.0,194.26,99.62,0.0,810.0,0.0,0.0
bf_sae1006_045,period_1,1,15,0,1,1100.0,7529.54,4947.45,1932.32,2,7416.18,0.0,0.0,0.0,3.84,41.07,0.0,41.07,68.45,0.0,1100.0,0.0,0.0
bf_sae1006_045,period_1,1,152,0,1,810.0,7849.27,5173.98,2735.56,1,7846.4,0.0,0.0,0.0,2.87,0.0,0.0,0.0,0.0,0.0,810.0,0.0,0.0
bf_sae1006_045,period_1,1,158,0,1,810.0,8164.37,5173.98,2845.38,1,7864.26,0.0,0.0,0.0,2.76,196.55,0.0,196.55,100.79,0.0,810.0,0.0,0.0
bf_sae1006_045,period_1,1,160,0,1,810.0,8253.99,5173.98,2876.61,1,7950.62,0.0,0.0,0.0,2.76,198.71,0.0,198.71,101.9,0.0,810.0,0.0,0.0
bf_sae1006_045,period_1,1,17,0,1,1100.0,8592.88,4947.45,2205.2,2,8220.75,36.39,36.39,0.0,3.75,253.88,0.0,253.88,78.12,0.0,1100.0,0.0,0.0
bf_sae1006_045,period_1,1,184,0,1,810.0,8492.56,5173.98,2959.76,1,8180.5,0.0,0.0,0.0,2.76,204.45,0.0,204.45,104.85,0.0,810.0,0.0,0.0
bf_sae1006_045,period_1,1,197,0,1,810.0,8068.21,5173.98,2811.87,1,7771.6,0.0,0.0,0.0,2.76,194.23,0.0,194.23,99.61,0.0,810.0,0.0,0.0
bf_sae1006_045,period_1,1,198,0,1,810.0,8265.6,5173.98,2880.66,1,7961.8,0.0,0.0,0.0,2.76,198.99,0.0,198.99,102.04,0.0,810.0,0.0,0.0
bf_sae1006_045,period_1,1,2,0,1,1100.0,7975.28,4947.45,2046.71,2,7663.4,0.0,0.0,0.0,3.75,235.63,0.0,235.63,72.5,0.0,1100.0,0.0,0.0
bf_sae1006_045,period_1,1,202,0,1,810.0,7892.67,5173.98,2750.69,1,7602.46,0.0,0.0,0.0,2.76,190.01,0.0,190.01,97.44,0.0,810.0,0.0,0.0
bf_sae1006_045,period_1,1,211,0,1,1250.0,9821.87,5102.73,2218.13,2,9683.92,0.0,0.0,0.0,4.37,55.0,0.0,55.0,78.57,0.0,1250.0,0.0,0.0
bf_sae1006_045,period_1,1,214,0,1,1250.0,9647.75,5102.73,2178.81,2,9512.17,0.0,0.0,0.0,4.37,54.03,0.0,54.03,77.18,0.0,1250.0,0.0,0.0
bf_sae1006_045,period_1,1,217,0,1,1250.0,9684.03,5102.73,2187.0,2,9547.96,0.0,0.0,0.0,4.37,54.23,0.0,54.23,77.47,0.0,1250.0,0.0,0.0
bf_sae1006_045,period_1,1,223,0,1,1250.0,9182.36,5102.73,2073.7,2,8862.21,0.0,0.0,0.0,4.28,242.41,0.0,242.41,73.46,0.0,1250.0,0.0,0.0
bf_sae1006_045,period_1,1,224,0,1,1250.0,10008.67,5102.73,2260.31,2,9868.18,0.0,0.0,0.0,4.37,56.05,0.0,56.05,80.07,0.0,1250.0,0.0,0.0
bf_sae1006_045,period_1,1,239,0,1,1250.0,8824.97,5102.73,1992.99,3,8658.24,0.0,0.0,0.0,4.35,91.78,0.0,91.78,70.6,0.0,1250.0,0.0,0.0
bf_sae1006_045,period_1,1,24,0,1,1100.0,7263.44,4947.45,1864.03,2,7148.72,5.23,0.0,5.23,3.84,39.62,0.0,39.62,66.03,0.0,1100.0,0.0,0.0
bf_sae1006_045,period_1,1,248,0,1,1250.0,6887.18,5102.73,1555.37,3,6343.14,0.0,0.0,0.0,4.08,484.86,0.0,484.86,55.1,0.0,1250.0,0.0,0.0
bf_sae1006_045,period_1,1,250,0,1,1250.0,8444.41,5102.73,1907.05,2,8257.68,0.0,0.0,0.0,4.33,114.84,0.0,114.84,67.56,0.0,1250.0,0.0,0.0
bf_sae1006_045,period_1,1,266,0,1,1250.0,9615.49,5102.73,2171.52,2,9480.35,0.0,0.0,0.0,4.37,53.85,0.0,53.85,76.92,0.0,1250.0,0.0,0.0
bf_sae1006_045,period_1,1,275,0,1,1250.0,9385.4,5102.73,2119.56,2,9253.39,0.0,0.0,0.0,4.37,52.56,0.0,52.56,75.08,0.0,1250.0,0.0,0.0
bf_sae1006_045,period_1,1,276,0,1,1250.0,8617.82,5102.73,1946.21,2,8383.75,43.59,43.59,0.0,4.33,117.2,0.0,117.2,68.94,0.0,1250.0,0.0,0.0
bf_sae1006_045,period_1,1,284,0,1,1250.0,10148.17,5102.73,2291.82,2,10005.79,0.0,0.0,0.0,4.37,56.83,0.0,56.83,81.19,0.0,1250.0,0.0,0.0
bf_sae1006_045,period_1,1,294,0,1,1250.0,9812.88,5102.73,2216.1,2,9251.18,423.88,423.88,0.0,4.37,54.95,0.0,54.95,78.5,0.0,1250.0,0.0,0.0
bf_sae1006_045,period_1,1,45,0,1,1100.0,8391.36,4947.45,2153.49,3,8295.96,0.0,0.0,0.0,3.85,15.26,0.0,15.26,76.29,0.0,1100.0,0.0,0.0
bf_sae1006_045,period_1,1,5,0,1,1100.0,8444.41,4947.45,2167.1,2,8114.4,0.0,0.0,0.0,3.75,249.49,0.0,249.49,76.77,0.0,1100.0,0.0,0.0
bf_sae1006_045,period_1,1,52,0,1,1100.0,8414.3,4947.45,2159.37,2,8085.46,0.0,0.0,0.0,3.75,248.6,0.0,248.6,76.49,0.0,1100.0,0.0,0.0
bf_sae1006_045,period_1,1,65,0,1,1100.0,8113.0,4947.45,2082.05,2,6896.45,851.43,845.85,5.58,3.72,287.64,0.0,287.64,73.75,0.0,1100.0,0.0,0.0
bf_sae1006_045,period_1,1,74,0,1,1100.0,8166.24,4947.45,2095.71,2,7846.98,0.0,0.0,0.0,3.75,241.28,0.0,241.28,74.24,0.0,1100.0,0.0,0.0
bf_sae1006_045,period_1,1,8,0,1,1100.0,9609.36,4947.45,2466.06,2,9234.34,0.0,0.0,0.0,3.75,283.91,0.0,283.91,87.36,0.0,1100.0,0.0,0.0
bf_sae1006_045,period_1,1,90,0,1,1100.0,8097.48,4947.45,2078.07,2,7839.22,18.91,18.91,0.0,3.78,161.95,0.0,161.95,73.61,0.0,1100.0,0.0,0.0
bf_sae1006_045,period_1,1,98,0,1,810.0,8626.33,5173.98,3006.38,1,8309.4,0.0,0.0,0.0,2.76,207.67,0.0,207.67,106.5,0.0,810.0,0.0,0.0
bf_sae1006_045,period_2,2,101,0,1,810.0,7228.14,5173.98,2519.09,1,7222.97,2.3,0.0,2.3,2.87,0.0,0.0,0.0,0.0,0.0,810.0,0.0,0.0
bf_sae1006_045,period_2,2,102,0,1,810.0,8652.32,5173.98,3015.43,1,8334.44,0.0,0.0,0.0,2.76,208.3,0.0,208.3,106.82,0.0,810.0,0.0,0.0
bf_sae1006_045,period_2,2,106,0,1,810.0,5590.46,5173.98,1948.34,1,5587.59,0.0,0.0,0.0,2.87,0.0,0.0,0.0,0.0,0.0,810.0,0.0,0.0
bf_sae1006_045,period_2,2,111,0,1,810.0,8429.71,5173.98,2937.85,1,8119.94,0.0,0.0,0.0,2.76,202.94,0.0,202.94,104.07,0.0,810.0,0.0,0.0
bf_sae1006_045,period_2,2,117,0,1,810.0,8397.97,5173.98,2926.79,1,8089.35,0.0,0.0,0.0,2.76,202.17,0.0,202.17,103.68,0.0,810.0,0.0,0.0
bf_sae1006_045,period_2,2,118,0,1,810.0,7935.17,5173.98,2765.5,1,7643.41,0.0,0.0,0.0,2.76,191.03,0.0,191.03,97.97,0.0,810.0,0.0,0.0
bf_sae1006_045,period_2,2,121,0,1,810.0,8058.98,5173.98,2808.65,1,7762.71,0.0,0.0,0.0,2.76,194.01,0.0,194.01,99.49,0.0,810.0,0.0,0.0
bf_sae1006_045,period_2,2,127,0,1,810.0,7131.35,5173.98,2485.36,1,6868.86,0.0,0.0,0.0,2.76,171.68,0.0,171.68,88.04,0.0,810.0,0.0,0.0
bf_sae1006_045,period_2,2,133,0,1,810.0,7463.15,5173.98,2601.0,1,7188.58,0.0,0.0,0.0,2.76,179.67,0.0,179.67,92.14,0.0,810.0,0.0,0.0
bf_sae1006_045,period_2,2,137,0,1,810.0,8004.9,5173.98,2789.8,1,7710.6,0.0,0.0,0.0,2.76,192.71,0.0,192.71,98.83,0.0,810.0,0.0,0.0
bf_sae1006_045,period_2,2,140,0,1,810.0,8199.01,5173.98,2857.45,1,7897.64,0.0,0.0,0.0,2.76,197.38,0.0,197.38,101.22,0.0,810.0,0.0,0.0
bf_sae1006_045,period_2,2,142,0,1,810.0,7935.07,5173.98,2765.46,1,7643.31,0.0,0.0,0.0,2.76,191.03,0.0,191.03,97.96,0.0,810.0,0.0,0.0
bf_sae1006_045,period_2,2,144,0,1,810.0,8560.72,5173.98,2983.51,1,8246.18,0.0,0.0,0.0,2.76,206.09,0.0,206.09,105.69,0.0,810.0,0.0,0.0
bf_sae1006_045,period_2,2,145,0,1,810.0,8343.94,5173.98,2907.96,1,8037.29,0.0,0.0,0.0,2.76,200.87,0.0,200.87,103.01,0.0,810.0,0.0,0.0
bf_sae1006_045,period_2,2,147,0,1,810.0,7787.62,5173.98,2714.08,1,7501.23,0.0,0.0,0.0,2.76,187.48,0.0,187.48,96.14,0.0,810.0,0.0,0.0
bf_sae1006_045,period_2,2,149,0,1,810.0,8069.45,5173.98,2812.3,1,7772.8,0.0,0.0,0.0,2.76,194.26,0.0,194.26,99.62,0.0,810.0,0.0,0.0
bf_sae1006_045,period_2,2,152,0,1,810.0,7849.27,5173.98,2735.56,1,7560.64,0.0,0.0,0.0,2.76,188.96,0.0,188.96,96.9,0.0,810.0,0.0,0.0
bf_sae1006_045,period_2,2,158,0,1,810.0,8164.37,5173.98,2845.38,1,7864.26,0.0,0.0,0.0,2.76,196.55,0.0,196.55,100.79,0.0,810.0,0.0,0.0
bf_sae1006_045,period_2,2,16,0,1,1100.0,7453.22,4947.45,1912.73,2,7340.97,0.0,0.0,0.0,3.84,40.65,0.0,40.65,67.76,0.0,1100.0,0.0,0.0
bf_sae1006_045,period_2,2,160,0,1,810.0,8253.99,5173.98,2876.61,1,7950.62,0.0,0.0,0.0,2.76,198.71,0.0,198.71,101.9,0.0,810.0,0.0,0.0
bf_sae1006_045,period_2,2,167,0,1,810.0,7034.74,5173.98,2451.69,1,6775.77,0.0,0.0,0.0,2.76,169.35,0.0,169.35,86.85,0.0,810.0,0.0,0.0
bf_sae1006_045,period_2,2,183,0,1,810.0,6247.75,5173.98,2177.41,1,6244.88,0.0,0.0,0.0,2.87,0.0,0.0,0.0,0.0,0.0,810.0,0.0,0.0
bf_sae1006_045,period_2,2,184,0,1,810.0,8492.56,5173.98,2959.76,1,8180.5,0.0,0.0,0.0,2.76,204.45,0.0,204.45,104.85,0.0,810.0,0.0,0.0
bf_sae1006_045,period_2,2,189,0,1,810.0,6941.16,5173.98,2419.08,1,6685.6,0.0,0.0,0.0,2.76,167.1,0.0,167.1,85.69,0.0,810.0,0.0,0.0
bf_sae1006_045,period_2,2,197,0,1,810.0,8068.21,5173.98,2811.87,1,7771.6,0.0,0.0,0.0,2.76,194.23,0.0,194.23,99.61,0.0,810.0,0.0,0.0
bf_sae1006_045,period_2,2,198,0,1,810.0,8265.6,5173.98,2880.66,1,7961.8,0.0,0.0,0.0,2.76,198.99,0.0,198.99,102.04,0.0,810.0,0.0,0.0
bf_sae1006_045,period_2,2,202,0,1,810.0,7892.67,5173.98,2750.69,1,7602.46,0.0,0.0,0.0,2.76,190.01,0.0,190.01,97.44,0.0,810.0,0.0,0.0
bf_sae1006_045,period_2,2,204,0,1,810.0,6419.76,5173.98,2237.36,1,6183.19,0.0,0.0,0.0,2.76,154.55,0.0,154.55,79.26,0.0,810.0,0.0,0.0
bf_sae1006_045,period_2,2,223,0,1,1250.0,9182.36,5102.73,2073.7,2,9053.11,0.0,0.0,0.0,4.37,51.42,0.0,51.42,73.46,0.0,1250.0,0.0,0.0
bf_sae1006_045,period_2,2,23,0,1,1100.0,8418.67,4947.45,2160.49,2,8089.66,0.0,0.0,0.0,3.75,248.73,0.0,248.73,76.53,0.0,1100.0,0.0,0.0
bf_sae1006_045,period_2,2,231,0,1,1250.0,8444.78,5102.73,1907.13,2,8325.56,0.0,0.0,0.0,4.37,47.29,0.0,47.29,67.56,0.0,1250.0,0.0,0.0
bf_sae1006_045,period_2,2,232,0,1,1250.0,7705.67,5102.73,1740.21,2,7426.86,9.46,9.46,0.0,4.28,203.43,0.0,203.43,61.65,0.0,1250.0,0.0,0.0
bf_sae1006_045,period_2,2,244,0,1,1250.0,8860.64,5102.73,2001.05,2,8735.15,0.62,0.0,0.62,4.37,49.62,0.0,49.62,70.89,0.0,1250.0,0.0,0.0
bf_sae1006_045,period_2,2,25,0,1,1100.0,7476.34,4947.45,1918.66,2,7352.89,10.86,10.86,0.0,3.84,40.78,0.0,40.78,67.97,0.0,1100.0,0.0,0.0
bf_sae1006_045,period_2,2,26,0,1,1100.0,8511.86,4947.45,2184.41,2,8126.42,52.83,52.83,0.0,3.75,251.49,0.0,251.49,77.38,0.0,1100.0,0.0,0.0
bf_sae1006_045,period_2,2,262,0,1,1250.0,7919.18,5102.73,1788.43,2,7743.79,0.0,0.0,0.0,4.33,107.7,0.0,107.7,63.35,0.0,1250.0,0.0,0.0
bf_sae1006_045,period_2,2,268,0,1,1250.0,7734.29,5102.73,1746.68,2,7562.9,0.0,0.0,0.0,4.33,105.19,0.0,105.19,61.87,0.0,1250.0,0.0,0.0
bf_sae1006_045,period_2,2,269,0,1,1250.0,8888.97,5102.73,2007.45,2,8763.71,0.0,0.0,0.0,4.37,49.78,0.0,49.78,71.11,0.0,1250.0,0.0,0.0
bf_sae1006_045,period_2,2,272,0,1,1250.0,7896.41,5102.73,1783.29,2,7784.65,0.0,0.0,0.0,4.37,44.22,0.0,44.22,63.17,0.0,1250.0,0.0,0.0
bf_sae1006_045,period_2,2,274,0,1,1250.0,8273.17,5102.73,1868.38,2,8090.14,0.0,0.0,0.0,4.33,112.52,0.0,112.52,66.19,0.0,1250.0,0.0,0.0
bf_sae1006_045,period_2,2,275,0,1,1250.0,9385.4,5102.73,2119.56,2,9253.39,0.0,0.0,0.0,4.37,52.56,0.0,52.56,75.08,0.0,1250.0,0.0,0.0
bf_sae1006_045,period_2,2,278,0,1,1250.0,8057.86,5102.73,1819.75,2,7943.91,0.0,0.0,0.0,4.37,45.12,0.0,45.12,64.46,0.0,1250.0,0.0,0.0
bf_sae1006_045,period_2,2,286,0,1,1250.0,8130.01,5102.73,1836.05,3,7976.07,0.0,0.0,0.0,4.35,84.55,0.0,84.55,65.04,0.0,1250.0,0.0,0.0
bf_sae1006_045,period_2,2,29,0,1,1100.0,8012.92,4947.45,2056.37,2,7698.7,0.88,0.0,0.88,3.75,236.75,0.0,236.75,72.84,0.0,1100.0,0.0,0.0
bf_sae1006_045,period_2,2,297,0,1,1250.0,9101.03,5102.73,2055.34,2,7100.86,1872.02,1872.02,0.0,4.37,50.97,0.0,50.97,72.81,0.0,1250.0,0.0,0.0
bf_sae1006_045,period_2,2,40,0,1,1100.0,8460.11,4947.45,2171.13,3,8363.96,0.0,0.0,0.0,3.85,15.38,0.0,15.38,76.91,0.0,1100.0,0.0,0.0
bf_sae1006_045,period_2,2,66,0,1,1100.0,8114.01,4947.45,2082.31,2,6451.39,1297.45,1297.45,0.0,3.72,287.68,0.0,287.68,73.76,0.0,1100.0,0.0,0.0
bf_sae1006_045,period_2,2,70,0,1,1100.0,6773.12,4947.45,1738.19,2,6507.69,0.0,0.0,0.0,3.75,200.11,0.0,200.11,61.57,0.0,1100.0,0.0,0.0
bf_sae1006_045,period_2,2,71,0,1,1100.0,6805.29,4947.45,1746.45,2,6549.81,53.72,53.72,0.0,3.78,136.11,0.0,136.11,61.87,0.0,1100.0,0.0,0.0
bf_sae1006_045,period_2,2,98,0,1,810.0,8626.33,5173.98,3006.38,1,8309.4,0.0,0.0,0.0,2.76,207.67,0.0,207.67,106.5,0.0,810.0,0.0,0.0
bf_sae1006_045,period_2,2,298,1,1,277.0,9.34,4947.45,9.52,1,8.36,0.0,0.0,0.0,0.98,0.0,0.0,0.0,0.0,0.0,277.0,0.0,0.98
bf_sae1006_045,period_2,2,299,1,1,780.5,27.05,4947.45,9.78,1,24.29,0.0,0.0,0.0,2.76,0.0,0.0,0.0,0.0,0.0,780.5,0.0,2.76
bf_sae1006_045,period_2,2,300,1,1,325.0,845.85,4947.45,734.7,1,844.7,0.0,0.0,0.0,1.15,0.0,0.0,0.0,0.0,0.0,325.0,0.0,1.15
bf_sae1006_045,period_2,2,301,1,1,534.0,18.91,4947.45,10.0,1,17.02,0.0,0.0,0.0,1.89,0.0,0.0,0.0,0.0,0.0,534.0,0.0,1.89
bf_sae1006_045,period_2,2,302,1,1,673.0,43.59,5102.73,18.28,1,41.21,0.0,0.0,0.0,2.38,0.0,0.0,0.0,0.0,0.0,673.0,0.0,2.38
bf_sae1006_045,period_2,2,303,1,1,560.0,423.88,5102.73,213.68,1,421.9,0.0,0.0,0.0,1.98,0.0,0.0,0.0,0.0,0.0,560.0,0.0,1.98
bf_sae1006_045,period_3,3,100,0,1,810.0,7717.17,5173.98,2689.52,1,7433.35,0.0,0.0,0.0,2.76,185.78,0.0,185.78,95.27,0.0,810.0,0.0,0.0
bf_sae1006_045,period_3,3,102,0,1,810.0,8652.32,5173.98,3015.43,1,8334.44,0.0,0.0,0.0,2.76,208.3,0.0,208.3,106.82,0.0,810.0,0.0,0.0
bf_sae1006_045,period_3,3,11,0,1,1100.0,8385.95,4947.45,2152.1,3,8290.61,0.0,0.0,0.0,3.85,15.25,0.0,15.25,76.24,0.0,1100.0,0.0,0.0
bf_sae1006_045,period_3,3,111,0,1,810.0,8429.71,5173.98,2937.85,1,8119.94,0.0,0.0,0.0,2.76,202.94,0.0,202.94,104.07,0.0,810.0,0.0,0.0
bf_sae1006_045,period_3,3,112,0,1,810.0,7772.61,5173.98,2708.85,1,7486.77,0.0,0.0,0.0,2.76,187.12,0.0,187.12,95.96,0.0,810.0,0.0,0.0
bf_sae1006_045,period_3,3,117,0,1,810.0,8397.97,5173.98,2926.79,1,8089.35,0.0,0.0,0.0,2.76,202.17,0.0,202.17,103.68,0.0,810.0,0.0,0.0
bf_sae1006_045,period_3,3,118,0,1,810.0,7935.17,5173.98,2765.5,1,7643.41,0.0,0.0,0.0,2.76,191.03,0.0,191.03,97.97,0.0,810.0,0.0,0.0
bf_sae1006_045,period_3,3,121,0,1,810.0,8058.98,5173.98,2808.65,1,7762.71,0.0,0.0,0.0,2.76,194.01,0.0,194.01,99.49,0.0,810.0,0.0,0.0
bf_sae1006_045,period_3,3,123,0,1,810.0,7976.6,5173.98,2779.94,1,7683.33,0.0,0.0,0.0,2.76,192.03,0.0,192.03,98.48,0.0,810.0,0.0,0.0
bf_sae1006_045,period_3,3,134,0,1,810.0,7603.1,5173.98,2649.77,1,7323.43,0.0,0.0,0.0,2.76,183.04,0.0,183.04,93.87,0.0,810.0,0.0,0.0
bf_sae1006_045,period_3,3,137,0,1,810.0,8004.9,5173.98,2789.8,1,7710.6,0.0,0.0,0.0,2.76,192.71,0.0,192.71,98.83,0.0,810.0,0.0,0.0
bf_sae1006_045,period_3,3,140,0,1,810.0,8199.01,5173.98,2857.45,1,7897.64,0.0,0.0,0.0,2.76,197.38,0.0,197.38,101.22,0.0,810.0,0.0,0.0
bf_sae1006_045,period_3,3,142,0,1,810.0,7935.07,5173.98,2765.46,1,7643.31,0.0,0.0,0.0,2.76,191.03,0.0,191.03,97.96,0.0,810.0,0.0,0.0
bf_sae1006_045,period_3,3,144,0,1,810.0,8560.72,5173.98,2983.51,1,8246.18,0.0,0.0,0.0,2.76,206.09,0.0,206.09,105.69,0.0,810.0,0.0,0.0
bf_sae1006_045,period_3,3,145,0,1,810.0,8343.94,5173.98,2907.96,1,8037.29,0.0,0.0,0.0,2.76,200.87,0.0,200.87,103.01,0.0,810.0,0.0,0.0
bf_sae1006_045,period_3,3,147,0,1,810.0,7787.62,5173.98,2714.08,1,7501.23,0.0,0.0,0.0,2.76,187.48,0.0,187.48,96.14,0.0,810.0,0.0,0.0
bf_sae1006_045,period_3,3,149,0,1,810.0,8069.45,5173.98,2812.3,1,7772.8,0.0,0.0,0.0,2.76,194.26,0.0,194.26,99.62,0.0,810.0,0.0,0.0
bf_sae1006_045,period_3,3,152,0,1,810.0,7849.27,5173.98,2735.56,1,7560.64,0.0,0.0,0.0,2.76,188.96,0.0,188.96,96.9,0.0,810.0,0.0,0.0
bf_sae1006_045,period_3,3,158,0,1,810.0,8164.37,5173.98,2845.38,1,7864.26,0.0,0.0,0.0,2.76,196.55,0.0,196.55,100.79,0.0,810.0,0.0,0.0
bf_sae1006_045,period_3,3,160,0,1,810.0,8253.99,5173.98,2876.61,1,7950.62,0.0,0.0,0.0,2.76,198.71,0.0,198.71,101.9,0.0,810.0,0.0,0.0
bf_sae1006_045,period_3,3,169,0,1,810.0,7573.33,5173.98,2639.39,1,7294.75,0.0,0.0,0.0,2.76,182.32,0.0,182.32,93.5,0.0,810.0,0.0,0.0
bf_sae1006_045,period_3,3,175,0,1,810.0,7775.96,5173.98,2710.01,1,7490.0,0.0,0.0,0.0,2.76,187.2,0.0,187.2,96.0,0.0,810.0,0.0,0.0
bf_sae1006_045,period_3,3,184,0,1,810.0,8492.56,5173.98,2959.76,1,8180.5,0.0,0.0,0.0,2.76,204.45,0.0,204.45,104.85,0.0,810.0,0.0,0.0
bf_sae1006_045,period_3,3,191,0,1,810.0,7635.68,5173.98,2661.12,1,7354.83,0.0,0.0,0.0,2.76,183.82,0.0,183.82,94.27,0.0,810.0,0.0,0.0
bf_sae1006_045,period_3,3,192,0,1,810.0,6721.45,5173.98,2342.5,1,6718.58,0.0,0.0,0.0,2.87,0.0,0.0,0.0,0.0,0.0,810.0,0.0,0.0
bf_sae1006_045,period_3,3,197,0,1,810.0,8068.21,5173.98,2811.87,1,7771.6,0.0,0.0,0.0,2.76,194.23,0.0,194.23,99.61,0.0,810.0,0.0,0.0
bf_sae1006_045,period_3,3,198,0,1,810.0,8265.6,5173.98,2880.66,1,7961.8,0.0,0.0,0.0,2.76,198.99,0.0,198.99,102.04,0.0,810.0,0.0,0.0
bf_sae1006_045,period_3,3,2,0,1,1100.0,7975.28,4947.45,2046.71,2,7855.44,0.0,0.0,0.0,3.84,43.5,0.0,43.5,72.5,0.0,1100.0,0.0,0.0
bf_sae1006_045,period_3,3,200,0,1,810.0,7507.24,5173.98,2616.36,1,7504.37,0.0,0.0,0.0,2.87,0.0,0.0,0.0,0.0,0.0,810.0,0.0,0.0
bf_sae1006_045,period_3,3,202,0,1,810.0,7892.67,5173.98,2750.69,1,7602.46,0.0,0.0,0.0,2.76,190.01,0.0,190.01,97.44,0.0,810.0,0.0,0.0
bf_sae1006_045,period_3,3,211,0,1,1250.0,9821.87,5102.73,2218.13,2,9683.92,0.0,0.0,0.0,4.37,55.0,0.0,55.0,78.57,0.0,1250.0,0.0,0.0
bf_sae1006_045,period_3,3,214,0,1,1250.0,9647.75,5102.73,2178.81,2,8465.61,1046.57,1046.57,0.0,4.37,54.03,0.0,54.03,77.18,0.0,1250.0,0.0,0.0
bf_sae1006_045,period_3,3,217,0,1,1250.0,9684.03,5102.73,2187.0,2,9547.96,0.0,0.0,0.0,4.37,54.23,0.0,54.23,77.47,0.0,1250.0,0.0,0.0
bf_sae1006_045,period_3,3,223,0,1,1250.0,9182.36,5102.73,2073.7,3,9009.06,0.0,0.0,0.0,4.35,95.5,0.0,95.5,73.46,0.0,1250.0,0.0,0.0
bf_sae1006_045,period_3,3,224,0,1,1250.0,10008.67,5102.73,2260.31,2,9868.18,0.0,0.0,0.0,4.37,56.05,0.0,56.05,80.07,0.0,1250.0,0.0,0.0
bf_sae1006_045,period_3,3,225,0,1,1250.0,7228.64,5102.73,1632.48,2,7107.55,18.41,18.41,0.0,4.37,40.48,0.0,40.48,57.83,0.0,1250.0,0.0,0.0
bf_sae1006_045,period_3,3,234,0,1,1250.0,8361.78,5102.73,1888.39,2,8176.83,0.0,0.0,0.0,4.33,113.72,0.0,113.72,66.89,0.0,1250.0,0.0,0.0
bf_sae1006_045,period_3,3,24,0,1,1100.0,7263.44,4947.45,1864.03,2,7153.95,0.0,0.0,0.0,3.84,39.62,0.0,39.62,66.03,0.0,1100.0,0.0,0.0
bf_sae1006_045,period_3,3,244,0,1,1250.0,8860.64,5102.73,2001.05,2,8735.77,0.0,0.0,0.0,4.37,49.62,0.0,49.62,70.89,0.0,1250.0,0.0,0.0
bf_sae1006_045,period_3,3,256,0,1,1250.0,7386.26,5102.73,1668.08,2,7222.38,0.0,0.0,0.0,4.33,100.45,0.0,100.45,59.09,0.0,1250.0,0.0,0.0
bf_sae1006_045,period_3,3,266,0,1,1250.0,9615.49,5102.73,2171.52,2,9480.35,0.0,0.0,0.0,4.37,53.85,0.0,53.85,76.92,0.0,1250.0,0.0,0.0
bf_sae1006_045,period_3,3,275,0,1,1250.0,9385.4,5102.73,2119.56,2,9253.39,0.0,0.0,0.0,4.37,52.56,0.0,52.56,75.08,0.0,1250.0,0.0,0.0
bf_sae1006_045,period_3,3,284,0,1,1250.0,10148.17,5102.73,2291.82,3,9957.1,0.0,0.0,0.0,4.35,105.54,0.0,105.54,81.19,0.0,1250.0,0.0,0.0
bf_sae1006_045,period_3,3,287,0,1,1250.0,9413.5,5102.73,2125.9,2,9281.11,0.0,0.0,0.0,4.37,52.72,0.0,52.72,75.31,0.0,1250.0,0.0,0.0
bf_sae1006_045,period_3,3,46,0,1,1100.0,7271.97,4947.45,1866.22,2,6925.89,236.47,236.47,0.0,3.84,39.67,0.0,39.67,66.11,0.0,1100.0,0.0,0.0
bf_sae1006_045,period_3,3,50,0,1,1100.0,8837.22,4947.45,2267.91,2,8238.59,253.44,253.44,0.0,3.75,261.1,0.0,261.1,80.34,0.0,1100.0,0.0,0.0
bf_sae1006_045,period_3,3,58,0,1,1100.0,8692.29,4947.45,2230.71,2,8563.84,21.87,21.87,0.0,3.85,23.71,0.0,23.71,79.02,0.0,1100.0,0.0,0.0
bf_sae1006_045,period_3,3,61,0,1,1100.0,7665.46,4947.45,1967.2,3,7442.94,135.04,135.04,0.0,3.85,13.94,0.0,13.94,69.69,0.0,1100.0,0.0,0.0
bf_sae1006_045,period_3,3,62,0,1,1100.0,8247.04,4947.45,2116.45,3,8153.22,0.0,0.0,0.0,3.85,14.99,0.0,14.99,74.97,0.0,1100.0,0.0,0.0
bf_sae1006_045,period_3,3,71,0,1,1100.0,6805.29,4947.45,1746.45,2,6702.46,0.0,0.0,0.0,3.84,37.12,0.0,37.12,61.87,0.0,1100.0,0.0,0.0
bf_sae1006_045,period_3,3,84,0,1,1100.0,8331.32,4947.45,2138.08,2,7716.4,240.07,240.07,0.0,3.72,295.38,0.0,295.38,75.74,0.0,1100.0,0.0,0.0
bf_sae1006_045,period_3,3,97,0,1,810.0,7778.89,5173.98,2711.03,1,7492.82,0.0,0.0,0.0,2.76,187.27,0.0,187.27,96.04,0.0,810.0,0.0,0.0
bf_sae1006_045,period_3,3,98,0,1,810.0,8626.33,5173.98,3006.38,1,8309.4,0.0,0.0,0.0,2.76,207.67,0.0,207.67,106.5,0.0,810.0,0.0,0.0
bf_sae1006_045,period_3,3,298,1,1,550.0,10.86,4947.45,5.57,1,8.91,0.0,0.0,0.0,1.95,0.0,0.0,0.0,0.0,0.0,550.0,0.0,1.95
bf_sae1006_045,period_3,3,299,1,1,277.0,52.83,4947.45,53.84,1,51.85,0.0,0.0,0.0,0.98,0.0,0.0,0.0,0.0,0.0,277.0,0.0,0.98
bf_sae1006_045,period_3,3,300,1,1,726.0,1252.35,4947.45,486.96,2,1118.95,0.0,0.0,0.0,2.3,113.85,0.0,113.85,17.25,0.0,726.0,0.0,133.4
bf_sae1006_045,period_3,3,301,1,1,325.0,45.1,4947.45,39.17,1,43.95,0.0,0.0,0.0,1.15,0.0,0.0,0.0,0.0,0.0,325.0,0.0,1.15
bf_sae1006_045,period_3,3,302,1,1,534.0,53.72,4947.45,28.4,1,51.83,0.0,0.0,0.0,1.89,0.0,0.0,0.0,0.0,0.0,534.0,0.0,1.89
bf_sae1006_045,period_3,3,303,1,1,534.0,9.46,5102.73,5.0,1,7.57,0.0,0.0,0.0,1.89,0.0,0.0,0.0,0.0,0.0,534.0,0.0,1.89
bf_sae1006_045,period_3,3,304,1,1,560.0,1872.02,5102.73,943.68,1,1870.04,0.0,0.0,0.0,1.98,0.0,0.0,0.0,0.0,0.0,560.0,0.0,1.98
bf_sae1006_045,period_4,4,102,0,1,810.0,8652.32,5173.98,3015.43,1,8649.45,0.0,0.0,0.0,2.87,0.0,0.0,0.0,0.0,0.0,810.0,0.0,0.0
bf_sae1006_045,period_4,4,111,0,1,810.0,8429.71,5173.98,2937.85,1,8119.94,0.0,0.0,0.0,2.76,202.94,0.0,202.94,104.07,0.0,810.0,0.0,0.0
bf_sae1006_045,period_4,4,112,0,1,810.0,7772.61,5173.98,2708.85,1,7486.77,0.0,0.0,0.0,2.76,187.12,0.0,187.12,95.96,0.0,810.0,0.0,0.0
bf_sae1006_045,period_4,4,117,0,1,810.0,8397.97,5173.98,2926.79,1,8089.35,0.0,0.0,0.0,2.76,202.17,0.0,202.17,103.68,0.0,810.0,0.0,0.0
bf_sae1006_045,period_4,4,118,0,1,810.0,7935.17,5173.98,2765.5,1,7643.41,0.0,0.0,0.0,2.76,191.03,0.0,191.03,97.97,0.0,810.0,0.0,0.0
bf_sae1006_045,period_4,4,121,0,1,810.0,8058.98,5173.98,2808.65,1,7762.71,0.0,0.0,0.0,2.76,194.01,0.0,194.01,99.49,0.0,810.0,0.0,0.0
bf_sae1006_045,period_4,4,123,0,1,810.0,7976.6,5173.98,2779.94,1,7683.33,0.0,0.0,0.0,2.76,192.03,0.0,192.03,98.48,0.0,810.0,0.0,0.0
bf_sae1006_045,period_4,4,133,0,1,810.0,7463.15,5173.98,2601.0,1,7188.58,0.0,0.0,0.0,2.76,179.67,0.0,179.67,92.14,0.0,810.0,0.0,0.0
bf_sae1006_045,period_4,4,140,0,1,810.0,8199.01,5173.98,2857.45,1,7897.64,0.0,0.0,0.0,2.76,197.38,0.0,197.38,101.22,0.0,810.0,0.0,0.0
bf_sae1006_045,period_4,4,144,0,1,810.0,8560.72,5173.98,2983.51,1,8246.18,0.0,0.0,0.0,2.76,206.09,0.0,206.09,105.69,0.0,810.0,0.0,0.0
bf_sae1006_045,period_4,4,145,0,1,810.0,8343.94,5173.98,2907.96,1,8037.29,0.0,0.0,0.0,2.76,200.87,0.0,200.87,103.01,0.0,810.0,0.0,0.0
bf_sae1006_045,period_4,4,158,0,1,810.0,8164.37,5173.98,2845.38,1,7864.26,0.0,0.0,0.0,2.76,196.55,0.0,196.55,100.79,0.0,810.0,0.0,0.0
bf_sae1006_045,period_4,4,160,0,1,810.0,8253.99,5173.98,2876.61,1,7950.62,0.0,0.0,0.0,2.76,198.71,0.0,198.71,101.9,0.0,810.0,0.0,0.0
bf_sae1006_045,period_4,4,184,0,1,810.0,8492.56,5173.98,2959.76,1,8180.5,0.0,0.0,0.0,2.76,204.45,0.0,204.45,104.85,0.0,810.0,0.0,0.0
bf_sae1006_045,period_4,4,197,0,1,810.0,8068.21,5173.98,2811.87,1,7771.6,0.0,0.0,0.0,2.76,194.23,0.0,194.23,99.61,0.0,810.0,0.0,0.0
bf_sae1006_045,period_4,4,198,0,1,810.0,8265.6,5173.98,2880.66,1,7961.8,0.0,0.0,0.0,2.76,198.99,0.0,198.99,102.04,0.0,810.0,0.0,0.0
bf_sae1006_045,period_4,4,202,0,1,810.0,7892.67,5173.98,2750.69,1,7602.46,0.0,0.0,0.0,2.76,190.01,0.0,190.01,97.44,0.0,810.0,0.0,0.0
bf_sae1006_045,period_4,4,203,0,1,810.0,7007.2,5173.98,2442.09,1,6987.23,17.1,17.1,0.0,2.87,0.0,0.0,0.0,0.0,0.0,810.0,0.0,0.0
bf_sae1006_045,period_4,4,207,0,1,1250.0,7768.36,5102.73,1754.37,2,7658.34,0.0,0.0,0.0,4.37,43.5,0.0,43.5,62.15,0.0,1250.0,0.0,0.0
bf_sae1006_045,period_4,4,208,0,1,1250.0,7208.74,5102.73,1627.99,2,7048.7,0.0,0.0,0.0,4.33,98.04,0.0,98.04,57.67,0.0,1250.0,0.0,0.0
bf_sae1006_045,period_4,4,216,0,1,1250.0,7680.18,5102.73,1734.46,2,7571.36,0.0,0.0,0.0,4.37,43.01,0.0,43.01,61.44,0.0,1250.0,0.0,0.0
bf_sae1006_045,period_4,4,217,0,1,1250.0,9684.03,5102.73,2187.0,2,9543.61,4.35,0.0,4.35,4.37,54.23,0.0,54.23,77.47,0.0,1250.0,0.0,0.0
bf_sae1006_045,period_4,4,222,0,1,1250.0,7241.9,5102.73,1635.48,4,6693.21,0.0,0.0,0.0,4.1,486.66,0.0,486.66,57.94,0.0,1250.0,0.0,0.0
bf_sae1006_045,period_4,4,235,0,1,1250.0,8203.19,5102.73,1852.57,2,8087.26,0.0,0.0,0.0,4.37,45.94,0.0,45.94,65.63,0.0,1250.0,0.0,0.0
bf_sae1006_045,period_4,4,242,0,1,1250.0,9035.47,5102.73,2040.53,3,8864.87,0.0,0.0,0.0,4.35,93.97,0.0,93.97,72.28,0.0,1250.0,0.0,0.0
bf_sae1006_045,period_4,4,257,0,1,1250.0,7856.2,5102.73,1774.21,3,7707.3,0.0,0.0,0.0,4.35,81.7,0.0,81.7,62.85,0.0,1250.0,0.0,0.0
bf_sae1006_045,period_4,4,266,0,1,1250.0,9615.49,5102.73,2171.52,2,9480.35,0.0,0.0,0.0,4.37,53.85,0.0,53.85,76.92,0.0,1250.0,0.0,0.0
bf_sae1006_045,period_4,4,275,0,1,1250.0,9385.4,5102.73,2119.56,2,9253.39,0.0,0.0,0.0,4.37,52.56,0.0,52.56,75.08,0.0,1250.0,0.0,0.0
bf_sae1006_045,period_4,4,287,0,1,1250.0,9413.5,5102.73,2125.9,2,9281.11,0.0,0.0,0.0,4.37,52.72,0.0,52.72,75.31,0.0,1250.0,0.0,0.0
bf_sae1006_045,period_4,4,48,0,1,1100.0,7123.23,4947.45,1828.04,2,6657.21,358.57,358.57,0.0,3.84,38.85,0.0,38.85,64.76,0.0,1100.0,0.0,0.0
bf_sae1006_045,period_4,4,7,0,1,1100.0,6939.65,4947.45,1780.93,2,6834.87,0.0,0.0,0.0,3.84,37.85,0.0,37.85,63.09,0.0,1100.0,0.0,0.0
bf_sae1006_045,period_4,4,70,0,1,1100.0,6773.12,4947.45,1738.19,2,6572.3,0.0,0.0,0.0,3.78,135.46,0.0,135.46,61.57,0.0,1100.0,0.0,0.0
bf_sae1006_045,period_4,4,71,0,1,1100.0,6805.29,4947.45,1746.45,2,5811.86,890.61,890.61,0.0,3.84,37.12,0.0,37.12,61.87,0.0,1100.0,0.0,0.0
bf_sae1006_045,period_4,4,8,0,1,1100.0,9609.36,4947.45,2466.06,2,9156.07,78.27,77.32,0.95,3.75,283.91,0.0,283.91,87.36,0.0,1100.0,0.0,0.0
bf_sae1006_045,period_4,4,80,0,1,1100.0,7905.34,4947.45,2028.76,3,7815.25,0.0,0.0,0.0,3.85,14.37,0.0,14.37,71.87,0.0,1100.0,0.0,0.0
bf_sae1006_045,period_4,4,9,0,1,1100.0,6373.95,4947.45,1635.76,2,4917.49,1168.81,1168.81,0.0,3.72,225.99,0.0,225.99,57.95,0.0,1100.0,0.0,0.0
bf_sae1006_045,period_4,4,98,0,1,810.0,8626.33,5173.98,3006.38,1,8309.4,0.0,0.0,0.0,2.76,207.67,0.0,207.67,106.5,0.0,810.0,0.0,0.0
bf_sae1006_045,period_4,4,298,1,1,550.0,236.47,4947.45,121.37,1,234.52,0.0,0.0,0.0,1.95,0.0,0.0,0.0,0.0,0.0,550.0,0.0,1.95
bf_sae1006_045,period_4,4,299,1,1,277.0,17.42,4947.45,17.75,1,16.44,0.0,0.0,0.0,0.98,0.0,0.0,0.0,0.0,0.0,277.0,0.0,0.98
bf_sae1006_045,period_4,4,300,1,1,780.5,236.03,4947.45,85.37,1,233.27,0.0,0.0,0.0,2.76,0.0,0.0,0.0,0.0,0.0,780.5,0.0,2.76
bf_sae1006_045,period_4,4,301,1,1,810.0,21.87,4947.45,7.62,1,19.0,0.0,0.0,0.0,2.87,0.0,0.0,0.0,0.0,0.0,810.0,0.0,2.87
bf_sae1006_045,period_4,4,302,1,1,534.0,135.04,4947.45,71.39,1,133.15,0.0,0.0,0.0,1.89,0.0,0.0,0.0,0.0,0.0,534.0,0.0,1.89
bf_sae1006_045,period_4,4,303,1,1,726.0,114.83,4947.45,44.65,1,112.26,0.0,0.0,0.0,2.57,0.0,0.0,0.0,0.0,0.0,726.0,0.0,2.57
bf_sae1006_045,period_4,4,304,1,1,325.0,125.24,4947.45,108.78,1,124.09,0.0,0.0,0.0,1.15,0.0,0.0,0.0,0.0,0.0,325.0,0.0,1.15
bf_sae1006_045,period_4,4,305,1,1,560.0,1046.57,5102.73,527.57,1,1044.59,0.0,0.0,0.0,1.98,0.0,0.0,0.0,0.0,0.0,560.0,0.0,1.98
bf_sae1006_045,period_4,4,306,1,1,673.0,18.41,5102.73,7.72,1,16.03,0.0,0.0,0.0,2.38,0.0,0.0,0.0,0.0,0.0,673.0,0.0,2.38
bf_sae1006_045,period_5,5,100,0,1,810.0,7717.17,5173.98,2689.52,1,7433.35,0.0,0.0,0.0,2.76,185.78,0.0,185.78,95.27,0.0,810.0,0.0,0.0
bf_sae1006_045,period_5,5,102,0,1,810.0,8652.32,5173.98,3015.43,1,8334.44,0.0,0.0,0.0,2.76,208.3,0.0,208.3,106.82,0.0,810.0,0.0,0.0
bf_sae1006_045,period_5,5,111,0,1,810.0,8429.71,5173.98,2937.85,1,8119.94,0.0,0.0,0.0,2.76,202.94,0.0,202.94,104.07,0.0,810.0,0.0,0.0
bf_sae1006_045,period_5,5,114,0,1,810.0,6460.31,5173.98,2251.49,1,6222.26,0.0,0.0,0.0,2.76,155.53,0.0,155.53,79.76,0.0,810.0,0.0,0.0
bf_sae1006_045,period_5,5,117,0,1,810.0,8397.97,5173.98,2926.79,1,8089.35,0.0,0.0,0.0,2.76,202.17,0.0,202.17,103.68,0.0,810.0,0.0,0.0
bf_sae1006_045,period_5,5,118,0,1,810.0,7935.17,5173.98,2765.5,1,7643.41,0.0,0.0,0.0,2.76,191.03,0.0,191.03,97.97,0.0,810.0,0.0,0.0
bf_sae1006_045,period_5,5,121,0,1,810.0,8058.98,5173.98,2808.65,1,7762.71,0.0,0.0,0.0,2.76,194.01,0.0,194.01,99.49,0.0,810.0,0.0,0.0
bf_sae1006_045,period_5,5,134,0,1,810.0,7603.1,5173.98,2649.77,1,7323.43,0.0,0.0,0.0,2.76,183.04,0.0,183.04,93.87,0.0,810.0,0.0,0.0
bf_sae1006_045,period_5,5,137,0,1,810.0,8004.9,5173.98,2789.8,1,7710.6,0.0,0.0,0.0,2.76,192.71,0.0,192.71,98.83,0.0,810.0,0.0,0.0
bf_sae1006_045,period_5,5,140,0,1,810.0,8199.01,5173.98,2857.45,1,7897.64,0.0,0.0,0.0,2.76,197.38,0.0,197.38,101.22,0.0,810.0,0.0,0.0
bf_sae1006_045,period_5,5,142,0,1,810.0,7935.07,5173.98,2765.46,1,7643.31,0.0,0.0,0.0,2.76,191.03,0.0,191.03,97.96,0.0,810.0,0.0,0.0
bf_sae1006_045,period_5,5,144,0,1,810.0,8560.72,5173.98,2983.51,1,8246.18,0.0,0.0,0.0,2.76,206.09,0.0,206.09,105.69,0.0,810.0,0.0,0.0
bf_sae1006_045,period_5,5,145,0,1,810.0,8343.94,5173.98,2907.96,1,8037.29,0.0,0.0,0.0,2.76,200.87,0.0,200.87,103.01,0.0,810.0,0.0,0.0
bf_sae1006_045,period_5,5,147,0,1,810.0,7787.62,5173.98,2714.08,1,7784.75,0.0,0.0,0.0,2.87,0.0,0.0,0.0,0.0,0.0,810.0,0.0,0.0
bf_sae1006_045,period_5,5,149,0,1,810.0,8069.45,5173.98,2812.3,1,7772.8,0.0,0.0,0.0,2.76,194.26,0.0,194.26,99.62,0.0,810.0,0.0,0.0
bf_sae1006_045,period_5,5,152,0,1,810.0,7849.27,5173.98,2735.56,1,7560.64,0.0,0.0,0.0,2.76,188.96,0.0,188.96,96.9,0.0,810.0,0.0,0.0
bf_sae1006_045,period_5,5,157,0,1,810.0,7607.31,5173.98,2651.24,1,7327.49,0.0,0.0,0.0,2.76,183.14,0.0,183.14,93.92,0.0,810.0,0.0,0.0
bf_sae1006_045,period_5,5,158,0,1,810.0,8164.37,5173.98,2845.38,1,7864.26,0.0,0.0,0.0,2.76,196.55,0.0,196.55,100.79,0.0,810.0,0.0,0.0
bf_sae1006_045,period_5,5,160,0,1,810.0,8253.99,5173.98,2876.61,1,7950.62,0.0,0.0,0.0,2.76,198.71,0.0,198.71,101.9,0.0,810.0,0.0,0.0
bf_sae1006_045,period_5,5,169,0,1,810.0,7573.33,5173.98,2639.39,1,7294.75,0.0,0.0,0.0,2.76,182.32,0.0,182.32,93.5,0.0,810.0,0.0,0.0
bf_sae1006_045,period_5,5,170,0,1,810.0,7358.21,5173.98,2564.42,1,7087.46,0.0,0.0,0.0,2.76,177.14,0.0,177.14,90.84,0.0,810.0,0.0,0.0
bf_sae1006_045,period_5,5,172,0,1,810.0,6733.26,5173.98,2346.62,1,6713.29,17.1,17.1,0.0,2.87,0.0,0.0,0.0,0.0,0.0,810.0,0.0,0.0
bf_sae1006_045,period_5,5,175,0,1,810.0,7775.96,5173.98,2710.01,1,7490.0,0.0,0.0,0.0,2.76,187.2,0.0,187.2,96.0,0.0,810.0,0.0,0.0
bf_sae1006_045,period_5,5,177,0,1,810.0,7455.77,5173.98,2598.42,1,7181.47,0.0,0.0,0.0,2.76,179.49,0.0,179.49,92.05,0.0,810.0,0.0,0.0
bf_sae1006_045,period_5,5,180,0,1,810.0,7022.03,5173.98,2447.26,1,6763.52,0.0,0.0,0.0,2.76,169.05,0.0,169.05,86.69,0.0,810.0,0.0,0.0
bf_sae1006_045,period_5,5,181,0,1,810.0,6363.18,5173.98,2217.64,1,6128.67,0.0,0.0,0.0,2.76,153.19,0.0,153.19,78.56,0.0,810.0,0.0,0.0
bf_sae1006_045,period_5,5,184,0,1,810.0,8492.56,5173.98,2959.76,1,8180.5,0.0,0.0,0.0,2.76,204.45,0.0,204.45,104.85,0.0,810.0,0.0,0.0
bf_sae1006_045,period_5,5,185,0,1,810.0,7123.03,5173.98,2482.46,1,6860.85,0.0,0.0,0.0,2.76,171.48,0.0,171.48,87.94,0.0,810.0,0.0,0.0
bf_sae1006_045,period_5,5,191,0,1,810.0,7635.68,5173.98,2661.12,1,7354.83,0.0,0.0,0.0,2.76,183.82,0.0,183.82,94.27,0.0,810.0,0.0,0.0
bf_sae1006_045,period_5,5,197,0,1,810.0,8068.21,5173.98,2811.87,1,7771.6,0.0,0.0,0.0,2.76,194.23,0.0,194.23,99.61,0.0,810.0,0.0,0.0
bf_sae1006_045,period_5,5,198,0,1,810.0,8265.6,5173.98,2880.66,1,7961.8,0.0,0.0,0.0,2.76,198.99,0.0,198.99,102.04,0.0,810.0,0.0,0.0
bf_sae1006_045,period_5,5,200,0,1,810.0,7507.24,5173.98,2616.36,1,7231.06,0.0,0.0,0.0,2.76,180.73,0.0,180.73,92.68,0.0,810.0,0.0,0.0
bf_sae1006_045,period_5,5,203,0,1,810.0,7007.2,5173.98,2442.09,1,7004.33,0.0,0.0,0.0,2.87,0.0,0.0,0.0,0.0,0.0,810.0,0.0,0.0
bf_sae1006_045,period_5,5,209,0,1,1250.0,7860.62,5102.73,1775.21,2,7686.5,0.0,0.0,0.0,4.33,106.9,0.0,106.9,62.88,0.0,1250.0,0.0,0.0
bf_sae1006_045,period_5,5,213,0,1,1250.0,8397.3,5102.73,1896.41,2,8266.81,11.92,11.92,0.0,4.37,47.02,0.0,47.02,67.18,0.0,1250.0,0.0,0.0
bf_sae1006_045,period_5,5,216,0,1,1250.0,7680.18,5102.73,1734.46,2,7509.96,0.0,0.0,0.0,4.33,104.45,0.0,104.45,61.44,0.0,1250.0,0.0,0.0
bf_sae1006_045,period_5,5,224,0,1,1250.0,10008.67,5102.73,2260.31,2,9868.18,0.0,0.0,0.0,4.37,56.05,0.0,56.05,80.07,0.0,1250.0,0.0,0.0
bf_sae1006_045,period_5,5,227,0,1,1250.0,7857.2,5102.73,1774.44,2,7745.97,0.0,0.0,0.0,4.37,44.0,0.0,44.0,62.86,0.0,1250.0,0.0,0.0
bf_sae1006_045,period_5,5,230,0,1,1250.0,7677.9,5102.73,1733.94,3,7532.28,0.0,0.0,0.0,4.35,79.85,0.0,79.85,61.42,0.0,1250.0,0.0,0.0
bf_sae1006_045,period_5,5,232,0,1,1250.0,7705.67,5102.73,1740.21,2,7596.51,0.0,0.0,0.0,4.37,43.15,0.0,43.15,61.65,0.0,1250.0,0.0,0.0
bf_sae1006_045,period_5,5,237,0,1,1250.0,7919.28,5102.73,1788.46,3,7769.22,0.0,0.0,0.0,4.35,82.36,0.0,82.36,63.35,0.0,1250.0,0.0,0.0
bf_sae1006_045,period_5,5,238,0,1,1250.0,9038.83,5102.73,2041.29,2,8911.53,0.0,0.0,0.0,4.37,50.62,0.0,50.62,72.31,0.0,1250.0,0.0,0.0
bf_sae1006_045,period_5,5,239,0,1,1250.0,8824.97,5102.73,1992.99,3,8658.24,0.0,0.0,0.0,4.35,91.78,0.0,91.78,70.6,0.0,1250.0,0.0,0.0
bf_sae1006_045,period_5,5,247,0,1,1250.0,7762.56,5102.73,1753.06,2,7491.25,0.0,0.0,0.0,4.28,204.93,0.0,204.93,62.1,0.0,1250.0,0.0,0.0
bf_sae1006_045,period_5,5,257,0,1,1250.0,7856.2,5102.73,1774.21,2,7744.99,0.0,0.0,0.0,4.37,43.99,0.0,43.99,62.85,0.0,1250.0,0.0,0.0
bf_sae1006_045,period_5,5,259,0,1,1250.0,7680.91,5102.73,1734.62,2,7569.92,2.16,0.0,2.16,4.37,43.01,0.0,43.01,61.45,0.0,1250.0,0.0,0.0
bf_sae1006_045,period_5,5,275,0,1,1250.0,9385.4,5102.73,2119.56,2,9253.39,0.0,0.0,0.0,4.37,52.56,0.0,52.56,75.08,0.0,1250.0,0.0,0.0
bf_sae1006_045,period_5,5,284,0,1,1250.0,10148.17,5102.73,2291.82,3,9551.08,406.01,406.01,0.0,4.35,105.54,0.0,105.54,81.19,0.0,1250.0,0.0,0.0
bf_sae1006_045,period_5,5,292,0,1,1250.0,8108.59,5102.73,1831.21,3,7955.05,0.0,0.0,0.0,4.35,84.33,0.0,84.33,64.87,0.0,1250.0,0.0,0.0
bf_sae1006_045,period_5,5,296,0,1,1250.0,8219.87,5102.73,1856.34,2,8103.71,0.0,0.0,0.0,4.37,46.03,0.0,46.03,65.76,0.0,1250.0,0.0,0.0
bf_sae1006_045,period_5,5,56,0,1,1100.0,7980.04,4947.45,2047.93,3,7598.24,290.89,290.89,0.0,3.85,14.51,0.0,14.51,72.55,0.0,1100.0,0.0,0.0
bf_sae1006_045,period_5,5,62,0,1,1100.0,8247.04,4947.45,2116.45,2,8123.24,0.0,0.0,0.0,3.84,44.98,0.0,44.98,74.97,0.0,1100.0,0.0,0.0
bf_sae1006_045,period_5,5,73,0,1,1100.0,7750.95,4947.45,1989.14,2,7634.37,0.0,0.0,0.0,3.84,42.28,0.0,42.28,70.46,0.0,1100.0,0.0,0.0
bf_sae1006_045,period_5,5,84,0,1,1100.0,8331.32,4947.45,2138.08,2,8004.14,1.55,0.0,1.55,3.75,246.15,0.0,246.15,75.74,0.0,1100.0,0.0,0.0
bf_sae1006_045,period_5,5,86,0,1,1100.0,7833.86,4947.45,2010.41,2,7481.17,0.0,0.0,0.0,3.72,277.75,0.0,277.75,71.22,0.0,1100.0,0.0,0.0
bf_sae1006_045,period_5,5,87,0,1,1100.0,8238.16,4947.45,2114.17,2,8110.97,3.52,0.0,3.52,3.84,44.94,0.0,44.94,74.89,0.0,1100.0,0.0,0.0
bf_sae1006_045,period_5,5,9,0,1,1100.0,6373.95,4947.45,1635.76,2,3580.54,2505.76,2505.76,0.0,3.72,225.99,0.0,225.99,57.95,0.0,1100.0,0.0,0.0
bf_sae1006_045,period_5,5,91,0,1,1100.0,7929.97,4947.45,2035.08,2,7695.5,0.0,0.0,0.0,3.78,158.6,0.0,158.6,72.09,0.0,1100.0,0.0,0.0
bf_sae1006_045,period_5,5,96,0,1,1100.0,9069.31,4947.45,2327.47,3,8957.06,9.46,9.46,0.0,3.85,16.49,0.0,16.49,82.45,0.0,1100.0,0.0,0.0
bf_sae1006_045,period_5,5,97,0,1,810.0,7778.89,5173.98,2711.03,1,7492.82,0.0,0.0,0.0,2.76,187.27,0.0,187.27,96.04,0.0,810.0,0.0,0.0
bf_sae1006_045,period_5,5,98,0,1,810.0,8626.33,5173.98,3006.38,1,8309.4,0.0,0.0,0.0,2.76,207.67,0.0,207.67,106.5,0.0,810.0,0.0,0.0
bf_sae1006_045,period_5,5,298,1,1,277.0,77.32,4947.45,78.8,1,76.34,0.0,0.0,0.0,0.98,0.0,0.0,0.0,0.0,0.0,277.0,0.0,0.98
bf_sae1006_045,period_5,5,299,1,1,726.0,154.78,4947.45,60.18,1,152.21,0.0,0.0,0.0,2.57,0.0,0.0,0.0,0.0,0.0,726.0,0.0,2.57
bf_sae1006_045,period_5,5,300,1,1,325.0,1014.02,4947.45,880.78,1,1012.87,0.0,0.0,0.0,1.15,0.0,0.0,0.0,0.0,0.0,325.0,0.0,1.15
bf_sae1006_045,period_5,5,301,1,1,534.0,348.82,4947.45,184.4,1,346.93,0.0,0.0,0.0,1.89,0.0,0.0,0.0,0.0,0.0,534.0,0.0,1.89
bf_sae1006_045,period_5,5,302,1,1,550.0,9.74,4947.45,5.0,1,7.79,0.0,0.0,0.0,1.95,0.0,0.0,0.0,0.0,0.0,550.0,0.0,1.95
bf_sae1006_045,period_5,5,303,1,1,550.0,890.61,4947.45,457.12,1,888.66,0.0,0.0,0.0,1.95,0.0,0.0,0.0,0.0,0.0,550.0,0.0,1.95
bf_sae1006_045,period_5,5,304,1,1,810.0,17.1,5173.98,5.96,1,14.23,0.0,0.0,0.0,2.87,0.0,0.0,0.0,0.0,0.0,810.0,0.0,2.87
bf_sae1006_050,period_1,1,1,0,1,1200.0,8758.05,5164.94,1854.26,5,8462.79,119.11,119.11,0.0,4.63,98.53,0.0,98.53,72.98,0.0,1200.0,0.0,0.0
bf_sae1006_050,period_1,1,3,0,1,1200.0,7815.78,5164.94,1654.76,5,4260.04,3398.05,3398.05,0.0,4.63,87.93,0.0,87.93,65.13,0.0,1200.0,0.0,0.0
bf_sae1006_050,period_1,1,5,0,1,1200.0,8920.81,5164.94,1888.72,5,8741.48,0.0,0.0,0.0,4.63,100.36,0.0,100.36,74.34,0.0,1200.0,0.0,0.0
bf_sae1006_050,period_1,1,6,0,1,1200.0,8903.34,5164.94,1885.02,5,5535.68,3188.67,3188.67,0.0,4.63,100.16,0.0,100.16,74.19,0.0,1200.0,0.0,0.0
bf_sae1006_050,period_2,2,1,0,1,1200.0,8758.05,5164.94,1854.26,5,4058.76,4523.15,4523.15,0.0,4.63,98.53,0.0,98.53,72.98,0.0,1200.0,0.0,0.0
bf_sae1006_050,period_2,2,3,0,1,1200.0,7815.78,5164.94,1654.76,8,6393.63,1212.39,1212.39,0.0,4.6,140.03,0.0,140.03,65.13,0.0,1200.0,0.0,0.0
bf_sae1006_050,period_2,2,6,0,1,1200.0,8903.34,5164.94,1885.02,5,8724.35,0.0,0.0,0.0,4.63,100.16,0.0,100.16,74.19,0.0,1200.0,0.0,0.0
bf_sae1006_050,period_2,2,10,1,1,430.0,3188.67,5164.94,1884.02,1,3186.98,0.0,0.0,0.0,1.69,0.0,0.0,0.0,0.0,0.0,430.0,0.0,1.69
bf_sae1006_050,period_2,2,7,1,1,430.0,119.11,5164.94,70.38,1,117.42,0.0,0.0,0.0,1.69,0.0,0.0,0.0,0.0,0.0,430.0,0.0,1.69
bf_sae1006_050,period_2,2,8,1,1,430.0,2798.96,5164.94,1653.76,1,2797.27,0.0,0.0,0.0,1.69,0.0,0.0,0.0,0.0,0.0,430.0,0.0,1.69
bf_sae1006_050,period_2,2,9,1,1,105.5,599.08,5164.94,1442.7,1,598.66,0.0,0.0,0.0,0.42,0.0,0.0,0.0,0.0,0.0,105.5,0.0,0.42
bf_sae1006_050,period_3,3,1,0,1,1200.0,8758.05,5164.94,1854.26,5,8581.91,0.0,0.0,0.0,4.63,98.53,0.0,98.53,72.98,0.0,1200.0,0.0,0.0
bf_sae1006_050,period_3,3,3,0,1,1200.0,7815.78,5164.94,1654.76,5,6382.87,1275.22,1275.22,0.0,4.63,87.93,0.0,87.93,65.13,0.0,1200.0,0.0,0.0
bf_sae1006_050,period_3,3,6,0,1,1200.0,8903.34,5164.94,1885.02,5,8724.35,0.0,0.0,0.0,4.63,100.16,0.0,100.16,74.19,0.0,1200.0,0.0,0.0
bf_sae1006_050,period_3,3,10,1,1,430.0,525.67,5164.94,310.59,1,523.98,0.0,0.0,0.0,1.69,0.0,0.0,0.0,0.0,0.0,430.0,0.0,1.69
bf_sae1006_050,period_3,3,11,1,1,105.5,686.72,5164.94,1653.76,1,686.3,0.0,0.0,0.0,0.42,0.0,0.0,0.0,0.0,0.0,105.5,0.0,0.42
bf_sae1006_050,period_3,3,7,1,1,430.0,3136.61,5164.94,1853.26,1,3134.92,0.0,0.0,0.0,1.69,0.0,0.0,0.0,0.0,0.0,430.0,0.0,1.69
bf_sae1006_050,period_3,3,8,1,1,105.5,616.97,5164.94,1485.79,1,616.55,0.0,0.0,0.0,0.42,0.0,0.0,0.0,0.0,0.0,105.5,0.0,0.42
bf_sae1006_050,period_3,3,9,1,1,105.5,769.56,5164.94,1853.25,1,769.14,0.0,0.0,0.0,0.42,0.0,0.0,0.0,0.0,0.0,105.5,0.0,0.42
bf_sae1006_050,period_4,4,1,0,1,1200.0,8758.05,5164.94,1854.26,5,8581.91,0.0,0.0,0.0,4.63,98.53,0.0,98.53,72.98,0.0,1200.0,0.0,0.0
bf_sae1006_050,period_4,4,3,0,1,1200.0,7815.78,5164.94,1654.76,8,7601.86,4.15,4.15,0.0,4.6,140.03,0.0,140.03,65.13,0.0,1200.0,0.0,0.0
bf_sae1006_050,period_4,4,6,0,1,1200.0,8903.34,5164.94,1885.02,5,6117.11,2607.25,2607.25,0.0,4.63,100.16,0.0,100.16,74.19,0.0,1200.0,0.0,0.0
bf_sae1006_050,period_4,4,7,1,1,430.0,1066.24,5164.94,629.99,1,1064.55,0.0,0.0,0.0,1.69,0.0,0.0,0.0,0.0,0.0,430.0,0.0,1.69
bf_sae1006_050,period_4,4,8,1,1,105.5,208.98,5164.94,503.27,1,208.56,0.0,0.0,0.0,0.42,0.0,0.0,0.0,0.0,0.0,105.5,0.0,0.42
bf_sae1006_050,period_5,5,1,0,1,1200.0,8758.05,5164.94,1854.26,5,7711.3,870.61,870.61,0.0,4.63,98.53,0.0,98.53,72.98,0.0,1200.0,0.0,0.0
bf_sae1006_050,period_5,5,3,0,1,1200.0,7815.78,5164.94,1654.76,5,7658.09,0.0,0.0,0.0,4.63,87.93,0.0,87.93,65.13,0.0,1200.0,0.0,0.0
bf_sae1006_050,period_5,5,4,0,1,1200.0,10960.97,5164.94,2320.67,5,10570.38,171.31,171.31,0.0,4.63,123.31,0.0,123.31,91.34,0.0,1200.0,0.0,0.0
bf_sae1006_050,period_5,5,6,0,1,1200.0,8903.34,5164.94,1885.02,5,8724.35,0.0,0.0,0.0,4.63,100.16,0.0,100.16,74.19,0.0,1200.0,0.0,0.0
bf_sae1006_050,period_5,5,10,1,1,105.5,52.75,5164.94,127.03,1,52.33,0.0,0.0,0.0,0.42,0.0,0.0,0.0,0.0,0.0,105.5,0.0,0.42
bf_sae1006_050,period_5,5,11,1,1,105.5,782.34,5164.94,1884.03,1,781.92,0.0,0.0,0.0,0.42,0.0,0.0,0.0,0.0,0.0,105.5,0.0,0.42
bf_sae1006_050,period_5,5,12,1,1,105.5,782.34,5164.94,1884.03,1,781.92,0.0,0.0,0.0,0.42,0.0,0.0,0.0,0.0,0.0,105.5,0.0,0.42
bf_sae1006_050,period_5,5,7,1,1,105.5,2.08,5164.94,5.01,1,1.66,0.0,0.0,0.0,0.42,0.0,0.0,0.0,0.0,0.0,105.5,0.0,0.42
bf_sae1006_050,period_5,5,8,1,1,105.5,2.08,5164.94,5.01,1,1.66,0.0,0.0,0.0,0.42,0.0,0.0,0.0,0.0,0.0,105.5,0.0,0.42
bf_sae1006_050,period_5,5,9,1,1,430.0,989.82,5164.94,584.83,3,727.31,0.0,0.0,0.0,1.25,238.25,0.0,238.25,23.02,0.0,430.0,0.0,262.51
bz_nbr7008_043,period_1,1,101,0,1,1020.0,10488.41,5742.24,3038.55,2,9662.61,0.0,0.0,0.0,3.18,719.79,0.0,719.79,102.83,0.0,1020.0,0.0,0.0
bz_nbr7008_043,period_1,1,15,0,1,900.0,5455.81,5465.22,1791.32,1,5299.42,7.94,0.0,7.94,2.96,84.87,0.0,84.87,60.62,0.0,900.0,0.0,0.0
bz_nbr7008_043,period_1,1,2,0,1,900.0,5647.27,5465.22,1854.18,2,5431.0,0.0,0.0,0.0,2.93,150.59,0.0,150.59,62.75,0.0,900.0,0.0,0.0
bz_nbr7008_043,period_1,1,29,0,1,900.0,5573.98,5465.22,1830.12,2,5292.26,68.21,68.21,0.0,2.93,148.64,0.0,148.64,61.93,0.0,900.0,0.0,0.0
bz_nbr7008_043,period_1,1,37,0,1,900.0,5924.76,5465.22,1945.29,2,4752.63,524.28,524.28,0.0,2.71,579.31,0.0,579.31,65.83,0.0,900.0,0.0,0.0
bz_nbr7008_043,period_1,1,41,0,1,900.0,6334.21,5465.22,2079.73,1,6162.33,0.0,0.0,0.0,2.96,98.53,0.0,98.53,70.38,0.0,900.0,0.0,0.0
bz_nbr7008_043,period_1,1,51,0,1,1200.0,7580.63,5944.29,1866.73,2,7033.58,0.0,0.0,0.0,3.77,480.11,0.0,480.11,63.17,0.0,1200.0,0.0,0.0
bz_nbr7008_043,period_1,1,7,0,1,900.0,7226.15,5465.22,2372.58,1,7030.49,0.0,0.0,0.0,2.96,112.41,0.0,112.41,80.29,0.0,900.0,0.0,0.0
bz_nbr7008_043,period_1,1,71,0,1,1200.0,7965.55,5944.29,1961.51,2,7815.53,0.0,0.0,0.0,3.99,79.66,0.0,79.66,66.38,0.0,1200.0,0.0,0.0
bz_nbr7008_043,period_1,1,72,0,1,1200.0,8488.08,5944.29,2090.19,3,7139.19,1196.36,1196.36,0.0,3.99,77.81,0.0,77.81,70.73,0.0,1200.0,0.0,0.0
bz_nbr7008_043,period_1,1,75,0,1,1200.0,8068.01,5944.29,1986.74,2,7486.03,0.0,0.0,0.0,3.77,510.97,0.0,510.97,67.23,0.0,1200.0,0.0,0.0
bz_nbr7008_043,period_1,1,82,0,1,1020.0,9316.86,5742.24,2699.14,2,8875.18,136.91,136.91,0.0,3.34,210.09,0.0,210.09,91.34,0.0,1020.0,0.0,0.0
bz_nbr7008_043,period_1,1,84,0,1,1020.0,8460.46,5742.24,2451.04,2,7932.34,251.06,251.06,0.0,3.34,190.78,0.0,190.78,82.95,0.0,1020.0,0.0,0.0
bz_nbr7008_043,period_1,1,85,0,1,1020.0,12497.66,5742.24,3620.64,2,11449.87,652.37,652.37,0.0,3.34,269.56,0.0,269.56,122.53,0.0,1020.0,0.0,0.0
bz_nbr7008_043,period_1,1,87,0,1,1020.0,10581.66,5742.24,3065.56,2,10235.97,0.0,0.0,0.0,3.34,238.61,0.0,238.61,103.74,0.0,1020.0,0.0,0.0
bz_nbr7008_043,period_1,1,90,0,1,1020.0,10644.79,5742.24,3083.85,2,8825.64,981.08,981.08,0.0,3.18,730.52,0.0,730.52,104.36,0.0,1020.0,0.0,0.0
bz_nbr7008_043,period_1,1,92,0,1,1020.0,10807.05,5742.24,3130.86,2,10464.66,0.0,0.0,0.0,3.34,233.09,0.0,233.09,105.95,0.0,1020.0,0.0,0.0
bz_nbr7008_043,period_1,1,96,0,1,1020.0,11013.89,5742.24,3190.78,2,10665.01,0.0,0.0,0.0,3.34,237.55,0.0,237.55,107.98,0.0,1020.0,0.0,0.0
bz_nbr7008_043,period_2,2,104,0,1,1020.0,10108.27,5742.24,2928.42,2,9247.15,540.66,540.66,0.0,3.34,218.02,0.0,218.02,99.1,0.0,1020.0,0.0,0.0
bz_nbr7008_043,period_2,2,12,0,1,900.0,6783.42,5465.22,2227.22,1,6599.56,0.0,0.0,0.0,2.96,105.52,0.0,105.52,75.37,0.0,900.0,0.0,0.0
bz_nbr7008_043,period_2,2,17,0,1,900.0,7313.56,5465.22,2401.28,2,5810.99,703.49,703.49,0.0,2.71,715.1,0.0,715.1,81.26,0.0,900.0,0.0,0.0
bz_nbr7008_043,period_2,2,24,0,1,900.0,6122.76,5465.22,2010.3,2,5873.38,1.55,0.0,1.55,2.92,176.88,0.0,176.88,68.03,0.0,900.0,0.0,0.0
bz_nbr7008_043,period_2,2,26,0,1,900.0,7426.33,5465.22,2438.31,2,6591.63,23.34,23.34,0.0,2.71,726.13,0.0,726.13,82.51,0.0,900.0,0.0,0.0
bz_nbr7008_043,period_2,2,30,0,1,900.0,7880.35,5465.22,2587.38,2,7562.21,0.0,0.0,0.0,2.92,227.65,0.0,227.65,87.56,0.0,900.0,0.0,0.0
bz_nbr7008_043,period_2,2,35,0,1,900.0,6177.02,5465.22,2028.12,1,5989.36,19.98,19.98,0.0,2.96,96.09,0.0,96.09,68.63,0.0,900.0,0.0,0.0
bz_nbr7008_043,period_2,2,44,0,1,900.0,4606.0,5465.22,1512.3,1,4480.21,0.0,0.0,0.0,2.96,71.65,0.0,71.65,51.18,0.0,900.0,0.0,0.0
bz_nbr7008_043,period_2,2,48,0,1,1200.0,7938.31,5944.29,1954.81,2,7729.41,59.38,59.38,0.0,3.99,79.38,0.0,79.38,66.15,0.0,1200.0,0.0,0.0
bz_nbr7008_043,period_2,2,52,0,1,1200.0,7307.11,5944.29,1799.37,2,6709.22,52.18,52.18,0.0,3.76,481.05,0.0,481.05,60.89,0.0,1200.0,0.0,0.0
bz_nbr7008_043,period_2,2,53,0,1,1200.0,9660.37,5944.29,2378.86,2,8964.27,0.0,0.0,0.0,3.77,611.82,0.0,611.82,80.5,0.0,1200.0,0.0,0.0
bz_nbr7008_043,period_2,2,61,0,1,1200.0,8806.08,5944.29,2168.49,2,8640.65,0.0,0.0,0.0,3.99,88.06,0.0,88.06,73.38,0.0,1200.0,0.0,0.0
bz_nbr7008_043,period_2,2,72,0,1,1200.0,8488.08,5944.29,2090.19,2,7876.0,0.0,0.0,0.0,3.77,537.58,0.0,537.58,70.73,0.0,1200.0,0.0,0.0
bz_nbr7008_043,period_2,2,75,0,1,1200.0,8068.01,5944.29,1986.74,3,4379.32,3543.51,3543.51,0.0,3.99,73.96,0.0,73.96,67.23,0.0,1200.0,0.0,0.0
bz_nbr7008_043,period_2,2,76,0,1,1200.0,7790.32,5944.29,1918.36,2,7208.78,0.0,0.0,0.0,3.76,512.86,0.0,512.86,64.92,0.0,1200.0,0.0,0.0
bz_nbr7008_043,period_2,2,79,0,1,1200.0,7062.24,5944.29,1739.07,2,6534.7,0.0,0.0,0.0,3.76,464.93,0.0,464.93,58.85,0.0,1200.0,0.0,0.0
bz_nbr7008_043,period_2,2,84,0,1,1020.0,8460.46,5742.24,2451.04,2,8183.4,0.0,0.0,0.0,3.34,190.78,0.0,190.78,82.95,0.0,1020.0,0.0,0.0
bz_nbr7008_043,period_2,2,86,0,1,1020.0,10910.47,5742.24,3160.82,2,9570.39,481.17,481.17,0.0,3.18,748.76,0.0,748.76,106.97,0.0,1020.0,0.0,0.0
bz_nbr7008_043,period_2,2,109,1,1,746.0,68.21,5465.22,27.02,1,65.69,0.0,0.0,0.0,2.52,0.0,0.0,0.0,0.0,0.0,746.0,0.0,2.52
bz_nbr7008_043,period_2,2,110,1,1,120.0,459.71,5465.22,1132.03,1,459.3,0.0,0.0,0.0,0.41,0.0,0.0,0.0,0.0,0.0,120.0,0.0,0.41
bz_nbr7008_043,period_2,2,111,1,1,682.0,64.57,5465.22,27.98,1,62.26,0.0,0.0,0.0,2.31,0.0,0.0,0.0,0.0,0.0,682.0,0.0,2.31
bz_nbr7008_043,period_2,2,112,1,1,107.0,296.52,5944.29,818.89,1,296.16,0.0,0.0,0.0,0.36,0.0,0.0,0.0,0.0,0.0,107.0,0.0,0.36
bz_nbr7008_043,period_2,2,113,1,1,536.0,899.84,5944.29,496.09,1,898.03,0.0,0.0,0.0,1.81,0.0,0.0,0.0,0.0,0.0,536.0,0.0,1.81
bz_nbr7008_043,period_2,2,114,1,1,432.0,136.91,5742.24,93.65,1,135.45,0.0,0.0,0.0,1.46,0.0,0.0,0.0,0.0,0.0,432.0,0.0,1.46
bz_nbr7008_043,period_2,2,115,1,1,555.0,251.06,5742.24,133.67,1,249.18,0.0,0.0,0.0,1.88,0.0,0.0,0.0,0.0,0.0,555.0,0.0,1.88
bz_nbr7008_043,period_2,2,116,1,1,556.0,652.37,5742.24,346.72,2,630.6,0.0,0.0,0.0,1.82,8.21,0.0,8.21,11.73,0.0,556.0,0.0,21.77
bz_nbr7008_043,period_2,2,117,1,1,258.0,981.08,5742.24,1123.68,1,980.21,0.0,0.0,0.0,0.87,0.0,0.0,0.0,0.0,0.0,258.0,0.0,0.87
bz_nbr7008_043,period_3,3,102,0,1,1020.0,10704.7,5742.24,3101.21,2,10356.24,9.28,0.0,9.28,3.34,230.89,0.0,230.89,104.95,0.0,1020.0,0.0,0.0
bz_nbr7008_043,period_3,3,104,0,1,1020.0,10108.27,5742.24,2928.42,2,9787.8,0.0,0.0,0.0,3.34,218.02,0.0,218.02,99.1,0.0,1020.0,0.0,0.0
bz_nbr7008_043,period_3,3,26,0,1,900.0,7426.33,5465.22,2438.31,1,7225.33,0.0,0.0,0.0,2.96,115.52,0.0,115.52,82.51,0.0,900.0,0.0,0.0
bz_nbr7008_043,period_3,3,30,0,1,900.0,7880.35,5465.22,2587.38,1,7642.04,25.21,25.21,0.0,2.96,122.58,0.0,122.58,87.56,0.0,900.0,0.0,0.0
bz_nbr7008_043,period_3,3,43,0,1,900.0,7210.13,5465.22,2367.32,1,5449.83,11.54,0.0,11.54,2.31,1666.34,1666.34,0.0,80.11,0.0,900.0,0.0,0.0
bz_nbr7008_043,period_3,3,53,0,1,1200.0,9660.37,5944.29,2378.86,2,8952.73,11.54,0.0,11.54,3.77,611.82,0.0,611.82,80.5,0.0,1200.0,0.0,0.0
bz_nbr7008_043,period_3,3,64,0,1,1200.0,8804.41,5944.29,2168.08,2,7565.02,1073.99,1073.99,0.0,3.99,88.04,0.0,88.04,73.37,0.0,1200.0,0.0,0.0
bz_nbr7008_043,period_3,3,69,0,1,1200.0,8726.3,5944.29,2148.85,2,8085.61,11.54,0.0,11.54,3.77,552.67,0.0,552.67,72.72,0.0,1200.0,0.0,0.0
bz_nbr7008_043,period_3,3,71,0,1,1200.0,7965.55,5944.29,1961.51,4,7383.9,444.9,433.36,11.54,3.99,66.38,0.0,66.38,66.38,0.0,1200.0,0.0,0.0
bz_nbr7008_043,period_3,3,79,0,1,1200.0,7062.24,5944.29,1739.07,2,6540.8,11.54,0.0,11.54,3.77,447.28,0.0,447.28,58.85,0.0,1200.0,0.0,0.0
bz_nbr7008_043,period_3,3,80,0,1,1200.0,6940.45,5944.29,1709.08,2,6438.15,1.13,0.0,1.13,3.77,439.56,0.0,439.56,57.84,0.0,1200.0,0.0,0.0
bz_nbr7008_043,period_3,3,81,0,1,1200.0,8718.14,5944.29,2146.84,2,7526.41,396.14,396.14,0.0,3.69,719.25,0.0,719.25,72.65,0.0,1200.0,0.0,0.0
bz_nbr7008_043,period_3,3,82,0,1,1020.0,9316.86,5742.24,2699.14,2,9012.09,0.0,0.0,0.0,3.34,210.09,0.0,210.09,91.34,0.0,1020.0,0.0,0.0
bz_nbr7008_043,period_3,3,88,0,1,1020.0,10102.75,5742.24,2926.82,2,9472.62,299.94,299.94,0.0,3.34,227.81,0.0,227.81,99.05,0.0,1020.0,0.0,0.0
bz_nbr7008_043,period_3,3,89,0,1,1020.0,11111.48,5742.24,3219.06,2,10750.13,9.41,0.0,9.41,3.34,239.66,0.0,239.66,108.94,0.0,1020.0,0.0,0.0
bz_nbr7008_043,period_3,3,9,0,1,900.0,5999.95,5465.22,1969.98,1,5836.99,0.0,0.0,0.0,2.96,93.33,0.0,93.33,66.67,0.0,900.0,0.0,0.0
bz_nbr7008_043,period_3,3,91,0,1,1020.0,11863.88,5742.24,3437.03,2,11246.89,427.49,427.49,0.0,3.4,69.79,0.0,69.79,116.31,0.0,1020.0,0.0,0.0
bz_nbr7008_043,period_3,3,109,1,1,120.0,703.49,5465.22,1732.34,1,703.08,0.0,0.0,0.0,0.41,0.0,0.0,0.0,0.0,0.0,120.0,0.0,0.41
bz_nbr7008_043,period_3,3,110,1,1,682.0,23.34,5465.22,10.11,1,9.49,11.54,0.0,11.54,2.31,0.0,0.0,0.0,0.0,0.0,682.0,0.0,13.85
bz_nbr7008_043,period_3,3,111,1,1,876.0,19.98,5465.22,6.74,1,17.02,0.0,0.0,0.0,2.96,0.0,0.0,0.0,0.0,0.0,876.0,0.0,2.96
bz_nbr7008_043,period_3,3,112,1,1,746.0,59.38,5944.29,23.52,1,56.86,0.0,0.0,0.0,2.52,0.0,0.0,0.0,0.0,0.0,746.0,0.0,2.52
bz_nbr7008_043,period_3,3,113,1,1,555.0,52.18,5944.29,27.78,1,50.3,0.0,0.0,0.0,1.88,0.0,0.0,0.0,0.0,0.0,555.0,0.0,1.88
bz_nbr7008_043,period_3,3,114,1,1,107.0,683.8,5944.29,1888.44,1,532.16,151.28,151.28,0.0,0.36,0.0,0.0,0.0,0.0,0.0,107.0,0.0,151.64
bz_nbr7008_043,period_3,3,115,1,1,536.0,2859.71,5944.29,1576.57,1,2857.9,0.0,0.0,0.0,1.81,0.0,0.0,0.0,0.0,0.0,536.0,0.0,1.81
bz_nbr7008_043,period_3,3,116,1,1,258.0,481.17,5742.24,551.11,1,480.3,0.0,0.0,0.0,0.87,0.0,0.0,0.0,0.0,0.0,258.0,0.0,0.87
bz_nbr7008_043,period_3,3,117,1,1,556.0,540.66,5742.24,287.35,1,538.78,0.0,0.0,0.0,1.88,0.0,0.0,0.0,0.0,0.0,556.0,0.0,1.88
bz_nbr7008_043,period_4,4,107,0,1,1020.0,9639.61,5742.24,2792.65,2,8978.92,165.98,165.98,0.0,3.28,396.93,0.0,396.93,94.51,0.0,1020.0,0.0,0.0
bz_nbr7008_043,period_4,4,19,0,1,900.0,5325.41,5465.22,1748.51,1,5180.43,0.0,0.0,0.0,2.96,82.84,0.0,82.84,59.17,0.0,900.0,0.0,0.0
bz_nbr7008_043,period_4,4,22,0,1,900.0,4577.23,5465.22,1502.85,1,4452.21,0.0,0.0,0.0,2.96,71.2,0.0,71.2,50.86,0.0,900.0,0.0,0.0
bz_nbr7008_043,period_4,4,24,0,1,900.0,6122.76,5465.22,2010.3,2,4857.56,507.39,507.39,0.0,2.67,687.11,0.0,687.11,68.03,0.0,900.0,0.0,0.0
bz_nbr7008_043,period_4,4,29,0,1,900.0,5573.98,5465.22,1830.12,1,5422.38,0.0,0.0,0.0,2.96,86.71,0.0,86.71,61.93,0.0,900.0,0.0,0.0
bz_nbr7008_043,period_4,4,30,0,1,900.0,7880.35,5465.22,2587.38,2,7244.61,317.6,317.6,0.0,2.92,227.65,0.0,227.65,87.56,0.0,900.0,0.0,0.0
bz_nbr7008_043,period_4,4,44,0,1,900.0,4606.0,5465.22,1512.3,2,2252.34,2176.73,2176.73,0.0,2.93,122.83,0.0,122.83,51.18,0.0,900.0,0.0,0.0
bz_nbr7008_043,period_4,4,51,0,1,1200.0,7580.63,5944.29,1866.73,2,6940.33,74.31,74.31,0.0,3.76,499.06,0.0,499.06,63.17,0.0,1200.0,0.0,0.0
bz_nbr7008_043,period_4,4,54,0,1,1200.0,8989.13,5944.29,2213.57,2,8341.14,0.0,0.0,0.0,3.77,569.31,0.0,569.31,74.91,0.0,1200.0,0.0,0.0
bz_nbr7008_043,period_4,4,56,0,1,1200.0,8813.21,5944.29,2170.25,2,8177.83,0.0,0.0,0.0,3.77,558.17,0.0,558.17,73.44,0.0,1200.0,0.0,0.0
bz_nbr7008_043,period_4,4,58,0,1,1200.0,7788.84,5944.29,1918.0,4,6236.38,1418.65,1418.65,0.0,3.99,64.91,0.0,64.91,64.91,0.0,1200.0,0.0,0.0
bz_nbr7008_043,period_4,4,71,0,1,1200.0,7965.55,5944.29,1961.51,2,7371.01,0.0,0.0,0.0,3.76,524.4,0.0,524.4,66.38,0.0,1200.0,0.0,0.0
bz_nbr7008_043,period_4,4,76,0,1,1200.0,7790.32,5944.29,1918.36,2,7228.24,0.0,0.0,0.0,3.77,493.39,0.0,493.39,64.92,0.0,1200.0,0.0,0.0
bz_nbr7008_043,period_4,4,81,0,1,1200.0,8718.14,5944.29,2146.84,2,8067.78,0.0,0.0,0.0,3.76,573.94,0.0,573.94,72.65,0.0,1200.0,0.0,0.0
bz_nbr7008_043,period_4,4,83,0,1,1020.0,12560.0,5742.24,3638.7,2,10987.9,1371.68,1371.68,0.0,3.4,73.88,0.0,73.88,123.14,0.0,1020.0,0.0,0.0
bz_nbr7008_043,period_4,4,98,0,1,1020.0,9244.46,5742.24,2678.17,2,8775.67,175.43,175.43,0.0,3.34,199.39,0.0,199.39,90.63,0.0,1020.0,0.0,0.0
bz_nbr7008_043,period_4,4,109,1,1,876.0,25.21,5465.22,8.5,1,12.21,10.03,0.0,10.03,2.96,0.0,0.0,0.0,0.0,0.0,876.0,0.0,13.0
bz_nbr7008_043,period_4,4,110,1,1,208.0,1666.34,5465.22,2367.32,1,960.94,0.0,0.0,0.0,0.41,624.88,0.0,624.88,80.11,0.0,208.0,0.0,705.4
bz_nbr7008_043,period_4,4,111,1,1,432.0,1073.99,5944.29,734.64,1,1072.53,0.0,0.0,0.0,1.46,0.0,0.0,0.0,0.0,0.0,432.0,0.0,1.46
bz_nbr7008_043,period_4,4,112,1,1,120.0,433.36,5944.29,1067.15,1,432.95,0.0,0.0,0.0,0.41,0.0,0.0,0.0,0.0,0.0,120.0,0.0,0.41
bz_nbr7008_043,period_4,4,113,1,1,536.0,396.14,5944.29,218.39,1,394.33,0.0,0.0,0.0,1.81,0.0,0.0,0.0,0.0,0.0,536.0,0.0,1.81
bz_nbr7008_043,period_4,4,114,1,1,555.0,299.94,5742.24,159.7,1,298.06,0.0,0.0,0.0,1.88,0.0,0.0,0.0,0.0,0.0,555.0,0.0,1.88
bz_nbr7008_043,period_4,4,115,1,1,258.0,380.6,5742.24,435.92,1,379.73,0.0,0.0,0.0,0.87,0.0,0.0,0.0,0.0,0.0,258.0,0.0,0.87
bz_nbr7008_043,period_4,4,116,1,1,746.0,46.89,5742.24,18.57,1,44.37,0.0,0.0,0.0,2.52,0.0,0.0,0.0,0.0,0.0,746.0,0.0,2.52
bz_nbr7008_043,period_5,5,10,0,1,900.0,5633.16,5465.22,1849.55,1,5162.94,317.03,317.03,0.0,2.96,87.63,0.0,87.63,62.59,0.0,900.0,0.0,0.0
bz_nbr7008_043,period_5,5,100,0,1,1020.0,10867.57,5742.24,3148.39,2,8884.99,1127.04,1127.04,0.0,3.18,745.81,0.0,745.81,106.54,0.0,1020.0,0.0,0.0
bz_nbr7008_043,period_5,5,104,0,1,1020.0,10108.27,5742.24,2928.42,2,9787.8,0.0,0.0,0.0,3.34,218.02,0.0,218.02,99.1,0.0,1020.0,0.0,0.0
bz_nbr7008_043,period_5,5,106,0,1,1020.0,10894.26,5742.24,3156.13,2,10144.73,190.86,190.86,0.0,3.28,448.59,0.0,448.59,106.81,0.0,1020.0,0.0,0.0
bz_nbr7008_043,period_5,5,107,0,1,1020.0,9639.61,5742.24,2792.65,2,9316.49,7.91,0.0,7.91,3.34,217.36,0.0,217.36,94.51,0.0,1020.0,0.0,0.0
bz_nbr7008_043,period_5,5,2,0,1,900.0,5647.27,5465.22,1854.18,1,5493.71,0.0,0.0,0.0,2.96,87.85,0.0,87.85,62.75,0.0,900.0,0.0,0.0
bz_nbr7008_043,period_5,5,20,0,1,900.0,6113.48,5465.22,2007.26,1,4630.35,0.0,0.0,0.0,2.31,1412.89,1412.89,0.0,67.93,0.0,900.0,0.0,0.0
bz_nbr7008_043,period_5,5,36,0,1,900.0,5907.96,5465.22,1939.78,2,5653.55,15.17,15.17,0.0,2.92,170.67,0.0,170.67,65.64,0.0,900.0,0.0,0.0
bz_nbr7008_043,period_5,5,40,0,1,900.0,5820.72,5465.22,1911.13,1,5662.54,0.0,0.0,0.0,2.96,90.54,0.0,90.54,64.67,0.0,900.0,0.0,0.0
bz_nbr7008_043,period_5,5,44,0,1,900.0,4606.0,5465.22,1512.3,1,4480.21,0.0,0.0,0.0,2.96,71.65,0.0,71.65,51.18,0.0,900.0,0.0,0.0
bz_nbr7008_043,period_5,5,54,0,1,1200.0,8989.13,5944.29,2213.57,2,8341.14,0.0,0.0,0.0,3.77,569.31,0.0,569.31,74.91,0.0,1200.0,0.0,0.0
bz_nbr7008_043,period_5,5,67,0,1,1200.0,9172.97,5944.29,2258.84,2,9000.81,0.0,0.0,0.0,3.99,91.73,0.0,91.73,76.44,0.0,1200.0,0.0,0.0
bz_nbr7008_043,period_5,5,69,0,1,1200.0,8726.3,5944.29,2148.85,4,7535.21,947.17,947.17,0.0,3.95,167.25,0.0,167.25,72.72,0.0,1200.0,0.0,0.0
bz_nbr7008_043,period_5,5,71,0,1,1200.0,7965.55,5944.29,1961.51,2,7390.92,0.0,0.0,0.0,3.77,504.48,0.0,504.48,66.38,0.0,1200.0,0.0,0.0
bz_nbr7008_043,period_5,5,73,0,1,1200.0,7191.58,5944.29,1770.92,2,6672.41,0.0,0.0,0.0,3.77,455.47,0.0,455.47,59.93,0.0,1200.0,0.0,0.0
bz_nbr7008_043,period_5,5,74,0,1,1200.0,8979.55,5944.29,2211.21,2,8642.1,168.84,168.84,0.0,3.99,89.8,0.0,89.8,74.83,0.0,1200.0,0.0,0.0
bz_nbr7008_043,period_5,5,75,0,1,1200.0,8068.01,5944.29,1986.74,2,7486.03,0.0,0.0,0.0,3.77,510.97,0.0,510.97,67.23,0.0,1200.0,0.0,0.0
bz_nbr7008_043,period_5,5,76,0,1,1200.0,7790.32,5944.29,1918.36,2,7208.78,0.0,0.0,0.0,3.76,512.86,0.0,512.86,64.92,0.0,1200.0,0.0,0.0
bz_nbr7008_043,period_5,5,78,0,1,1200.0,7641.03,5944.29,1881.6,2,7076.92,0.0,0.0,0.0,3.76,496.67,0.0,496.67,63.68,0.0,1200.0,0.0,0.0
bz_nbr7008_043,period_5,5,80,0,1,1200.0,6940.45,5944.29,1709.08,2,6306.33,0.0,0.0,0.0,3.69,572.59,0.0,572.59,57.84,0.0,1200.0,0.0,0.0
bz_nbr7008_043,period_5,5,81,0,1,1200.0,8718.14,5944.29,2146.84,2,8554.32,0.0,0.0,0.0,3.99,87.18,0.0,87.18,72.65,0.0,1200.0,0.0,0.0
bz_nbr7008_043,period_5,5,82,0,1,1020.0,9316.86,5742.24,2699.14,2,9012.09,0.0,0.0,0.0,3.34,210.09,0.0,210.09,91.34,0.0,1020.0,0.0,0.0
bz_nbr7008_043,period_5,5,83,0,1,1020.0,12560.0,5742.24,3638.7,2,11957.39,205.22,205.22,0.0,3.34,270.9,0.0,270.9,123.14,0.0,1020.0,0.0,0.0
bz_nbr7008_043,period_5,5,109,1,1,107.0,394.53,5465.22,1089.56,1,394.17,0.0,0.0,0.0,0.36,0.0,0.0,0.0,0.0,0.0,107.0,0.0,0.36
bz_nbr7008_043,period_5,5,110,1,1,682.0,112.86,5465.22,48.9,1,104.42,6.13,0.0,6.13,2.31,0.0,0.0,0.0,0.0,0.0,682.0,0.0,8.44
bz_nbr7008_043,period_5,5,111,1,1,432.0,317.6,5465.22,217.25,1,316.14,0.0,0.0,0.0,1.46,0.0,0.0,0.0,0.0,0.0,432.0,0.0,1.46
bz_nbr7008_043,period_5,5,112,1,1,120.0,613.73,5465.22,1511.31,1,613.32,0.0,0.0,0.0,0.41,0.0,0.0,0.0,0.0,0.0,120.0,0.0,0.41
bz_nbr7008_043,period_5,5,113,1,1,746.0,1563.0,5465.22,619.12,1,1560.48,0.0,0.0,0.0,2.52,0.0,0.0,0.0,0.0,0.0,746.0,0.0,2.52
bz_nbr7008_043,period_5,5,114,1,1,555.0,74.31,5944.29,39.56,1,72.43,0.0,0.0,0.0,1.88,0.0,0.0,0.0,0.0,0.0,555.0,0.0,1.88
bz_nbr7008_043,period_5,5,115,1,1,120.0,640.18,5944.29,1576.44,1,639.77,0.0,0.0,0.0,0.41,0.0,0.0,0.0,0.0,0.0,120.0,0.0,0.41
bz_nbr7008_043,period_5,5,116,1,1,120.0,778.48,5944.29,1917.0,1,778.07,0.0,0.0,0.0,0.41,0.0,0.0,0.0,0.0,0.0,120.0,0.0,0.41
bz_nbr7008_043,period_5,5,117,1,1,258.0,1371.68,5742.24,1571.05,1,1370.81,0.0,0.0,0.0,0.87,0.0,0.0,0.0,0.0,0.0,258.0,0.0,0.87
bz_nbr7008_043,period_5,5,118,1,1,556.0,175.43,5742.24,93.24,1,173.55,0.0,0.0,0.0,1.88,0.0,0.0,0.0,0.0,0.0,556.0,0.0,1.88
bz_nbr7008_043,period_5,5,119,1,1,536.0,165.98,5742.24,91.51,1,164.17,0.0,0.0,0.0,1.81,0.0,0.0,0.0,0.0,0.0,536.0,0.0,1.81
bz_nbr7008_075,period_1,1,1,0,1,1000.0,6006.21,5355.26,1017.57,7,5517.24,339.06,339.06,0.0,5.76,84.09,0.0,84.09,60.06,0.0,1000.0,0.0,0.0
bz_nbr7008_075,period_1,1,2,0,1,1000.0,6606.91,5355.26,1119.34,2,4963.19,1565.21,1565.21,0.0,5.84,6.61,0.0,6.61,66.07,0.0,1000.0,0.0,0.0
bz_nbr7008_075,period_1,1,3,0,1,1000.0,6948.64,5355.26,1177.24,2,6859.42,0.0,0.0,0.0,5.83,13.9,0.0,13.9,69.49,0.0,1000.0,0.0,0.0
bz_nbr7008_075,period_1,1,4,0,1,1000.0,7071.97,5355.26,1198.13,2,6473.67,55.37,55.37,0.0,5.45,466.75,466.75,0.0,70.72,0.0,1000.0,0.0,0.0
bz_nbr7008_075,period_1,1,7,0,1,1000.0,6173.57,5355.26,1045.92,2,6093.66,0.0,0.0,0.0,5.83,12.35,0.0,12.35,61.74,0.0,1000.0,0.0,0.0
bz_nbr7008_075,period_1,1,8,0,1,1000.0,7395.89,5355.26,1253.01,7,6059.79,1123.28,1123.28,0.0,5.74,133.13,0.0,133.13,73.96,0.0,1000.0,0.0,0.0
bz_nbr7008_075,period_2,2,1,0,1,1000.0,6006.21,5355.26,1017.57,2,5544.28,0.0,0.0,0.0,5.45,396.41,396.41,0.0,60.06,0.0,1000.0,0.0,0.0
bz_nbr7008_075,period_2,2,11,0,1,1000.0,7895.06,5355.26,1337.58,5,6732.21,604.71,599.58,5.13,5.49,473.7,473.7,0.0,78.95,0.0,1000.0,0.0,0.0
bz_nbr7008_075,period_2,2,2,0,1,1000.0,6606.91,5355.26,1119.34,2,4940.93,1587.47,1587.47,0.0,5.84,6.61,0.0,6.61,66.07,0.0,1000.0,0.0,0.0
bz_nbr7008_075,period_2,2,7,0,1,1000.0,6173.57,5355.26,1045.92,2,4625.41,1073.51,1073.51,0.0,5.45,407.46,407.46,0.0,61.74,0.0,1000.0,0.0,0.0
bz_nbr7008_075,period_2,2,8,0,1,1000.0,7395.89,5355.26,1253.01,2,7301.31,0.0,0.0,0.0,5.83,14.79,0.0,14.79,73.96,0.0,1000.0,0.0,0.0
bz_nbr7008_075,period_2,2,12,1,1,180.0,69.75,5355.26,65.65,1,68.69,0.0,0.0,0.0,1.06,0.0,0.0,0.0,0.0,0.0,180.0,0.0,1.06
bz_nbr7008_075,period_2,2,13,1,1,38.0,41.3,5355.26,184.13,1,0.0,41.08,41.08,0.0,0.22,0.0,0.0,0.0,0.0,0.0,38.0,0.0,41.3
bz_nbr7008_075,period_2,2,14,1,1,38.0,228.01,5355.26,1016.56,1,0.0,227.79,227.79,0.0,0.22,0.0,0.0,0.0,0.0,0.0,38.0,0.0,228.01
bz_nbr7008_075,period_2,2,15,1,1,495.0,1544.49,5355.26,528.62,2,1121.14,0.0,0.0,0.0,2.12,390.02,390.02,0.0,31.2,0.0,495.0,0.0,423.35
bz_nbr7008_075,period_2,2,16,1,1,494.0,20.72,5355.26,7.11,1,12.22,5.58,0.0,5.58,2.92,0.0,0.0,0.0,0.0,0.0,494.0,0.0,8.5
bz_nbr7008_075,period_2,2,17,1,1,744.0,55.37,5355.26,12.61,1,50.98,0.0,0.0,0.0,4.39,0.0,0.0,0.0,0.0,0.0,744.0,0.0,4.39
bz_nbr7008_075,period_2,2,18,1,1,66.0,466.75,5355.26,1198.13,1,0.0,268.51,268.51,0.0,0.22,127.3,0.0,127.3,70.72,0.0,66.0,0.0,466.75
bz_nbr7008_075,period_2,2,19,1,1,38.0,280.82,5355.26,1252.01,1,0.0,280.6,280.6,0.0,0.22,0.0,0.0,0.0,0.0,0.0,38.0,0.0,280.82
bz_nbr7008_075,period_2,2,20,1,1,38.0,280.82,5355.26,1252.01,1,279.47,1.12,0.0,1.12,0.22,0.0,0.0,0.0,0.0,0.0,38.0,0.0,1.35
bz_nbr7008_075,period_2,2,21,1,1,38.0,280.82,5355.26,1252.01,1,143.5,137.09,137.09,0.0,0.22,0.0,0.0,0.0,0.0,0.0,38.0,0.0,137.32
bz_nbr7008_075,period_2,2,22,1,1,38.0,280.82,5355.26,1252.01,1,279.47,1.12,0.0,1.12,0.22,0.0,0.0,0.0,0.0,0.0,38.0,0.0,1.35
bz_nbr7008_075,period_3,3,1,0,1,1000.0,6006.21,5355.26,1017.57,2,5928.3,0.0,0.0,0.0,5.83,12.01,0.0,12.01,60.06,0.0,1000.0,0.0,0.0
bz_nbr7008_075,period_3,3,2,0,1,1000.0,6606.91,5355.26,1119.34,7,4839.67,1576.51,1576.51,0.0,5.74,118.92,0.0,118.92,66.07,0.0,1000.0,0.0,0.0
bz_nbr7008_075,period_3,3,3,0,1,1000.0,6948.64,5355.26,1177.24,2,6859.42,0.0,0.0,0.0,5.83,13.9,0.0,13.9,69.49,0.0,1000.0,0.0,0.0
bz_nbr7008_075,period_3,3,4,0,1,1000.0,7071.97,5355.26,1198.13,7,6349.72,546.76,546.76,0.0,5.76,99.01,0.0,99.01,70.72,0.0,1000.0,0.0,0.0
bz_nbr7008_075,period_3,3,6,0,1,1000.0,7251.61,5355.26,1228.57,2,3100.76,4065.24,4065.24,0.0,5.84,7.25,0.0,7.25,72.52,0.0,1000.0,0.0,0.0
bz_nbr7008_075,period_3,3,7,0,1,1000.0,6173.57,5355.26,1045.92,2,5698.92,0.0,0.0,0.0,5.45,407.46,407.46,0.0,61.74,0.0,1000.0,0.0,0.0
bz_nbr7008_075,period_3,3,12,1,1,66.0,396.41,5355.26,1017.57,1,226.89,1.12,0.0,1.12,0.22,108.11,0.0,108.11,60.06,0.0,66.0,0.0,169.52
bz_nbr7008_075,period_3,3,13,1,1,495.0,1587.47,5355.26,543.33,1,1584.55,0.0,0.0,0.0,2.92,0.0,0.0,0.0,0.0,0.0,495.0,0.0,2.92
bz_nbr7008_075,period_3,3,14,1,1,744.0,1073.51,5355.26,244.45,1,1069.12,0.0,0.0,0.0,4.39,0.0,0.0,0.0,0.0,0.0,744.0,0.0,4.39
bz_nbr7008_075,period_3,3,15,1,1,66.0,407.46,5355.26,1045.94,1,233.25,1.12,0.0,1.12,0.22,111.13,0.0,111.13,61.74,0.0,66.0,0.0,174.21
bz_nbr7008_075,period_3,3,16,1,1,38.0,299.79,5355.26,1336.59,1,298.44,1.12,0.0,1.12,0.22,0.0,0.0,0.0,0.0,0.0,38.0,0.0,1.35
bz_nbr7008_075,period_3,3,17,1,1,38.0,299.79,5355.26,1336.59,1,151.29,148.27,148.27,0.0,0.22,0.0,0.0,0.0,0.0,0.0,38.0,0.0,148.5
bz_nbr7008_075,period_3,3,18,1,1,60.0,473.7,5355.26,1337.57,1,0.0,299.79,299.79,0.0,0.22,94.74,0.0,94.74,78.95,0.0,60.0,0.0,473.7
bz_nbr7008_075,period_4,4,1,0,1,1000.0,6006.21,5355.26,1017.57,2,5009.64,534.64,534.64,0.0,5.45,396.41,396.41,0.0,60.06,0.0,1000.0,0.0,0.0
bz_nbr7008_075,period_4,4,2,0,1,1000.0,6606.91,5355.26,1119.34,10,4352.19,2103.59,2103.59,0.0,5.77,79.28,0.0,79.28,66.07,0.0,1000.0,0.0,0.0
bz_nbr7008_075,period_4,4,3,0,1,1000.0,6948.64,5355.26,1177.24,2,6859.42,0.0,0.0,0.0,5.83,13.9,0.0,13.9,69.49,0.0,1000.0,0.0,0.0
bz_nbr7008_075,period_4,4,4,0,1,1000.0,7071.97,5355.26,1198.13,2,3418.1,3570.24,3570.24,0.0,5.84,7.07,0.0,7.07,70.72,0.0,1000.0,0.0,0.0
bz_nbr7008_075,period_4,4,7,0,1,1000.0,6173.57,5355.26,1045.92,2,5698.92,0.0,0.0,0.0,5.45,407.46,407.46,0.0,61.74,0.0,1000.0,0.0,0.0
bz_nbr7008_075,period_4,4,12,1,1,744.0,71.48,5355.26,16.28,1,67.09,0.0,0.0,0.0,4.39,0.0,0.0,0.0,0.0,0.0,744.0,0.0,4.39
bz_nbr7008_075,period_4,4,13,1,1,38.0,250.84,5355.26,1118.35,1,249.49,1.12,1.12,0.0,0.22,0.0,0.0,0.0,0.0,0.0,38.0,0.0,1.35
bz_nbr7008_075,period_4,4,14,1,1,38.0,250.84,5355.26,1118.35,1,0.0,250.62,250.62,0.0,0.22,0.0,0.0,0.0,0.0,0.0,38.0,0.0,250.84
bz_nbr7008_075,period_4,4,15,1,1,38.0,250.84,5355.26,1118.35,1,0.0,250.62,250.62,0.0,0.22,0.0,0.0,0.0,0.0,0.0,38.0,0.0,250.84
bz_nbr7008_075,period_4,4,16,1,1,38.0,250.84,5355.26,1118.35,1,0.0,250.62,250.62,0.0,0.22,0.0,0.0,0.0,0.0,0.0,38.0,0.0,250.84
bz_nbr7008_075,period_4,4,17,1,1,38.0,250.84,5355.26,1118.35,1,249.49,1.12,1.12,0.0,0.22,0.0,0.0,0.0,0.0,0.0,38.0,0.0,1.35
bz_nbr7008_075,period_4,4,18,1,1,38.0,250.84,5355.26,1118.35,1,155.86,94.75,94.75,0.0,0.22,0.0,0.0,0.0,0.0,0.0,38.0,0.0,94.98
bz_nbr7008_075,period_4,4,19,1,1,180.0,9.74,5355.26,9.17,1,8.68,0.0,0.0,0.0,1.06,0.0,0.0,0.0,0.0,0.0,180.0,0.0,1.06
bz_nbr7008_075,period_4,4,20,1,1,38.0,268.51,5355.26,1197.13,1,0.0,268.29,268.29,0.0,0.22,0.0,0.0,0.0,0.0,0.0,38.0,0.0,268.51
bz_nbr7008_075,period_4,4,21,1,1,38.0,268.51,5355.26,1197.13,1,0.0,268.29,268.29,0.0,0.22,0.0,0.0,0.0,0.0,0.0,38.0,0.0,268.51
bz_nbr7008_075,period_4,4,22,1,1,495.0,3236.5,5355.26,1107.73,2,2351.69,0.0,0.0,0.0,2.12,817.3,817.3,0.0,65.38,0.0,495.0,0.0,884.81
bz_nbr7008_075,period_4,4,23,1,1,494.0,828.74,5355.26,284.22,1,825.82,0.0,0.0,0.0,2.92,0.0,0.0,0.0,0.0,0.0,494.0,0.0,2.92
bz_nbr7008_075,period_4,4,24,1,1,66.0,407.46,5355.26,1045.94,1,0.0,234.37,234.37,0.0,0.22,111.13,0.0,111.13,61.74,0.0,66.0,0.0,407.46
bz_nbr7008_075,period_5,5,10,0,1,1000.0,7523.85,5355.26,1274.69,2,6924.63,21.96,21.96,0.0,5.45,496.57,496.57,0.0,75.24,0.0,1000.0,0.0,0.0
bz_nbr7008_075,period_5,5,11,0,1,1000.0,7895.06,5355.26,1337.58,5,6601.82,735.1,735.1,0.0,5.49,473.7,473.7,0.0,78.95,0.0,1000.0,0.0,0.0
bz_nbr7008_075,period_5,5,5,0,1,1000.0,7567.23,5355.26,1282.04,2,7470.59,0.0,0.0,0.0,5.83,15.13,0.0,15.13,75.67,0.0,1000.0,0.0,0.0
bz_nbr7008_075,period_5,5,6,0,1,1000.0,7251.61,5355.26,1228.57,2,6695.03,0.0,0.0,0.0,5.45,478.61,478.61,0.0,72.52,0.0,1000.0,0.0,0.0
bz_nbr7008_075,period_5,5,8,0,1,1000.0,7395.89,5355.26,1253.01,2,7301.31,0.0,0.0,0.0,5.83,14.79,0.0,14.79,73.96,0.0,1000.0,0.0,0.0
bz_nbr7008_075,period_5,5,9,0,1,1000.0,7560.04,5355.26,1280.82,2,2143.99,4836.03,4836.03,0.0,5.45,498.96,498.96,0.0,75.6,0.0,1000.0,0.0,0.0
bz_nbr7008_075,period_5,5,12,1,1,744.0,534.64,5355.26,121.75,1,530.25,0.0,0.0,0.0,4.39,0.0,0.0,0.0,0.0,0.0,744.0,0.0,4.39
bz_nbr7008_075,period_5,5,13,1,1,66.0,396.41,5355.26,1017.57,1,0.0,228.01,228.01,0.0,0.22,108.11,0.0,108.11,60.06,0.0,66.0,0.0,396.41
bz_nbr7008_075,period_5,5,14,1,1,180.0,96.89,5355.26,91.19,1,95.83,0.0,0.0,0.0,1.06,0.0,0.0,0.0,0.0,0.0,180.0,0.0,1.06
bz_nbr7008_075,period_5,5,15,1,1,38.0,250.84,5355.26,1118.35,1,0.0,250.62,250.62,0.0,0.22,0.0,0.0,0.0,0.0,0.0,38.0,0.0,250.84
bz_nbr7008_075,period_5,5,16,1,1,38.0,250.84,5355.26,1118.35,1,0.0,250.62,250.62,0.0,0.22,0.0,0.0,0.0,0.0,0.0,38.0,0.0,250.84
bz_nbr7008_075,period_5,5,17,1,1,38.0,250.84,5355.26,1118.35,1,119.53,131.08,131.08,0.0,0.22,0.0,0.0,0.0,0.0,0.0,38.0,0.0,131.31
bz_nbr7008_075,period_5,5,18,1,1,38.0,250.84,5355.26,1118.35,1,249.49,1.12,1.12,0.0,0.22,0.0,0.0,0.0,0.0,0.0,38.0,0.0,1.35
bz_nbr7008_075,period_5,5,19,1,1,38.0,250.84,5355.26,1118.35,1,250.62,0.0,0.0,0.0,0.22,0.0,0.0,0.0,0.0,0.0,38.0,0.0,0.22
bz_nbr7008_075,period_5,5,20,1,1,38.0,250.84,5355.26,1118.35,1,0.0,250.62,250.62,0.0,0.22,0.0,0.0,0.0,0.0,0.0,38.0,0.0,250.84
bz_nbr7008_075,period_5,5,21,1,1,38.0,250.84,5355.26,1118.35,1,0.0,250.62,250.62,0.0,0.22,0.0,0.0,0.0,0.0,0.0,38.0,0.0,250.84
bz_nbr7008_075,period_5,5,22,1,1,38.0,250.84,5355.26,1118.35,1,250.62,0.0,0.0,0.0,0.22,0.0,0.0,0.0,0.0,0.0,38.0,0.0,0.22
bz_nbr7008_075,period_5,5,23,1,1,495.0,2124.74,5355.26,727.22,1,1960.91,160.91,160.91,0.0,2.92,0.0,0.0,0.0,0.0,0.0,495.0,0.0,163.83
bz_nbr7008_075,period_5,5,24,1,1,494.0,1445.49,5355.26,495.74,2,1051.27,0.0,0.0,0.0,2.12,362.84,362.84,0.0,29.26,0.0,494.0,0.0,394.22
bz_nbr7008_075,period_5,5,25,1,1,66.0,407.46,5355.26,1045.94,1,0.0,234.37,234.37,0.0,0.22,111.13,0.0,111.13,61.74,0.0,66.0,0.0,407.46
bz_nbr7008_095,period_1,1,1,0,1,1000.0,10104.58,5412.45,1351.51,5,9996.13,0.0,0.0,0.0,7.4,0.0,0.0,0.0,101.05,0.0,1000.0,0.0,0.0
bz_nbr7008_095,period_1,1,10,0,1,1000.0,8416.52,5412.45,1125.73,4,7820.41,0.0,0.0,0.0,6.95,504.99,0.0,504.99,84.17,0.0,1000.0,0.0,0.0
bz_nbr7008_095,period_1,1,2,0,1,1000.0,9411.76,5412.45,1258.85,3,8894.25,415.99,415.99,0.0,7.4,0.0,0.0,0.0,94.12,0.0,1000.0,0.0,0.0
bz_nbr7008_095,period_1,1,4,0,1,1000.0,9000.68,5412.45,1203.86,3,8372.3,207.22,207.22,0.0,7.13,324.02,0.0,324.02,90.01,0.0,1000.0,0.0,0.0
bz_nbr7008_095,period_1,1,6,0,1,1000.0,9450.33,5412.45,1264.0,3,9348.42,0.0,0.0,0.0,7.4,0.0,0.0,0.0,94.5,0.0,1000.0,0.0,0.0
bz_nbr7008_095,period_1,1,8,0,1,1000.0,10079.29,5412.45,1348.13,4,9686.6,123.34,123.34,0.0,7.28,161.27,0.0,161.27,100.79,0.0,1000.0,0.0,0.0
bz_nbr7008_095,period_2,2,10,0,1,1000.0,8416.52,5412.45,1125.73,5,7446.7,205.53,205.53,0.0,6.8,673.32,0.0,673.32,84.17,0.0,1000.0,0.0,0.0
bz_nbr7008_095,period_2,2,2,0,1,1000.0,9411.76,5412.45,1258.85,4,8887.35,272.42,272.42,0.0,7.28,150.59,0.0,150.59,94.12,0.0,1000.0,0.0,0.0
bz_nbr7008_095,period_2,2,4,0,1,1000.0,9000.68,5412.45,1203.86,4,7956.81,802.57,802.57,0.0,7.28,144.01,0.0,144.01,90.01,0.0,1000.0,0.0,0.0
bz_nbr7008_095,period_2,2,5,0,1,1000.0,9700.28,5412.45,1297.44,3,7399.38,2196.49,2196.49,0.0,7.4,0.0,0.0,0.0,97.0,0.0,1000.0,0.0,0.0
bz_nbr7008_095,period_2,2,6,0,1,1000.0,9450.33,5412.45,1264.0,3,9348.42,0.0,0.0,0.0,7.4,0.0,0.0,0.0,94.5,0.0,1000.0,0.0,0.0
bz_nbr7008_095,period_2,2,8,0,1,1000.0,10079.29,5412.45,1348.13,3,9971.1,0.0,0.0,0.0,7.4,0.0,0.0,0.0,100.79,0.0,1000.0,0.0,0.0
bz_nbr7008_095,period_2,2,12,1,1,330.0,403.65,5412.45,163.6,1,401.18,0.0,0.0,0.0,2.47,0.0,0.0,0.0,0.0,0.0,330.0,0.0,2.47
bz_nbr7008_095,period_2,2,13,1,1,330.0,12.34,5412.45,5.0,1,9.87,0.0,0.0,0.0,2.47,0.0,0.0,0.0,0.0,0.0,330.0,0.0,2.47
bz_nbr7008_095,period_2,2,14,1,1,200.0,207.22,5412.45,138.58,1,205.72,0.0,0.0,0.0,1.5,0.0,0.0,0.0,0.0,0.0,200.0,0.0,1.5
bz_nbr7008_095,period_2,2,15,1,1,554.0,101.93,5412.45,24.61,1,97.79,0.0,0.0,0.0,4.14,0.0,0.0,0.0,0.0,0.0,554.0,0.0,4.14
bz_nbr7008_095,period_2,2,16,1,1,110.0,21.41,5412.45,26.03,1,20.59,0.0,0.0,0.0,0.82,0.0,0.0,0.0,0.0,0.0,110.0,0.0,0.82
bz_nbr7008_095,period_3,3,1,0,1,1000.0,10104.58,5412.45,1351.51,3,9996.13,0.0,0.0,0.0,7.4,0.0,0.0,0.0,101.05,0.0,1000.0,0.0,0.0
bz_nbr7008_095,period_3,3,10,0,1,1000.0,8416.52,5412.45,1125.73,3,7997.28,24.94,20.71,4.23,7.13,302.99,0.0,302.99,84.17,0.0,1000.0,0.0,0.0
bz_nbr7008_095,period_3,3,2,0,1,1000.0,9411.76,5412.45,1258.85,5,8699.59,610.65,610.65,0.0,7.4,0.0,0.0,0.0,94.12,0.0,1000.0,0.0,0.0
bz_nbr7008_095,period_3,3,4,0,1,1000.0,9000.68,5412.45,1203.86,4,7264.82,1494.56,1494.56,0.0,7.28,144.01,0.0,144.01,90.01,0.0,1000.0,0.0,0.0
bz_nbr7008_095,period_3,3,5,0,1,1000.0,9700.28,5412.45,1297.44,4,9397.91,4.11,4.11,0.0,7.25,194.01,0.0,194.01,97.0,0.0,1000.0,0.0,0.0
bz_nbr7008_095,period_3,3,6,0,1,1000.0,9450.33,5412.45,1264.0,3,9008.48,0.0,0.0,0.0,7.13,340.21,0.0,340.21,94.5,0.0,1000.0,0.0,0.0
bz_nbr7008_095,period_3,3,8,0,1,1000.0,10079.29,5412.45,1348.13,3,9947.15,23.95,23.95,0.0,7.4,0.0,0.0,0.0,100.79,0.0,1000.0,0.0,0.0
bz_nbr7008_095,period_3,3,12,1,1,110.0,272.42,5412.45,331.24,1,271.6,0.0,0.0,0.0,0.82,0.0,0.0,0.0,0.0,0.0,110.0,0.0,0.82
bz_nbr7008_095,period_3,3,13,1,1,554.0,798.46,5412.45,192.77,1,794.32,0.0,0.0,0.0,4.14,0.0,0.0,0.0,0.0,0.0,554.0,0.0,4.14
bz_nbr7008_095,period_3,3,14,1,1,110.0,4.11,5412.45,5.0,1,3.29,0.0,0.0,0.0,0.82,0.0,0.0,0.0,0.0,0.0,110.0,0.0,0.82
bz_nbr7008_095,period_3,3,15,1,1,330.0,2196.49,5412.45,890.26,1,2194.02,0.0,0.0,0.0,2.47,0.0,0.0,0.0,0.0,0.0,330.0,0.0,2.47
bz_nbr7008_095,period_3,3,16,1,1,200.0,205.53,5412.45,137.45,1,204.03,0.0,0.0,0.0,1.5,0.0,0.0,0.0,0.0,0.0,200.0,0.0,1.5
bz_nbr7008_095,period_4,4,1,0,1,1000.0,10104.58,5412.45,1351.51,3,9791.83,204.3,204.3,0.0,7.4,0.0,0.0,0.0,101.05,0.0,1000.0,0.0,0.0
bz_nbr7008_095,period_4,4,10,0,1,1000.0,8416.52,5412.45,1125.73,4,8169.7,20.71,20.71,0.0,7.28,134.66,0.0,134.66,84.17,0.0,1000.0,0.0,0.0
bz_nbr7008_095,period_4,4,2,0,1,1000.0,9411.76,5412.45,1258.85,3,8797.12,174.57,174.57,0.0,7.13,338.82,0.0,338.82,94.12,0.0,1000.0,0.0,0.0
bz_nbr7008_095,period_4,4,4,0,1,1000.0,9000.68,5412.45,1203.86,3,8903.27,0.0,0.0,0.0,7.4,0.0,0.0,0.0,90.01,0.0,1000.0,0.0,0.0
bz_nbr7008_095,period_4,4,8,0,1,1000.0,10079.29,5412.45,1348.13,4,9473.07,296.59,296.59,0.0,7.25,201.59,0.0,201.59,100.79,0.0,1000.0,0.0,0.0
bz_nbr7008_095,period_4,4,12,1,1,110.0,610.65,5412.45,742.51,1,609.83,0.0,0.0,0.0,0.82,0.0,0.0,0.0,0.0,0.0,110.0,0.0,0.82
bz_nbr7008_095,period_4,4,13,1,1,554.0,1494.56,5412.45,360.83,4,1425.85,0.0,0.0,0.0,3.96,37.77,0.0,37.77,26.98,0.0,554.0,0.0,68.71
bz_nbr7008_095,period_4,4,14,1,1,110.0,4.11,5412.45,5.0,1,3.29,0.0,0.0,0.0,0.82,0.0,0.0,0.0,0.0,0.0,110.0,0.0,0.82
bz_nbr7008_095,period_4,4,15,1,1,330.0,23.95,5412.45,9.71,1,21.48,0.0,0.0,0.0,2.47,0.0,0.0,0.0,0.0,0.0,330.0,0.0,2.47
bz_nbr7008_095,period_4,4,16,1,1,554.0,20.71,5412.45,5.0,1,16.57,0.0,0.0,0.0,4.14,0.0,0.0,0.0,0.0,0.0,554.0,0.0,4.14
bz_nbr7008_095,period_5,5,10,0,1,1000.0,8416.52,5412.45,1125.73,3,8022.23,0.0,0.0,0.0,7.13,302.99,0.0,302.99,84.17,0.0,1000.0,0.0,0.0
bz_nbr7008_095,period_5,5,11,0,1,1000.0,10148.98,5412.45,1357.45,5,10040.09,0.0,0.0,0.0,7.4,0.0,0.0,0.0,101.49,0.0,1000.0,0.0,0.0
bz_nbr7008_095,period_5,5,3,0,1,1000.0,11126.31,5412.45,1488.17,3,11007.65,0.0,0.0,0.0,7.4,0.0,0.0,0.0,111.26,0.0,1000.0,0.0,0.0
bz_nbr7008_095,period_5,5,5,0,1,1000.0,9700.28,5412.45,1297.44,4,8971.69,42.61,42.61,0.0,6.95,582.02,0.0,582.02,97.0,0.0,1000.0,0.0,0.0
bz_nbr7008_095,period_5,5,7,0,1,1000.0,11315.34,5412.45,1513.45,3,11180.57,14.21,14.21,0.0,7.4,0.0,0.0,0.0,113.15,0.0,1000.0,0.0,0.0
bz_nbr7008_095,period_5,5,9,0,1,1000.0,10904.98,5412.45,1458.57,4,10595.89,18.28,0.0,18.28,7.28,174.48,0.0,174.48,109.05,0.0,1000.0,0.0,0.0
bz_nbr7008_095,period_5,5,12,1,1,330.0,204.3,5412.45,82.8,1,201.83,0.0,0.0,0.0,2.47,0.0,0.0,0.0,0.0,0.0,330.0,0.0,2.47
bz_nbr7008_095,period_5,5,13,1,1,554.0,174.57,5412.45,42.15,1,170.43,0.0,0.0,0.0,4.14,0.0,0.0,0.0,0.0,0.0,554.0,0.0,4.14
bz_nbr7008_095,period_5,5,14,1,1,200.0,73.16,5412.45,48.93,1,71.66,0.0,0.0,0.0,1.5,0.0,0.0,0.0,0.0,0.0,200.0,0.0,1.5
bz_nbr7008_095,period_5,5,15,1,1,110.0,223.43,5412.45,271.68,1,221.65,0.95,0.0,0.95,0.82,0.0,0.0,0.0,0.0,0.0,110.0,0.0,1.78
bz_nbr7008_095,period_5,5,16,1,1,554.0,20.71,5412.45,5.0,1,16.57,0.0,0.0,0.0,4.14,0.0,0.0,0.0,0.0,0.0,554.0,0.0,4.14
