instance,period,period_number,coil_id,processed,used,coil_width,coil_weight,coil_ton_value,used_length,strip_count,strip_produced_weight,strip_leftover_weight,strip_retail_weight,strip_scrap_weight,strip_loss_weight,lateral_leftover_weight,lateral_leftover_retail_weight,lateral_leftover_scrap_weight,edge_trim_weight,rolled_leftover_weight,rolled_leftover_width,rolled_leftover_length,processed_scrap_weight
bf_qcv_045,period_1,1,114,0,1,1000.0,9764.95,5288.27,2757.29,2,9380.71,0.0,0.0,0.0,3.4,283.18,0.0,283.18,97.65,0.0,1000.0,0.0,0.0
bf_qcv_045,period_1,1,120,0,1,1000.0,8424.14,5288.27,2378.69,2,8081.21,10.98,10.98,0.0,3.4,244.3,0.0,244.3,84.24,0.0,1000.0,0.0,0.0
bf_qcv_045,period_1,1,122,0,1,1000.0,7122.49,5288.27,2011.15,2,7033.52,0.0,0.0,0.0,3.5,14.24,0.0,14.24,71.22,0.0,1000.0,0.0,0.0
bf_qcv_045,period_1,1,142,0,1,1000.0,8859.15,5288.27,2501.52,2,8510.24,0.0,0.0,0.0,3.4,256.92,0.0,256.92,88.59,0.0,1000.0,0.0,0.0
bf_qcv_045,period_1,1,146,0,1,1000.0,8447.56,5288.27,2385.31,2,8114.7,0.0,0.0,0.0,3.4,244.98,0.0,244.98,84.48,0.0,1000.0,0.0,0.0
bf_qcv_045,period_1,1,157,0,1,1000.0,9296.83,5288.27,2625.11,2,8679.93,0.0,0.0,0.0,3.31,520.62,0.0,520.62,92.97,0.0,1000.0,0.0,0.0
bf_qcv_045,period_1,1,162,0,1,1000.0,8451.68,5288.27,2386.47,2,8118.66,0.0,0.0,0.0,3.4,245.1,0.0,245.1,84.52,0.0,1000.0,0.0,0.0
bf_qcv_045,period_1,1,165,0,1,1000.0,8589.81,5288.27,2425.47,2,8251.4,0.0,0.0,0.0,3.4,249.1,0.0,249.1,85.9,0.0,1000.0,0.0,0.0
bf_qcv_045,period_1,1,168,0,1,880.0,8196.89,5302.87,2630.14,2,8091.35,0.0,0.0,0.0,3.08,9.31,0.0,9.31,93.15,0.0,880.0,0.0,0.0
bf_qcv_045,period_1,1,171,0,1,880.0,6277.12,5302.87,2014.14,2,6174.19,0.0,0.0,0.0,3.07,28.53,0.0,28.53,71.33,0.0,880.0,0.0,0.0
bf_qcv_045,period_1,1,175,0,1,880.0,7080.64,5302.87,2271.96,2,6964.89,0.0,0.0,0.0,3.07,32.18,0.0,32.18,80.46,0.0,880.0,0.0,0.0
bf_qcv_045,period_1,1,176,0,1,880.0,7459.93,5302.87,2393.67,2,7338.18,0.0,0.0,0.0,3.07,33.91,0.0,33.91,84.77,0.0,880.0,0.0,0.0
bf_qcv_045,period_1,1,178,0,1,880.0,7891.48,5302.87,2532.14,2,7789.76,0.0,0.0,0.0,3.08,8.97,0.0,8.97,89.68,0.0,880.0,0.0,0.0
bf_qcv_045,period_1,1,181,0,1,880.0,7321.08,5302.87,2349.12,2,7226.49,0.0,0.0,0.0,3.08,8.32,0.0,8.32,83.19,0.0,880.0,0.0,0.0
bf_qcv_045,period_1,1,187,0,1,880.0,7216.06,5302.87,2315.42,2,7122.78,0.0,0.0,0.0,3.08,8.2,0.0,8.2,82.0,0.0,880.0,0.0,0.0
bf_qcv_045,period_1,1,191,0,1,880.0,6582.35,5302.87,2112.08,2,6473.77,0.79,0.0,0.79,3.07,29.92,0.0,29.92,74.8,0.0,880.0,0.0,0.0
bf_qcv_045,period_1,1,197,0,1,880.0,6281.02,5302.87,2015.4,2,6199.43,0.0,0.0,0.0,3.08,7.14,0.0,7.14,71.38,0.0,880.0,0.0,0.0
bf_qcv_045,period_1,1,208,0,1,880.0,7244.0,5302.87,2324.39,2,7150.37,0.0,0.0,0.0,3.08,8.23,0.0,8.23,82.32,0.0,880.0,0.0,0.0
bf_qcv_045,period_1,1,210,0,1,880.0,7283.34,5302.87,2337.01,2,7164.4,0.0,0.0,0.0,3.07,33.11,0.0,33.11,82.77,0.0,880.0,0.0,0.0
bf_qcv_045,period_1,1,211,0,1,880.0,7672.4,5302.87,2461.85,2,7547.27,0.0,0.0,0.0,3.07,34.87,0.0,34.87,87.19,0.0,880.0,0.0,0.0
bf_qcv_045,period_1,1,213,0,1,880.0,7338.81,5302.87,2354.81,2,7244.0,0.0,0.0,0.0,3.08,8.34,0.0,8.34,83.4,0.0,880.0,0.0,0.0
bf_qcv_045,period_1,1,215,0,1,880.0,7412.93,5302.87,2378.59,2,7317.19,0.0,0.0,0.0,3.08,8.42,0.0,8.42,84.24,0.0,880.0,0.0,0.0
bf_qcv_045,period_1,1,220,0,1,880.0,8484.8,5302.87,2722.52,2,8375.66,0.0,0.0,0.0,3.08,9.64,0.0,9.64,96.42,0.0,880.0,0.0,0.0
bf_qcv_045,period_1,1,225,0,1,880.0,7640.29,5302.87,2451.55,2,7515.67,0.0,0.0,0.0,3.07,34.73,0.0,34.73,86.82,0.0,880.0,0.0,0.0
bf_qcv_045,period_1,1,235,0,1,880.0,7326.77,5302.87,2350.95,2,7232.11,0.0,0.0,0.0,3.08,8.33,0.0,8.33,83.26,0.0,880.0,0.0,0.0
bf_qcv_045,period_1,1,248,0,1,880.0,8106.4,5302.87,2601.11,2,7974.37,0.0,0.0,0.0,3.07,36.85,0.0,36.85,92.12,0.0,880.0,0.0,0.0
bf_qcv_045,period_1,1,252,0,1,880.0,8352.17,5302.87,2679.97,2,8236.97,7.72,7.72,0.0,3.08,9.49,0.0,9.49,94.91,0.0,880.0,0.0,0.0
bf_qcv_045,period_1,1,253,0,1,880.0,7601.37,5302.87,2439.06,2,7503.28,0.0,0.0,0.0,3.08,8.64,0.0,8.64,86.38,0.0,880.0,0.0,0.0
bf_qcv_045,period_1,1,32,0,1,1200.0,8255.11,4819.73,1942.47,2,8140.85,0.0,0.0,0.0,4.19,41.28,0.0,41.28,68.79,0.0,1200.0,0.0,0.0
bf_qcv_045,period_1,1,38,0,1,1200.0,5600.09,4819.73,1317.73,2,5508.53,12.7,12.7,0.0,4.19,28.0,0.0,28.0,46.67,0.0,1200.0,0.0,0.0
bf_qcv_045,period_1,1,4,0,1,1200.0,8025.79,4819.73,1888.51,2,7914.59,0.0,0.0,0.0,4.19,40.13,0.0,40.13,66.88,0.0,1200.0,0.0,0.0
bf_qcv_045,period_1,1,55,0,1,1200.0,7683.09,4819.73,1807.87,2,7576.46,0.0,0.0,0.0,4.19,38.42,0.0,38.42,64.03,0.0,1200.0,0.0,0.0
bf_qcv_045,period_1,1,60,0,1,1200.0,7644.47,4819.73,1798.78,2,7525.28,13.07,12.7,0.37,4.19,38.22,0.0,38.22,63.7,0.0,1200.0,0.0,0.0
bf_qcv_045,period_1,1,7,0,1,1200.0,8064.92,4819.73,1897.72,2,7953.19,0.0,0.0,0.0,4.19,40.32,0.0,40.32,67.21,0.0,1200.0,0.0,0.0
bf_qcv_045,period_1,1,72,0,1,1200.0,8036.24,4819.73,1890.97,2,7924.9,0.0,0.0,0.0,4.19,40.18,0.0,40.18,66.97,0.0,1200.0,0.0,0.0
bf_qcv_045,period_1,1,74,0,1,1200.0,8054.77,4819.73,1895.33,2,7943.18,0.0,0.0,0.0,4.19,40.27,0.0,40.27,67.12,0.0,1200.0,0.0,0.0
bf_qcv_045,period_1,1,83,0,1,1200.0,7994.35,4819.73,1881.11,2,7883.57,0.0,0.0,0.0,4.19,39.97,0.0,39.97,66.62,0.0,1200.0,0.0,0.0
bf_qcv_045,period_1,1,87,0,1,1200.0,7602.58,4819.73,1788.93,2,7478.41,18.61,18.61,0.0,4.19,38.01,0.0,38.01,63.35,0.0,1200.0,0.0,0.0
bf_qcv_045,period_1,1,92,0,1,1000.0,8593.93,5288.27,2426.64,2,8023.42,0.0,0.0,0.0,3.31,481.26,0.0,481.26,85.94,0.0,1000.0,0.0,0.0
bf_qcv_045,period_1,1,97,0,1,1000.0,8067.01,5288.27,2277.85,2,7966.71,0.0,0.0,0.0,3.5,16.13,0.0,16.13,80.67,0.0,1000.0,0.0,0.0
bf_qcv_045,period_2,2,10,0,1,1200.0,7342.89,4819.73,1727.82,2,7150.36,90.43,90.43,0.0,4.19,36.71,0.0,36.71,61.19,0.0,1200.0,0.0,0.0
bf_qcv_045,period_2,2,107,0,1,1000.0,9312.83,5288.27,2629.63,2,9197.58,0.0,0.0,0.0,3.5,18.63,0.0,18.63,93.13,0.0,1000.0,0.0,0.0
bf_qcv_045,period_2,2,119,0,1,1000.0,8730.4,5288.27,2465.17,2,8150.89,0.0,0.0,0.0,3.31,488.9,0.0,488.9,87.3,0.0,1000.0,0.0,0.0
bf_qcv_045,period_2,2,123,0,1,1000.0,8934.09,5288.27,2522.69,2,8582.26,0.0,0.0,0.0,3.4,259.09,0.0,259.09,89.34,0.0,1000.0,0.0,0.0
bf_qcv_045,period_2,2,136,0,1,1000.0,9049.37,5288.27,2555.24,2,8937.28,0.0,0.0,0.0,3.5,18.1,0.0,18.1,90.49,0.0,1000.0,0.0,0.0
bf_qcv_045,period_2,2,142,0,1,1000.0,8859.15,5288.27,2501.52,2,8271.14,0.0,0.0,0.0,3.31,496.11,0.0,496.11,88.59,0.0,1000.0,0.0,0.0
bf_qcv_045,period_2,2,155,0,1,1000.0,8064.62,5288.27,2277.18,2,7964.35,0.0,0.0,0.0,3.5,16.13,0.0,16.13,80.65,0.0,1000.0,0.0,0.0
bf_qcv_045,period_2,2,157,0,1,1000.0,9296.83,5288.27,2625.11,2,9172.5,9.27,9.27,0.0,3.5,18.59,0.0,18.59,92.97,0.0,1000.0,0.0,0.0
bf_qcv_045,period_2,2,165,0,1,1000.0,8589.81,5288.27,2425.47,2,8019.57,0.0,0.0,0.0,3.31,481.03,0.0,481.03,85.9,0.0,1000.0,0.0,0.0
bf_qcv_045,period_2,2,167,0,1,1000.0,8479.08,5288.27,2394.21,2,7916.15,0.0,0.0,0.0,3.31,474.83,0.0,474.83,84.79,0.0,1000.0,0.0,0.0
bf_qcv_045,period_2,2,168,0,1,880.0,8196.89,5302.87,2630.14,2,8063.42,0.0,0.0,0.0,3.07,37.26,0.0,37.26,93.15,0.0,880.0,0.0,0.0
bf_qcv_045,period_2,2,175,0,1,880.0,7080.64,5302.87,2271.97,2,6964.93,0.0,0.0,0.0,3.07,32.18,0.0,32.18,80.46,0.0,880.0,0.0,0.0
bf_qcv_045,period_2,2,178,0,1,880.0,7891.48,5302.87,2532.14,2,7789.76,0.0,0.0,0.0,3.08,8.97,0.0,8.97,89.68,0.0,880.0,0.0,0.0
bf_qcv_045,period_2,2,180,0,1,880.0,8764.2,5302.87,2812.18,2,8621.7,0.0,0.0,0.0,3.07,39.84,0.0,39.84,99.59,0.0,880.0,0.0,0.0
bf_qcv_045,period_2,2,181,0,1,880.0,7321.08,5302.87,2349.12,2,7225.45,1.04,0.0,1.04,3.08,8.32,0.0,8.32,83.19,0.0,880.0,0.0,0.0
bf_qcv_045,period_2,2,203,0,1,880.0,7636.22,5302.87,2450.24,2,7537.69,0.0,0.0,0.0,3.08,8.68,0.0,8.68,86.78,0.0,880.0,0.0,0.0
bf_qcv_045,period_2,2,207,0,1,880.0,7244.86,5302.87,2324.66,2,7151.22,0.0,0.0,0.0,3.08,8.23,0.0,8.23,82.33,0.0,880.0,0.0,0.0
bf_qcv_045,period_2,2,21,0,1,1200.0,7985.82,4819.73,1879.1,2,7875.15,0.0,0.0,0.0,4.19,39.93,0.0,39.93,66.55,0.0,1200.0,0.0,0.0
bf_qcv_045,period_2,2,213,0,1,880.0,7338.81,5302.87,2354.81,2,7244.0,0.0,0.0,0.0,3.08,8.34,0.0,8.34,83.4,0.0,880.0,0.0,0.0
bf_qcv_045,period_2,2,219,0,1,880.0,6946.41,5302.87,2228.9,2,6856.5,0.0,0.0,0.0,3.08,7.89,0.0,7.89,78.94,0.0,880.0,0.0,0.0
bf_qcv_045,period_2,2,220,0,1,880.0,8484.8,5302.87,2722.52,2,8346.75,0.0,0.0,0.0,3.07,38.57,0.0,38.57,96.42,0.0,880.0,0.0,0.0
bf_qcv_045,period_2,2,238,0,1,880.0,6434.03,5302.87,2064.49,2,6328.6,0.0,0.0,0.0,3.07,29.25,0.0,29.25,73.11,0.0,880.0,0.0,0.0
bf_qcv_045,period_2,2,239,0,1,880.0,7477.33,5302.87,2399.26,2,7380.39,0.4,0.0,0.4,3.08,8.5,0.0,8.5,84.97,0.0,880.0,0.0,0.0
bf_qcv_045,period_2,2,243,0,1,880.0,7486.51,5302.87,2402.2,2,7389.85,0.0,0.0,0.0,3.08,8.51,0.0,8.51,85.07,0.0,880.0,0.0,0.0
bf_qcv_045,period_2,2,248,0,1,880.0,8106.4,5302.87,2601.11,2,8001.99,0.0,0.0,0.0,3.08,9.21,0.0,9.21,92.12,0.0,880.0,0.0,0.0
bf_qcv_045,period_2,2,252,0,1,880.0,8352.17,5302.87,2679.97,2,8244.69,0.0,0.0,0.0,3.08,9.49,0.0,9.49,94.91,0.0,880.0,0.0,0.0
bf_qcv_045,period_2,2,253,0,1,880.0,7601.37,5302.87,2439.06,2,7477.37,0.0,0.0,0.0,3.07,34.55,0.0,34.55,86.38,0.0,880.0,0.0,0.0
bf_qcv_045,period_2,2,4,0,1,1200.0,8025.79,4819.73,1888.51,2,7914.59,0.0,0.0,0.0,4.19,40.13,0.0,40.13,66.88,0.0,1200.0,0.0,0.0
bf_qcv_045,period_2,2,48,0,1,1200.0,7701.29,4819.73,1812.15,2,7594.41,0.0,0.0,0.0,4.19,38.51,0.0,38.51,64.18,0.0,1200.0,0.0,0.0
bf_qcv_045,period_2,2,66,0,1,1200.0,7909.62,4819.73,1861.17,2,7799.97,0.0,0.0,0.0,4.19,39.55,0.0,39.55,65.91,0.0,1200.0,0.0,0.0
bf_qcv_045,period_2,2,7,0,1,1200.0,8064.92,4819.73,1897.72,2,7953.19,0.0,0.0,0.0,4.19,40.32,0.0,40.32,67.21,0.0,1200.0,0.0,0.0
bf_qcv_045,period_2,2,72,0,1,1200.0,8036.24,4819.73,1890.97,2,7924.9,0.0,0.0,0.0,4.19,40.18,0.0,40.18,66.97,0.0,1200.0,0.0,0.0
bf_qcv_045,period_2,2,73,0,1,1200.0,6940.05,4819.73,1633.03,2,6843.32,0.0,0.0,0.0,4.19,34.7,0.0,34.7,57.83,0.0,1200.0,0.0,0.0
bf_qcv_045,period_2,2,74,0,1,1200.0,8054.77,4819.73,1895.33,2,7943.18,0.0,0.0,0.0,4.19,40.27,0.0,40.27,67.12,0.0,1200.0,0.0,0.0
bf_qcv_045,period_2,2,83,0,1,1200.0,7994.35,4819.73,1881.11,2,7883.57,0.0,0.0,0.0,4.19,39.97,0.0,39.97,66.62,0.0,1200.0,0.0,0.0
bf_qcv_045,period_2,2,256,1,1,717.0,12.7,4819.73,5.0,1,10.16,0.0,0.0,0.0,2.54,0.0,0.0,0.0,0.0,0.0,717.0,0.0,2.54
bf_qcv_045,period_2,2,257,1,1,717.0,12.7,4819.73,5.0,1,10.16,0.0,0.0,0.0,2.54,0.0,0.0,0.0,0.0,0.0,717.0,0.0,2.54
bf_qcv_045,period_2,2,258,1,1,717.0,18.61,4819.73,7.33,1,16.07,0.0,0.0,0.0,2.54,0.0,0.0,0.0,0.0,0.0,717.0,0.0,2.54
bf_qcv_045,period_2,2,259,1,1,494.0,10.98,5288.27,6.28,1,9.23,0.0,0.0,0.0,1.75,0.0,0.0,0.0,0.0,0.0,494.0,0.0,1.75
bf_qcv_045,period_2,2,260,1,0,880.0,0.0,5302.87,0.0,0,0.0,0.0,0.0,0.0,0.0,0.0,0.0,0.0,0.0,0.0,880.0,0.0,0.0
bf_qcv_045,period_2,2,261,1,1,436.0,7.72,5302.87,5.0,1,6.18,0.0,0.0,0.0,1.54,0.0,0.0,0.0,0.0,0.0,436.0,0.0,1.54
bf_qcv_045,period_3,3,110,0,1,1000.0,7776.67,5288.27,2195.85,2,7260.03,0.0,0.0,0.0,3.31,435.49,0.0,435.49,77.77,0.0,1000.0,0.0,0.0
bf_qcv_045,period_3,3,114,0,1,1000.0,9764.95,5288.27,2757.29,2,9644.27,0.0,0.0,0.0,3.5,19.53,0.0,19.53,97.65,0.0,1000.0,0.0,0.0
bf_qcv_045,period_3,3,12,0,1,1200.0,6640.62,4819.73,1562.57,2,6547.89,0.0,0.0,0.0,4.19,33.2,0.0,33.2,55.34,0.0,1200.0,0.0,0.0
bf_qcv_045,period_3,3,121,0,1,1000.0,8454.77,5288.27,2387.34,2,7893.45,0.0,0.0,0.0,3.31,473.47,0.0,473.47,84.55,0.0,1000.0,0.0,0.0
bf_qcv_045,period_3,3,123,0,1,1000.0,8934.09,5288.27,2522.69,2,8582.26,0.0,0.0,0.0,3.4,259.09,0.0,259.09,89.34,0.0,1000.0,0.0,0.0
bf_qcv_045,period_3,3,126,0,1,1000.0,9551.22,5288.27,2696.94,2,8917.53,0.0,0.0,0.0,3.31,534.87,0.0,534.87,95.51,0.0,1000.0,0.0,0.0
bf_qcv_045,period_3,3,139,0,1,1000.0,8472.39,5288.27,2392.32,2,7909.9,0.0,0.0,0.0,3.31,474.45,0.0,474.45,84.72,0.0,1000.0,0.0,0.0
bf_qcv_045,period_3,3,154,0,1,1000.0,8016.97,5288.27,2263.72,2,7917.27,0.0,0.0,0.0,3.5,16.03,0.0,16.03,80.17,0.0,1000.0,0.0,0.0
bf_qcv_045,period_3,3,157,0,1,1000.0,9296.83,5288.27,2625.11,2,9181.77,0.0,0.0,0.0,3.5,18.59,0.0,18.59,92.97,0.0,1000.0,0.0,0.0
bf_qcv_045,period_3,3,160,0,1,1000.0,8349.41,5288.27,2357.59,2,8245.72,0.0,0.0,0.0,3.5,16.7,0.0,16.7,83.49,0.0,1000.0,0.0,0.0
bf_qcv_045,period_3,3,168,0,1,880.0,8196.89,5302.87,2630.14,2,8063.42,0.0,0.0,0.0,3.07,37.26,0.0,37.26,93.15,0.0,880.0,0.0,0.0
bf_qcv_045,period_3,3,176,0,1,880.0,7459.93,5302.87,2393.67,2,7363.6,0.0,0.0,0.0,3.08,8.48,0.0,8.48,84.77,0.0,880.0,0.0,0.0
bf_qcv_045,period_3,3,178,0,1,880.0,7891.48,5302.87,2532.14,2,7789.76,0.0,0.0,0.0,3.08,8.97,0.0,8.97,89.68,0.0,880.0,0.0,0.0
bf_qcv_045,period_3,3,180,0,1,880.0,8764.2,5302.87,2812.18,2,8621.7,0.0,0.0,0.0,3.07,39.84,0.0,39.84,99.59,0.0,880.0,0.0,0.0
bf_qcv_045,period_3,3,187,0,1,880.0,7216.06,5302.87,2315.42,2,7122.78,0.0,0.0,0.0,3.08,8.2,0.0,8.2,82.0,0.0,880.0,0.0,0.0
bf_qcv_045,period_3,3,203,0,1,880.0,7636.22,5302.87,2450.24,2,7537.69,0.0,0.0,0.0,3.08,8.68,0.0,8.68,86.78,0.0,880.0,0.0,0.0
bf_qcv_045,period_3,3,204,0,1,880.0,7616.07,5302.87,2443.77,2,7517.79,0.0,0.0,0.0,3.08,8.65,0.0,8.65,86.55,0.0,880.0,0.0,0.0
bf_qcv_045,period_3,3,207,0,1,880.0,7244.86,5302.87,2324.66,2,7151.22,0.0,0.0,0.0,3.08,8.23,0.0,8.23,82.33,0.0,880.0,0.0,0.0
bf_qcv_045,period_3,3,211,0,1,880.0,7672.4,5302.87,2461.85,2,7547.27,0.0,0.0,0.0,3.07,34.87,0.0,34.87,87.19,0.0,880.0,0.0,0.0
bf_qcv_045,period_3,3,213,0,1,880.0,7338.81,5302.87,2354.81,2,7218.99,0.0,0.0,0.0,3.07,33.36,0.0,33.36,83.4,0.0,880.0,0.0,0.0
bf_qcv_045,period_3,3,215,0,1,880.0,7412.93,5302.87,2378.59,2,7317.19,0.0,0.0,0.0,3.08,8.42,0.0,8.42,84.24,0.0,880.0,0.0,0.0
bf_qcv_045,period_3,3,220,0,1,880.0,8484.8,5302.87,2722.52,2,8346.75,0.0,0.0,0.0,3.07,38.57,0.0,38.57,96.42,0.0,880.0,0.0,0.0
bf_qcv_045,period_3,3,222,0,1,880.0,7362.83,5302.87,2362.52,2,7242.63,0.0,0.0,0.0,3.07,33.47,0.0,33.47,83.67,0.0,880.0,0.0,0.0
bf_qcv_045,period_3,3,225,0,1,880.0,7640.29,5302.87,2451.55,2,7541.69,0.0,0.0,0.0,3.08,8.68,0.0,8.68,86.82,0.0,880.0,0.0,0.0
bf_qcv_045,period_3,3,226,0,1,880.0,6934.29,5302.87,2225.01,2,6844.53,0.0,0.0,0.0,3.08,7.88,0.0,7.88,78.8,0.0,880.0,0.0,0.0
bf_qcv_045,period_3,3,234,0,1,880.0,8367.18,5302.87,2684.78,2,8231.0,0.0,0.0,0.0,3.07,38.03,0.0,38.03,95.08,0.0,880.0,0.0,0.0
bf_qcv_045,period_3,3,235,0,1,880.0,7326.77,5302.87,2350.95,2,7220.86,11.25,11.25,0.0,3.08,8.33,0.0,8.33,83.26,0.0,880.0,0.0,0.0
bf_qcv_045,period_3,3,239,0,1,880.0,7477.33,5302.87,2399.26,2,7355.31,0.0,0.0,0.0,3.07,33.99,0.0,33.99,84.97,0.0,880.0,0.0,0.0
bf_qcv_045,period_3,3,243,0,1,880.0,7486.51,5302.87,2402.2,2,7364.34,0.0,0.0,0.0,3.07,34.03,0.0,34.03,85.07,0.0,880.0,0.0,0.0
bf_qcv_045,period_3,3,248,0,1,880.0,8106.4,5302.87,2601.11,2,7974.37,0.0,0.0,0.0,3.07,36.85,0.0,36.85,92.12,0.0,880.0,0.0,0.0
bf_qcv_045,period_3,3,25,0,1,1200.0,6585.84,4819.73,1549.68,2,6493.84,0.0,0.0,0.0,4.19,32.93,0.0,32.93,54.88,0.0,1200.0,0.0,0.0
bf_qcv_045,period_3,3,251,0,1,880.0,7522.41,5302.87,2413.72,2,7425.3,0.0,0.0,0.0,3.08,8.55,0.0,8.55,85.48,0.0,880.0,0.0,0.0
bf_qcv_045,period_3,3,252,0,1,880.0,8352.17,5302.87,2679.97,2,8216.23,0.0,0.0,0.0,3.07,37.96,0.0,37.96,94.91,0.0,880.0,0.0,0.0
bf_qcv_045,period_3,3,253,0,1,880.0,7601.37,5302.87,2439.06,2,7503.28,0.0,0.0,0.0,3.08,8.64,0.0,8.64,86.38,0.0,880.0,0.0,0.0
bf_qcv_045,period_3,3,32,0,1,1200.0,8255.11,4819.73,1942.47,2,8140.85,0.0,0.0,0.0,4.19,41.28,0.0,41.28,68.79,0.0,1200.0,0.0,0.0
bf_qcv_045,period_3,3,4,0,1,1200.0,8025.79,4819.73,1888.51,2,7914.58,0.0,0.0,0.0,4.19,40.13,0.0,40.13,66.88,0.0,1200.0,0.0,0.0
bf_qcv_045,period_3,3,40,0,1,1200.0,7102.11,4819.73,1671.16,2,7001.28,1.94,0.0,1.94,4.19,35.51,0.0,35.51,59.18,0.0,1200.0,0.0,0.0
bf_qcv_045,period_3,3,48,0,1,1200.0,7701.29,4819.73,1812.15,2,7594.41,0.0,0.0,0.0,4.19,38.51,0.0,38.51,64.18,0.0,1200.0,0.0,0.0
bf_qcv_045,period_3,3,56,0,1,1200.0,7613.64,4819.73,1791.53,2,7507.93,0.0,0.0,0.0,4.19,38.07,0.0,38.07,63.45,0.0,1200.0,0.0,0.0
bf_qcv_045,period_3,3,66,0,1,1200.0,7909.62,4819.73,1861.17,2,7799.97,0.0,0.0,0.0,4.19,39.55,0.0,39.55,65.91,0.0,1200.0,0.0,0.0
bf_qcv_045,period_3,3,7,0,1,1200.0,8064.92,4819.73,1897.72,2,7953.19,0.0,0.0,0.0,4.19,40.32,0.0,40.32,67.21,0.0,1200.0,0.0,0.0
bf_qcv_045,period_3,3,72,0,1,1200.0,8036.24,4819.73,1890.97,2,7924.9,0.0,0.0,0.0,4.19,40.18,0.0,40.18,66.97,0.0,1200.0,0.0,0.0
bf_qcv_045,period_3,3,83,0,1,1200.0,7994.35,4819.73,1881.11,2,7883.57,0.0,0.0,0.0,4.19,39.97,0.0,39.97,66.62,0.0,1200.0,0.0,0.0
bf_qcv_045,period_3,3,98,0,1,1000.0,8039.54,5288.27,2270.07,2,7505.55,0.0,0.0,0.0,3.31,450.21,0.0,450.21,80.39,0.0,1000.0,0.0,0.0
bf_qcv_045,period_3,3,256,1,1,717.0,90.43,4819.73,35.61,1,87.89,0.0,0.0,0.0,2.54,0.0,0.0,0.0,0.0,0.0,717.0,0.0,2.54
bf_qcv_045,period_3,3,257,1,1,494.0,9.27,5288.27,5.3,1,6.47,1.05,0.0,1.05,1.75,0.0,0.0,0.0,0.0,0.0,494.0,0.0,2.8
bf_qcv_045,period_4,4,114,0,1,1000.0,9764.95,5288.27,2757.29,2,9117.16,0.0,0.0,0.0,3.31,546.84,0.0,546.84,97.65,0.0,1000.0,0.0,0.0
bf_qcv_045,period_4,4,119,0,1,1000.0,8730.4,5288.27,2465.17,2,8386.51,0.0,0.0,0.0,3.4,253.18,0.0,253.18,87.3,0.0,1000.0,0.0,0.0
bf_qcv_045,period_4,4,13,0,1,1200.0,7133.53,4819.73,1678.56,2,7034.22,0.0,0.0,0.0,4.19,35.67,0.0,35.67,59.45,0.0,1200.0,0.0,0.0
bf_qcv_045,period_4,4,134,0,1,1000.0,8206.06,5288.27,2317.11,2,8094.39,9.7,9.7,0.0,3.5,16.41,0.0,16.41,82.06,0.0,1000.0,0.0,0.0
bf_qcv_045,period_4,4,142,0,1,1000.0,8859.15,5288.27,2501.52,2,8510.24,0.0,0.0,0.0,3.4,256.92,0.0,256.92,88.59,0.0,1000.0,0.0,0.0
bf_qcv_045,period_4,4,146,0,1,1000.0,8447.56,5288.27,2385.31,2,8342.69,0.0,0.0,0.0,3.5,16.9,0.0,16.9,84.48,0.0,1000.0,0.0,0.0
bf_qcv_045,period_4,4,155,0,1,1000.0,8064.62,5288.27,2277.18,2,7746.7,0.0,0.0,0.0,3.4,233.87,0.0,233.87,80.65,0.0,1000.0,0.0,0.0
bf_qcv_045,period_4,4,162,0,1,1000.0,8451.68,5288.27,2386.47,2,8118.66,0.0,0.0,0.0,3.4,245.1,0.0,245.1,84.52,0.0,1000.0,0.0,0.0
bf_qcv_045,period_4,4,163,0,1,1000.0,8742.76,5288.27,2468.66,2,8162.43,0.0,0.0,0.0,3.31,489.59,0.0,489.59,87.43,0.0,1000.0,0.0,0.0
bf_qcv_045,period_4,4,167,0,1,1000.0,8479.08,5288.27,2394.21,2,8144.99,0.0,0.0,0.0,3.4,245.89,0.0,245.89,84.79,0.0,1000.0,0.0,0.0
bf_qcv_045,period_4,4,168,0,1,880.0,8196.89,5302.87,2630.14,2,8091.35,0.0,0.0,0.0,3.08,9.31,0.0,9.31,93.15,0.0,880.0,0.0,0.0
bf_qcv_045,period_4,4,178,0,1,880.0,7891.48,5302.87,2532.14,2,7789.76,0.0,0.0,0.0,3.08,8.97,0.0,8.97,89.68,0.0,880.0,0.0,0.0
bf_qcv_045,period_4,4,192,0,1,880.0,7480.06,5302.87,2400.13,2,7357.99,0.0,0.0,0.0,3.07,34.0,0.0,34.0,85.0,0.0,880.0,0.0,0.0
bf_qcv_045,period_4,4,203,0,1,880.0,7636.22,5302.87,2450.24,2,7511.67,0.0,0.0,0.0,3.07,34.71,0.0,34.71,86.78,0.0,880.0,0.0,0.0
bf_qcv_045,period_4,4,211,0,1,880.0,7672.4,5302.87,2461.85,2,7573.42,0.0,0.0,0.0,3.08,8.72,0.0,8.72,87.19,0.0,880.0,0.0,0.0
bf_qcv_045,period_4,4,215,0,1,880.0,7412.93,5302.87,2378.59,2,7317.18,0.0,0.0,0.0,3.08,8.42,0.0,8.42,84.24,0.0,880.0,0.0,0.0
bf_qcv_045,period_4,4,218,0,1,880.0,6555.58,5302.87,2103.49,2,6470.54,0.0,0.0,0.0,3.08,7.45,0.0,7.45,74.49,0.0,880.0,0.0,0.0
bf_qcv_045,period_4,4,225,0,1,880.0,7640.29,5302.87,2451.55,2,7541.71,0.0,0.0,0.0,3.08,8.68,0.0,8.68,86.82,0.0,880.0,0.0,0.0
bf_qcv_045,period_4,4,227,0,1,880.0,6147.43,5302.87,1972.53,2,6046.56,0.0,0.0,0.0,3.07,27.94,0.0,27.94,69.86,0.0,880.0,0.0,0.0
bf_qcv_045,period_4,4,234,0,1,880.0,8367.18,5302.87,2684.78,2,8259.51,0.0,0.0,0.0,3.08,9.51,0.0,9.51,95.08,0.0,880.0,0.0,0.0
bf_qcv_045,period_4,4,235,0,1,880.0,7326.77,5302.87,2350.92,2,7207.07,0.0,0.0,0.0,3.07,33.3,0.0,33.3,83.26,0.0,880.0,0.0,0.0
bf_qcv_045,period_4,4,243,0,1,880.0,7486.51,5302.87,2402.2,2,7389.85,0.0,0.0,0.0,3.08,8.51,0.0,8.51,85.07,0.0,880.0,0.0,0.0
bf_qcv_045,period_4,4,248,0,1,880.0,8106.4,5302.87,2601.11,2,8001.99,0.0,0.0,0.0,3.08,9.21,0.0,9.21,92.12,0.0,880.0,0.0,0.0
bf_qcv_045,period_4,4,253,0,1,880.0,7601.37,5302.87,2439.06,2,7477.37,0.0,0.0,0.0,3.07,34.55,0.0,34.55,86.38,0.0,880.0,0.0,0.0
bf_qcv_045,period_4,4,32,0,1,1200.0,8255.11,4819.73,1942.47,2,8140.74,0.11,0.0,0.11,4.19,41.28,0.0,41.28,68.79,0.0,1200.0,0.0,0.0
bf_qcv_045,period_4,4,33,0,1,1200.0,6955.6,4819.73,1636.69,2,6858.67,0.0,0.0,0.0,4.19,34.78,0.0,34.78,57.96,0.0,1200.0,0.0,0.0
bf_qcv_045,period_4,4,5,0,1,1200.0,6801.91,4819.73,1600.52,2,6707.02,0.0,0.0,0.0,4.19,34.01,0.0,34.01,56.68,0.0,1200.0,0.0,0.0
bf_qcv_045,period_4,4,7,0,1,1200.0,8064.92,4819.73,1897.72,2,7933.58,19.62,19.62,0.0,4.19,40.32,0.0,40.32,67.21,0.0,1200.0,0.0,0.0
bf_qcv_045,period_4,4,72,0,1,1200.0,8036.24,4819.73,1890.97,2,7924.9,0.0,0.0,0.0,4.19,40.18,0.0,40.18,66.97,0.0,1200.0,0.0,0.0
bf_qcv_045,period_4,4,8,0,1,1200.0,7499.52,4819.73,1764.68,2,7395.33,0.0,0.0,0.0,4.19,37.5,0.0,37.5,62.5,0.0,1200.0,0.0,0.0
bf_qcv_045,period_4,4,256,1,1,433.0,11.25,5302.87,7.34,1,9.72,0.0,0.0,0.0,1.53,0.0,0.0,0.0,0.0,0.0,433.0,0.0,1.53
bf_qcv_045,period_5,5,1,0,1,1200.0,7310.96,4819.73,1720.31,2,7209.29,0.0,0.0,0.0,4.19,36.55,0.0,36.55,60.92,0.0,1200.0,0.0,0.0
bf_qcv_045,period_5,5,106,0,1,1000.0,8151.57,5288.27,2301.73,2,7830.26,0.0,0.0,0.0,3.4,236.4,0.0,236.4,81.52,0.0,1000.0,0.0,0.0
bf_qcv_045,period_5,5,108,0,1,1000.0,7971.78,5288.27,2250.96,2,7872.62,0.0,0.0,0.0,3.5,15.94,0.0,15.94,79.72,0.0,1000.0,0.0,0.0
bf_qcv_045,period_5,5,116,0,1,1000.0,8071.26,5288.27,2279.05,2,7970.91,0.0,0.0,0.0,3.5,16.14,0.0,16.14,80.71,0.0,1000.0,0.0,0.0
bf_qcv_045,period_5,5,122,0,1,1000.0,7122.49,5288.27,2011.15,2,7033.52,0.0,0.0,0.0,3.5,14.24,0.0,14.24,71.22,0.0,1000.0,0.0,0.0
bf_qcv_045,period_5,5,123,0,1,1000.0,8934.09,5288.27,2522.69,2,8582.26,0.0,0.0,0.0,3.4,259.09,0.0,259.09,89.34,0.0,1000.0,0.0,0.0
bf_qcv_045,period_5,5,126,0,1,1000.0,9551.22,5288.27,2696.94,2,8917.53,0.0,0.0,0.0,3.31,534.87,0.0,534.87,95.51,0.0,1000.0,0.0,0.0
bf_qcv_045,period_5,5,127,0,1,1000.0,7058.91,5288.27,1993.2,2,6780.21,0.0,0.0,0.0,3.4,204.71,0.0,204.71,70.59,0.0,1000.0,0.0,0.0
bf_qcv_045,period_5,5,129,0,1,1000.0,7913.08,5288.27,2234.39,2,7803.42,11.2,11.2,0.0,3.5,15.83,0.0,15.83,79.13,0.0,1000.0,0.0,0.0
bf_qcv_045,period_5,5,136,0,1,1000.0,9049.37,5288.27,2555.24,2,8448.8,0.0,0.0,0.0,3.31,506.76,0.0,506.76,90.49,0.0,1000.0,0.0,0.0
bf_qcv_045,period_5,5,157,0,1,1000.0,9296.83,5288.27,2625.11,2,8930.85,0.0,0.0,0.0,3.4,269.61,0.0,269.61,92.97,0.0,1000.0,0.0,0.0
bf_qcv_045,period_5,5,167,0,1,1000.0,8479.08,5288.27,2394.21,2,8144.99,0.0,0.0,0.0,3.4,245.89,0.0,245.89,84.79,0.0,1000.0,0.0,0.0
bf_qcv_045,period_5,5,168,0,1,880.0,8196.89,5302.87,2630.14,2,8091.33,0.0,0.0,0.0,3.08,9.31,0.0,9.31,93.15,0.0,880.0,0.0,0.0
bf_qcv_045,period_5,5,171,0,1,880.0,6277.12,5302.87,2014.14,2,6195.58,0.0,0.0,0.0,3.08,7.13,0.0,7.13,71.33,0.0,880.0,0.0,0.0
bf_qcv_045,period_5,5,178,0,1,880.0,7891.48,5302.87,2532.14,2,7762.87,0.0,0.0,0.0,3.07,35.87,0.0,35.87,89.68,0.0,880.0,0.0,0.0
bf_qcv_045,period_5,5,180,0,1,880.0,8764.2,5302.87,2812.18,2,8613.8,7.9,7.9,0.0,3.07,39.84,0.0,39.84,99.59,0.0,880.0,0.0,0.0
bf_qcv_045,period_5,5,189,0,1,880.0,6306.56,5302.87,2023.59,2,6203.16,0.0,0.0,0.0,3.07,28.67,0.0,28.67,71.67,0.0,880.0,0.0,0.0
bf_qcv_045,period_5,5,191,0,1,880.0,6582.35,5302.87,2112.08,2,6496.99,0.0,0.0,0.0,3.08,7.48,0.0,7.48,74.8,0.0,880.0,0.0,0.0
bf_qcv_045,period_5,5,193,0,1,880.0,7037.51,5302.87,2258.12,2,6922.45,0.0,0.0,0.0,3.07,31.99,0.0,31.99,79.97,0.0,880.0,0.0,0.0
bf_qcv_045,period_5,5,203,0,1,880.0,7636.22,5302.87,2450.24,2,7537.69,0.0,0.0,0.0,3.08,8.68,0.0,8.68,86.78,0.0,880.0,0.0,0.0
bf_qcv_045,period_5,5,204,0,1,880.0,7616.07,5302.87,2443.77,2,7491.84,0.0,0.0,0.0,3.07,34.62,0.0,34.62,86.55,0.0,880.0,0.0,0.0
bf_qcv_045,period_5,5,21,0,1,1200.0,7985.82,4819.73,1879.1,2,7875.15,0.0,0.0,0.0,4.19,39.93,0.0,39.93,66.55,0.0,1200.0,0.0,0.0
bf_qcv_045,period_5,5,211,0,1,880.0,7672.4,5302.87,2461.85,2,7573.42,0.0,0.0,0.0,3.08,8.72,0.0,8.72,87.19,0.0,880.0,0.0,0.0
bf_qcv_045,period_5,5,212,0,1,880.0,7547.31,5302.87,2421.71,2,7441.18,8.71,8.71,0.0,3.08,8.58,0.0,8.58,85.76,0.0,880.0,0.0,0.0
bf_qcv_045,period_5,5,218,0,1,880.0,6555.58,5302.87,2103.49,2,6448.22,0.0,0.0,0.0,3.07,29.8,0.0,29.8,74.5,0.0,880.0,0.0,0.0
bf_qcv_045,period_5,5,220,0,1,880.0,8484.8,5302.87,2722.52,2,8375.66,0.0,0.0,0.0,3.08,9.64,0.0,9.64,96.42,0.0,880.0,0.0,0.0
bf_qcv_045,period_5,5,222,0,1,880.0,7362.83,5302.87,2362.52,2,7267.72,0.0,0.0,0.0,3.08,8.37,0.0,8.37,83.67,0.0,880.0,0.0,0.0
bf_qcv_045,period_5,5,223,0,1,880.0,5778.84,5302.87,1854.26,2,5703.53,0.0,0.0,0.0,3.08,6.57,0.0,6.57,65.67,0.0,880.0,0.0,0.0
bf_qcv_045,period_5,5,234,0,1,880.0,8367.18,5302.87,2684.78,2,8259.51,0.0,0.0,0.0,3.08,9.51,0.0,9.51,95.08,0.0,880.0,0.0,0.0
bf_qcv_045,period_5,5,236,0,1,880.0,5494.68,5302.87,1763.08,2,5404.2,0.0,0.0,0.0,3.07,24.98,0.0,24.98,62.44,0.0,880.0,0.0,0.0
bf_qcv_045,period_5,5,239,0,1,880.0,7477.33,5302.87,2399.26,2,7380.79,0.0,0.0,0.0,3.08,8.5,0.0,8.5,84.97,0.0,880.0,0.0,0.0
bf_qcv_045,period_5,5,24,0,1,1200.0,5972.66,4819.73,1405.4,2,5888.71,0.12,0.0,0.12,4.19,29.86,0.0,29.86,49.77,0.0,1200.0,0.0,0.0
bf_qcv_045,period_5,5,246,0,1,880.0,6562.76,5302.87,2105.8,2,6477.65,0.0,0.0,0.0,3.08,7.46,0.0,7.46,74.58,0.0,880.0,0.0,0.0
bf_qcv_045,period_5,5,248,0,1,880.0,8106.4,5302.87,2601.11,2,7974.36,0.0,0.0,0.0,3.07,36.85,0.0,36.85,92.12,0.0,880.0,0.0,0.0
bf_qcv_045,period_5,5,250,0,1,880.0,6021.25,5302.87,1932.04,2,5922.39,0.0,0.0,0.0,3.07,27.37,0.0,27.37,68.42,0.0,880.0,0.0,0.0
bf_qcv_045,period_5,5,251,0,1,880.0,7522.41,5302.87,2413.72,2,7425.3,0.0,0.0,0.0,3.08,8.55,0.0,8.55,85.48,0.0,880.0,0.0,0.0
bf_qcv_045,period_5,5,252,0,1,880.0,8352.17,5302.87,2679.97,2,8216.23,0.0,0.0,0.0,3.07,37.96,0.0,37.96,94.91,0.0,880.0,0.0,0.0
bf_qcv_045,period_5,5,253,0,1,880.0,7601.37,5302.87,2439.06,2,7503.28,0.0,0.0,0.0,3.08,8.64,0.0,8.64,86.38,0.0,880.0,0.0,0.0
bf_qcv_045,period_5,5,254,0,1,880.0,5843.15,5302.87,1874.9,2,5767.03,0.0,0.0,0.0,3.08,6.64,0.0,6.64,66.4,0.0,880.0,0.0,0.0
bf_qcv_045,period_5,5,26,0,1,1200.0,7042.26,4819.73,1657.08,2,6944.17,0.0,0.0,0.0,4.19,35.21,0.0,35.21,58.69,0.0,1200.0,0.0,0.0
bf_qcv_045,period_5,5,3,0,1,1200.0,7416.12,4819.73,1745.05,2,7281.99,31.06,31.06,0.0,4.19,37.08,0.0,37.08,61.8,0.0,1200.0,0.0,0.0
bf_qcv_045,period_5,5,48,0,1,1200.0,7701.29,4819.73,1812.15,2,7594.41,0.0,0.0,0.0,4.19,38.51,0.0,38.51,64.18,0.0,1200.0,0.0,0.0
bf_qcv_045,period_5,5,60,0,1,1200.0,7644.47,4819.73,1798.78,2,7538.35,0.0,0.0,0.0,4.19,38.22,0.0,38.22,63.7,0.0,1200.0,0.0,0.0
bf_qcv_045,period_5,5,62,0,1,1200.0,6835.69,4819.73,1608.47,2,6740.35,0.0,0.0,0.0,4.19,34.18,0.0,34.18,56.96,0.0,1200.0,0.0,0.0
bf_qcv_045,period_5,5,65,0,1,1200.0,7530.92,4819.73,1772.06,2,7413.62,12.7,12.7,0.0,4.19,37.65,0.0,37.65,62.76,0.0,1200.0,0.0,0.0
bf_qcv_045,period_5,5,66,0,1,1200.0,7909.62,4819.73,1861.17,2,7799.97,0.0,0.0,0.0,4.19,39.55,0.0,39.55,65.91,0.0,1200.0,0.0,0.0
bf_qcv_045,period_5,5,7,0,1,1200.0,8064.92,4819.73,1897.72,2,7953.19,0.0,0.0,0.0,4.19,40.32,0.0,40.32,67.21,0.0,1200.0,0.0,0.0
bf_qcv_045,period_5,5,74,0,1,1200.0,8054.77,4819.73,1895.33,2,7943.18,0.0,0.0,0.0,4.19,40.27,0.0,40.27,67.12,0.0,1200.0,0.0,0.0
bf_qcv_045,period_5,5,80,0,1,1200.0,5580.66,4819.73,1313.16,2,5502.06,0.0,0.0,0.0,4.19,27.9,0.0,27.9,46.51,0.0,1200.0,0.0,0.0
bf_qcv_045,period_5,5,83,0,1,1200.0,7994.35,4819.73,1881.11,2,7883.57,0.0,0.0,0.0,4.19,39.97,0.0,39.97,66.62,0.0,1200.0,0.0,0.0
bf_qcv_045,period_5,5,256,1,1,717.0,19.62,4819.73,7.73,1,17.08,0.0,0.0,0.0,2.54,0.0,0.0,0.0,0.0,0.0,717.0,0.0,2.54
bf_qcv_045,period_5,5,257,1,1,494.0,9.7,5288.27,5.54,1,7.95,0.0,0.0,0.0,1.75,0.0,0.0,0.0,0.0,0.0,494.0,0.0,1.75
bf_sae1006_045,period_1,1,100,0,1,810.0,7717.17,5173.98,2689.52,1,7433.35,0.0,0.0,0.0,2.76,185.78,0.0,185.78,95.27,0.0,810.0,0.0,0.0
bf_sae1006_045,period_1,1,102,0,1,810.0,8652.32,5173.98,3015.43,1,8334.44,0.0,0.0,0.0,2.76,208.3,0.0,208.3,106.82,0.0,810.0,0.0,0.0
bf_sae1006_045,period_1,1,112,0,1,810.0,7772.61,5173.98,2708.85,1,7486.77,0.0,0.0,0.0,2.76,187.12,0.0,187.12,95.96,0.0,810.0,0.0,0.0
bf_sae1006_045,period_1,1,117,0,1,810.0,8397.97,5173.98,2926.79,1,8089.35,0.0,0.0,0.0,2.76,202.17,0.0,202.17,103.68,0.0,810.0,0.0,0.0
bf_sae1006_045,period_1,1,118,0,1,810.0,7935.17,5173.98,2765.5,1,7643.41,0.0,0.0,0.0,2.76,191.03,0.0,191.03,97.97,0.0,810.0,0.0,0.0
bf_sae1006_045,period_1,1,121,0,1,810.0,8058.98,5173.98,2808.65,1,7762.71,0.0,0.0,0.0,2.76,194.01,0.0,194.01,99.49,0.0,810.0,0.0,0.0
bf_sae1006_045,period_1,1,123,0,1,810.0,7976.6,5173.98,2779.94,1,7683.33,0.0,0.0,0.0,2.76,192.03,0.0,192.03,98.48,0.0,810.0,0.0,0.0
bf_sae1006_045,period_1,1,13,0,1,1100.0,7426.82,4947.45,1905.95,2,7135.59,0.54,0.0,0.54,3.75,219.43,0.0,219.43,67.52,0.0,1100.0,0.0,0.0
bf_sae1006_045,period_1,1,137,0,1,810.0,8004.9,5173.98,2789.8,1,7710.6,0.0,0.0,0.0,2.76,192.71,0.0,192.71,98.83,0.0,810.0,0.0,0.0
bf_sae1006_045,period_1,1,14,0,1,1100.0,7755.17,4947.45,1990.22,3,7651.1,15.62,15.62,0.0,3.85,14.1,0.0,14.1,70.5,0.0,1100.0,0.0,0.0
bf_sae1006_045,period_1,1,140,0,1,810.0,8199.01,5173.98,2857.45,1,7897.64,0.0,0.0,0.0,2.76,197.38,0.0,197.38,101.22,0.0,810.0,0.0,0.0
bf_sae1006_045,period_1,1,142,0,1,810.0,7935.07,5173.98,2765.46,1,7643.31,0.0,0.0,0.0,2.76,191.03,0.0,191.03,97.96,0.0,810.0,0.0,0.0
bf_sae1006_045,period_1,1,144,0,1,810.0,8560.72,5173.98,2983.51,1,8246.18,0.0,0.0,0.0,2.76,206.09,0.0,206.09,105.69,0.0,810.0,0.0,0.0
bf_sae1006_045,period_1,1,145,0,1,810.0,8343.94,5173.98,2907.96,1,8037.29,0.0,0.0,0.0,2.76,200.87,0.0,200.87,103.01,0.0,810.0,0.0,0.0
bf_sae1006_045,period_1,1,149,0,1,810.0,8069.45,5173.98,2812.3,1,7772.8,0.0,0.0,0.0,2.76,194.26,0.0,194.26,99.62,0.0,810.0,0.0,0.0
bf_sae1006_045,period_1,1,152,0,1,810.0,7849.27,5173.98,2735.56,1,7560.64,0.0,0.0,0.0,2.76,188.96,0.0,188.96,96.9,0.0,810.0,0.0,0.0
bf_sae1006_045,period_1,1,158,0,1,810.0,8164.37,5173.98,2845.38,1,7864.26,0.0,0.0,0.0,2.76,196.55,0.0,196.55,100.79,0.0,810.0,0.0,0.0
bf_sae1006_045,period_1,1,160,0,1,810.0,8253.99,5173.98,2876.61,1,7950.62,0.0,0.0,0.0,2.76,198.71,0.0,198.71,101.9,0.0,810.0,0.0,0.0
bf_sae1006_045,period_1,1,167,0,1,810.0,7034.74,5173.98,2451.69,1,7031.87,0.0,0.0,0.0,2.87,0.0,0.0,0.0,0.0,0.0,810.0,0.0,0.0
bf_sae1006_045,period_1,1,169,0,1,810.0,7573.33,5173.98,2639.39,1,7294.75,0.0,0.0,0.0,2.76,182.32,0.0,182.32,93.5,0.0,810.0,0.0,0.0
bf_sae1006_045,period_1,1,175,0,1,810.0,7775.96,5173.98,2710.01,1,7490.0,0.0,0.0,0.0,2.76,187.2,0.0,187.2,96.0,0.0,810.0,0.0,0.0
bf_sae1006_045,period_1,1,182,0,1,810.0,6705.02,5173.98,2336.78,1,6458.06,0.0,0.0,0.0,2.76,161.42,0.0,161.42,82.78,0.0,810.0,0.0,0.0
bf_sae1006_045,period_1,1,186,0,1,810.0,6601.33,5173.98,2300.64,1,6358.15,0.0,0.0,0.0,2.76,158.92,0.0,158.92,81.5,0.0,810.0,0.0,0.0
bf_sae1006_045,period_1,1,194,0,1,810.0,6902.77,5173.98,2405.7,1,6897.15,2.75,0.0,2.75,2.87,0.0,0.0,0.0,0.0,0.0,810.0,0.0,0.0
bf_sae1006_045,period_1,1,197,0,1,810.0,8068.21,5173.98,2811.87,1,7771.6,0.0,0.0,0.0,2.76,194.23,0.0,194.23,99.61,0.0,810.0,0.0,0.0
bf_sae1006_045,period_1,1,199,0,1,810.0,6921.23,5173.98,2412.13,1,6666.4,0.0,0.0,0.0,2.76,166.62,0.0,166.62,85.45,0.0,810.0,0.0,0.0
bf_sae1006_045,period_1,1,202,0,1,810.0,7892.67,5173.98,2750.69,1,7602.46,0.0,0.0,0.0,2.76,190.01,0.0,190.01,97.44,0.0,810.0,0.0,0.0
bf_sae1006_045,period_1,1,211,0,1,1250.0,9821.87,5102.73,2218.13,3,9636.8,0.0,0.0,0.0,4.35,102.15,0.0,102.15,78.57,0.0,1250.0,0.0,0.0
bf_sae1006_045,period_1,1,221,0,1,1250.0,7668.13,5102.73,1731.74,2,7498.17,0.0,0.0,0.0,4.33,104.29,0.0,104.29,61.35,0.0,1250.0,0.0,0.0
bf_sae1006_045,period_1,1,223,0,1,1250.0,9182.36,5102.73,2073.7,2,9053.11,0.0,0.0,0.0,4.37,51.42,0.0,51.42,73.46,0.0,1250.0,0.0,0.0
bf_sae1006_045,period_1,1,224,0,1,1250.0,10008.67,5102.73,2260.31,2,9868.18,0.0,0.0,0.0,4.37,56.05,0.0,56.05,80.07,0.0,1250.0,0.0,0.0
bf_sae1006_045,period_1,1,229,0,1,1250.0,7906.15,5102.73,1785.49,2,7730.67,0.37,0.0,0.37,4.33,107.52,0.0,107.52,63.25,0.0,1250.0,0.0,0.0
bf_sae1006_045,period_1,1,240,0,1,1250.0,7582.46,5102.73,1712.39,2,7474.97,0.0,0.0,0.0,4.37,42.46,0.0,42.46,60.66,0.0,1250.0,0.0,0.0
bf_sae1006_045,period_1,1,242,0,1,1250.0,9035.47,5102.73,2040.53,2,8908.22,0.0,0.0,0.0,4.37,50.6,0.0,50.6,72.28,0.0,1250.0,0.0,0.0
bf_sae1006_045,period_1,1,243,0,1,1250.0,7001.03,5102.73,1581.08,2,6901.45,0.0,0.0,0.0,4.37,39.21,0.0,39.21,56.01,0.0,1250.0,0.0,0.0
bf_sae1006_045,period_1,1,249,0,1,1250.0,7036.21,5102.73,1589.03,3,6433.52,316.99,316.99,0.0,4.25,225.16,0.0,225.16,56.29,0.0,1250.0,0.0,0.0
bf_sae1006_045,period_1,1,26,0,1,1100.0,8511.86,4947.45,2184.41,2,8371.9,12.31,12.31,0.0,3.84,46.43,0.0,46.43,77.38,0.0,1100.0,0.0,0.0
bf_sae1006_045,period_1,1,265,0,1,1250.0,8849.25,5102.73,1998.48,2,8559.23,165.3,165.3,0.0,4.37,49.56,0.0,49.56,70.79,0.0,1250.0,0.0,0.0
bf_sae1006_045,period_1,1,28,0,1,1100.0,7903.45,4947.45,2028.27,2,7594.34,0.0,0.0,0.0,3.75,233.51,0.0,233.51,71.85,0.0,1100.0,0.0,0.0
bf_sae1006_045,period_1,1,280,0,1,1250.0,8040.48,5102.73,1815.83,2,7926.76,0.0,0.0,0.0,4.37,45.03,0.0,45.03,64.32,0.0,1250.0,0.0,0.0
bf_sae1006_045,period_1,1,284,0,1,1250.0,10148.17,5102.73,2291.82,3,9957.1,0.0,0.0,0.0,4.35,105.54,0.0,105.54,81.19,0.0,1250.0,0.0,0.0
bf_sae1006_045,period_1,1,288,0,1,1250.0,8061.05,5102.73,1820.47,2,7937.13,9.92,9.92,0.0,4.37,45.14,0.0,45.14,64.49,0.0,1250.0,0.0,0.0
bf_sae1006_045,period_1,1,294,0,1,1250.0,9812.88,5102.73,2216.1,2,9675.06,0.0,0.0,0.0,4.37,54.95,0.0,54.95,78.5,0.0,1250.0,0.0,0.0
bf_sae1006_045,period_1,1,56,0,1,1100.0,7980.04,4947.45,2047.93,2,7744.11,0.0,0.0,0.0,3.78,159.6,0.0,159.6,72.55,0.0,1100.0,0.0,0.0
bf_sae1006_045,period_1,1,63,0,1,1100.0,7473.53,4947.45,1917.94,2,7346.04,14.94,14.94,0.0,3.84,40.76,0.0,40.76,67.94,0.0,1100.0,0.0,0.0
bf_sae1006_045,period_1,1,65,0,1,1100.0,8113.0,4947.45,2082.05,2,7388.45,5.58,0.0,5.58,3.55,641.66,0.0,641.66,73.75,0.0,1100.0,0.0,0.0
bf_sae1006_045,period_1,1,73,0,1,1100.0,7750.95,4947.45,1989.14,3,7662.54,0.0,0.0,0.0,3.85,14.09,0.0,14.09,70.46,0.0,1100.0,0.0,0.0
bf_sae1006_045,period_1,1,98,0,1,810.0,8626.33,5173.98,3006.38,1,8309.4,0.0,0.0,0.0,2.76,207.67,0.0,207.67,106.5,0.0,810.0,0.0,0.0
bf_sae1006_045,period_1,1,99,0,1,810.0,6553.34,5173.98,2283.92,1,6550.47,0.0,0.0,0.0,2.87,0.0,0.0,0.0,0.0,0.0,810.0,0.0,0.0
bf_sae1006_045,period_2,2,102,0,1,810.0,8652.32,5173.98,3015.43,1,8334.44,0.0,0.0,0.0,2.76,208.3,0.0,208.3,106.82,0.0,810.0,0.0,0.0
bf_sae1006_045,period_2,2,107,0,1,810.0,6724.82,5173.98,2343.68,1,6721.95,0.0,0.0,0.0,2.87,0.0,0.0,0.0,0.0,0.0,810.0,0.0,0.0
bf_sae1006_045,period_2,2,110,0,1,810.0,7340.58,5173.98,2558.28,1,7070.47,0.0,0.0,0.0,2.76,176.72,0.0,176.72,90.62,0.0,810.0,0.0,0.0
bf_sae1006_045,period_2,2,111,0,1,810.0,8429.71,5173.98,2937.85,1,8119.94,0.0,0.0,0.0,2.76,202.94,0.0,202.94,104.07,0.0,810.0,0.0,0.0
bf_sae1006_045,period_2,2,113,0,1,810.0,6688.51,5173.98,2331.02,1,6685.64,0.0,0.0,0.0,2.87,0.0,0.0,0.0,0.0,0.0,810.0,0.0,0.0
bf_sae1006_045,period_2,2,115,0,1,810.0,7447.16,5173.98,2595.42,1,7173.17,0.0,0.0,0.0,2.76,179.28,0.0,179.28,91.94,0.0,810.0,0.0,0.0
bf_sae1006_045,period_2,2,117,0,1,810.0,8397.97,5173.98,2926.79,1,8089.35,0.0,0.0,0.0,2.76,202.17,0.0,202.17,103.68,0.0,810.0,0.0,0.0
bf_sae1006_045,period_2,2,118,0,1,810.0,7935.17,5173.98,2765.5,1,7643.41,0.0,0.0,0.0,2.76,191.03,0.0,191.03,97.97,0.0,810.0,0.0,0.0
bf_sae1006_045,period_2,2,121,0,1,810.0,8058.98,5173.98,2808.65,1,7762.71,0.0,0.0,0.0,2.76,194.01,0.0,194.01,99.49,0.0,810.0,0.0,0.0
bf_sae1006_045,period_2,2,123,0,1,810.0,7976.6,5173.98,2779.94,1,7683.33,0.0,0.0,0.0,2.76,192.03,0.0,192.03,98.48,0.0,810.0,0.0,0.0
bf_sae1006_045,period_2,2,134,0,1,810.0,7603.1,5173.98,2649.77,1,7323.43,0.0,0.0,0.0,2.76,183.04,0.0,183.04,93.87,0.0,810.0,0.0,0.0
bf_sae1006_045,period_2,2,137,0,1,810.0,8004.9,5173.98,2789.8,1,7710.6,0.0,0.0,0.0,2.76,192.71,0.0,192.71,98.83,0.0,810.0,0.0,0.0
bf_sae1006_045,period_2,2,140,0,1,810.0,8199.01,5173.98,2857.45,1,7897.64,0.0,0.0,0.0,2.76,197.38,0.0,197.38,101.22,0.0,810.0,0.0,0.0
bf_sae1006_045,period_2,2,142,0,1,810.0,7935.07,5173.98,2765.46,1,7643.31,0.0,0.0,0.0,2.76,191.03,0.0,191.03,97.96,0.0,810.0,0.0,0.0
bf_sae1006_045,period_2,2,144,0,1,810.0,8560.72,5173.98,2983.51,1,8246.18,0.0,0.0,0.0,2.76,206.09,0.0,206.09,105.69,0.0,810.0,0.0,0.0
bf_sae1006_045,period_2,2,145,0,1,810.0,8343.94,5173.98,2907.96,1,8019.09,18.21,18.21,0.0,2.76,200.87,0.0,200.87,103.01,0.0,810.0,0.0,0.0
bf_sae1006_045,period_2,2,147,0,1,810.0,7787.62,5173.98,2714.08,1,7501.23,0.0,0.0,0.0,2.76,187.48,0.0,187.48,96.14,0.0,810.0,0.0,0.0
bf_sae1006_045,period_2,2,149,0,1,810.0,8069.45,5173.98,2812.3,1,7772.8,0.0,0.0,0.0,2.76,194.26,0.0,194.26,99.62,0.0,810.0,0.0,0.0
bf_sae1006_045,period_2,2,152,0,1,810.0,7849.27,5173.98,2735.56,1,7560.64,0.0,0.0,0.0,2.76,188.96,0.0,188.96,96.9,0.0,810.0,0.0,0.0
bf_sae1006_045,period_2,2,158,0,1,810.0,8164.37,5173.98,2845.38,1,7864.26,0.0,0.0,0.0,2.76,196.55,0.0,196.55,100.79,0.0,810.0,0.0,0.0
bf_sae1006_045,period_2,2,160,0,1,810.0,8253.99,5173.98,2876.61,1,7950.62,0.0,0.0,0.0,2.76,198.71,0.0,198.71,101.9,0.0,810.0,0.0,0.0
bf_sae1006_045,period_2,2,175,0,1,810.0,7775.96,5173.98,2710.01,1,7490.0,0.0,0.0,0.0,2.76,187.2,0.0,187.2,96.0,0.0,810.0,0.0,0.0
bf_sae1006_045,period_2,2,177,0,1,810.0,7455.77,5173.98,2598.42,1,7181.47,0.0,0.0,0.0,2.76,179.49,0.0,179.49,92.05,0.0,810.0,0.0,0.0
bf_sae1006_045,period_2,2,184,0,1,810.0,8492.56,5173.98,2959.76,1,8180.5,0.0,0.0,0.0,2.76,204.45,0.0,204.45,104.85,0.0,810.0,0.0,0.0
bf_sae1006_045,period_2,2,187,0,1,810.0,7249.88,5173.98,2526.67,1,6983.08,0.0,0.0,0.0,2.76,174.53,0.0,174.53,89.5,0.0,810.0,0.0,0.0
bf_sae1006_045,period_2,2,197,0,1,810.0,8068.21,5173.98,2811.87,1,7771.6,0.0,0.0,0.0,2.76,194.23,0.0,194.23,99.61,0.0,810.0,0.0,0.0
bf_sae1006_045,period_2,2,198,0,1,810.0,8265.6,5173.98,2880.66,1,7961.8,0.0,0.0,0.0,2.76,198.99,0.0,198.99,102.04,0.0,810.0,0.0,0.0
bf_sae1006_045,period_2,2,202,0,1,810.0,7892.67,5173.98,2750.69,1,7602.46,0.0,0.0,0.0,2.76,190.01,0.0,190.01,97.44,0.0,810.0,0.0,0.0
bf_sae1006_045,period_2,2,208,0,1,1250.0,7208.74,5102.73,1627.99,2,4950.8,0.0,0.0,0.0,3.04,2197.22,2197.22,0.0,57.67,0.0,1250.0,0.0,0.0
bf_sae1006_045,period_2,2,214,0,1,1250.0,9647.75,5102.73,2178.81,2,9512.17,0.0,0.0,0.0,4.37,54.03,0.0,54.03,77.18,0.0,1250.0,0.0,0.0
bf_sae1006_045,period_2,2,217,0,1,1250.0,9684.03,5102.73,2187.0,2,9547.96,0.0,0.0,0.0,4.37,54.23,0.0,54.23,77.47,0.0,1250.0,0.0,0.0
bf_sae1006_045,period_2,2,224,0,1,1250.0,10008.67,5102.73,2260.31,2,9749.76,118.42,118.42,0.0,4.37,56.05,0.0,56.05,80.07,0.0,1250.0,0.0,0.0
bf_sae1006_045,period_2,2,246,0,1,1250.0,8883.53,5102.73,2006.22,2,8758.35,0.0,0.0,0.0,4.37,49.75,0.0,49.75,71.07,0.0,1250.0,0.0,0.0
bf_sae1006_045,period_2,2,247,0,1,1250.0,7762.56,5102.73,1753.06,2,7590.56,0.0,0.0,0.0,4.33,105.57,0.0,105.57,62.1,0.0,1250.0,0.0,0.0
bf_sae1006_045,period_2,2,263,0,1,1250.0,9106.32,5102.73,2056.53,3,8934.42,0.0,0.0,0.0,4.35,94.71,0.0,94.71,72.85,0.0,1250.0,0.0,0.0
bf_sae1006_045,period_2,2,266,0,1,1250.0,9615.49,5102.73,2171.52,2,9403.46,0.0,0.0,0.0,4.33,130.77,0.0,130.77,76.92,0.0,1250.0,0.0,0.0
bf_sae1006_045,period_2,2,271,0,1,1250.0,8715.91,5102.73,1968.36,2,8411.81,0.0,0.0,0.0,4.28,230.1,0.0,230.1,69.73,0.0,1250.0,0.0,0.0
bf_sae1006_045,period_2,2,274,0,1,1250.0,8273.17,5102.73,1868.38,2,8156.29,0.0,0.0,0.0,4.37,46.33,0.0,46.33,66.19,0.0,1250.0,0.0,0.0
bf_sae1006_045,period_2,2,279,0,1,1250.0,7994.22,5102.73,1805.38,2,7817.21,0.0,0.0,0.0,4.33,108.72,0.0,108.72,63.95,0.0,1250.0,0.0,0.0
bf_sae1006_045,period_2,2,284,0,1,1250.0,10148.17,5102.73,2291.82,2,10005.79,0.0,0.0,0.0,4.37,56.83,0.0,56.83,81.19,0.0,1250.0,0.0,0.0
bf_sae1006_045,period_2,2,294,0,1,1250.0,9812.88,5102.73,2216.1,2,9673.99,1.07,0.0,1.07,4.37,54.95,0.0,54.95,78.5,0.0,1250.0,0.0,0.0
bf_sae1006_045,period_2,2,41,0,1,1100.0,7674.27,4947.45,1969.46,2,7570.19,9.53,9.2,0.34,3.85,20.93,0.0,20.93,69.77,0.0,1100.0,0.0,0.0
bf_sae1006_045,period_2,2,65,0,1,1100.0,8113.0,4947.45,2082.05,3,8020.64,0.0,0.0,0.0,3.85,14.75,0.0,14.75,73.75,0.0,1100.0,0.0,0.0
bf_sae1006_045,period_2,2,67,0,1,1100.0,7518.5,4947.45,1929.48,2,7224.27,0.0,0.0,0.0,3.75,222.14,0.0,222.14,68.35,0.0,1100.0,0.0,0.0
bf_sae1006_045,period_2,2,70,0,1,1100.0,6773.12,4947.45,1738.19,2,6216.21,454.55,454.55,0.0,3.84,36.94,0.0,36.94,61.57,0.0,1100.0,0.0,0.0
bf_sae1006_045,period_2,2,73,0,1,1100.0,7750.95,4947.45,1989.14,2,7577.33,57.04,57.04,0.0,3.84,42.28,0.0,42.28,70.46,0.0,1100.0,0.0,0.0
bf_sae1006_045,period_2,2,79,0,1,1100.0,7126.0,4947.45,1828.76,3,7039.5,4.91,4.91,0.0,3.85,12.96,0.0,12.96,64.78,0.0,1100.0,0.0,0.0
bf_sae1006_045,period_2,2,9,0,1,1100.0,6373.95,4947.45,1635.76,2,5422.97,663.33,663.33,0.0,3.72,225.99,0.0,225.99,57.95,0.0,1100.0,0.0,0.0
bf_sae1006_045,period_2,2,98,0,1,810.0,8626.33,5173.98,3006.38,1,8309.4,0.0,0.0,0.0,2.76,207.67,0.0,207.67,106.5,0.0,810.0,0.0,0.0
bf_sae1006_045,period_2,2,298,1,1,277.0,15.62,4947.45,15.92,1,14.64,0.0,0.0,0.0,0.98,0.0,0.0,0.0,0.0,0.0,277.0,0.0,0.98
bf_sae1006_045,period_2,2,299,1,1,550.0,12.31,4947.45,6.32,1,10.36,0.0,0.0,0.0,1.95,0.0,0.0,0.0,0.0,0.0,550.0,0.0,1.95
bf_sae1006_045,period_2,2,300,1,1,534.0,14.94,4947.45,7.9,1,13.05,0.0,0.0,0.0,1.89,0.0,0.0,0.0,0.0,0.0,534.0,0.0,1.89
bf_sae1006_045,period_2,2,301,1,1,325.0,316.99,5102.73,275.34,1,269.19,0.0,0.0,0.0,0.98,37.06,0.0,37.06,9.75,0.0,325.0,0.0,47.8
bf_sae1006_045,period_2,2,302,1,1,560.0,165.3,5102.73,83.33,1,163.32,0.0,0.0,0.0,1.98,0.0,0.0,0.0,0.0,0.0,560.0,0.0,1.98
bf_sae1006_045,period_2,2,303,1,1,560.0,9.92,5102.73,5.0,1,7.94,0.0,0.0,0.0,1.98,0.0,0.0,0.0,0.0,0.0,560.0,0.0,1.98
bf_sae1006_045,period_3,3,102,0,1,810.0,8652.32,5173.98,3015.43,1,8334.44,0.0,0.0,0.0,2.76,208.3,0.0,208.3,106.82,0.0,810.0,0.0,0.0
bf_sae1006_045,period_3,3,111,0,1,810.0,8429.71,5173.98,2937.85,1,8119.94,0.0,0.0,0.0,2.76,202.94,0.0,202.94,104.07,0.0,810.0,0.0,0.0
bf_sae1006_045,period_3,3,112,0,1,810.0,7772.61,5173.98,2708.85,1,7486.77,0.0,0.0,0.0,2.76,187.12,0.0,187.12,95.96,0.0,810.0,0.0,0.0
bf_sae1006_045,period_3,3,114,0,1,810.0,6460.31,5173.98,2251.49,1,6457.44,0.0,0.0,0.0,2.87,0.0,0.0,0.0,0.0,0.0,810.0,0.0,0.0
bf_sae1006_045,period_3,3,117,0,1,810.0,8397.97,5173.98,2926.79,1,8089.35,0.0,0.0,0.0,2.76,202.17,0.0,202.17,103.68,0.0,810.0,0.0,0.0
bf_sae1006_045,period_3,3,118,0,1,810.0,7935.17,5173.98,2765.5,1,7643.41,0.0,0.0,0.0,2.76,191.03,0.0,191.03,97.97,0.0,810.0,0.0,0.0
bf_sae1006_045,period_3,3,120,0,1,810.0,5882.02,5173.98,2049.95,1,5879.15,0.0,0.0,0.0,2.87,0.0,0.0,0.0,0.0,0.0,810.0,0.0,0.0
bf_sae1006_045,period_3,3,121,0,1,810.0,8058.98,5173.98,2808.65,1,7762.71,0.0,0.0,0.0,2.76,194.01,0.0,194.01,99.49,0.0,810.0,0.0,0.0
bf_sae1006_045,period_3,3,140,0,1,810.0,8199.01,5173.98,2857.45,1,7897.64,0.0,0.0,0.0,2.76,197.38,0.0,197.38,101.22,0.0,810.0,0.0,0.0
bf_sae1006_045,period_3,3,141,0,1,810.0,7180.11,5173.98,2502.35,1,6915.85,0.0,0.0,0.0,2.76,172.85,0.0,172.85,88.64,0.0,810.0,0.0,0.0
bf_sae1006_045,period_3,3,142,0,1,810.0,7935.07,5173.98,2765.46,1,7643.31,0.0,0.0,0.0,2.76,191.03,0.0,191.03,97.96,0.0,810.0,0.0,0.0
bf_sae1006_045,period_3,3,144,0,1,810.0,8560.72,5173.98,2983.51,1,8246.18,0.0,0.0,0.0,2.76,206.09,0.0,206.09,105.69,0.0,810.0,0.0,0.0
bf_sae1006_045,period_3,3,146,0,1,810.0,6921.29,5173.98,2412.15,1,6666.45,0.0,0.0,0.0,2.76,166.62,0.0,166.62,85.45,0.0,810.0,0.0,0.0
bf_sae1006_045,period_3,3,147,0,1,810.0,7787.62,5173.98,2714.08,1,7501.23,0.0,0.0,0.0,2.76,187.48,0.0,187.48,96.14,0.0,810.0,0.0,0.0
bf_sae1006_045,period_3,3,149,0,1,810.0,8069.45,5173.98,2812.3,1,7772.8,0.0,0.0,0.0,2.76,194.26,0.0,194.26,99.62,0.0,810.0,0.0,0.0
bf_sae1006_045,period_3,3,152,0,1,810.0,7849.27,5173.98,2735.56,1,7560.64,0.0,0.0,0.0,2.76,188.96,0.0,188.96,96.9,0.0,810.0,0.0,0.0
bf_sae1006_045,period_3,3,156,0,1,810.0,6906.78,5173.98,2407.09,1,6652.47,0.0,0.0,0.0,2.76,166.27,0.0,166.27,85.27,0.0,810.0,0.0,0.0
bf_sae1006_045,period_3,3,158,0,1,810.0,8164.37,5173.98,2845.38,1,7864.26,0.0,0.0,0.0,2.76,196.55,0.0,196.55,100.79,0.0,810.0,0.0,0.0
bf_sae1006_045,period_3,3,160,0,1,810.0,8253.99,5173.98,2876.61,1,7950.62,0.0,0.0,0.0,2.76,198.71,0.0,198.71,101.9,0.0,810.0,0.0,0.0
bf_sae1006_045,period_3,3,164,0,1,810.0,7370.61,5173.98,2568.74,1,7099.41,0.0,0.0,0.0,2.76,177.44,0.0,177.44,91.0,0.0,810.0,0.0,0.0
bf_sae1006_045,period_3,3,170,0,1,810.0,7358.21,5173.98,2564.42,1,7087.46,0.0,0.0,0.0,2.76,177.14,0.0,177.14,90.84,0.0,810.0,0.0,0.0
bf_sae1006_045,period_3,3,175,0,1,810.0,7775.96,5173.98,2710.01,1,7490.0,0.0,0.0,0.0,2.76,187.2,0.0,187.2,96.0,0.0,810.0,0.0,0.0
bf_sae1006_045,period_3,3,190,0,1,810.0,7533.94,5173.98,2625.67,1,7256.79,0.0,0.0,0.0,2.76,181.37,0.0,181.37,93.01,0.0,810.0,0.0,0.0
bf_sae1006_045,period_3,3,192,0,1,810.0,6721.45,5173.98,2342.5,1,6473.89,0.0,0.0,0.0,2.76,161.81,0.0,161.81,82.98,0.0,810.0,0.0,0.0
bf_sae1006_045,period_3,3,198,0,1,810.0,8265.6,5173.98,2880.66,1,8262.31,0.42,0.0,0.42,2.87,0.0,0.0,0.0,0.0,0.0,810.0,0.0,0.0
bf_sae1006_045,period_3,3,202,0,1,810.0,7892.67,5173.98,2750.69,1,7602.46,0.0,0.0,0.0,2.76,190.01,0.0,190.01,97.44,0.0,810.0,0.0,0.0
bf_sae1006_045,period_3,3,203,0,1,810.0,7007.2,5173.98,2442.09,1,6749.23,0.0,0.0,0.0,2.76,168.69,0.0,168.69,86.51,0.0,810.0,0.0,0.0
bf_sae1006_045,period_3,3,214,0,1,1250.0,9647.75,5102.73,2178.81,2,9435.03,0.0,0.0,0.0,4.33,131.21,0.0,131.21,77.18,0.0,1250.0,0.0,0.0
bf_sae1006_045,period_3,3,222,0,1,1250.0,7241.9,5102.73,1635.48,2,7139.04,0.0,0.0,0.0,4.37,40.55,0.0,40.55,57.94,0.0,1250.0,0.0,0.0
bf_sae1006_045,period_3,3,229,0,1,1250.0,7906.15,5102.73,1785.49,2,7794.26,0.0,0.0,0.0,4.37,44.27,0.0,44.27,63.25,0.0,1250.0,0.0,0.0
bf_sae1006_045,period_3,3,241,0,1,1250.0,8487.48,5102.73,1916.78,2,8364.02,3.66,0.0,3.66,4.37,47.53,0.0,47.53,67.9,0.0,1250.0,0.0,0.0
bf_sae1006_045,period_3,3,254,0,1,1250.0,7007.66,5102.73,1582.58,2,6907.99,0.0,0.0,0.0,4.37,39.24,0.0,39.24,56.06,0.0,1250.0,0.0,0.0
bf_sae1006_045,period_3,3,256,0,1,1250.0,7386.26,5102.73,1668.08,2,7281.44,0.0,0.0,0.0,4.37,41.36,0.0,41.36,59.09,0.0,1250.0,0.0,0.0
bf_sae1006_045,period_3,3,257,0,1,1250.0,7856.2,5102.73,1774.21,3,7707.3,0.0,0.0,0.0,4.35,81.7,0.0,81.7,62.85,0.0,1250.0,0.0,0.0
bf_sae1006_045,period_3,3,261,0,1,1250.0,9249.69,5102.73,2088.91,2,9045.56,0.0,0.0,0.0,4.33,125.8,0.0,125.8,74.0,0.0,1250.0,0.0,0.0
bf_sae1006_045,period_3,3,267,0,1,1250.0,6326.83,5102.73,1428.82,2,6104.91,0.0,0.0,0.0,4.28,167.03,0.0,167.03,50.61,0.0,1250.0,0.0,0.0
bf_sae1006_045,period_3,3,284,0,1,1250.0,10148.17,5102.73,2291.82,2,9995.87,9.92,9.92,0.0,4.37,56.83,0.0,56.83,81.19,0.0,1250.0,0.0,0.0
bf_sae1006_045,period_3,3,285,0,1,1250.0,9136.09,5102.73,2063.25,2,9007.47,0.0,0.0,0.0,4.37,51.16,0.0,51.16,73.09,0.0,1250.0,0.0,0.0
bf_sae1006_045,period_3,3,287,0,1,1250.0,9413.5,5102.73,2125.9,2,9281.11,0.0,0.0,0.0,4.37,52.72,0.0,52.72,75.31,0.0,1250.0,0.0,0.0
bf_sae1006_045,period_3,3,294,0,1,1250.0,9812.88,5102.73,2216.1,2,9509.14,165.92,165.92,0.0,4.37,54.95,0.0,54.95,78.5,0.0,1250.0,0.0,0.0
bf_sae1006_045,period_3,3,297,0,1,1250.0,9101.03,5102.73,2055.34,2,8972.89,0.0,0.0,0.0,4.37,50.97,0.0,50.97,72.81,0.0,1250.0,0.0,0.0
bf_sae1006_045,period_3,3,31,0,1,1100.0,7451.48,4947.45,1912.28,2,7339.25,0.0,0.0,0.0,3.84,40.64,0.0,40.64,67.74,0.0,1100.0,0.0,0.0
bf_sae1006_045,period_3,3,32,0,1,1100.0,8353.3,4947.45,2143.72,2,8008.5,18.31,18.31,0.0,3.75,246.8,0.0,246.8,75.94,0.0,1100.0,0.0,0.0
bf_sae1006_045,period_3,3,37,0,1,1100.0,8564.3,4947.45,2197.87,2,8229.66,0.0,0.0,0.0,3.75,253.04,0.0,253.04,77.86,0.0,1100.0,0.0,0.0
bf_sae1006_045,period_3,3,4,0,1,1100.0,8009.91,4947.45,2055.59,2,6904.83,744.55,740.5,4.05,3.72,283.99,0.0,283.99,72.82,0.0,1100.0,0.0,0.0
bf_sae1006_045,period_3,3,48,0,1,1100.0,7123.23,4947.45,1828.04,3,7041.67,0.0,0.0,0.0,3.85,12.95,0.0,12.95,64.76,0.0,1100.0,0.0,0.0
bf_sae1006_045,period_3,3,52,0,1,1100.0,8414.3,4947.45,2159.37,3,8318.65,0.0,0.0,0.0,3.85,15.3,0.0,15.3,76.49,0.0,1100.0,0.0,0.0
bf_sae1006_045,period_3,3,57,0,1,1100.0,7383.69,4947.45,1894.89,2,7094.66,0.0,0.0,0.0,3.75,218.15,0.0,218.15,67.12,0.0,1100.0,0.0,0.0
bf_sae1006_045,period_3,3,60,0,1,1100.0,7266.21,4947.45,1864.74,2,6981.72,0.0,0.0,0.0,3.75,214.68,0.0,214.68,66.06,0.0,1100.0,0.0,0.0
bf_sae1006_045,period_3,3,73,0,1,1100.0,7750.95,4947.45,1989.14,2,7417.17,30.57,30.57,0.0,3.75,229.01,0.0,229.01,70.46,0.0,1100.0,0.0,0.0
bf_sae1006_045,period_3,3,76,0,1,1100.0,8599.27,4947.45,2206.84,2,8470.35,0.0,0.0,0.0,3.84,46.91,0.0,46.91,78.18,0.0,1100.0,0.0,0.0
bf_sae1006_045,period_3,3,79,0,1,1100.0,7126.0,4947.45,1828.76,3,7044.41,0.0,0.0,0.0,3.85,12.96,0.0,12.96,64.78,0.0,1100.0,0.0,0.0
bf_sae1006_045,period_3,3,85,0,1,1100.0,9133.93,4947.45,2344.05,2,8962.85,34.38,34.38,0.0,3.84,49.82,0.0,49.82,83.04,0.0,1100.0,0.0,0.0
bf_sae1006_045,period_3,3,97,0,1,810.0,7778.89,5173.98,2711.03,1,7492.82,0.0,0.0,0.0,2.76,187.27,0.0,187.27,96.04,0.0,810.0,0.0,0.0
bf_sae1006_045,period_3,3,98,0,1,810.0,8626.33,5173.98,3006.38,1,8309.4,0.0,0.0,0.0,2.76,207.67,0.0,207.67,106.5,0.0,810.0,0.0,0.0
bf_sae1006_045,period_3,3,298,1,1,726.0,103.92,4947.45,40.41,1,101.35,0.0,0.0,0.0,2.57,0.0,0.0,0.0,0.0,0.0,726.0,0.0,2.57
bf_sae1006_045,period_3,3,299,1,1,325.0,559.41,4947.45,485.9,1,475.81,0.0,0.0,0.0,0.98,65.41,0.0,65.41,17.21,0.0,325.0,0.0,83.6
bf_sae1006_045,period_3,3,300,1,1,277.0,9.2,4947.45,9.38,1,8.22,0.0,0.0,0.0,0.98,0.0,0.0,0.0,0.0,0.0,277.0,0.0,0.98
bf_sae1006_045,period_3,3,301,1,1,550.0,454.55,4947.45,233.3,1,450.41,2.19,0.0,2.19,1.95,0.0,0.0,0.0,0.0,0.0,550.0,0.0,4.14
bf_sae1006_045,period_3,3,302,1,1,534.0,57.04,4947.45,30.15,1,55.15,0.0,0.0,0.0,1.89,0.0,0.0,0.0,0.0,0.0,534.0,0.0,1.89
bf_sae1006_045,period_3,3,303,1,1,277.0,4.91,4947.45,5.0,1,3.93,0.0,0.0,0.0,0.98,0.0,0.0,0.0,0.0,0.0,277.0,0.0,0.98
bf_sae1006_045,period_3,3,304,1,1,780.5,18.21,5173.98,6.59,1,15.45,0.0,0.0,0.0,2.76,0.0,0.0,0.0,0.0,0.0,780.5,0.0,2.76
bf_sae1006_045,period_3,3,305,1,1,381.0,2197.22,5102.73,1627.99,1,1873.12,0.0,0.0,0.0,1.15,265.28,0.0,265.28,57.67,0.0,381.0,0.0,324.1
bf_sae1006_045,period_3,3,306,1,1,560.0,118.42,5102.73,59.7,1,116.44,0.0,0.0,0.0,1.98,0.0,0.0,0.0,0.0,0.0,560.0,0.0,1.98
bf_sae1006_045,period_4,4,102,0,1,810.0,8652.32,5173.98,3015.43,1,8649.45,0.0,0.0,0.0,2.87,0.0,0.0,0.0,0.0,0.0,810.0,0.0,0.0
bf_sae1006_045,period_4,4,104,0,1,810.0,6501.97,5173.98,2266.01,1,6262.41,0.0,0.0,0.0,2.76,156.53,0.0,156.53,80.27,0.0,810.0,0.0,0.0
bf_sae1006_045,period_4,4,105,0,1,810.0,6672.55,5173.98,2325.46,1,6426.77,0.0,0.0,0.0,2.76,160.64,0.0,160.64,82.38,0.0,810.0,0.0,0.0
bf_sae1006_045,period_4,4,111,0,1,810.0,8429.71,5173.98,2937.85,1,8119.94,0.0,0.0,0.0,2.76,202.94,0.0,202.94,104.07,0.0,810.0,0.0,0.0
bf_sae1006_045,period_4,4,117,0,1,810.0,8397.97,5173.98,2926.79,1,8089.35,0.0,0.0,0.0,2.76,202.17,0.0,202.17,103.68,0.0,810.0,0.0,0.0
bf_sae1006_045,period_4,4,126,0,1,810.0,7101.72,5173.98,2475.03,1,6840.31,0.0,0.0,0.0,2.76,170.97,0.0,170.97,87.68,0.0,810.0,0.0,0.0
bf_sae1006_045,period_4,4,142,0,1,810.0,7935.07,5173.98,2765.46,1,7643.31,0.0,0.0,0.0,2.76,191.03,0.0,191.03,97.96,0.0,810.0,0.0,0.0
bf_sae1006_045,period_4,4,144,0,1,810.0,8560.72,5173.98,2983.51,1,8246.18,0.0,0.0,0.0,2.76,206.09,0.0,206.09,105.69,0.0,810.0,0.0,0.0
bf_sae1006_045,period_4,4,145,0,1,810.0,8343.94,5173.98,2907.96,1,8037.29,0.0,0.0,0.0,2.76,200.87,0.0,200.87,103.01,0.0,810.0,0.0,0.0
bf_sae1006_045,period_4,4,149,0,1,810.0,8069.45,5173.98,2812.3,1,7772.8,0.0,0.0,0.0,2.76,194.26,0.0,194.26,99.62,0.0,810.0,0.0,0.0
bf_sae1006_045,period_4,4,158,0,1,810.0,8164.37,5173.98,2845.38,1,7864.26,0.0,0.0,0.0,2.76,196.55,0.0,196.55,100.79,0.0,810.0,0.0,0.0
bf_sae1006_045,period_4,4,160,0,1,810.0,8253.99,5173.98,2876.61,1,7950.62,0.0,0.0,0.0,2.76,198.71,0.0,198.71,101.9,0.0,810.0,0.0,0.0
bf_sae1006_045,period_4,4,167,0,1,810.0,7034.74,5173.98,2451.69,1,7006.23,25.64,25.64,0.0,2.87,0.0,0.0,0.0,0.0,0.0,810.0,0.0,0.0
bf_sae1006_045,period_4,4,168,0,1,810.0,6172.09,5173.98,2151.05,1,5944.54,0.0,0.0,0.0,2.76,148.59,0.0,148.59,76.2,0.0,810.0,0.0,0.0
bf_sae1006_045,period_4,4,184,0,1,810.0,8492.56,5173.98,2959.76,1,8180.5,0.0,0.0,0.0,2.76,204.45,0.0,204.45,104.85,0.0,810.0,0.0,0.0
bf_sae1006_045,period_4,4,192,0,1,810.0,6721.45,5173.98,2342.5,1,6473.89,0.0,0.0,0.0,2.76,161.81,0.0,161.81,82.98,0.0,810.0,0.0,0.0
bf_sae1006_045,period_4,4,197,0,1,810.0,8068.21,5173.98,2811.87,1,7771.6,0.0,0.0,0.0,2.76,194.23,0.0,194.23,99.61,0.0,810.0,0.0,0.0
bf_sae1006_045,period_4,4,198,0,1,810.0,8265.6,5173.98,2880.66,1,7961.8,0.0,0.0,0.0,2.76,198.99,0.0,198.99,102.04,0.0,810.0,0.0,0.0
bf_sae1006_045,period_4,4,202,0,1,810.0,7892.67,5173.98,2750.69,1,7602.46,0.0,0.0,0.0,2.76,190.01,0.0,190.01,97.44,0.0,810.0,0.0,0.0
bf_sae1006_045,period_4,4,212,0,1,1250.0,9144.93,5102.73,2065.25,2,9016.19,0.0,0.0,0.0,4.37,51.21,0.0,51.21,73.16,0.0,1250.0,0.0,0.0
bf_sae1006_045,period_4,4,214,0,1,1250.0,9647.75,5102.73,2178.81,2,9512.17,0.0,0.0,0.0,4.37,54.03,0.0,54.03,77.18,0.0,1250.0,0.0,0.0
bf_sae1006_045,period_4,4,217,0,1,1250.0,9684.03,5102.73,2187.0,2,9280.03,267.92,267.92,0.0,4.37,54.23,0.0,54.23,77.47,0.0,1250.0,0.0,0.0
bf_sae1006_045,period_4,4,22,0,1,1100.0,8563.79,4947.45,2197.74,2,7578.7,856.68,856.68,0.0,3.84,46.71,0.0,46.71,77.85,0.0,1100.0,0.0,0.0
bf_sae1006_045,period_4,4,224,0,1,1250.0,10008.67,5102.73,2260.31,2,9868.13,0.05,0.05,0.0,4.37,56.05,0.0,56.05,80.07,0.0,1250.0,0.0,0.0
bf_sae1006_045,period_4,4,236,0,1,1250.0,7641.28,5102.73,1725.67,2,7532.99,0.0,0.0,0.0,4.37,42.79,0.0,42.79,61.13,0.0,1250.0,0.0,0.0
bf_sae1006_045,period_4,4,240,0,1,1250.0,7582.46,5102.73,1712.39,2,7414.35,0.0,0.0,0.0,4.33,103.12,0.0,103.12,60.66,0.0,1250.0,0.0,0.0
bf_sae1006_045,period_4,4,243,0,1,1250.0,7001.03,5102.73,1581.08,2,6845.48,0.0,0.0,0.0,4.33,95.21,0.0,95.21,56.01,0.0,1250.0,0.0,0.0
bf_sae1006_045,period_4,4,254,0,1,1250.0,7007.66,5102.73,1582.58,2,6851.96,0.0,0.0,0.0,4.33,95.3,0.0,95.3,56.06,0.0,1250.0,0.0,0.0
bf_sae1006_045,period_4,4,255,0,1,1250.0,8348.47,5102.73,1885.38,2,8230.56,0.0,0.0,0.0,4.37,46.75,0.0,46.75,66.79,0.0,1250.0,0.0,0.0
bf_sae1006_045,period_4,4,294,0,1,1250.0,9812.88,5102.73,2216.1,2,9675.06,0.0,0.0,0.0,4.37,54.95,0.0,54.95,78.5,0.0,1250.0,0.0,0.0
bf_sae1006_045,period_4,4,34,0,1,1100.0,7747.6,4947.45,1988.28,3,7659.23,0.0,0.0,0.0,3.85,14.09,0.0,14.09,70.43,0.0,1100.0,0.0,0.0
bf_sae1006_045,period_4,4,39,0,1,1100.0,7936.64,4947.45,2036.79,3,7806.85,39.36,39.36,0.0,3.85,14.43,0.0,14.43,72.15,0.0,1100.0,0.0,0.0
bf_sae1006_045,period_4,4,4,0,1,1100.0,8009.91,4947.45,2055.59,3,7918.68,0.0,0.0,0.0,3.85,14.56,0.0,14.56,72.82,0.0,1100.0,0.0,0.0
bf_sae1006_045,period_4,4,47,0,1,1100.0,9577.17,4947.45,2457.8,3,9468.84,0.0,0.0,0.0,3.85,17.41,0.0,17.41,87.07,0.0,1100.0,0.0,0.0
bf_sae1006_045,period_4,4,67,0,1,1100.0,7518.5,4947.45,1929.48,2,7224.27,0.0,0.0,0.0,3.75,222.14,0.0,222.14,68.35,0.0,1100.0,0.0,0.0
bf_sae1006_045,period_4,4,83,0,1,1100.0,7264.83,4947.45,1864.38,2,6296.23,641.26,641.26,0.0,3.72,257.57,0.0,257.57,66.04,0.0,1100.0,0.0,0.0
bf_sae1006_045,period_4,4,98,0,1,810.0,8626.33,5173.98,3006.38,1,8309.4,0.0,0.0,0.0,2.76,207.67,0.0,207.67,106.5,0.0,810.0,0.0,0.0
bf_sae1006_045,period_4,4,298,1,1,325.0,740.5,4947.45,643.2,1,739.35,0.0,0.0,0.0,1.15,0.0,0.0,0.0,0.0,0.0,325.0,0.0,1.15
bf_sae1006_045,period_4,4,299,1,1,780.5,18.31,4947.45,6.62,1,14.27,1.27,0.0,1.27,2.76,0.0,0.0,0.0,0.0,0.0,780.5,0.0,4.04
bf_sae1006_045,period_4,4,300,1,1,277.0,30.57,4947.45,31.15,1,29.59,0.0,0.0,0.0,0.98,0.0,0.0,0.0,0.0,0.0,277.0,0.0,0.98
bf_sae1006_045,period_4,4,301,1,1,534.0,34.38,4947.45,18.17,1,32.49,0.0,0.0,0.0,1.89,0.0,0.0,0.0,0.0,0.0,534.0,0.0,1.89
bf_sae1006_045,period_4,4,302,1,1,560.0,9.92,5102.73,5.0,1,7.94,0.0,0.0,0.0,1.98,0.0,0.0,0.0,0.0,0.0,560.0,0.0,1.98
bf_sae1006_045,period_4,4,303,1,1,560.0,165.92,5102.73,83.64,1,163.94,0.0,0.0,0.0,1.98,0.0,0.0,0.0,0.0,0.0,560.0,0.0,1.98
bf_sae1006_045,period_5,5,1,0,1,1100.0,7444.63,4947.45,1910.53,3,7359.56,0.0,0.0,0.0,3.85,13.54,0.0,13.54,67.68,0.0,1100.0,0.0,0.0
bf_sae1006_045,period_5,5,100,0,1,810.0,7717.17,5173.98,2689.52,1,7433.35,0.0,0.0,0.0,2.76,185.78,0.0,185.78,95.27,0.0,810.0,0.0,0.0
bf_sae1006_045,period_5,5,102,0,1,810.0,8652.32,5173.98,3015.43,1,8334.44,0.0,0.0,0.0,2.76,208.3,0.0,208.3,106.82,0.0,810.0,0.0,0.0
bf_sae1006_045,period_5,5,111,0,1,810.0,8429.71,5173.98,2937.85,1,8119.94,0.0,0.0,0.0,2.76,202.94,0.0,202.94,104.07,0.0,810.0,0.0,0.0
bf_sae1006_045,period_5,5,112,0,1,810.0,7772.61,5173.98,2708.85,1,7486.77,0.0,0.0,0.0,2.76,187.12,0.0,187.12,95.96,0.0,810.0,0.0,0.0
bf_sae1006_045,period_5,5,113,0,1,810.0,6688.51,5173.98,2331.02,1,6685.64,0.0,0.0,0.0,2.87,0.0,0.0,0.0,0.0,0.0,810.0,0.0,0.0
bf_sae1006_045,period_5,5,118,0,1,810.0,7935.17,5173.98,2765.5,1,7643.41,0.0,0.0,0.0,2.76,191.03,0.0,191.03,97.97,0.0,810.0,0.0,0.0
bf_sae1006_045,period_5,5,121,0,1,810.0,8058.98,5173.98,2808.65,1,7762.71,0.0,0.0,0.0,2.76,194.01,0.0,194.01,99.49,0.0,810.0,0.0,0.0
bf_sae1006_045,period_5,5,123,0,1,810.0,7976.6,5173.98,2779.94,1,7683.33,0.0,0.0,0.0,2.76,192.03,0.0,192.03,98.48,0.0,810.0,0.0,0.0
bf_sae1006_045,period_5,5,129,0,1,810.0,7540.1,5173.98,2627.81,1,7262.73,0.0,0.0,0.0,2.76,181.52,0.0,181.52,93.09,0.0,810.0,0.0,0.0
bf_sae1006_045,period_5,5,132,0,1,810.0,7183.39,5173.98,2503.5,1,6919.01,0.0,0.0,0.0,2.76,172.93,0.0,172.93,88.68,0.0,810.0,0.0,0.0
bf_sae1006_045,period_5,5,134,0,1,810.0,7603.1,5173.98,2649.77,1,7323.43,0.0,0.0,0.0,2.76,183.04,0.0,183.04,93.87,0.0,810.0,0.0,0.0
bf_sae1006_045,period_5,5,135,0,1,810.0,6299.73,5173.98,2195.53,1,6067.53,0.0,0.0,0.0,2.76,151.66,0.0,151.66,77.77,0.0,810.0,0.0,0.0
bf_sae1006_045,period_5,5,137,0,1,810.0,8004.9,5173.98,2789.8,1,7710.6,0.0,0.0,0.0,2.76,192.71,0.0,192.71,98.83,0.0,810.0,0.0,0.0
bf_sae1006_045,period_5,5,140,0,1,810.0,8199.01,5173.98,2857.45,1,7897.64,0.0,0.0,0.0,2.76,197.38,0.0,197.38,101.22,0.0,810.0,0.0,0.0
bf_sae1006_045,period_5,5,141,0,1,810.0,7180.11,5173.98,2502.35,1,7175.38,1.86,0.0,1.86,2.87,0.0,0.0,0.0,0.0,0.0,810.0,0.0,0.0
bf_sae1006_045,period_5,5,142,0,1,810.0,7935.07,5173.98,2765.46,1,7643.31,0.0,0.0,0.0,2.76,191.03,0.0,191.03,97.96,0.0,810.0,0.0,0.0
bf_sae1006_045,period_5,5,145,0,1,810.0,8343.94,5173.98,2907.96,1,8037.29,0.0,0.0,0.0,2.76,200.87,0.0,200.87,103.01,0.0,810.0,0.0,0.0
bf_sae1006_045,period_5,5,147,0,1,810.0,7787.62,5173.98,2714.08,1,7501.23,0.0,0.0,0.0,2.76,187.48,0.0,187.48,96.14,0.0,810.0,0.0,0.0
bf_sae1006_045,period_5,5,149,0,1,810.0,8069.45,5173.98,2812.3,1,7772.8,0.0,0.0,0.0,2.76,194.26,0.0,194.26,99.62,0.0,810.0,0.0,0.0
bf_sae1006_045,period_5,5,151,0,1,810.0,7584.96,5173.98,2643.45,1,7305.95,0.0,0.0,0.0,2.76,182.6,0.0,182.6,93.64,0.0,810.0,0.0,0.0
bf_sae1006_045,period_5,5,152,0,1,810.0,7849.27,5173.98,2735.56,1,7560.64,0.0,0.0,0.0,2.76,188.96,0.0,188.96,96.9,0.0,810.0,0.0,0.0
bf_sae1006_045,period_5,5,155,0,1,810.0,5650.55,5173.98,1969.28,1,5441.99,0.0,0.0,0.0,2.76,136.03,0.0,136.03,69.76,0.0,810.0,0.0,0.0
bf_sae1006_045,period_5,5,157,0,1,810.0,7607.31,5173.98,2651.24,1,7327.49,0.0,0.0,0.0,2.76,183.14,0.0,183.14,93.92,0.0,810.0,0.0,0.0
bf_sae1006_045,period_5,5,160,0,1,810.0,8253.99,5173.98,2876.61,1,7950.62,0.0,0.0,0.0,2.76,198.71,0.0,198.71,101.9,0.0,810.0,0.0,0.0
bf_sae1006_045,period_5,5,169,0,1,810.0,7573.33,5173.98,2639.39,1,7294.75,0.0,0.0,0.0,2.76,182.32,0.0,182.32,93.5,0.0,810.0,0.0,0.0
bf_sae1006_045,period_5,5,175,0,1,810.0,7775.96,5173.98,2710.01,1,7490.0,0.0,0.0,0.0,2.76,187.2,0.0,187.2,96.0,0.0,810.0,0.0,0.0
bf_sae1006_045,period_5,5,176,0,1,810.0,6398.33,5173.98,2229.89,1,6162.54,0.0,0.0,0.0,2.76,154.03,0.0,154.03,78.99,0.0,810.0,0.0,0.0
bf_sae1006_045,period_5,5,184,0,1,810.0,8492.56,5173.98,2959.76,1,8180.5,0.0,0.0,0.0,2.76,204.45,0.0,204.45,104.85,0.0,810.0,0.0,0.0
bf_sae1006_045,period_5,5,191,0,1,810.0,7635.68,5173.98,2661.12,1,7632.81,0.0,0.0,0.0,2.87,0.0,0.0,0.0,0.0,0.0,810.0,0.0,0.0
bf_sae1006_045,period_5,5,197,0,1,810.0,8068.21,5173.98,2811.87,1,7771.6,0.0,0.0,0.0,2.76,194.23,0.0,194.23,99.61,0.0,810.0,0.0,0.0
bf_sae1006_045,period_5,5,198,0,1,810.0,8265.6,5173.98,2880.66,1,7961.8,0.0,0.0,0.0,2.76,198.99,0.0,198.99,102.04,0.0,810.0,0.0,0.0
bf_sae1006_045,period_5,5,202,0,1,810.0,7892.67,5173.98,2750.69,1,7602.46,0.0,0.0,0.0,2.76,190.01,0.0,190.01,97.44,0.0,810.0,0.0,0.0
bf_sae1006_045,period_5,5,212,0,1,1250.0,9144.93,5102.73,2065.25,2,9016.19,0.0,0.0,0.0,4.37,51.21,0.0,51.21,73.16,0.0,1250.0,0.0,0.0
bf_sae1006_045,period_5,5,217,0,1,1250.0,9684.03,5102.73,2187.0,3,9501.5,0.0,0.0,0.0,4.35,100.71,0.0,100.71,77.47,0.0,1250.0,0.0,0.0
bf_sae1006_045,period_5,5,223,0,1,1250.0,9182.36,5102.73,2073.7,2,8485.45,567.66,567.66,0.0,4.37,51.42,0.0,51.42,73.46,0.0,1250.0,0.0,0.0
bf_sae1006_045,period_5,5,224,0,1,1250.0,10008.67,5102.73,2260.31,2,9660.1,0.0,0.0,0.0,4.28,264.23,0.0,264.23,80.07,0.0,1250.0,0.0,0.0
bf_sae1006_045,period_5,5,229,0,1,1250.0,7906.15,5102.73,1785.49,2,7794.26,0.0,0.0,0.0,4.37,44.27,0.0,44.27,63.25,0.0,1250.0,0.0,0.0
bf_sae1006_045,period_5,5,238,0,1,1250.0,9038.83,5102.73,2041.29,3,8868.17,0.0,0.0,0.0,4.35,94.0,0.0,94.0,72.31,0.0,1250.0,0.0,0.0
bf_sae1006_045,period_5,5,246,0,1,1250.0,8883.53,5102.73,2006.22,2,8758.35,0.0,0.0,0.0,4.37,49.75,0.0,49.75,71.07,0.0,1250.0,0.0,0.0
bf_sae1006_045,period_5,5,253,0,1,1250.0,8940.67,5102.73,2019.12,2,8813.16,1.55,0.0,1.55,4.37,50.07,0.0,50.07,71.53,0.0,1250.0,0.0,0.0
bf_sae1006_045,period_5,5,254,0,1,1250.0,7007.66,5102.73,1582.58,2,6907.99,0.0,0.0,0.0,4.37,39.24,0.0,39.24,56.06,0.0,1250.0,0.0,0.0
bf_sae1006_045,period_5,5,257,0,1,1250.0,7856.2,5102.73,1774.21,2,7744.99,0.0,0.0,0.0,4.37,43.99,0.0,43.99,62.85,0.0,1250.0,0.0,0.0
bf_sae1006_045,period_5,5,258,0,1,1250.0,8443.83,5102.73,1906.92,2,8257.11,0.0,0.0,0.0,4.33,114.84,0.0,114.84,67.55,0.0,1250.0,0.0,0.0
bf_sae1006_045,period_5,5,261,0,1,1250.0,9249.69,5102.73,2088.91,2,9119.53,0.0,0.0,0.0,4.37,51.8,0.0,51.8,74.0,0.0,1250.0,0.0,0.0
bf_sae1006_045,period_5,5,273,0,1,1250.0,8476.77,5102.73,1914.36,2,8289.34,0.0,0.0,0.0,4.33,115.28,0.0,115.28,67.81,0.0,1250.0,0.0,0.0
bf_sae1006_045,period_5,5,281,0,1,1250.0,8735.5,5102.73,1972.79,3,8570.42,0.0,0.0,0.0,4.35,90.85,0.0,90.85,69.88,0.0,1250.0,0.0,0.0
bf_sae1006_045,period_5,5,283,0,1,1250.0,8647.53,5102.73,1952.92,2,8525.56,0.0,0.0,0.0,4.37,48.43,0.0,48.43,69.18,0.0,1250.0,0.0,0.0
bf_sae1006_045,period_5,5,284,0,1,1250.0,10148.17,5102.73,2291.82,2,9794.8,0.0,0.0,0.0,4.28,267.91,0.0,267.91,81.19,0.0,1250.0,0.0,0.0
bf_sae1006_045,period_5,5,3,0,1,1100.0,7614.83,4947.45,1954.2,2,7500.23,0.0,0.0,0.0,3.84,41.54,0.0,41.54,69.23,0.0,1100.0,0.0,0.0
bf_sae1006_045,period_5,5,31,0,1,1100.0,7451.48,4947.45,1912.28,2,7162.9,176.36,176.36,0.0,3.84,40.64,0.0,40.64,67.74,0.0,1100.0,0.0,0.0
bf_sae1006_045,period_5,5,41,0,1,1100.0,7674.27,4947.45,1969.46,2,7374.02,0.0,0.0,0.0,3.75,226.74,0.0,226.74,69.77,0.0,1100.0,0.0,0.0
bf_sae1006_045,period_5,5,49,0,1,1100.0,6958.36,4947.45,1785.73,2,5206.85,1437.82,1437.82,0.0,3.72,246.71,0.0,246.71,63.26,0.0,1100.0,0.0,0.0
bf_sae1006_045,period_5,5,52,0,1,1100.0,8414.3,4947.45,2159.37,2,8282.54,5.53,0.0,5.53,3.84,45.9,0.0,45.9,76.49,0.0,1100.0,0.0,0.0
bf_sae1006_045,period_5,5,57,0,1,1100.0,7383.69,4947.45,1894.89,2,7093.5,1.16,0.0,1.16,3.75,218.15,0.0,218.15,67.12,0.0,1100.0,0.0,0.0
bf_sae1006_045,period_5,5,63,0,1,1100.0,7473.53,4947.45,1917.94,3,7388.15,0.0,0.0,0.0,3.85,13.59,0.0,13.59,67.94,0.0,1100.0,0.0,0.0
bf_sae1006_045,period_5,5,70,0,1,1100.0,6773.12,4947.45,1738.19,2,6448.14,19.55,19.55,0.0,3.72,240.14,0.0,240.14,61.57,0.0,1100.0,0.0,0.0
bf_sae1006_045,period_5,5,71,0,1,1100.0,6805.29,4947.45,1746.45,2,6538.61,0.0,0.0,0.0,3.75,201.07,0.0,201.07,61.87,0.0,1100.0,0.0,0.0
bf_sae1006_045,period_5,5,88,0,1,1100.0,8466.59,4947.45,2172.79,3,8290.65,79.72,79.72,0.0,3.85,15.39,0.0,15.39,76.97,0.0,1100.0,0.0,0.0
bf_sae1006_045,period_5,5,97,0,1,810.0,7778.89,5173.98,2711.03,1,7492.82,0.0,0.0,0.0,2.76,187.27,0.0,187.27,96.04,0.0,810.0,0.0,0.0
bf_sae1006_045,period_5,5,98,0,1,810.0,8626.33,5173.98,3006.38,1,8309.4,0.0,0.0,0.0,2.76,207.67,0.0,207.67,106.5,0.0,810.0,0.0,0.0
bf_sae1006_045,period_5,5,298,1,1,534.0,14.78,4947.45,7.81,1,12.89,0.0,0.0,0.0,1.89,0.0,0.0,0.0,0.0,0.0,534.0,0.0,1.89
bf_sae1006_045,period_5,5,299,1,1,550.0,841.9,4947.45,432.12,1,839.95,0.0,0.0,0.0,1.95,0.0,0.0,0.0,0.0,0.0,550.0,0.0,1.95
bf_sae1006_045,period_5,5,300,1,1,277.0,39.36,4947.45,40.11,1,38.38,0.0,0.0,0.0,0.98,0.0,0.0,0.0,0.0,0.0,277.0,0.0,0.98
bf_sae1006_045,period_5,5,301,1,1,726.0,630.51,4947.45,245.16,2,562.2,0.0,0.0,0.0,2.3,57.32,0.0,57.32,8.68,0.0,726.0,0.0,68.31
bf_sae1006_045,period_5,5,302,1,1,325.0,10.75,4947.45,9.34,1,9.6,0.0,0.0,0.0,1.15,0.0,0.0,0.0,0.0,0.0,325.0,0.0,1.15
bf_sae1006_045,period_5,5,303,1,1,810.0,25.64,5173.98,8.94,1,22.77,0.0,0.0,0.0,2.87,0.0,0.0,0.0,0.0,0.0,810.0,0.0,2.87
bf_sae1006_045,period_5,5,304,1,1,560.0,267.92,5102.73,135.06,1,265.94,0.0,0.0,0.0,1.98,0.0,0.0,0.0,0.0,0.0,560.0,0.0,1.98
bf_sae1006_045,period_5,5,305,1,0,673.0,0.05,5102.73,0.0,0,0.0,0.0,0.0,0.0,0.0,0.0,0.0,-0.0,0.0,0.0,673.0,0.0,0.05
bf_sae1006_050,period_1,1,1,0,1,1200.0,8758.05,5164.94,996.85,4,4197.95,0.0,0.0,0.0,4.22,466.91,466.91,0.0,39.24,4049.74,1200.0,857.42,0.0
bf_sae1006_050,period_1,1,3,0,1,1200.0,7815.78,5164.94,1654.76,4,6971.37,0.0,0.0,0.0,4.22,775.06,775.06,0.0,65.13,0.0,1200.0,0.0,0.0
bf_sae1006_050,period_1,1,5,0,1,1200.0,8920.81,5164.94,1888.72,7,7888.67,9.5,9.5,0.0,4.18,944.12,944.12,0.0,74.34,0.0,1200.0,0.0,0.0
bf_sae1006_050,period_1,1,6,0,1,1200.0,8903.34,5164.94,1885.02,4,7942.02,0.0,0.0,0.0,4.22,882.91,882.91,0.0,74.19,0.0,1200.0,0.0,0.0
bf_sae1006_050,period_2,2,1,0,1,1200.0,8758.05,5164.94,1854.26,4,7798.24,14.1,14.1,0.0,4.22,868.51,868.51,0.0,72.98,0.0,1200.0,0.0,0.0
bf_sae1006_050,period_2,2,3,0,1,1200.0,7815.78,5164.94,1386.96,3,3496.75,0.0,0.0,0.0,2.52,2997.04,2997.04,0.0,54.59,1264.88,1200.0,267.8,0.0
bf_sae1006_050,period_2,2,6,0,1,1200.0,8903.34,5164.94,1885.02,4,7942.02,0.0,0.0,0.0,4.22,882.91,882.91,0.0,74.19,0.0,1200.0,0.0,0.0
bf_sae1006_050,period_2,2,10,1,1,430.0,9.5,5164.94,5.61,1,7.81,0.0,0.0,0.0,1.69,0.0,0.0,0.0,0.0,0.0,430.0,0.0,1.69
bf_sae1006_050,period_2,2,11,1,1,127.0,944.12,5164.94,1888.72,1,783.87,0.0,0.0,0.0,0.42,85.49,0.0,85.49,74.34,0.0,127.0,0.0,160.25
bf_sae1006_050,period_2,2,12,1,1,119.0,882.91,5164.94,1885.01,1,782.33,0.0,0.0,0.0,0.42,25.97,0.0,25.97,74.19,0.0,119.0,0.0,100.58
bf_sae1006_050,period_2,2,7,1,1,1200.0,4049.74,5164.94,857.41,5,3965.8,0.0,0.0,0.0,4.63,45.56,0.0,45.56,33.75,0.0,1200.0,0.0,83.94
bf_sae1006_050,period_2,2,8,1,1,119.0,466.91,5164.94,996.85,1,413.53,0.0,0.0,0.0,0.42,13.73,0.0,13.73,39.24,0.0,119.0,0.0,53.38
bf_sae1006_050,period_2,2,9,1,1,119.0,775.06,5164.94,1654.75,1,686.72,0.0,0.0,0.0,0.42,22.8,0.0,22.8,65.13,0.0,119.0,0.0,88.34
bf_sae1006_050,period_3,3,1,0,1,1200.0,8758.05,5164.94,1854.26,5,8324.33,257.58,257.58,0.0,4.63,98.53,0.0,98.53,72.98,0.0,1200.0,0.0,0.0
bf_sae1006_050,period_3,3,3,0,1,1200.0,7815.78,5164.94,1654.76,5,7658.09,0.0,0.0,0.0,4.63,87.93,0.0,87.93,65.13,0.0,1200.0,0.0,0.0
bf_sae1006_050,period_3,3,6,0,1,1200.0,8903.34,5164.94,1885.02,4,7724.99,217.02,217.02,0.0,4.22,882.91,882.91,0.0,74.19,0.0,1200.0,0.0,0.0
bf_sae1006_050,period_3,3,10,1,1,549.0,2997.04,5164.94,1386.96,2,2921.23,0.0,0.0,0.0,2.11,19.11,0.0,19.11,54.59,0.0,549.0,0.0,75.81
bf_sae1006_050,period_3,3,11,1,1,119.0,882.91,5164.94,1885.01,1,782.33,0.0,0.0,0.0,0.42,25.97,0.0,25.97,74.19,0.0,119.0,0.0,100.58
bf_sae1006_050,period_3,3,7,1,1,430.0,14.1,5164.94,8.33,1,12.41,0.0,0.0,0.0,1.69,0.0,0.0,0.0,0.0,0.0,430.0,0.0,1.69
bf_sae1006_050,period_3,3,8,1,1,119.0,868.51,5164.94,1854.27,1,769.57,0.0,0.0,0.0,0.42,25.54,0.0,25.54,72.98,0.0,119.0,0.0,98.94
bf_sae1006_050,period_3,3,9,1,1,1200.0,1264.88,5164.94,267.8,8,1227.08,0.0,0.0,0.0,4.6,22.66,0.0,22.66,10.54,0.0,1200.0,0.0,37.8
bf_sae1006_050,period_4,4,1,0,1,1200.0,8758.05,5164.94,1854.26,4,7812.34,0.0,0.0,0.0,4.22,868.51,868.51,0.0,72.98,0.0,1200.0,0.0,0.0
bf_sae1006_050,period_4,4,3,0,1,1200.0,7815.78,5164.94,1654.76,7,6564.81,354.49,354.49,0.0,4.18,827.17,827.17,0.0,65.13,0.0,1200.0,0.0,0.0
bf_sae1006_050,period_4,4,6,0,1,1200.0,8903.34,5164.94,1885.02,4,7942.02,0.0,0.0,0.0,4.22,882.91,882.91,0.0,74.19,0.0,1200.0,0.0,0.0
bf_sae1006_050,period_4,4,7,1,1,105.5,257.58,5164.94,620.3,1,257.16,0.0,0.0,0.0,0.42,0.0,0.0,0.0,0.0,0.0,105.5,0.0,0.42
bf_sae1006_050,period_4,4,8,1,1,430.0,217.02,5164.94,128.23,1,215.33,0.0,0.0,0.0,1.69,0.0,0.0,0.0,0.0,0.0,430.0,0.0,1.69
bf_sae1006_050,period_4,4,9,1,1,119.0,882.91,5164.94,1885.01,1,782.33,0.0,0.0,0.0,0.42,25.97,0.0,25.97,74.19,0.0,119.0,0.0,100.58
bf_sae1006_050,period_5,5,1,0,1,1200.0,8758.05,5164.94,1854.26,5,8516.95,64.96,64.96,0.0,4.63,98.53,0.0,98.53,72.98,0.0,1200.0,0.0,0.0
bf_sae1006_050,period_5,5,2,0,1,1200.0,9053.57,5164.94,1916.83,5,8871.64,0.0,0.0,0.0,4.63,101.85,0.0,101.85,75.45,0.0,1200.0,0.0,0.0
bf_sae1006_050,period_5,5,5,0,1,1200.0,8920.81,5164.94,1888.72,5,8741.48,0.0,0.0,0.0,4.63,100.36,0.0,100.36,74.34,0.0,1200.0,0.0,0.0
bf_sae1006_050,period_5,5,6,0,1,1200.0,8903.34,5164.94,1885.02,5,8289.87,434.49,434.49,0.0,4.63,100.16,0.0,100.16,74.19,0.0,1200.0,0.0,0.0
bf_sae1006_050,period_5,5,10,1,1,127.0,827.17,5164.94,1654.76,1,686.72,0.0,0.0,0.0,0.42,74.9,0.0,74.9,65.13,0.0,127.0,0.0,140.45
bf_sae1006_050,period_5,5,11,1,1,119.0,882.91,5164.94,1885.01,1,782.33,0.0,0.0,0.0,0.42,25.97,0.0,25.97,74.19,0.0,119.0,0.0,100.58
bf_sae1006_050,period_5,5,7,1,1,119.0,868.51,5164.94,1854.27,1,769.57,0.0,0.0,0.0,0.42,25.54,0.0,25.54,72.98,0.0,119.0,0.0,98.94
bf_sae1006_050,period_5,5,8,1,1,430.0,140.6,5164.94,83.07,1,138.91,0.0,0.0,0.0,1.69,0.0,0.0,0.0,0.0,0.0,430.0,0.0,1.69
bf_sae1006_050,period_5,5,9,1,1,105.5,213.89,5164.94,515.09,1,213.47,0.0,0.0,0.0,0.42,0.0,0.0,0.0,0.0,0.0,105.5,0.0,0.42
bz_nbr7008_043,period_1,1,103,0,1,1020.0,11056.39,5742.24,3203.1,2,10734.73,144.83,144.83,0.0,3.4,65.04,0.0,65.04,108.4,0.0,1020.0,0.0,0.0
bz_nbr7008_043,period_1,1,106,0,1,1020.0,10894.26,5742.24,3156.13,2,10210.34,328.12,328.12,0.0,3.34,245.65,0.0,245.65,106.81,0.0,1020.0,0.0,0.0
bz_nbr7008_043,period_1,1,12,0,1,900.0,6783.42,5465.22,2227.22,1,6599.56,0.0,0.0,0.0,2.96,105.52,0.0,105.52,75.37,0.0,900.0,0.0,0.0
bz_nbr7008_043,period_1,1,15,0,1,900.0,5455.81,5465.22,1791.32,1,4131.98,0.0,0.0,0.0,2.31,1260.9,1260.9,0.0,60.62,0.0,900.0,0.0,0.0
bz_nbr7008_043,period_1,1,16,0,1,900.0,6057.05,5465.22,1988.73,2,5811.5,0.35,0.0,0.35,2.92,174.98,0.0,174.98,67.3,0.0,900.0,0.0,0.0
bz_nbr7008_043,period_1,1,21,0,1,900.0,6096.57,5465.22,2001.7,1,4617.54,0.0,0.0,0.0,2.31,1408.99,1408.99,0.0,67.74,0.0,900.0,0.0,0.0
bz_nbr7008_043,period_1,1,25,0,1,900.0,6703.85,5465.22,2201.09,1,5047.89,29.83,29.83,0.0,2.31,1549.33,1549.33,0.0,74.49,0.0,900.0,0.0,0.0
bz_nbr7008_043,period_1,1,26,0,1,900.0,7426.33,5465.22,2438.31,2,6326.4,816.45,816.45,0.0,2.93,198.04,0.0,198.04,82.51,0.0,900.0,0.0,0.0
bz_nbr7008_043,period_1,1,28,0,1,900.0,6098.97,5465.22,2002.49,1,4619.36,0.0,0.0,0.0,2.31,1409.54,1409.54,0.0,67.77,0.0,900.0,0.0,0.0
bz_nbr7008_043,period_1,1,37,0,1,900.0,5924.76,5465.22,1945.29,1,5761.27,2.53,0.0,2.53,2.96,92.16,0.0,92.16,65.83,0.0,900.0,0.0,0.0
bz_nbr7008_043,period_1,1,4,0,1,900.0,6302.43,5465.22,2069.29,1,6131.4,0.0,0.0,0.0,2.96,98.04,0.0,98.04,70.03,0.0,900.0,0.0,0.0
bz_nbr7008_043,period_1,1,49,0,1,1200.0,7914.68,5944.29,1948.99,2,7343.69,0.0,0.0,0.0,3.77,501.26,0.0,501.26,65.96,0.0,1200.0,0.0,0.0
bz_nbr7008_043,period_1,1,58,0,1,1200.0,7788.84,5944.29,1918.0,3,7139.19,509.36,509.36,0.0,3.99,71.4,0.0,71.4,64.91,0.0,1200.0,0.0,0.0
bz_nbr7008_043,period_1,1,71,0,1,1200.0,7965.55,5944.29,1961.51,4,7828.8,0.0,0.0,0.0,3.99,66.38,0.0,66.38,66.38,0.0,1200.0,0.0,0.0
bz_nbr7008_043,period_1,1,78,0,1,1200.0,7641.03,5944.29,1881.6,2,6281.41,0.0,0.0,0.0,3.34,1292.61,1292.61,0.0,63.68,0.0,1200.0,0.0,0.0
bz_nbr7008_043,period_1,1,83,0,1,1020.0,12560.0,5742.24,3638.7,2,11972.93,189.69,189.69,0.0,3.34,270.9,0.0,270.9,123.14,0.0,1020.0,0.0,0.0
bz_nbr7008_043,period_1,1,88,0,1,1020.0,10102.75,5742.24,2926.82,2,9782.46,0.0,0.0,0.0,3.34,217.9,0.0,217.9,99.05,0.0,1020.0,0.0,0.0
bz_nbr7008_043,period_1,1,89,0,1,1020.0,11111.48,5742.24,3219.06,2,10748.65,0.0,0.0,0.0,3.34,250.55,0.0,250.55,108.94,0.0,1020.0,0.0,0.0
bz_nbr7008_043,period_1,1,92,0,1,1020.0,10807.05,5742.24,3130.86,2,10464.66,0.0,0.0,0.0,3.34,233.09,0.0,233.09,105.95,0.0,1020.0,0.0,0.0
bz_nbr7008_043,period_2,2,102,0,1,1020.0,10704.7,5742.24,3101.21,2,9501.04,654.66,654.66,0.0,3.28,440.78,0.0,440.78,104.95,0.0,1020.0,0.0,0.0
bz_nbr7008_043,period_2,2,12,0,1,900.0,6783.42,5465.22,2227.22,1,5138.02,0.0,0.0,0.0,2.31,1567.72,1567.72,0.0,75.37,0.0,900.0,0.0,0.0
bz_nbr7008_043,period_2,2,19,0,1,900.0,5325.41,5465.22,1748.51,1,5180.43,0.0,0.0,0.0,2.96,82.84,0.0,82.84,59.17,0.0,900.0,0.0,0.0
bz_nbr7008_043,period_2,2,20,0,1,900.0,6113.48,5465.22,2007.26,1,5946.84,0.65,0.0,0.65,2.96,95.1,0.0,95.1,67.93,0.0,900.0,0.0,0.0
bz_nbr7008_043,period_2,2,34,0,1,900.0,6391.65,5465.22,2098.59,1,4841.14,0.0,0.0,0.0,2.31,1477.18,1477.18,0.0,71.02,0.0,900.0,0.0,0.0
bz_nbr7008_043,period_2,2,42,0,1,900.0,6107.69,5465.22,2005.36,1,5941.85,0.0,0.0,0.0,2.96,95.01,0.0,95.01,67.86,0.0,900.0,0.0,0.0
bz_nbr7008_043,period_2,2,55,0,1,1200.0,9265.22,5944.29,2281.56,2,8597.44,0.0,0.0,0.0,3.77,586.8,0.0,586.8,77.21,0.0,1200.0,0.0,0.0
bz_nbr7008_043,period_2,2,58,0,1,1200.0,7788.84,5944.29,1918.0,2,6098.08,0.0,0.0,0.0,3.18,1622.67,1622.67,0.0,64.91,0.0,1200.0,0.0,0.0
bz_nbr7008_043,period_2,2,62,0,1,1200.0,8022.45,5944.29,1975.53,2,7423.69,0.0,0.0,0.0,3.76,528.14,0.0,528.14,66.85,0.0,1200.0,0.0,0.0
bz_nbr7008_043,period_2,2,63,0,1,1200.0,7911.9,5944.29,1948.3,2,7729.56,33.3,33.3,0.0,3.99,79.12,0.0,79.12,65.93,0.0,1200.0,0.0,0.0
bz_nbr7008_043,period_2,2,64,0,1,1200.0,8804.41,5944.29,2168.08,2,8639.01,0.0,0.0,0.0,3.99,88.04,0.0,88.04,73.37,0.0,1200.0,0.0,0.0
bz_nbr7008_043,period_2,2,74,0,1,1200.0,8979.55,5944.29,2211.21,2,8332.25,0.0,0.0,0.0,3.77,568.7,0.0,568.7,74.83,0.0,1200.0,0.0,0.0
bz_nbr7008_043,period_2,2,79,0,1,1200.0,7062.24,5944.29,1739.07,2,5451.58,77.32,77.32,0.0,3.18,1471.3,1471.3,0.0,58.85,0.0,1200.0,0.0,0.0
bz_nbr7008_043,period_2,2,82,0,1,1020.0,9316.86,5742.24,2699.14,2,9021.22,0.0,0.0,0.0,3.34,200.95,0.0,200.95,91.34,0.0,1020.0,0.0,0.0
bz_nbr7008_043,period_2,2,96,0,1,1020.0,11013.89,5742.24,3190.78,2,10642.12,12.1,12.1,0.0,3.34,248.35,0.0,248.35,107.98,0.0,1020.0,0.0,0.0
bz_nbr7008_043,period_2,2,98,0,1,1020.0,9244.46,5742.24,2678.17,2,8941.22,0.82,0.0,0.82,3.34,208.45,0.0,208.45,90.63,0.0,1020.0,0.0,0.0
bz_nbr7008_043,period_2,2,99,0,1,1020.0,11479.18,5742.24,3325.58,2,11115.71,0.0,0.0,0.0,3.34,247.59,0.0,247.59,112.54,0.0,1020.0,0.0,0.0
bz_nbr7008_043,period_2,2,109,1,1,208.0,1260.9,5465.22,1791.32,1,0.0,648.27,648.27,0.0,0.36,551.64,0.0,551.64,60.62,0.0,208.0,0.0,1260.9
bz_nbr7008_043,period_2,2,110,1,0,208.0,1408.99,5465.22,0.0,0,0.0,0.0,0.0,0.0,0.0,0.0,0.0,0.0,0.0,0.0,208.0,0.0,1408.99
bz_nbr7008_043,period_2,2,111,1,1,682.0,29.83,5465.22,12.92,1,26.95,0.57,0.0,0.57,2.31,0.0,0.0,0.0,0.0,0.0,682.0,0.0,2.88
bz_nbr7008_043,period_2,2,112,1,1,208.0,1549.33,5465.22,2201.09,1,222.77,573.88,573.88,0.0,0.36,677.83,0.0,677.83,74.49,0.0,208.0,0.0,1326.56
bz_nbr7008_043,period_2,2,113,1,1,120.0,756.86,5465.22,1863.76,1,756.45,0.0,0.0,0.0,0.41,0.0,0.0,0.0,0.0,0.0,120.0,0.0,0.41
bz_nbr7008_043,period_2,2,114,1,1,746.0,59.59,5465.22,23.6,1,57.07,0.0,0.0,0.0,2.52,0.0,0.0,0.0,0.0,0.0,746.0,0.0,2.52
bz_nbr7008_043,period_2,2,115,1,1,208.0,1409.54,5465.22,2002.49,1,200.17,612.62,612.62,0.0,0.41,528.58,0.0,528.58,67.77,0.0,208.0,0.0,1209.37
bz_nbr7008_043,period_2,2,116,1,1,107.0,234.17,5944.29,646.7,1,233.81,0.0,0.0,0.0,0.36,0.0,0.0,0.0,0.0,0.0,107.0,0.0,0.36
bz_nbr7008_043,period_2,2,117,1,1,536.0,275.18,5944.29,151.71,1,273.37,0.0,0.0,0.0,1.81,0.0,0.0,0.0,0.0,0.0,536.0,0.0,1.81
bz_nbr7008_043,period_2,2,118,1,1,203.0,1292.61,5944.29,1881.6,1,763.7,0.0,0.0,0.0,0.41,464.83,0.0,464.83,63.68,0.0,203.0,0.0,528.91
bz_nbr7008_043,period_2,2,119,1,1,556.0,189.69,5742.24,100.82,1,181.83,5.98,0.0,5.98,1.88,0.0,0.0,0.0,0.0,0.0,556.0,0.0,7.86
bz_nbr7008_043,period_2,2,120,1,1,258.0,144.83,5742.24,165.88,1,143.96,0.0,0.0,0.0,0.87,0.0,0.0,0.0,0.0,0.0,258.0,0.0,0.87
bz_nbr7008_043,period_2,2,121,1,1,555.0,328.12,5742.24,174.7,1,326.24,0.0,0.0,0.0,1.88,0.0,0.0,0.0,0.0,0.0,555.0,0.0,1.88
bz_nbr7008_043,period_3,3,102,0,1,1020.0,10704.7,5742.24,3101.21,2,10365.52,0.0,0.0,0.0,3.34,230.89,0.0,230.89,104.95,0.0,1020.0,0.0,0.0
bz_nbr7008_043,period_3,3,106,0,1,1020.0,10894.26,5742.24,3156.13,2,10538.46,0.0,0.0,0.0,3.34,245.65,0.0,245.65,106.81,0.0,1020.0,0.0,0.0
bz_nbr7008_043,period_3,3,17,0,1,900.0,7313.56,5465.22,2401.28,1,5539.75,0.0,0.0,0.0,2.31,1690.24,1690.24,0.0,81.26,0.0,900.0,0.0,0.0
bz_nbr7008_043,period_3,3,18,0,1,900.0,6104.8,5465.22,2004.41,1,4599.13,24.64,24.64,0.0,2.31,1410.89,1410.89,0.0,67.83,0.0,900.0,0.0,0.0
bz_nbr7008_043,period_3,3,22,0,1,900.0,4577.23,5465.22,1502.85,2,4386.71,4.51,0.0,4.51,2.92,132.23,0.0,132.23,50.86,0.0,900.0,0.0,0.0
bz_nbr7008_043,period_3,3,23,0,1,900.0,6233.47,5465.22,2046.65,1,6064.28,0.0,0.0,0.0,2.96,96.97,0.0,96.97,69.26,0.0,900.0,0.0,0.0
bz_nbr7008_043,period_3,3,30,0,1,900.0,7880.35,5465.22,2587.38,1,7642.19,25.05,25.05,0.0,2.96,122.58,0.0,122.58,87.56,0.0,900.0,0.0,0.0
bz_nbr7008_043,period_3,3,36,0,1,900.0,5907.96,5465.22,1939.78,1,4474.61,0.0,0.0,0.0,2.31,1365.4,1365.4,0.0,65.64,0.0,900.0,0.0,0.0
bz_nbr7008_043,period_3,3,43,0,1,900.0,7210.13,5465.22,2367.32,1,7014.9,-0.0,0.0,-0.0,2.96,112.16,0.0,112.16,80.11,0.0,900.0,0.0,0.0
bz_nbr7008_043,period_3,3,45,0,1,900.0,6951.6,5465.22,2282.44,1,5265.46,0.0,0.0,0.0,2.31,1606.59,1606.59,0.0,77.24,0.0,900.0,0.0,0.0
bz_nbr7008_043,period_3,3,47,0,1,1200.0,6515.67,5944.29,1604.48,2,5355.8,0.0,0.0,0.0,3.34,1102.23,1102.23,0.0,54.3,0.0,1200.0,0.0,0.0
bz_nbr7008_043,period_3,3,51,0,1,1200.0,7580.63,5944.29,1866.73,2,5934.98,0.0,0.0,0.0,3.18,1579.3,1579.3,0.0,63.17,0.0,1200.0,0.0,0.0
bz_nbr7008_043,period_3,3,52,0,1,1200.0,7307.11,5944.29,1799.37,2,6779.66,0.0,0.0,0.0,3.77,462.78,0.0,462.78,60.89,0.0,1200.0,0.0,0.0
bz_nbr7008_043,period_3,3,62,0,1,1200.0,8022.45,5944.29,1975.53,2,7871.39,0.0,0.0,0.0,3.99,80.22,0.0,80.22,66.85,0.0,1200.0,0.0,0.0
bz_nbr7008_043,period_3,3,80,0,1,1200.0,6940.45,5944.29,1709.08,2,5701.19,495.31,495.31,0.0,3.63,682.48,682.48,0.0,57.84,0.0,1200.0,0.0,0.0
bz_nbr7008_043,period_3,3,83,0,1,1020.0,12560.0,5742.24,3638.7,2,12245.7,113.88,113.88,0.0,3.4,73.88,0.0,73.88,123.14,0.0,1020.0,0.0,0.0
bz_nbr7008_043,period_3,3,87,0,1,1020.0,10581.66,5742.24,3065.56,2,10246.34,0.0,0.0,0.0,3.34,228.23,0.0,228.23,103.74,0.0,1020.0,0.0,0.0
bz_nbr7008_043,period_3,3,91,0,1,1020.0,11863.88,5742.24,3437.03,2,11340.25,148.09,148.09,0.0,3.34,255.89,0.0,255.89,116.31,0.0,1020.0,0.0,0.0
bz_nbr7008_043,period_3,3,93,0,1,1020.0,10845.6,5742.24,3142.03,2,9987.67,503.71,503.71,0.0,3.34,244.56,0.0,244.56,106.33,0.0,1020.0,0.0,0.0
bz_nbr7008_043,period_3,3,109,1,0,208.0,1567.72,5465.22,0.0,0,0.0,0.0,0.0,0.0,0.0,0.0,0.0,0.0,0.0,0.0,208.0,0.0,1567.72
bz_nbr7008_043,period_3,3,110,1,0,208.0,1477.18,5465.22,0.0,0,0.0,0.0,0.0,0.0,0.0,0.0,0.0,0.0,0.0,0.0,208.0,0.0,1477.18
bz_nbr7008_043,period_3,3,111,1,1,250.0,1622.67,5944.29,1917.99,2,982.54,490.07,490.07,0.0,0.77,84.38,0.0,84.38,64.91,0.0,250.0,0.0,640.13
bz_nbr7008_043,period_3,3,112,1,1,746.0,33.3,5944.29,13.19,1,30.78,0.0,0.0,0.0,2.52,0.0,0.0,0.0,0.0,0.0,746.0,0.0,2.52
bz_nbr7008_043,period_3,3,113,1,1,258.0,77.32,5944.29,88.56,1,76.45,0.0,0.0,0.0,0.87,0.0,0.0,0.0,0.0,0.0,258.0,0.0,0.87
bz_nbr7008_043,period_3,3,114,1,1,250.0,1471.3,5944.29,1739.07,2,1411.64,0.0,0.0,0.0,0.81,0.0,0.0,0.0,58.85,0.0,250.0,0.0,59.66
bz_nbr7008_043,period_3,3,115,1,1,555.0,12.1,5742.24,6.44,1,10.22,0.0,0.0,0.0,1.88,0.0,0.0,0.0,0.0,0.0,555.0,0.0,1.88
bz_nbr7008_043,period_3,3,116,1,1,536.0,654.66,5742.24,360.92,1,652.85,0.0,0.0,0.0,1.81,0.0,0.0,0.0,0.0,0.0,536.0,0.0,1.81
bz_nbr7008_043,period_4,4,10,0,1,900.0,5633.16,5465.22,1849.55,1,5479.98,0.0,0.0,0.0,2.96,87.63,0.0,87.63,62.59,0.0,900.0,0.0,0.0
bz_nbr7008_043,period_4,4,101,0,1,1020.0,10488.41,5742.24,3038.55,2,10152.79,3.23,0.0,3.23,3.34,226.22,0.0,226.22,102.83,0.0,1020.0,0.0,0.0
bz_nbr7008_043,period_4,4,105,0,1,1020.0,9853.38,5742.24,2854.58,2,9531.25,0.0,0.0,0.0,3.34,222.18,0.0,222.18,96.6,0.0,1020.0,0.0,0.0
bz_nbr7008_043,period_4,4,11,0,1,900.0,5230.32,5465.22,1717.29,1,5087.88,0.0,0.0,0.0,2.96,81.36,0.0,81.36,58.11,0.0,900.0,0.0,0.0
bz_nbr7008_043,period_4,4,16,0,1,900.0,6057.05,5465.22,1988.73,1,4587.59,0.0,0.0,0.0,2.31,1399.85,1399.85,0.0,67.3,0.0,900.0,0.0,0.0
bz_nbr7008_043,period_4,4,21,0,1,900.0,6096.57,5465.22,2001.7,1,4617.54,0.0,0.0,0.0,2.31,1408.99,1408.99,0.0,67.74,0.0,900.0,0.0,0.0
bz_nbr7008_043,period_4,4,25,0,1,900.0,6703.85,5465.22,2201.09,1,5050.94,26.78,26.78,0.0,2.31,1549.33,1549.33,0.0,74.49,0.0,900.0,0.0,0.0
bz_nbr7008_043,period_4,4,44,0,1,900.0,4606.0,5465.22,1512.3,1,4480.21,0.0,0.0,0.0,2.96,71.65,0.0,71.65,51.18,0.0,900.0,0.0,0.0
bz_nbr7008_043,period_4,4,45,0,1,900.0,6951.6,5465.22,2282.44,1,5265.46,0.0,0.0,0.0,2.31,1606.59,1606.59,0.0,77.24,0.0,900.0,0.0,0.0
bz_nbr7008_043,period_4,4,47,0,1,1200.0,6515.67,5944.29,1604.48,2,6034.09,0.0,0.0,0.0,3.76,423.52,0.0,423.52,54.3,0.0,1200.0,0.0,0.0
bz_nbr7008_043,period_4,4,53,0,1,1200.0,9660.37,5944.29,2378.86,2,9444.31,34.96,34.96,0.0,3.99,96.6,0.0,96.6,80.5,0.0,1200.0,0.0,0.0
bz_nbr7008_043,period_4,4,6,0,1,900.0,5206.75,5465.22,1709.55,1,3943.25,0.0,0.0,0.0,2.31,1203.34,1203.34,0.0,57.85,0.0,900.0,0.0,0.0
bz_nbr7008_043,period_4,4,64,0,1,1200.0,8804.41,5944.29,2168.08,2,8639.01,0.0,0.0,0.0,3.99,88.04,0.0,88.04,73.37,0.0,1200.0,0.0,0.0
bz_nbr7008_043,period_4,4,77,0,1,1200.0,9082.29,5944.29,2236.51,3,7994.89,115.0,115.0,0.0,3.63,893.09,893.09,0.0,75.69,0.0,1200.0,0.0,0.0
bz_nbr7008_043,period_4,4,8,0,1,900.0,6168.47,5465.22,2025.31,2,5904.93,13.88,13.88,0.0,2.92,178.2,0.0,178.2,68.54,0.0,900.0,0.0,0.0
bz_nbr7008_043,period_4,4,80,0,1,1200.0,6940.45,5944.29,1323.73,2,4798.55,0.0,0.0,0.0,3.63,528.6,528.6,0.0,44.8,1564.87,1200.0,385.35,0.0
bz_nbr7008_043,period_4,4,94,0,1,1020.0,10296.48,5742.24,2982.95,2,9938.42,21.6,21.6,0.0,3.34,232.18,0.0,232.18,100.95,0.0,1020.0,0.0,0.0
bz_nbr7008_043,period_4,4,109,1,0,208.0,1690.24,5465.22,0.0,0,0.0,0.0,0.0,0.0,0.0,0.0,0.0,0.0,0.0,0.0,208.0,0.0,1690.24
bz_nbr7008_043,period_4,4,110,1,1,682.0,24.64,5465.22,10.68,1,22.33,0.0,0.0,0.0,2.31,0.0,0.0,0.0,0.0,0.0,682.0,0.0,2.31
bz_nbr7008_043,period_4,4,111,1,0,208.0,1410.89,5465.22,0.0,0,0.0,0.0,0.0,0.0,0.0,0.0,0.0,0.0,0.0,0.0,208.0,0.0,1410.89
bz_nbr7008_043,period_4,4,112,1,1,876.0,25.05,5465.22,8.45,1,19.16,2.92,0.0,2.92,2.96,0.0,0.0,0.0,0.0,0.0,876.0,0.0,5.89
bz_nbr7008_043,period_4,4,113,1,0,208.0,1365.4,5465.22,0.0,0,0.0,0.0,0.0,0.0,0.0,0.0,0.0,0.0,0.0,0.0,208.0,0.0,1365.4
bz_nbr7008_043,period_4,4,114,1,0,208.0,1606.59,5465.22,0.0,0,0.0,0.0,0.0,0.0,0.0,0.0,0.0,0.0,0.0,0.0,208.0,0.0,1606.59
bz_nbr7008_043,period_4,4,115,1,1,203.0,1102.23,5944.29,1604.48,1,651.16,0.0,0.0,0.0,0.41,396.37,0.0,396.37,54.3,0.0,203.0,0.0,451.07
bz_nbr7008_043,period_4,4,116,1,1,250.0,1579.3,5944.29,1866.73,2,881.04,634.27,632.24,2.03,0.81,0.0,0.0,0.0,63.17,0.0,250.0,0.0,698.26
bz_nbr7008_043,period_4,4,117,1,1,536.0,495.31,5944.29,273.07,1,493.5,0.0,0.0,0.0,1.81,0.0,0.0,0.0,0.0,0.0,536.0,0.0,1.81
bz_nbr7008_043,period_4,4,118,1,1,118.0,682.48,5944.29,1709.09,1,333.04,285.46,285.46,0.0,0.36,5.78,0.0,5.78,57.84,0.0,118.0,0.0,349.44
bz_nbr7008_043,period_4,4,119,1,1,258.0,70.07,5742.24,80.25,1,69.2,0.0,0.0,0.0,0.87,0.0,0.0,0.0,0.0,0.0,258.0,0.0,0.87
bz_nbr7008_043,period_4,4,120,1,1,746.0,43.82,5742.24,17.36,1,41.3,0.0,0.0,0.0,2.52,0.0,0.0,0.0,0.0,0.0,746.0,0.0,2.52
bz_nbr7008_043,period_4,4,121,1,1,556.0,148.09,5742.24,78.71,1,146.21,0.0,0.0,0.0,1.88,0.0,0.0,0.0,0.0,0.0,556.0,0.0,1.88
bz_nbr7008_043,period_4,4,122,1,1,555.0,503.71,5742.24,268.19,1,501.83,0.0,0.0,0.0,1.88,0.0,0.0,0.0,0.0,0.0,555.0,0.0,1.88
bz_nbr7008_043,period_5,5,101,0,1,1020.0,10488.41,5742.24,3038.55,2,10156.02,0.0,0.0,0.0,3.34,226.22,0.0,226.22,102.83,0.0,1020.0,0.0,0.0
bz_nbr7008_043,period_5,5,11,0,1,900.0,5230.32,5465.22,1717.29,1,5087.88,0.0,0.0,0.0,2.96,81.36,0.0,81.36,58.11,0.0,900.0,0.0,0.0
bz_nbr7008_043,period_5,5,2,0,1,900.0,5647.27,5465.22,1854.18,1,5493.71,0.0,0.0,0.0,2.96,87.85,0.0,87.85,62.75,0.0,900.0,0.0,0.0
bz_nbr7008_043,period_5,5,22,0,1,900.0,4577.23,5465.22,1502.85,1,4452.21,0.0,0.0,0.0,2.96,71.2,0.0,71.2,50.86,0.0,900.0,0.0,0.0
bz_nbr7008_043,period_5,5,25,0,1,900.0,6703.85,5465.22,2201.09,1,5077.72,0.0,0.0,0.0,2.31,1549.33,1549.33,0.0,74.49,0.0,900.0,0.0,0.0
bz_nbr7008_043,period_5,5,3,0,1,900.0,6188.66,5465.22,2031.94,1,4666.03,21.29,21.29,0.0,2.31,1430.27,1430.27,0.0,68.76,0.0,900.0,0.0,0.0
bz_nbr7008_043,period_5,5,39,0,1,900.0,5926.91,5465.22,1946.0,1,5765.6,0.29,0.0,0.29,2.96,92.2,0.0,92.2,65.85,0.0,900.0,0.0,0.0
bz_nbr7008_043,period_5,5,40,0,1,900.0,5820.72,5465.22,1911.13,1,4408.5,0.0,0.0,0.0,2.31,1345.23,1345.23,0.0,64.67,0.0,900.0,0.0,0.0
bz_nbr7008_043,period_5,5,5,0,1,900.0,6953.28,5465.22,2282.99,2,6672.22,0.0,0.0,0.0,2.92,200.87,0.0,200.87,77.26,0.0,900.0,0.0,0.0
bz_nbr7008_043,period_5,5,59,0,1,1200.0,8622.27,5944.29,2123.23,2,8460.21,0.0,0.0,0.0,3.99,86.22,0.0,86.22,71.85,0.0,1200.0,0.0,0.0
bz_nbr7008_043,period_5,5,63,0,1,1200.0,7911.9,5944.29,1948.3,2,7341.11,0.0,0.0,0.0,3.77,501.09,0.0,501.09,65.93,0.0,1200.0,0.0,0.0
bz_nbr7008_043,period_5,5,67,0,1,1200.0,9172.97,5944.29,2258.84,2,8097.41,93.48,93.48,0.0,3.63,902.01,902.01,0.0,76.44,0.0,1200.0,0.0,0.0
bz_nbr7008_043,period_5,5,71,0,1,1200.0,7965.55,5944.29,1961.51,2,7815.53,0.0,0.0,0.0,3.99,79.66,0.0,79.66,66.38,0.0,1200.0,0.0,0.0
bz_nbr7008_043,period_5,5,77,0,1,1200.0,9082.29,5944.29,2236.51,2,8427.62,0.0,0.0,0.0,3.77,575.21,0.0,575.21,75.69,0.0,1200.0,0.0,0.0
bz_nbr7008_043,period_5,5,8,0,1,900.0,6168.47,5465.22,2025.31,1,4672.02,0.0,0.0,0.0,2.31,1425.6,1425.6,0.0,68.54,0.0,900.0,0.0,0.0
bz_nbr7008_043,period_5,5,82,0,1,1020.0,9316.86,5742.24,2699.14,2,9011.82,9.41,9.41,0.0,3.34,200.95,0.0,200.95,91.34,0.0,1020.0,0.0,0.0
bz_nbr7008_043,period_5,5,83,0,1,1020.0,12560.0,5742.24,3638.7,2,12150.31,0.0,0.0,0.0,3.34,283.22,0.0,283.22,123.14,0.0,1020.0,0.0,0.0
bz_nbr7008_043,period_5,5,84,0,1,1020.0,8460.46,5742.24,2451.04,2,8158.58,24.82,24.82,0.0,3.34,190.78,0.0,190.78,82.95,0.0,1020.0,0.0,0.0
bz_nbr7008_043,period_5,5,87,0,1,1020.0,10581.66,5742.24,3065.56,2,10235.97,0.0,0.0,0.0,3.34,238.61,0.0,238.61,103.74,0.0,1020.0,0.0,0.0
bz_nbr7008_043,period_5,5,88,0,1,1020.0,10102.75,5742.24,2926.82,2,8819.16,488.04,488.04,0.0,3.18,693.33,0.0,693.33,99.05,0.0,1020.0,0.0,0.0
bz_nbr7008_043,period_5,5,92,0,1,1020.0,10807.05,5742.24,3130.86,2,10464.66,0.0,0.0,0.0,3.34,233.09,0.0,233.09,105.95,0.0,1020.0,0.0,0.0
bz_nbr7008_043,period_5,5,94,0,1,1020.0,10296.48,5742.24,2982.93,2,9970.05,0.0,0.0,0.0,3.34,222.08,0.0,222.08,100.95,0.0,1020.0,0.0,0.0
bz_nbr7008_043,period_5,5,95,0,1,1020.0,10624.15,5742.24,3077.87,2,10435.59,18.51,18.51,0.0,3.4,62.49,0.0,62.49,104.16,0.0,1020.0,0.0,0.0
bz_nbr7008_043,period_5,5,109,1,1,208.0,1203.34,5465.22,1709.55,1,693.83,0.0,0.0,0.0,0.41,451.25,0.0,451.25,57.85,0.0,208.0,0.0,509.51
bz_nbr7008_043,period_5,5,110,1,1,432.0,13.88,5465.22,9.49,1,9.88,2.53,0.0,2.53,1.46,0.0,0.0,0.0,0.0,0.0,432.0,0.0,4.0
bz_nbr7008_043,period_5,5,111,1,1,208.0,1399.85,5465.22,1988.73,1,807.2,0.0,0.0,0.0,0.41,524.94,0.0,524.94,67.3,0.0,208.0,0.0,592.65
bz_nbr7008_043,period_5,5,112,1,1,208.0,1408.99,5465.22,2001.71,1,812.47,0.0,0.0,0.0,0.41,528.37,0.0,528.37,67.74,0.0,208.0,0.0,596.52
bz_nbr7008_043,period_5,5,113,1,1,682.0,26.78,5465.22,11.6,1,24.47,0.0,0.0,0.0,2.31,0.0,0.0,0.0,0.0,0.0,682.0,0.0,2.31
bz_nbr7008_043,period_5,5,114,1,1,208.0,1549.33,5465.22,2201.09,1,264.6,628.84,628.84,0.0,0.41,581.0,0.0,581.0,74.49,0.0,208.0,0.0,1284.73
bz_nbr7008_043,period_5,5,115,1,0,208.0,1606.59,5465.22,0.0,0,0.0,0.0,0.0,0.0,0.0,0.0,0.0,0.0,0.0,0.0,208.0,0.0,1606.59
bz_nbr7008_043,period_5,5,116,1,1,746.0,34.96,5944.29,13.85,1,32.44,0.0,0.0,0.0,2.52,0.0,0.0,0.0,0.0,0.0,746.0,0.0,2.52
bz_nbr7008_043,period_5,5,117,1,1,258.0,115.0,5944.29,131.71,1,114.13,0.0,0.0,0.0,0.87,0.0,0.0,0.0,0.0,0.0,258.0,0.0,0.87
bz_nbr7008_043,period_5,5,118,1,1,118.0,893.09,5944.29,2236.51,1,72.88,736.59,736.59,0.0,0.36,7.57,0.0,7.57,75.69,0.0,118.0,0.0,820.21
bz_nbr7008_043,period_5,5,119,1,1,1200.0,1564.87,5944.29,385.35,2,1420.34,0.0,0.0,0.0,3.7,127.8,0.0,127.8,13.04,0.0,1200.0,0.0,144.53
bz_nbr7008_043,period_5,5,120,1,1,118.0,528.6,5944.29,1323.74,1,477.15,1.81,0.0,1.81,0.36,4.48,0.0,4.48,44.8,0.0,118.0,0.0,51.45
bz_nbr7008_043,period_5,5,121,1,1,555.0,21.6,5742.24,11.5,1,19.72,0.0,0.0,0.0,1.88,0.0,0.0,0.0,0.0,0.0,555.0,0.0,1.88
bz_nbr7008_075,period_1,1,1,0,1,1000.0,6006.21,5355.26,765.26,5,3689.81,509.95,509.95,0.0,5.5,266.5,266.5,0.0,45.17,1489.29,1000.0,252.31,0.0
bz_nbr7008_075,period_1,1,2,0,1,1000.0,6606.91,5355.26,1119.34,5,6042.77,96.16,96.16,0.0,5.49,396.41,396.41,0.0,66.07,0.0,1000.0,0.0,0.0
bz_nbr7008_075,period_1,1,3,0,1,1000.0,6948.64,5355.26,1177.24,2,6838.71,20.72,20.72,0.0,5.83,13.9,0.0,13.9,69.49,0.0,1000.0,0.0,0.0
bz_nbr7008_075,period_1,1,4,0,1,1000.0,7071.97,5355.26,1198.13,2,6473.67,55.37,55.37,0.0,5.45,466.75,466.75,0.0,70.72,0.0,1000.0,0.0,0.0
bz_nbr7008_075,period_1,1,7,0,1,1000.0,6173.57,5355.26,1045.92,2,6093.66,0.0,0.0,0.0,5.83,12.35,0.0,12.35,61.74,0.0,1000.0,0.0,0.0
bz_nbr7008_075,period_1,1,8,0,1,1000.0,7395.89,5355.26,1253.01,2,6828.35,0.0,0.0,0.0,5.45,488.13,488.13,0.0,73.96,0.0,1000.0,0.0,0.0
bz_nbr7008_075,period_2,2,1,0,1,1000.0,6006.21,5355.26,1017.57,2,5544.28,0.0,0.0,0.0,5.45,396.41,396.41,0.0,60.06,0.0,1000.0,0.0,0.0
bz_nbr7008_075,period_2,2,2,0,1,1000.0,6606.91,5355.26,807.53,5,4284.52,0.0,0.0,0.0,5.31,428.98,428.98,0.0,47.66,1840.44,1000.0,311.81,0.0
bz_nbr7008_075,period_2,2,6,0,1,1000.0,7251.61,5355.26,1228.57,2,7152.56,6.2,0.0,6.2,5.83,14.5,0.0,14.5,72.52,0.0,1000.0,0.0,0.0
bz_nbr7008_075,period_2,2,7,0,1,1000.0,6173.57,5355.26,801.47,2,4365.69,0.0,0.0,0.0,5.45,312.22,312.22,0.0,47.31,1442.89,1000.0,244.45,0.0
bz_nbr7008_075,period_2,2,8,0,1,1000.0,7395.89,5355.26,1253.01,2,7301.31,0.0,0.0,0.0,5.83,14.79,0.0,14.79,73.96,0.0,1000.0,0.0,0.0
bz_nbr7008_075,period_2,2,12,1,1,495.0,509.95,5355.26,174.54,1,211.48,295.55,295.55,0.0,2.92,0.0,0.0,0.0,0.0,0.0,495.0,0.0,298.47
bz_nbr7008_075,period_2,2,13,1,1,1000.0,1489.29,5355.26,252.32,2,1468.55,0.0,0.0,0.0,5.84,0.0,0.0,0.0,14.89,0.0,1000.0,0.0,20.74
bz_nbr7008_075,period_2,2,14,1,1,59.0,266.5,5355.26,765.26,1,75.98,95.44,95.44,0.0,0.22,49.69,0.0,49.69,45.17,0.0,59.0,0.0,190.52
bz_nbr7008_075,period_2,2,15,1,1,38.0,96.16,5355.26,428.72,1,94.81,1.12,1.12,0.0,0.22,0.0,0.0,0.0,0.0,0.0,38.0,0.0,1.35
bz_nbr7008_075,period_2,2,16,1,1,60.0,396.41,5355.26,1119.33,1,250.84,0.0,0.0,0.0,0.22,79.28,0.0,79.28,66.07,0.0,60.0,0.0,145.57
bz_nbr7008_075,period_2,2,17,1,1,494.0,20.72,5355.26,7.11,1,17.8,0.0,0.0,0.0,2.92,0.0,0.0,0.0,0.0,0.0,494.0,0.0,2.92
bz_nbr7008_075,period_2,2,18,1,1,744.0,55.37,5355.26,12.61,1,50.98,0.0,0.0,0.0,4.39,0.0,0.0,0.0,0.0,0.0,744.0,0.0,4.39
bz_nbr7008_075,period_2,2,19,1,1,66.0,466.75,5355.26,1198.13,1,0.0,268.51,268.51,0.0,0.22,127.3,0.0,127.3,70.72,0.0,66.0,0.0,466.75
bz_nbr7008_075,period_2,2,20,1,1,66.0,488.13,5355.26,1253.01,1,280.82,0.0,0.0,0.0,0.22,133.13,0.0,133.13,73.96,0.0,66.0,0.0,207.31
bz_nbr7008_075,period_3,3,1,0,1,1000.0,6006.21,5355.26,1017.57,6,5540.81,87.48,87.48,0.0,5.54,312.32,312.32,0.0,60.06,0.0,1000.0,0.0,0.0
bz_nbr7008_075,period_3,3,10,0,1,1000.0,7523.85,5355.26,1274.69,2,6464.79,481.79,481.79,0.0,5.45,496.57,496.57,0.0,75.24,0.0,1000.0,0.0,0.0
bz_nbr7008_075,period_3,3,11,0,1,1000.0,7895.06,5355.26,1337.58,2,7794.49,0.0,0.0,0.0,5.83,15.79,0.0,15.79,78.95,0.0,1000.0,0.0,0.0
bz_nbr7008_075,period_3,3,2,0,1,1000.0,6606.91,5355.26,1119.34,2,6092.36,6.97,0.0,6.97,5.45,436.06,436.06,0.0,66.07,0.0,1000.0,0.0,0.0
bz_nbr7008_075,period_3,3,3,0,1,1000.0,6948.64,5355.26,1177.24,2,6837.62,21.8,21.8,0.0,5.83,13.9,0.0,13.9,69.49,0.0,1000.0,0.0,0.0
bz_nbr7008_075,period_3,3,12,1,1,66.0,396.41,5355.26,1017.57,1,228.01,0.0,0.0,0.0,0.22,108.11,0.0,108.11,60.06,0.0,66.0,0.0,168.4
bz_nbr7008_075,period_3,3,13,1,1,1000.0,1840.44,5355.26,311.81,2,1447.53,366.83,366.83,0.0,5.84,1.84,0.0,1.84,18.4,0.0,1000.0,0.0,392.91
bz_nbr7008_075,period_3,3,14,1,1,90.0,428.98,5355.26,807.53,2,361.8,0.0,0.0,0.0,0.45,19.07,0.0,19.07,47.66,0.0,90.0,0.0,67.18
bz_nbr7008_075,period_3,3,15,1,1,1000.0,1442.89,5355.26,244.45,2,1393.4,29.22,29.22,0.0,5.84,0.0,0.0,0.0,14.43,0.0,1000.0,0.0,49.49
bz_nbr7008_075,period_3,3,16,1,1,66.0,312.22,5355.26,801.46,1,179.54,0.0,0.0,0.0,0.22,85.15,0.0,85.15,47.31,0.0,66.0,0.0,132.68
bz_nbr7008_075,period_4,4,1,0,1,1000.0,6006.21,5355.26,1017.57,2,5928.3,0.0,0.0,0.0,5.83,12.01,0.0,12.01,60.06,0.0,1000.0,0.0,0.0
bz_nbr7008_075,period_4,4,11,0,1,1000.0,7895.06,5355.26,1337.58,3,6698.54,38.8,38.8,0.0,5.04,1073.73,1073.73,0.0,78.95,0.0,1000.0,0.0,0.0
bz_nbr7008_075,period_4,4,2,0,1,1000.0,6606.91,5355.26,1119.34,2,4519.82,2008.58,2008.58,0.0,5.84,6.61,0.0,6.61,66.07,0.0,1000.0,0.0,0.0
bz_nbr7008_075,period_4,4,3,0,1,1000.0,6948.64,5355.26,1177.24,2,6415.09,0.0,0.0,0.0,5.45,458.61,458.61,0.0,69.49,0.0,1000.0,0.0,0.0
bz_nbr7008_075,period_4,4,7,0,1,1000.0,6173.57,5355.26,1045.92,2,4530.2,1168.72,1168.72,0.0,5.45,407.46,407.46,0.0,61.74,0.0,1000.0,0.0,0.0
bz_nbr7008_075,period_4,4,12,1,1,38.0,87.48,5355.26,390.02,1,0.0,87.26,87.26,0.0,0.22,0.0,0.0,0.0,0.0,0.0,38.0,0.0,87.48
bz_nbr7008_075,period_4,4,13,1,1,52.0,312.32,5355.26,1017.56,1,120.57,107.44,107.44,0.0,0.22,24.02,0.0,24.02,60.06,0.0,52.0,0.0,191.75
bz_nbr7008_075,period_4,4,14,1,1,66.0,436.06,5355.26,1119.35,1,249.72,1.12,0.0,1.12,0.22,118.93,0.0,118.93,66.07,0.0,66.0,0.0,186.34
bz_nbr7008_075,period_4,4,15,1,1,494.0,21.8,5355.26,7.48,1,18.88,0.0,0.0,0.0,2.92,0.0,0.0,0.0,0.0,0.0,494.0,0.0,2.92
bz_nbr7008_075,period_4,4,16,1,1,180.0,481.79,5355.26,453.47,1,480.73,0.0,0.0,0.0,1.06,0.0,0.0,0.0,0.0,0.0,180.0,0.0,1.06
bz_nbr7008_075,period_4,4,17,1,1,66.0,496.57,5355.26,1274.68,1,284.56,1.12,0.0,1.12,0.22,135.43,0.0,135.43,75.24,0.0,66.0,0.0,212.01
bz_nbr7008_075,period_5,5,1,0,1,1000.0,6006.21,5355.26,1017.57,5,5271.38,128.9,128.9,0.0,5.31,540.56,540.56,0.0,60.06,0.0,1000.0,0.0,0.0
bz_nbr7008_075,period_5,5,10,0,1,1000.0,7523.85,5355.26,1274.69,2,7427.73,0.0,0.0,0.0,5.83,15.05,0.0,15.05,75.24,0.0,1000.0,0.0,0.0
bz_nbr7008_075,period_5,5,11,0,1,1000.0,7895.06,5355.26,1337.58,2,7733.87,60.62,60.62,0.0,5.83,15.79,0.0,15.79,78.95,0.0,1000.0,0.0,0.0
bz_nbr7008_075,period_5,5,2,0,1,1000.0,6606.91,5355.26,1119.34,2,3330.19,3198.21,3198.21,0.0,5.84,6.61,0.0,6.61,66.07,0.0,1000.0,0.0,0.0
bz_nbr7008_075,period_5,5,8,0,1,1000.0,7395.89,5355.26,1253.01,2,6828.35,0.0,0.0,0.0,5.45,488.13,488.13,0.0,73.96,0.0,1000.0,0.0,0.0
bz_nbr7008_075,period_5,5,9,0,1,1000.0,7560.04,5355.26,1280.82,2,6979.3,0.73,0.0,0.73,5.45,498.96,498.96,0.0,75.6,0.0,1000.0,0.0,0.0
bz_nbr7008_075,period_5,5,12,1,1,495.0,1894.54,5355.26,648.43,1,1891.62,0.0,0.0,0.0,2.92,0.0,0.0,0.0,0.0,0.0,495.0,0.0,2.92
bz_nbr7008_075,period_5,5,13,1,1,494.0,114.04,5355.26,39.11,1,111.12,0.0,0.0,0.0,2.92,0.0,0.0,0.0,0.0,0.0,494.0,0.0,2.92
bz_nbr7008_075,period_5,5,14,1,1,66.0,458.61,5355.26,1177.24,1,0.0,263.82,263.82,0.0,0.22,125.08,0.0,125.08,69.49,0.0,66.0,0.0,458.61
bz_nbr7008_075,period_5,5,15,1,1,744.0,1168.72,5355.26,266.13,1,1164.33,0.0,0.0,0.0,4.39,0.0,0.0,0.0,0.0,0.0,744.0,0.0,4.39
bz_nbr7008_075,period_5,5,16,1,1,66.0,407.46,5355.26,1045.94,1,0.0,234.37,234.37,0.0,0.22,111.13,0.0,111.13,61.74,0.0,66.0,0.0,407.46
bz_nbr7008_075,period_5,5,17,1,1,180.0,38.8,5355.26,36.52,1,37.74,0.0,0.0,0.0,1.06,0.0,0.0,0.0,0.0,0.0,180.0,0.0,1.06
bz_nbr7008_075,period_5,5,18,1,1,136.0,1073.73,5355.26,1337.58,3,870.26,29.11,29.11,0.0,0.67,94.74,0.0,94.74,78.95,0.0,136.0,0.0,203.47
bz_nbr7008_095,period_1,1,10,0,1,1000.0,8416.52,5412.45,1125.73,3,8324.95,0.0,0.0,0.0,7.4,0.0,0.0,0.0,84.17,0.0,1000.0,0.0,0.0
bz_nbr7008_095,period_1,1,11,0,1,1000.0,10148.98,5412.45,1357.45,3,10008.37,31.72,31.72,0.0,7.4,0.0,0.0,0.0,101.49,0.0,1000.0,0.0,0.0
bz_nbr7008_095,period_1,1,3,0,1,1000.0,11126.31,5412.45,1488.17,5,9082.99,34.45,34.45,0.0,6.13,1891.47,1891.47,0.0,111.26,0.0,1000.0,0.0,0.0
bz_nbr7008_095,period_1,1,4,0,1,1000.0,9000.68,5412.45,1203.86,4,8657.45,101.93,101.93,0.0,7.28,144.01,0.0,144.01,90.01,0.0,1000.0,0.0,0.0
bz_nbr7008_095,period_1,1,6,0,1,1000.0,9450.33,5412.45,1264.0,3,9348.42,0.0,0.0,0.0,7.4,0.0,0.0,0.0,94.5,0.0,1000.0,0.0,0.0
bz_nbr7008_095,period_1,1,8,0,1,1000.0,10079.29,5412.45,1348.13,3,8695.93,6.12,6.12,0.0,6.46,1269.99,1269.99,0.0,100.79,0.0,1000.0,0.0,0.0
bz_nbr7008_095,period_2,2,10,0,1,1000.0,8416.52,5412.45,1125.73,3,8324.95,0.0,0.0,0.0,7.4,0.0,0.0,0.0,84.17,0.0,1000.0,0.0,0.0
bz_nbr7008_095,period_2,2,2,0,1,1000.0,9411.76,5412.45,1258.85,3,9310.24,0.0,0.0,0.0,7.4,0.0,0.0,0.0,94.12,0.0,1000.0,0.0,0.0
bz_nbr7008_095,period_2,2,4,0,1,1000.0,9000.68,5412.45,1203.86,4,6982.73,211.83,211.83,0.0,5.98,1710.13,1710.13,0.0,90.01,0.0,1000.0,0.0,0.0
bz_nbr7008_095,period_2,2,5,0,1,1000.0,9700.28,5412.45,1297.44,3,9465.51,130.36,130.36,0.0,7.4,0.0,0.0,0.0,97.0,0.0,1000.0,0.0,0.0
bz_nbr7008_095,period_2,2,6,0,1,1000.0,9450.33,5412.45,921.81,4,6705.42,0.0,0.0,0.0,7.28,110.27,0.0,110.27,68.92,2558.44,1000.0,342.2,0.0
bz_nbr7008_095,period_2,2,8,0,1,1000.0,10079.29,5412.45,1348.13,3,8459.81,242.24,242.24,0.0,6.46,1269.99,1269.99,0.0,100.79,0.0,1000.0,0.0,0.0
bz_nbr7008_095,period_2,2,12,1,1,200.0,34.45,5412.45,23.04,1,32.95,0.0,0.0,0.0,1.5,0.0,0.0,0.0,0.0,0.0,200.0,0.0,1.5
bz_nbr7008_095,period_2,2,13,1,1,170.0,1891.47,5412.45,1488.17,1,1223.07,0.0,0.0,0.0,0.82,556.31,0.0,556.31,111.26,0.0,170.0,0.0,668.4
bz_nbr7008_095,period_2,2,14,1,1,554.0,101.93,5412.45,24.61,1,97.79,0.0,0.0,0.0,4.14,0.0,0.0,0.0,0.0,0.0,554.0,0.0,4.14
bz_nbr7008_095,period_2,2,15,1,1,110.0,6.12,5412.45,7.44,1,5.3,0.0,0.0,0.0,0.82,0.0,0.0,0.0,0.0,0.0,110.0,0.0,0.82
bz_nbr7008_095,period_2,2,16,1,1,126.0,1269.99,5412.45,1348.13,1,1107.9,0.0,0.0,0.0,0.82,60.48,0.0,60.48,100.79,0.0,126.0,0.0,162.09
bz_nbr7008_095,period_2,2,17,1,1,330.0,31.72,5412.45,12.86,1,29.25,0.0,0.0,0.0,2.47,0.0,0.0,0.0,0.0,0.0,330.0,0.0,2.47
bz_nbr7008_095,period_3,3,10,0,1,1000.0,8416.52,5412.45,902.15,4,6437.34,124.96,124.96,0.0,7.28,107.92,0.0,107.92,67.45,1671.56,1000.0,223.58,0.0
bz_nbr7008_095,period_3,3,11,0,1,1000.0,10148.98,5412.45,1357.45,3,10040.09,0.0,0.0,0.0,7.4,0.0,0.0,0.0,101.49,0.0,1000.0,0.0,0.0
bz_nbr7008_095,period_3,3,2,0,1,1000.0,9411.76,5412.45,1258.85,3,8949.04,22.65,22.65,0.0,7.13,338.82,0.0,338.82,94.12,0.0,1000.0,0.0,0.0
bz_nbr7008_095,period_3,3,4,0,1,1000.0,9000.68,5412.45,1203.86,3,8903.27,0.0,0.0,0.0,7.4,0.0,0.0,0.0,90.01,0.0,1000.0,0.0,0.0
bz_nbr7008_095,period_3,3,5,0,1,1000.0,9700.28,5412.45,1297.44,4,8116.91,25.05,25.05,0.0,6.28,1455.04,1455.04,0.0,97.0,0.0,1000.0,0.0,0.0
bz_nbr7008_095,period_3,3,6,0,1,1000.0,9450.33,5412.45,1264.0,3,8158.63,0.0,0.0,0.0,6.46,1190.74,1190.74,0.0,94.5,0.0,1000.0,0.0,0.0
bz_nbr7008_095,period_3,3,8,0,1,1000.0,10079.29,5412.45,1348.13,3,9971.1,0.0,0.0,0.0,7.4,0.0,0.0,0.0,100.79,0.0,1000.0,0.0,0.0
bz_nbr7008_095,period_3,3,12,1,1,200.0,211.83,5412.45,141.66,1,210.33,0.0,0.0,0.0,1.5,0.0,0.0,0.0,0.0,0.0,200.0,0.0,1.5
bz_nbr7008_095,period_3,3,13,1,1,190.0,1710.13,5412.45,1203.86,1,989.25,0.0,0.0,0.0,0.82,630.05,0.0,630.05,90.01,0.0,190.0,0.0,720.88
bz_nbr7008_095,period_3,3,14,1,1,330.0,130.36,5412.45,52.84,1,127.89,0.0,0.0,0.0,2.47,0.0,0.0,0.0,0.0,0.0,330.0,0.0,2.47
bz_nbr7008_095,period_3,3,15,1,1,1000.0,2558.44,5412.45,342.2,3,2525.45,0.0,0.0,0.0,7.4,0.0,0.0,0.0,25.58,0.0,1000.0,0.0,32.99
bz_nbr7008_095,period_3,3,16,1,1,110.0,242.24,5412.45,294.55,1,241.42,0.0,0.0,0.0,0.82,0.0,0.0,0.0,0.0,0.0,110.0,0.0,0.82
bz_nbr7008_095,period_3,3,17,1,1,126.0,1269.99,5412.45,1348.13,1,1107.9,0.0,0.0,0.0,0.82,60.48,0.0,60.48,100.79,0.0,126.0,0.0,162.09
bz_nbr7008_095,period_4,4,10,0,1,1000.0,8416.52,5412.45,1125.73,4,7769.51,420.89,420.89,0.0,7.28,134.66,0.0,134.66,84.17,0.0,1000.0,0.0,0.0
bz_nbr7008_095,period_4,4,2,0,1,1000.0,9411.76,5412.45,1258.85,3,9260.86,49.38,49.38,0.0,7.4,0.0,0.0,0.0,94.12,0.0,1000.0,0.0,0.0
bz_nbr7008_095,period_4,4,4,0,1,1000.0,9000.68,5412.45,1203.86,3,7734.16,0.0,0.0,0.0,6.43,1170.09,1170.09,0.0,90.01,0.0,1000.0,0.0,0.0
bz_nbr7008_095,period_4,4,5,0,1,1000.0,9700.28,5412.45,1297.44,3,9595.88,0.0,0.0,0.0,7.4,0.0,0.0,0.0,97.0,0.0,1000.0,0.0,0.0
bz_nbr7008_095,period_4,4,6,0,1,1000.0,9450.33,5412.45,1264.0,3,9008.48,0.0,0.0,0.0,7.13,340.21,0.0,340.21,94.5,0.0,1000.0,0.0,0.0
bz_nbr7008_095,period_4,4,12,1,1,554.0,22.65,5412.45,5.47,1,18.51,0.0,0.0,0.0,4.14,0.0,0.0,0.0,0.0,0.0,554.0,0.0,4.14
bz_nbr7008_095,period_4,4,13,1,1,330.0,25.05,5412.45,10.15,1,22.58,0.0,0.0,0.0,2.47,0.0,0.0,0.0,0.0,0.0,330.0,0.0,2.47
bz_nbr7008_095,period_4,4,14,1,1,150.0,1455.04,5412.45,1297.43,1,1066.21,0.0,0.0,0.0,0.82,291.01,0.0,291.01,97.0,0.0,150.0,0.0,388.83
bz_nbr7008_095,period_4,4,15,1,1,126.0,1190.74,5412.45,1264.0,1,1038.71,0.0,0.0,0.0,0.82,56.7,0.0,56.7,94.5,0.0,126.0,0.0,152.03
bz_nbr7008_095,period_4,4,16,1,1,200.0,7.48,5412.45,5.0,1,5.98,0.0,0.0,0.0,1.5,0.0,0.0,0.0,0.0,0.0,200.0,0.0,1.5
bz_nbr7008_095,period_4,4,17,1,1,110.0,117.49,5412.45,142.86,1,116.67,0.0,0.0,0.0,0.82,0.0,0.0,0.0,0.0,0.0,110.0,0.0,0.82
bz_nbr7008_095,period_4,4,18,1,1,1000.0,1671.56,5412.45,223.58,5,1574.45,6.43,0.0,6.43,7.1,66.86,0.0,66.86,16.72,0.0,1000.0,0.0,97.11
bz_nbr7008_095,period_5,5,10,0,1,1000.0,8416.52,5412.45,1125.73,4,8141.53,48.88,48.88,0.0,7.28,134.66,0.0,134.66,84.17,0.0,1000.0,0.0,0.0
bz_nbr7008_095,period_5,5,11,0,1,1000.0,10148.98,5412.45,1357.45,3,10040.09,0.0,0.0,0.0,7.4,0.0,0.0,0.0,101.49,0.0,1000.0,0.0,0.0
bz_nbr7008_095,period_5,5,3,0,1,1000.0,11126.31,5412.45,1488.17,3,11007.65,0.0,0.0,0.0,7.4,0.0,0.0,0.0,111.26,0.0,1000.0,0.0,0.0
bz_nbr7008_095,period_5,5,4,0,1,1000.0,9000.68,5412.45,1203.86,6,8321.82,41.86,41.86,0.0,6.95,540.04,0.0,540.04,90.01,0.0,1000.0,0.0,0.0
bz_nbr7008_095,period_5,5,7,0,1,1000.0,11315.34,5412.45,1513.45,3,11194.78,0.0,0.0,0.0,7.4,0.0,0.0,0.0,113.15,0.0,1000.0,0.0,0.0
bz_nbr7008_095,period_5,5,9,0,1,1000.0,10904.98,5412.45,1458.57,3,10350.48,45.74,45.74,0.0,7.13,392.58,0.0,392.58,109.05,0.0,1000.0,0.0,0.0
bz_nbr7008_095,period_5,5,12,1,1,330.0,49.38,5412.45,20.01,1,39.55,7.36,0.0,7.36,2.47,0.0,0.0,0.0,0.0,0.0,330.0,0.0,9.83
bz_nbr7008_095,period_5,5,13,1,1,130.0,1170.09,5412.45,1203.86,1,989.25,0.0,0.0,0.0,0.82,90.01,0.0,90.01,90.01,0.0,130.0,0.0,180.84
bz_nbr7008_095,period_5,5,14,1,1,554.0,218.59,5412.45,52.77,1,214.45,0.0,0.0,0.0,4.14,0.0,0.0,0.0,0.0,0.0,554.0,0.0,4.14
bz_nbr7008_095,period_5,5,15,1,1,110.0,198.19,5412.45,240.99,1,197.37,0.0,0.0,0.0,0.82,0.0,0.0,0.0,0.0,0.0,110.0,0.0,0.82
bz_nbr7008_095,period_5,5,16,1,1,110.0,4.11,5412.45,5.0,1,3.29,0.0,0.0,0.0,0.82,0.0,0.0,0.0,0.0,0.0,110.0,0.0,0.82
