instance,period,period_number,coil_id,processed,used,coil_width,coil_weight,coil_ton_value,used_length,strip_count,strip_produced_weight,strip_leftover_weight,strip_retail_weight,strip_scrap_weight,strip_loss_weight,lateral_leftover_weight,lateral_leftover_retail_weight,lateral_leftover_scrap_weight,edge_trim_weight,rolled_leftover_weight,rolled_leftover_width,rolled_leftover_length,processed_scrap_weight
bf_qcv_045,period_1,1,107,0,1,1000.0,9312.83,5288.27,2629.63,2,8694.88,0.0,0.0,0.0,3.31,521.52,0.0,521.52,93.13,0.0,1000.0,0.0,0.0
bf_qcv_045,period_1,1,108,0,1,1000.0,7971.78,5288.27,2250.96,2,7657.48,0.0,0.0,0.0,3.4,231.18,0.0,231.18,79.72,0.0,1000.0,0.0,0.0
bf_qcv_045,period_1,1,111,0,1,1000.0,6331.64,5288.27,1787.84,2,5910.44,0.0,0.0,0.0,3.31,354.57,0.0,354.57,63.32,0.0,1000.0,0.0,0.0
bf_qcv_045,period_1,1,114,0,1,1000.0,9764.95,5288.27,2757.29,2,9644.27,0.0,0.0,0.0,3.5,19.53,0.0,19.53,97.65,0.0,1000.0,0.0,0.0
bf_qcv_045,period_1,1,118,0,1,1000.0,6919.34,5288.27,1953.79,2,6459.36,0.0,0.0,0.0,3.31,387.48,0.0,387.48,69.19,0.0,1000.0,0.0,0.0
bf_qcv_045,period_1,1,126,0,1,1000.0,9551.22,5288.27,2696.94,2,9420.48,12.63,12.63,0.0,3.5,19.1,0.0,19.1,95.51,0.0,1000.0,0.0,0.0
bf_qcv_045,period_1,1,136,0,1,1000.0,9049.37,5288.27,2555.24,2,8448.8,0.0,0.0,0.0,3.31,506.76,0.0,506.76,90.49,0.0,1000.0,0.0,0.0
bf_qcv_045,period_1,1,142,0,1,1000.0,8859.15,5288.27,2501.52,2,8749.34,0.0,0.0,0.0,3.5,17.72,0.0,17.72,88.59,0.0,1000.0,0.0,0.0
bf_qcv_045,period_1,1,157,0,1,1000.0,9296.83,5288.27,2625.11,2,9181.77,0.0,0.0,0.0,3.5,18.59,0.0,18.59,92.97,0.0,1000.0,0.0,0.0
bf_qcv_045,period_1,1,168,0,1,880.0,8196.89,5302.87,2630.14,2,8063.42,0.0,0.0,0.0,3.07,37.26,0.0,37.26,93.15,0.0,880.0,0.0,0.0
bf_qcv_045,period_1,1,177,0,1,880.0,6898.96,5302.87,2213.67,2,6809.65,0.0,0.0,0.0,3.08,7.84,0.0,7.84,78.4,0.0,880.0,0.0,0.0
bf_qcv_045,period_1,1,180,0,1,880.0,8764.2,5302.87,2812.18,2,8651.57,0.0,0.0,0.0,3.08,9.96,0.0,9.96,99.59,0.0,880.0,0.0,0.0
bf_qcv_045,period_1,1,189,0,1,880.0,6306.56,5302.87,2023.59,2,6224.65,0.0,0.0,0.0,3.08,7.17,0.0,7.17,71.67,0.0,880.0,0.0,0.0
bf_qcv_045,period_1,1,195,0,1,880.0,7009.32,5302.87,2249.09,2,6918.63,0.0,0.0,0.0,3.08,7.97,0.0,7.97,79.65,0.0,880.0,0.0,0.0
bf_qcv_045,period_1,1,196,0,1,880.0,7155.48,5302.87,2295.98,2,7038.4,0.17,0.0,0.17,3.07,32.52,0.0,32.52,81.31,0.0,880.0,0.0,0.0
bf_qcv_045,period_1,1,198,0,1,880.0,6995.92,5302.87,2244.79,2,6905.39,0.0,0.0,0.0,3.08,7.95,0.0,7.95,79.5,0.0,880.0,0.0,0.0
bf_qcv_045,period_1,1,202,0,1,880.0,7276.38,5302.87,2334.78,2,7182.35,0.0,0.0,0.0,3.08,8.27,0.0,8.27,82.69,0.0,880.0,0.0,0.0
bf_qcv_045,period_1,1,203,0,1,880.0,7636.22,5302.87,2450.24,2,7536.98,0.71,0.0,0.71,3.08,8.68,0.0,8.68,86.78,0.0,880.0,0.0,0.0
bf_qcv_045,period_1,1,204,0,1,880.0,7616.07,5302.87,2443.77,2,7517.79,0.0,0.0,0.0,3.08,8.65,0.0,8.65,86.55,0.0,880.0,0.0,0.0
bf_qcv_045,period_1,1,21,0,1,1200.0,7985.82,4819.73,1879.1,2,7875.15,0.0,0.0,0.0,4.19,39.93,0.0,39.93,66.55,0.0,1200.0,0.0,0.0
bf_qcv_045,period_1,1,211,0,1,880.0,7672.4,5302.87,2461.85,2,7573.42,0.0,0.0,0.0,3.08,8.72,0.0,8.72,87.19,0.0,880.0,0.0,0.0
bf_qcv_045,period_1,1,220,0,1,880.0,8484.8,5302.87,2722.52,2,8375.66,0.0,0.0,0.0,3.08,9.64,0.0,9.64,96.42,0.0,880.0,0.0,0.0
bf_qcv_045,period_1,1,224,0,1,880.0,6564.84,5302.87,2106.46,2,6457.33,0.0,0.0,0.0,3.07,29.84,0.0,29.84,74.6,0.0,880.0,0.0,0.0
bf_qcv_045,period_1,1,225,0,1,880.0,7640.29,5302.87,2451.55,2,7541.71,0.0,0.0,0.0,3.08,8.68,0.0,8.68,86.82,0.0,880.0,0.0,0.0
bf_qcv_045,period_1,1,226,0,1,880.0,6934.29,5302.87,2225.01,2,6820.9,0.0,0.0,0.0,3.07,31.52,0.0,31.52,78.8,0.0,880.0,0.0,0.0
bf_qcv_045,period_1,1,234,0,1,880.0,8367.18,5302.87,2684.78,2,8231.0,0.0,0.0,0.0,3.07,38.03,0.0,38.03,95.08,0.0,880.0,0.0,0.0
bf_qcv_045,period_1,1,240,0,1,880.0,6343.95,5302.87,2035.59,2,6239.96,0.0,0.0,0.0,3.07,28.84,0.0,28.84,72.09,0.0,880.0,0.0,0.0
bf_qcv_045,period_1,1,247,0,1,880.0,6439.86,5302.87,2066.36,2,6334.34,0.0,0.0,0.0,3.07,29.27,0.0,29.27,73.18,0.0,880.0,0.0,0.0
bf_qcv_045,period_1,1,248,0,1,880.0,8106.4,5302.87,2601.11,2,7974.37,0.0,0.0,0.0,3.07,36.85,0.0,36.85,92.12,0.0,880.0,0.0,0.0
bf_qcv_045,period_1,1,252,0,1,880.0,8352.17,5302.87,2679.97,2,8244.69,0.0,0.0,0.0,3.08,9.49,0.0,9.49,94.91,0.0,880.0,0.0,0.0
bf_qcv_045,period_1,1,32,0,1,1200.0,8255.11,4819.73,1942.47,2,8140.85,0.0,0.0,0.0,4.19,41.28,0.0,41.28,68.79,0.0,1200.0,0.0,0.0
bf_qcv_045,period_1,1,37,0,1,1200.0,7110.47,4819.73,1673.13,2,7011.47,0.0,0.0,0.0,4.19,35.55,0.0,35.55,59.25,0.0,1200.0,0.0,0.0
bf_qcv_045,period_1,1,4,0,1,1200.0,8025.79,4819.73,1888.51,2,7912.92,1.66,0.0,1.66,4.19,40.13,0.0,40.13,66.88,0.0,1200.0,0.0,0.0
bf_qcv_045,period_1,1,66,0,1,1200.0,7909.62,4819.73,1861.17,2,7799.97,0.0,0.0,0.0,4.19,39.55,0.0,39.55,65.91,0.0,1200.0,0.0,0.0
bf_qcv_045,period_1,1,7,0,1,1200.0,8064.92,4819.73,1897.72,2,7953.19,0.0,0.0,0.0,4.19,40.32,0.0,40.32,67.21,0.0,1200.0,0.0,0.0
bf_qcv_045,period_1,1,76,0,1,1200.0,7537.46,4819.73,1773.6,2,7432.77,0.0,0.0,0.0,4.19,37.69,0.0,37.69,62.81,0.0,1200.0,0.0,0.0
bf_qcv_045,period_1,1,83,0,1,1200.0,7994.35,4819.73,1881.11,2,7883.57,0.0,0.0,0.0,4.19,39.97,0.0,39.97,66.62,0.0,1200.0,0.0,0.0
bf_qcv_045,period_1,1,85,0,1,1200.0,6401.88,4819.73,1506.4,2,6312.33,0.0,0.0,0.0,4.19,32.01,0.0,32.01,53.35,0.0,1200.0,0.0,0.0
bf_qcv_045,period_1,1,87,0,1,1200.0,7602.58,4819.73,1788.93,2,7497.02,0.0,0.0,0.0,4.19,38.01,0.0,38.01,63.35,0.0,1200.0,0.0,0.0
bf_qcv_045,period_1,1,92,0,1,1000.0,8593.93,5288.27,2426.64,2,8023.42,0.0,0.0,0.0,3.31,481.26,0.0,481.26,85.94,0.0,1000.0,0.0,0.0
bf_qcv_045,period_2,2,114,0,1,1000.0,9764.95,5288.27,2757.29,2,9117.16,0.0,0.0,0.0,3.31,546.84,0.0,546.84,97.65,0.0,1000.0,0.0,0.0
bf_qcv_045,period_2,2,119,0,1,1000.0,8730.4,5288.27,2465.17,2,8386.51,0.0,0.0,0.0,3.4,253.18,0.0,253.18,87.3,0.0,1000.0,0.0,0.0
bf_qcv_045,period_2,2,123,0,1,1000.0,8934.09,5288.27,2522.69,2,8581.29,0.96,0.0,0.96,3.4,259.09,0.0,259.09,89.34,0.0,1000.0,0.0,0.0
bf_qcv_045,period_2,2,126,0,1,1000.0,9551.22,5288.27,2696.94,2,9175.32,0.0,0.0,0.0,3.4,276.99,0.0,276.99,95.51,0.0,1000.0,0.0,0.0
bf_qcv_045,period_2,2,136,0,1,1000.0,9049.37,5288.27,2555.24,2,8693.04,0.0,0.0,0.0,3.4,262.43,0.0,262.43,90.49,0.0,1000.0,0.0,0.0
bf_qcv_045,period_2,2,154,0,1,1000.0,8016.97,5288.27,2263.72,2,7700.9,0.0,0.0,0.0,3.4,232.49,0.0,232.49,80.17,0.0,1000.0,0.0,0.0
bf_qcv_045,period_2,2,156,0,1,1000.0,7275.31,5288.27,2054.3,2,6791.83,0.0,0.0,0.0,3.31,407.42,0.0,407.42,72.75,0.0,1000.0,0.0,0.0
bf_qcv_045,period_2,2,157,0,1,1000.0,9296.83,5288.27,2625.11,2,9181.77,0.0,0.0,0.0,3.5,18.59,0.0,18.59,92.97,0.0,1000.0,0.0,0.0
bf_qcv_045,period_2,2,163,0,1,1000.0,8742.76,5288.27,2468.66,2,8634.35,0.0,0.0,0.0,3.5,17.49,0.0,17.49,87.43,0.0,1000.0,0.0,0.0
bf_qcv_045,period_2,2,168,0,1,880.0,8196.89,5302.87,2630.14,2,8091.35,0.0,0.0,0.0,3.08,9.31,0.0,9.31,93.15,0.0,880.0,0.0,0.0
bf_qcv_045,period_2,2,178,0,1,880.0,7891.48,5302.87,2532.14,2,7789.76,0.0,0.0,0.0,3.08,8.97,0.0,8.97,89.68,0.0,880.0,0.0,0.0
bf_qcv_045,period_2,2,180,0,1,880.0,8764.2,5302.87,2812.18,2,8621.7,0.0,0.0,0.0,3.07,39.84,0.0,39.84,99.59,0.0,880.0,0.0,0.0
bf_qcv_045,period_2,2,192,0,1,880.0,7480.06,5302.87,2400.13,2,7383.48,0.0,0.0,0.0,3.08,8.5,0.0,8.5,85.0,0.0,880.0,0.0,0.0
bf_qcv_045,period_2,2,204,0,1,880.0,7616.07,5302.87,2443.77,2,7517.79,0.0,0.0,0.0,3.08,8.65,0.0,8.65,86.55,0.0,880.0,0.0,0.0
bf_qcv_045,period_2,2,205,0,1,880.0,5940.79,5302.87,1906.23,2,5862.88,0.57,0.0,0.57,3.08,6.75,0.0,6.75,67.51,0.0,880.0,0.0,0.0
bf_qcv_045,period_2,2,21,0,1,1200.0,7985.82,4819.73,1879.1,2,7875.15,0.0,0.0,0.0,4.19,39.93,0.0,39.93,66.55,0.0,1200.0,0.0,0.0
bf_qcv_045,period_2,2,211,0,1,880.0,7672.4,5302.87,2461.85,2,7573.42,0.0,0.0,0.0,3.08,8.72,0.0,8.72,87.19,0.0,880.0,0.0,0.0
bf_qcv_045,period_2,2,212,0,1,880.0,7547.31,5302.87,2421.71,2,7424.17,0.0,0.0,0.0,3.07,34.31,0.0,34.31,85.76,0.0,880.0,0.0,0.0
bf_qcv_045,period_2,2,218,0,1,880.0,6555.58,5302.87,2103.49,2,6439.24,8.98,8.98,0.0,3.07,29.8,0.0,29.8,74.5,0.0,880.0,0.0,0.0
bf_qcv_045,period_2,2,225,0,1,880.0,7640.29,5302.87,2451.55,2,7541.71,0.0,0.0,0.0,3.08,8.68,0.0,8.68,86.82,0.0,880.0,0.0,0.0
bf_qcv_045,period_2,2,234,0,1,880.0,8367.18,5302.87,2684.78,2,8259.51,0.0,0.0,0.0,3.08,9.51,0.0,9.51,95.08,0.0,880.0,0.0,0.0
bf_qcv_045,period_2,2,242,0,1,880.0,7237.94,5302.87,2322.44,2,7119.72,0.0,0.0,0.0,3.07,32.9,0.0,32.9,82.25,0.0,880.0,0.0,0.0
bf_qcv_045,period_2,2,243,0,1,880.0,7486.51,5302.87,2402.2,2,7389.85,0.0,0.0,0.0,3.08,8.51,0.0,8.51,85.07,0.0,880.0,0.0,0.0
bf_qcv_045,period_2,2,248,0,1,880.0,8106.4,5302.87,2601.11,2,7974.37,0.0,0.0,0.0,3.07,36.85,0.0,36.85,92.12,0.0,880.0,0.0,0.0
bf_qcv_045,period_2,2,251,0,1,880.0,7522.41,5302.87,2413.72,2,7425.3,0.0,0.0,0.0,3.08,8.55,0.0,8.55,85.48,0.0,880.0,0.0,0.0
bf_qcv_045,period_2,2,252,0,1,880.0,8352.17,5302.87,2679.97,2,8216.23,0.0,0.0,0.0,3.07,37.96,0.0,37.96,94.91,0.0,880.0,0.0,0.0
bf_qcv_045,period_2,2,28,0,1,1200.0,7226.67,4819.73,1700.47,2,7126.12,0.0,0.0,0.0,4.19,36.13,0.0,36.13,60.22,0.0,1200.0,0.0,0.0
bf_qcv_045,period_2,2,32,0,1,1200.0,8255.11,4819.73,1942.47,2,8123.92,16.93,16.93,0.0,4.19,41.28,0.0,41.28,68.79,0.0,1200.0,0.0,0.0
bf_qcv_045,period_2,2,35,0,1,1200.0,7537.9,4819.73,1773.71,2,7433.2,0.0,0.0,0.0,4.19,37.69,0.0,37.69,62.82,0.0,1200.0,0.0,0.0
bf_qcv_045,period_2,2,4,0,1,1200.0,8025.79,4819.73,1888.51,2,7914.5,0.08,0.0,0.08,4.19,40.13,0.0,40.13,66.88,0.0,1200.0,0.0,0.0
bf_qcv_045,period_2,2,48,0,1,1200.0,7701.29,4819.73,1812.15,2,7594.41,0.0,0.0,0.0,4.19,38.51,0.0,38.51,64.18,0.0,1200.0,0.0,0.0
bf_qcv_045,period_2,2,56,0,1,1200.0,7613.64,4819.73,1791.53,2,7507.93,0.0,0.0,0.0,4.19,38.07,0.0,38.07,63.45,0.0,1200.0,0.0,0.0
bf_qcv_045,period_2,2,7,0,1,1200.0,8064.92,4819.73,1897.72,2,7953.19,0.0,0.0,0.0,4.19,40.32,0.0,40.32,67.21,0.0,1200.0,0.0,0.0
bf_qcv_045,period_2,2,74,0,1,1200.0,8054.77,4819.73,1895.33,2,7943.18,0.0,0.0,0.0,4.19,40.27,0.0,40.27,67.12,0.0,1200.0,0.0,0.0
bf_qcv_045,period_2,2,8,0,1,1200.0,7499.52,4819.73,1764.68,2,7395.33,0.0,0.0,0.0,4.19,37.5,0.0,37.5,62.5,0.0,1200.0,0.0,0.0
bf_qcv_045,period_2,2,256,1,1,494.0,12.63,5288.27,7.22,1,10.88,0.0,0.0,0.0,1.75,0.0,0.0,0.0,0.0,0.0,494.0,0.0,1.75
bf_qcv_045,period_3,3,107,0,1,1000.0,9312.83,5288.27,2629.63,2,8694.88,0.0,0.0,0.0,3.31,521.52,0.0,521.52,93.13,0.0,1000.0,0.0,0.0
bf_qcv_045,period_3,3,114,0,1,1000.0,9764.95,5288.27,2757.29,2,9117.16,0.0,0.0,0.0,3.31,546.84,0.0,546.84,97.65,0.0,1000.0,0.0,0.0
bf_qcv_045,period_3,3,119,0,1,1000.0,8730.4,5288.27,2465.17,2,8622.14,0.0,0.0,0.0,3.5,17.46,0.0,17.46,87.3,0.0,1000.0,0.0,0.0
bf_qcv_045,period_3,3,123,0,1,1000.0,8934.09,5288.27,2522.69,2,8341.13,0.0,0.0,0.0,3.31,500.31,0.0,500.31,89.34,0.0,1000.0,0.0,0.0
bf_qcv_045,period_3,3,126,0,1,1000.0,9551.22,5288.27,2696.94,2,9433.11,0.0,0.0,0.0,3.5,19.1,0.0,19.1,95.51,0.0,1000.0,0.0,0.0
bf_qcv_045,period_3,3,130,0,1,1000.0,7440.53,5288.27,2100.95,2,6946.15,0.0,0.0,0.0,3.31,416.67,0.0,416.67,74.41,0.0,1000.0,0.0,0.0
bf_qcv_045,period_3,3,142,0,1,1000.0,8859.15,5288.27,2501.52,2,8510.24,0.0,0.0,0.0,3.4,256.92,0.0,256.92,88.59,0.0,1000.0,0.0,0.0
bf_qcv_045,period_3,3,157,0,1,1000.0,9296.83,5288.27,2625.11,2,8679.93,0.0,0.0,0.0,3.31,520.62,0.0,520.62,92.97,0.0,1000.0,0.0,0.0
bf_qcv_045,period_3,3,162,0,1,1000.0,8451.68,5288.27,2386.47,2,8346.76,0.0,0.0,0.0,3.5,16.9,0.0,16.9,84.52,0.0,1000.0,0.0,0.0
bf_qcv_045,period_3,3,163,0,1,1000.0,8742.76,5288.27,2468.66,2,8630.52,3.83,0.0,3.83,3.5,17.49,0.0,17.49,87.43,0.0,1000.0,0.0,0.0
bf_qcv_045,period_3,3,168,0,1,880.0,8196.89,5302.87,2630.14,2,8063.42,0.0,0.0,0.0,3.07,37.26,0.0,37.26,93.15,0.0,880.0,0.0,0.0
bf_qcv_045,period_3,3,176,0,1,880.0,7459.93,5302.87,2393.67,2,7362.92,0.68,0.0,0.68,3.08,8.48,0.0,8.48,84.77,0.0,880.0,0.0,0.0
bf_qcv_045,period_3,3,178,0,1,880.0,7891.48,5302.87,2532.14,2,7762.87,0.0,0.0,0.0,3.07,35.87,0.0,35.87,89.68,0.0,880.0,0.0,0.0
bf_qcv_045,period_3,3,186,0,1,880.0,7381.95,5302.87,2368.65,2,7286.6,0.0,0.0,0.0,3.08,8.39,0.0,8.39,83.89,0.0,880.0,0.0,0.0
bf_qcv_045,period_3,3,187,0,1,880.0,7216.06,5302.87,2315.42,2,7098.19,0.0,0.0,0.0,3.07,32.8,0.0,32.8,82.0,0.0,880.0,0.0,0.0
bf_qcv_045,period_3,3,192,0,1,880.0,7480.06,5302.87,2400.13,2,7357.99,0.0,0.0,0.0,3.07,34.0,0.0,34.0,85.0,0.0,880.0,0.0,0.0
bf_qcv_045,period_3,3,203,0,1,880.0,7636.22,5302.87,2450.24,2,7537.69,0.0,0.0,0.0,3.08,8.68,0.0,8.68,86.78,0.0,880.0,0.0,0.0
bf_qcv_045,period_3,3,204,0,1,880.0,7616.07,5302.87,2443.77,2,7491.84,0.0,0.0,0.0,3.07,34.62,0.0,34.62,86.55,0.0,880.0,0.0,0.0
bf_qcv_045,period_3,3,211,0,1,880.0,7672.4,5302.87,2461.85,2,7573.42,0.0,0.0,0.0,3.08,8.72,0.0,8.72,87.19,0.0,880.0,0.0,0.0
bf_qcv_045,period_3,3,213,0,1,880.0,7338.81,5302.87,2354.81,2,7244.0,0.0,0.0,0.0,3.08,8.34,0.0,8.34,83.4,0.0,880.0,0.0,0.0
bf_qcv_045,period_3,3,215,0,1,880.0,7412.93,5302.87,2378.59,2,7291.93,0.0,0.0,0.0,3.07,33.7,0.0,33.7,84.24,0.0,880.0,0.0,0.0
bf_qcv_045,period_3,3,220,0,1,880.0,8484.8,5302.87,2722.52,2,8346.75,0.0,0.0,0.0,3.07,38.57,0.0,38.57,96.42,0.0,880.0,0.0,0.0
bf_qcv_045,period_3,3,222,0,1,880.0,7362.83,5302.87,2362.52,2,7267.72,0.0,0.0,0.0,3.08,8.37,0.0,8.37,83.67,0.0,880.0,0.0,0.0
bf_qcv_045,period_3,3,225,0,1,880.0,7640.29,5302.87,2451.55,2,7515.67,0.0,0.0,0.0,3.07,34.73,0.0,34.73,86.82,0.0,880.0,0.0,0.0
bf_qcv_045,period_3,3,229,0,1,880.0,7358.24,5302.87,2361.04,2,7263.18,0.0,0.0,0.0,3.08,8.36,0.0,8.36,83.62,0.0,880.0,0.0,0.0
bf_qcv_045,period_3,3,237,0,1,880.0,7018.47,5302.87,2252.02,2,6927.66,0.0,0.0,0.0,3.08,7.98,0.0,7.98,79.76,0.0,880.0,0.0,0.0
bf_qcv_045,period_3,3,239,0,1,880.0,7477.33,5302.87,2399.26,2,7380.79,0.0,0.0,0.0,3.08,8.5,0.0,8.5,84.97,0.0,880.0,0.0,0.0
bf_qcv_045,period_3,3,243,0,1,880.0,7486.51,5302.87,2402.2,2,7364.34,0.0,0.0,0.0,3.07,34.03,0.0,34.03,85.07,0.0,880.0,0.0,0.0
bf_qcv_045,period_3,3,248,0,1,880.0,8106.4,5302.87,2601.11,2,8001.99,0.0,0.0,0.0,3.08,9.21,0.0,9.21,92.12,0.0,880.0,0.0,0.0
bf_qcv_045,period_3,3,249,0,1,880.0,7169.03,5302.87,2300.33,2,7076.34,0.0,0.0,0.0,3.08,8.15,0.0,8.15,81.47,0.0,880.0,0.0,0.0
bf_qcv_045,period_3,3,251,0,1,880.0,7522.41,5302.87,2413.72,2,7425.3,0.0,0.0,0.0,3.08,8.55,0.0,8.55,85.48,0.0,880.0,0.0,0.0
bf_qcv_045,period_3,3,252,0,1,880.0,8352.17,5302.87,2679.97,2,8216.23,0.0,0.0,0.0,3.07,37.96,0.0,37.96,94.91,0.0,880.0,0.0,0.0
bf_qcv_045,period_3,3,253,0,1,880.0,7601.37,5302.87,2439.06,2,7477.37,0.0,0.0,0.0,3.07,34.55,0.0,34.55,86.38,0.0,880.0,0.0,0.0
bf_qcv_045,period_3,3,39,0,1,1200.0,6039.92,4819.73,1421.22,2,5782.37,1.81,0.0,1.81,4.07,201.33,0.0,201.33,50.33,0.0,1200.0,0.0,0.0
bf_qcv_045,period_3,3,4,0,1,1200.0,8025.79,4819.73,1888.51,2,7914.59,0.0,0.0,0.0,4.19,40.13,0.0,40.13,66.88,0.0,1200.0,0.0,0.0
bf_qcv_045,period_3,3,48,0,1,1200.0,7701.29,4819.73,1812.15,2,7594.41,0.0,0.0,0.0,4.19,38.51,0.0,38.51,64.18,0.0,1200.0,0.0,0.0
bf_qcv_045,period_3,3,54,0,1,1200.0,7391.03,4819.73,1739.15,2,7257.5,30.79,30.79,0.0,4.19,36.96,0.0,36.96,61.59,0.0,1200.0,0.0,0.0
bf_qcv_045,period_3,3,55,0,1,1200.0,7683.09,4819.73,1807.87,2,7576.46,0.0,0.0,0.0,4.19,38.42,0.0,38.42,64.03,0.0,1200.0,0.0,0.0
bf_qcv_045,period_3,3,65,0,1,1200.0,7530.92,4819.73,1772.06,2,7426.1,0.21,0.0,0.21,4.19,37.65,0.0,37.65,62.76,0.0,1200.0,0.0,0.0
bf_qcv_045,period_3,3,7,0,1,1200.0,8064.92,4819.73,1897.72,2,7953.19,0.0,0.0,0.0,4.19,40.32,0.0,40.32,67.21,0.0,1200.0,0.0,0.0
bf_qcv_045,period_3,3,72,0,1,1200.0,8036.24,4819.73,1890.97,2,7924.9,0.0,0.0,0.0,4.19,40.18,0.0,40.18,66.97,0.0,1200.0,0.0,0.0
bf_qcv_045,period_3,3,74,0,1,1200.0,8054.77,4819.73,1895.33,2,7943.18,0.0,0.0,0.0,4.19,40.27,0.0,40.27,67.12,0.0,1200.0,0.0,0.0
bf_qcv_045,period_3,3,83,0,1,1200.0,7994.35,4819.73,1881.11,2,7883.57,0.0,0.0,0.0,4.19,39.97,0.0,39.97,66.62,0.0,1200.0,0.0,0.0
bf_qcv_045,period_3,3,87,0,1,1200.0,7602.58,4819.73,1788.93,2,7497.02,0.0,0.0,0.0,4.19,38.01,0.0,38.01,63.35,0.0,1200.0,0.0,0.0
bf_qcv_045,period_3,3,256,1,1,467.0,16.93,4819.73,10.24,1,15.28,0.0,0.0,0.0,1.65,0.0,0.0,0.0,0.0,0.0,467.0,0.0,1.65
bf_qcv_045,period_3,3,257,1,1,433.0,8.98,5302.87,5.86,1,7.45,0.0,0.0,0.0,1.53,0.0,0.0,0.0,0.0,0.0,433.0,0.0,1.53
bf_qcv_045,period_4,4,106,0,1,1000.0,8151.57,5288.27,2301.73,2,8050.15,0.1,0.0,0.1,3.5,16.3,0.0,16.3,81.52,0.0,1000.0,0.0,0.0
bf_qcv_045,period_4,4,107,0,1,1000.0,9312.83,5288.27,2629.63,2,8694.88,0.0,0.0,0.0,3.31,521.52,0.0,521.52,93.13,0.0,1000.0,0.0,0.0
bf_qcv_045,period_4,4,114,0,1,1000.0,9764.95,5288.27,2757.29,2,9117.16,0.0,0.0,0.0,3.31,546.84,0.0,546.84,97.65,0.0,1000.0,0.0,0.0
bf_qcv_045,period_4,4,123,0,1,1000.0,8934.09,5288.27,2522.69,2,8341.13,0.0,0.0,0.0,3.31,500.31,0.0,500.31,89.34,0.0,1000.0,0.0,0.0
bf_qcv_045,period_4,4,126,0,1,1000.0,9551.22,5288.27,2696.94,2,8917.53,0.0,0.0,0.0,3.31,534.87,0.0,534.87,95.51,0.0,1000.0,0.0,0.0
bf_qcv_045,period_4,4,14,0,1,1200.0,5632.4,4819.73,1325.33,2,5392.38,1.26,0.0,1.26,4.07,187.75,0.0,187.75,46.94,0.0,1200.0,0.0,0.0
bf_qcv_045,period_4,4,146,0,1,1000.0,8447.56,5288.27,2385.31,2,8342.69,0.0,0.0,0.0,3.5,16.9,0.0,16.9,84.48,0.0,1000.0,0.0,0.0
bf_qcv_045,period_4,4,157,0,1,1000.0,9296.83,5288.27,2625.11,2,8930.85,0.0,0.0,0.0,3.4,269.61,0.0,269.61,92.97,0.0,1000.0,0.0,0.0
bf_qcv_045,period_4,4,162,0,1,1000.0,8451.68,5288.27,2386.47,2,8346.76,0.0,0.0,0.0,3.5,16.9,0.0,16.9,84.52,0.0,1000.0,0.0,0.0
bf_qcv_045,period_4,4,168,0,1,880.0,8196.89,5302.87,2630.14,2,8091.35,0.0,0.0,0.0,3.08,9.31,0.0,9.31,93.15,0.0,880.0,0.0,0.0
bf_qcv_045,period_4,4,178,0,1,880.0,7891.48,5302.87,2532.14,2,7789.76,0.0,0.0,0.0,3.08,8.97,0.0,8.97,89.68,0.0,880.0,0.0,0.0
bf_qcv_045,period_4,4,180,0,1,880.0,8764.2,5302.87,2812.18,2,8621.7,0.0,0.0,0.0,3.07,39.84,0.0,39.84,99.59,0.0,880.0,0.0,0.0
bf_qcv_045,period_4,4,203,0,1,880.0,7636.22,5302.87,2450.24,2,7537.69,0.0,0.0,0.0,3.08,8.68,0.0,8.68,86.78,0.0,880.0,0.0,0.0
bf_qcv_045,period_4,4,204,0,1,880.0,7616.07,5302.87,2443.77,2,7517.79,0.0,0.0,0.0,3.08,8.65,0.0,8.65,86.55,0.0,880.0,0.0,0.0
bf_qcv_045,period_4,4,21,0,1,1200.0,7985.82,4819.73,1879.1,2,7875.15,0.0,0.0,0.0,4.19,39.93,-0.0,39.93,66.55,0.0,1200.0,0.0,0.0
bf_qcv_045,period_4,4,211,0,1,880.0,7672.4,5302.87,2461.85,2,7573.42,0.0,0.0,0.0,3.08,8.72,0.0,8.72,87.19,0.0,880.0,0.0,0.0
bf_qcv_045,period_4,4,212,0,1,880.0,7547.31,5302.87,2421.71,2,7449.89,0.0,0.0,0.0,3.08,8.58,0.0,8.58,85.76,0.0,880.0,0.0,0.0
bf_qcv_045,period_4,4,220,0,1,880.0,8484.8,5302.87,2722.52,2,8346.75,0.0,0.0,0.0,3.07,38.57,0.0,38.57,96.42,0.0,880.0,0.0,0.0
bf_qcv_045,period_4,4,225,0,1,880.0,7640.29,5302.87,2451.55,2,7541.71,0.0,0.0,0.0,3.08,8.68,0.0,8.68,86.82,0.0,880.0,0.0,0.0
bf_qcv_045,period_4,4,229,0,1,880.0,7358.24,5302.87,2361.04,2,7096.89,166.29,166.29,0.0,3.08,8.36,0.0,8.36,83.62,0.0,880.0,0.0,0.0
bf_qcv_045,period_4,4,23,0,1,1200.0,7012.03,4819.73,1649.97,2,6914.34,0.0,0.0,0.0,4.19,35.06,0.0,35.06,58.43,0.0,1200.0,0.0,0.0
bf_qcv_045,period_4,4,234,0,1,880.0,8367.18,5302.87,2684.78,2,8231.0,0.0,0.0,0.0,3.07,38.03,0.0,38.03,95.08,0.0,880.0,0.0,0.0
bf_qcv_045,period_4,4,248,0,1,880.0,8106.4,5302.87,2601.11,2,8001.99,0.0,0.0,0.0,3.08,9.21,-0.0,9.21,92.12,0.0,880.0,0.0,0.0
bf_qcv_045,period_4,4,252,0,1,880.0,8352.17,5302.87,2679.97,2,8216.23,0.0,0.0,0.0,3.07,37.96,0.0,37.96,94.91,0.0,880.0,0.0,0.0
bf_qcv_045,period_4,4,32,0,1,1200.0,8255.11,4819.73,1942.47,2,8140.85,0.0,0.0,0.0,4.19,41.28,0.0,41.28,68.79,0.0,1200.0,0.0,0.0
bf_qcv_045,period_4,4,4,0,1,1200.0,8025.79,4819.73,1888.51,2,7914.29,0.29,0.0,0.29,4.19,40.13,0.0,40.13,66.88,0.0,1200.0,0.0,0.0
bf_qcv_045,period_4,4,48,0,1,1200.0,7701.29,4819.73,1812.15,2,7563.4,31.02,31.02,0.0,4.19,38.51,0.0,38.51,64.18,0.0,1200.0,0.0,0.0
bf_qcv_045,period_4,4,74,0,1,1200.0,8054.77,4819.73,1895.33,2,7943.18,0.0,0.0,0.0,4.19,40.27,0.0,40.27,67.12,0.0,1200.0,0.0,0.0
bf_qcv_045,period_4,4,90,0,1,1000.0,8237.15,5288.27,2325.89,2,8134.81,0.0,0.0,0.0,3.5,16.47,0.0,16.47,82.37,0.0,1000.0,0.0,0.0
bf_qcv_045,period_4,4,256,1,1,717.0,30.79,4819.73,12.13,1,28.25,0.0,0.0,0.0,2.54,0.0,0.0,0.0,0.0,0.0,717.0,0.0,2.54
bf_qcv_045,period_5,5,103,0,1,1000.0,7566.48,5288.27,2136.52,2,7472.18,0.0,0.0,0.0,3.5,15.13,0.0,15.13,75.66,0.0,1000.0,0.0,0.0
bf_qcv_045,period_5,5,11,0,1,1200.0,6642.23,4819.73,1562.95,2,6549.47,0.0,0.0,0.0,4.19,33.21,0.0,33.21,55.35,0.0,1200.0,0.0,0.0
bf_qcv_045,period_5,5,113,0,1,1000.0,7882.19,5288.27,2225.66,2,7571.38,0.0,0.0,0.0,3.4,228.58,0.0,228.58,78.82,0.0,1000.0,0.0,0.0
bf_qcv_045,period_5,5,114,0,1,1000.0,9764.95,5288.27,2757.29,2,9117.16,0.0,0.0,0.0,3.31,546.84,0.0,546.84,97.65,0.0,1000.0,0.0,0.0
bf_qcv_045,period_5,5,128,0,1,1000.0,7391.31,5288.27,2087.06,2,7299.12,0.0,0.0,0.0,3.5,14.78,0.0,14.78,73.91,0.0,1000.0,0.0,0.0
bf_qcv_045,period_5,5,136,0,1,1000.0,9049.37,5288.27,2555.24,2,8693.04,0.0,0.0,0.0,3.4,262.43,0.0,262.43,90.49,0.0,1000.0,0.0,0.0
bf_qcv_045,period_5,5,146,0,1,1000.0,8447.56,5288.27,2385.31,2,8114.7,0.0,0.0,0.0,3.4,244.98,0.0,244.98,84.48,0.0,1000.0,0.0,0.0
bf_qcv_045,period_5,5,150,0,1,1000.0,8067.69,5288.27,2278.04,2,7967.38,0.0,0.0,0.0,3.5,16.14,0.0,16.14,80.68,0.0,1000.0,0.0,0.0
bf_qcv_045,period_5,5,163,0,1,1000.0,8742.76,5288.27,2468.66,2,8634.35,0.0,0.0,0.0,3.5,17.49,0.0,17.49,87.43,0.0,1000.0,0.0,0.0
bf_qcv_045,period_5,5,165,0,1,1000.0,8589.81,5288.27,2425.47,2,8019.57,0.0,0.0,0.0,3.31,481.03,0.0,481.03,85.9,0.0,1000.0,0.0,0.0
bf_qcv_045,period_5,5,167,0,1,1000.0,8479.08,5288.27,2394.21,2,7916.15,0.0,0.0,0.0,3.31,474.83,0.0,474.83,84.79,0.0,1000.0,0.0,0.0
bf_qcv_045,period_5,5,168,0,1,880.0,8196.89,5302.87,2630.14,2,8079.84,11.51,11.51,0.0,3.08,9.31,0.0,9.31,93.15,0.0,880.0,0.0,0.0
bf_qcv_045,period_5,5,171,0,1,880.0,6277.12,5302.87,2014.14,2,6195.58,0.0,0.0,0.0,3.08,7.13,0.0,7.13,71.33,0.0,880.0,0.0,0.0
bf_qcv_045,period_5,5,178,0,1,880.0,7891.48,5302.87,2532.14,2,7762.87,0.0,0.0,0.0,3.07,35.87,0.0,35.87,89.68,0.0,880.0,0.0,0.0
bf_qcv_045,period_5,5,180,0,1,880.0,8764.2,5302.87,2812.18,2,8651.57,0.0,0.0,0.0,3.08,9.96,0.0,9.96,99.59,0.0,880.0,0.0,0.0
bf_qcv_045,period_5,5,186,0,1,880.0,7381.95,5302.87,2368.65,2,7286.6,0.0,0.0,0.0,3.08,8.39,0.0,8.39,83.89,0.0,880.0,0.0,0.0
bf_qcv_045,period_5,5,192,0,1,880.0,7480.06,5302.87,2400.13,2,7357.99,0.0,0.0,0.0,3.07,34.0,0.0,34.0,85.0,0.0,880.0,0.0,0.0
bf_qcv_045,period_5,5,195,0,1,880.0,7009.32,5302.87,2249.09,2,6894.74,0.0,0.0,0.0,3.07,31.86,0.0,31.86,79.65,0.0,880.0,0.0,0.0
bf_qcv_045,period_5,5,198,0,1,880.0,6995.92,5302.87,2244.79,2,6905.39,0.0,0.0,0.0,3.08,7.95,0.0,7.95,79.5,0.0,880.0,0.0,0.0
bf_qcv_045,period_5,5,202,0,1,880.0,7276.38,5302.87,2334.78,2,7157.55,0.0,0.0,0.0,3.07,33.07,0.0,33.07,82.69,0.0,880.0,0.0,0.0
bf_qcv_045,period_5,5,203,0,1,880.0,7636.22,5302.87,2450.24,2,7537.69,0.0,0.0,0.0,3.08,8.68,0.0,8.68,86.78,0.0,880.0,0.0,0.0
bf_qcv_045,period_5,5,211,0,1,880.0,7672.4,5302.87,2461.85,2,7573.42,0.0,0.0,0.0,3.08,8.72,0.0,8.72,87.19,0.0,880.0,0.0,0.0
bf_qcv_045,period_5,5,212,0,1,880.0,7547.31,5302.87,2421.71,2,7424.17,0.0,0.0,0.0,3.07,34.31,0.0,34.31,85.76,0.0,880.0,0.0,0.0
bf_qcv_045,period_5,5,213,0,1,880.0,7338.81,5302.87,2354.81,2,7244.0,0.0,0.0,0.0,3.08,8.34,0.0,8.34,83.4,0.0,880.0,0.0,0.0
bf_qcv_045,period_5,5,215,0,1,880.0,7412.93,5302.87,2378.59,2,7291.93,0.0,0.0,0.0,3.07,33.7,0.0,33.7,84.24,0.0,880.0,0.0,0.0
bf_qcv_045,period_5,5,219,0,1,880.0,6946.41,5302.87,2228.9,2,6832.83,0.0,0.0,0.0,3.07,31.57,0.0,31.57,78.94,0.0,880.0,0.0,0.0
bf_qcv_045,period_5,5,220,0,1,880.0,8484.8,5302.87,2722.52,2,8375.66,0.0,0.0,0.0,3.08,9.64,0.0,9.64,96.42,0.0,880.0,0.0,0.0
bf_qcv_045,period_5,5,223,0,1,880.0,5778.84,5302.87,1854.26,2,5683.84,0.0,0.0,0.0,3.07,26.27,0.0,26.27,65.67,0.0,880.0,0.0,0.0
bf_qcv_045,period_5,5,229,0,1,880.0,7358.24,5302.87,2361.04,2,7238.11,0.0,0.0,0.0,3.07,33.45,0.0,33.45,83.62,0.0,880.0,0.0,0.0
bf_qcv_045,period_5,5,234,0,1,880.0,8367.18,5302.87,2684.78,2,8259.51,0.0,0.0,0.0,3.08,9.51,0.0,9.51,95.08,0.0,880.0,0.0,0.0
bf_qcv_045,period_5,5,243,0,1,880.0,7486.51,5302.87,2402.2,2,7389.85,0.0,0.0,0.0,3.08,8.51,0.0,8.51,85.07,0.0,880.0,0.0,0.0
bf_qcv_045,period_5,5,248,0,1,880.0,8106.4,5302.87,2601.11,2,8001.99,0.0,0.0,0.0,3.08,9.21,0.0,9.21,92.12,0.0,880.0,0.0,0.0
bf_qcv_045,period_5,5,251,0,1,880.0,7522.41,5302.87,2413.72,2,7425.3,0.0,0.0,0.0,3.08,8.55,0.0,8.55,85.48,0.0,880.0,0.0,0.0
bf_qcv_045,period_5,5,252,0,1,880.0,8352.17,5302.87,2679.97,2,8244.69,0.0,0.0,0.0,3.08,9.49,0.0,9.49,94.91,0.0,880.0,0.0,0.0
bf_qcv_045,period_5,5,253,0,1,880.0,7601.37,5302.87,2439.06,2,7476.35,1.02,0.0,1.02,3.07,34.55,0.0,34.55,86.38,0.0,880.0,0.0,0.0
bf_qcv_045,period_5,5,26,0,1,1200.0,7042.26,4819.73,1657.08,2,6944.17,0.0,0.0,0.0,4.19,35.21,0.0,35.21,58.69,0.0,1200.0,0.0,0.0
bf_qcv_045,period_5,5,4,0,1,1200.0,8025.79,4819.73,1888.51,2,7891.48,23.11,23.11,0.0,4.19,40.13,0.0,40.13,66.88,0.0,1200.0,0.0,0.0
bf_qcv_045,period_5,5,56,0,1,1200.0,7613.64,4819.73,1791.53,2,7495.24,12.7,12.7,0.0,4.19,38.07,0.0,38.07,63.45,0.0,1200.0,0.0,0.0
bf_qcv_045,period_5,5,60,0,1,1200.0,7644.47,4819.73,1798.78,2,7538.35,0.0,0.0,0.0,4.19,38.22,0.0,38.22,63.7,0.0,1200.0,0.0,0.0
bf_qcv_045,period_5,5,65,0,1,1200.0,7530.92,4819.73,1772.06,2,7426.31,0.0,0.0,0.0,4.19,37.65,0.0,37.65,62.76,0.0,1200.0,0.0,0.0
bf_qcv_045,period_5,5,68,0,1,1200.0,7663.96,4819.73,1803.37,2,7557.58,0.0,0.0,0.0,4.19,38.32,0.0,38.32,63.87,0.0,1200.0,0.0,0.0
bf_qcv_045,period_5,5,7,0,1,1200.0,8064.92,4819.73,1897.72,2,7953.19,0.0,0.0,0.0,4.19,40.32,0.0,40.32,67.21,0.0,1200.0,0.0,0.0
bf_qcv_045,period_5,5,76,0,1,1200.0,7537.46,4819.73,1773.6,2,7432.29,0.48,0.0,0.48,4.19,37.69,0.0,37.69,62.81,0.0,1200.0,0.0,0.0
bf_qcv_045,period_5,5,77,0,1,1200.0,7025.63,4819.73,1653.17,2,6927.76,0.0,0.0,0.0,4.19,35.13,0.0,35.13,58.55,0.0,1200.0,0.0,0.0
bf_qcv_045,period_5,5,8,0,1,1200.0,7499.52,4819.73,1764.68,2,7395.33,0.0,0.0,0.0,4.19,37.5,0.0,37.5,62.5,0.0,1200.0,0.0,0.0
bf_qcv_045,period_5,5,80,0,1,1200.0,5580.66,4819.73,1313.16,2,5502.06,0.0,0.0,0.0,4.19,27.9,0.0,27.9,46.51,0.0,1200.0,0.0,0.0
bf_qcv_045,period_5,5,83,0,1,1200.0,7994.35,4819.73,1881.11,2,7883.57,0.0,0.0,0.0,4.19,39.97,0.0,39.97,66.62,0.0,1200.0,0.0,0.0
bf_qcv_045,period_5,5,88,0,1,1200.0,7193.98,4819.73,1692.78,2,7093.87,0.0,0.0,0.0,4.19,35.97,0.0,35.97,59.95,0.0,1200.0,0.0,0.0
bf_qcv_045,period_5,5,94,0,1,1000.0,7578.28,5288.27,2139.85,2,7483.33,0.51,0.0,0.51,3.5,15.16,0.0,15.16,75.78,0.0,1000.0,0.0,0.0
bf_qcv_045,period_5,5,256,1,1,467.0,31.02,4819.73,18.76,1,29.37,0.0,0.0,0.0,1.65,0.0,0.0,0.0,0.0,0.0,467.0,0.0,1.65
bf_qcv_045,period_5,5,257,1,1,436.0,166.29,5302.87,107.69,1,164.75,0.0,0.0,0.0,1.54,0.0,0.0,0.0,0.0,0.0,436.0,0.0,1.54
bf_sae1006_045,period_1,1,102,0,1,810.0,8652.32,5173.98,3015.43,1,8334.44,0.0,0.0,0.0,2.76,208.3,0.0,208.3,106.82,0.0,810.0,0.0,0.0
bf_sae1006_045,period_1,1,104,0,1,810.0,6501.97,5173.98,2266.01,1,6498.8,0.3,0.0,0.3,2.87,0.0,0.0,0.0,0.0,0.0,810.0,0.0,0.0
bf_sae1006_045,period_1,1,11,0,1,1100.0,8385.95,4947.45,2152.1,3,8290.61,0.0,0.0,0.0,3.85,15.25,0.0,15.25,76.24,0.0,1100.0,0.0,0.0
bf_sae1006_045,period_1,1,111,0,1,810.0,8429.71,5173.98,2937.85,1,8119.94,0.0,0.0,0.0,2.76,202.94,0.0,202.94,104.07,0.0,810.0,0.0,0.0
bf_sae1006_045,period_1,1,112,0,1,810.0,7772.61,5173.98,2708.85,1,7486.77,0.0,0.0,0.0,2.76,187.12,0.0,187.12,95.96,0.0,810.0,0.0,0.0
bf_sae1006_045,period_1,1,117,0,1,810.0,8397.97,5173.98,2926.79,1,8089.35,0.0,0.0,0.0,2.76,202.17,0.0,202.17,103.68,0.0,810.0,0.0,0.0
bf_sae1006_045,period_1,1,118,0,1,810.0,7935.17,5173.98,2765.5,1,7643.41,0.0,0.0,0.0,2.76,191.03,0.0,191.03,97.97,0.0,810.0,0.0,0.0
bf_sae1006_045,period_1,1,121,0,1,810.0,8058.98,5173.98,2808.65,1,7762.71,0.0,0.0,0.0,2.76,194.01,0.0,194.01,99.49,0.0,810.0,0.0,0.0
bf_sae1006_045,period_1,1,123,0,1,810.0,7976.6,5173.98,2779.94,1,7683.33,0.0,0.0,0.0,2.76,192.03,0.0,192.03,98.48,0.0,810.0,0.0,0.0
bf_sae1006_045,period_1,1,130,0,1,810.0,6340.2,5173.98,2209.63,1,6106.53,0.0,0.0,0.0,2.76,152.63,0.0,152.63,78.27,0.0,810.0,0.0,0.0
bf_sae1006_045,period_1,1,137,0,1,810.0,8004.9,5173.98,2789.8,1,7710.6,0.0,0.0,0.0,2.76,192.71,0.0,192.71,98.83,0.0,810.0,0.0,0.0
bf_sae1006_045,period_1,1,142,0,1,810.0,7935.07,5173.98,2765.46,1,7643.31,0.0,0.0,0.0,2.76,191.03,0.0,191.03,97.96,0.0,810.0,0.0,0.0
bf_sae1006_045,period_1,1,144,0,1,810.0,8560.72,5173.98,2983.51,1,8246.18,0.0,0.0,0.0,2.76,206.09,0.0,206.09,105.69,0.0,810.0,0.0,0.0
bf_sae1006_045,period_1,1,145,0,1,810.0,8343.94,5173.98,2907.96,1,8037.29,0.0,0.0,0.0,2.76,200.87,0.0,200.87,103.01,0.0,810.0,0.0,0.0
bf_sae1006_045,period_1,1,149,0,1,810.0,8069.45,5173.98,2812.3,1,7772.8,0.0,0.0,0.0,2.76,194.26,0.0,194.26,99.62,0.0,810.0,0.0,0.0
bf_sae1006_045,period_1,1,150,0,1,810.0,6413.1,5173.98,2235.04,1,6410.23,0.0,0.0,0.0,2.87,0.0,0.0,0.0,0.0,0.0,810.0,0.0,0.0
bf_sae1006_045,period_1,1,151,0,1,810.0,7584.96,5173.98,2643.45,1,7305.95,0.0,0.0,0.0,2.76,182.6,0.0,182.6,93.64,0.0,810.0,0.0,0.0
bf_sae1006_045,period_1,1,158,0,1,810.0,8164.37,5173.98,2845.38,1,7864.26,0.0,0.0,0.0,2.76,196.55,0.0,196.55,100.79,0.0,810.0,0.0,0.0
bf_sae1006_045,period_1,1,160,0,1,810.0,8253.99,5173.98,2876.61,1,7950.62,0.0,0.0,0.0,2.76,198.71,0.0,198.71,101.9,0.0,810.0,0.0,0.0
bf_sae1006_045,period_1,1,167,0,1,810.0,7034.74,5173.98,2451.69,1,6775.77,0.0,0.0,0.0,2.76,169.35,0.0,169.35,86.85,0.0,810.0,0.0,0.0
bf_sae1006_045,period_1,1,169,0,1,810.0,7573.33,5173.98,2639.39,1,7570.46,0.0,0.0,0.0,2.87,0.0,0.0,0.0,0.0,0.0,810.0,0.0,0.0
bf_sae1006_045,period_1,1,177,0,1,810.0,7455.77,5173.98,2598.42,1,6192.35,0.0,0.0,0.0,2.38,1168.99,0.0,1168.99,92.05,0.0,810.0,0.0,0.0
bf_sae1006_045,period_1,1,18,0,1,1100.0,8202.76,4947.45,2105.09,2,8061.31,18.3,18.3,0.0,3.84,44.74,0.0,44.74,74.57,0.0,1100.0,0.0,0.0
bf_sae1006_045,period_1,1,184,0,1,810.0,8492.56,5173.98,2959.76,1,8180.5,0.0,0.0,0.0,2.76,204.45,0.0,204.45,104.85,0.0,810.0,0.0,0.0
bf_sae1006_045,period_1,1,197,0,1,810.0,8068.21,5173.98,2811.87,1,7771.6,0.0,0.0,0.0,2.76,194.23,0.0,194.23,99.61,0.0,810.0,0.0,0.0
bf_sae1006_045,period_1,1,198,0,1,810.0,8265.6,5173.98,2880.66,1,7961.8,0.0,0.0,0.0,2.76,198.99,0.0,198.99,102.04,0.0,810.0,0.0,0.0
bf_sae1006_045,period_1,1,199,0,1,810.0,6921.23,5173.98,2412.13,1,6666.4,0.0,0.0,0.0,2.76,166.62,0.0,166.62,85.45,0.0,810.0,0.0,0.0
bf_sae1006_045,period_1,1,20,0,1,1100.0,8632.48,4947.45,2215.37,2,8295.21,0.0,0.0,0.0,3.75,255.05,0.0,255.05,78.48,0.0,1100.0,0.0,0.0
bf_sae1006_045,period_1,1,209,0,1,1250.0,7860.62,5102.73,1775.21,2,7585.94,0.0,0.0,0.0,4.28,207.52,0.0,207.52,62.88,0.0,1250.0,0.0,0.0
bf_sae1006_045,period_1,1,217,0,1,1250.0,9684.03,5102.73,2187.0,2,9544.54,3.42,0.0,3.42,4.37,54.23,0.0,54.23,77.47,0.0,1250.0,0.0,0.0
bf_sae1006_045,period_1,1,223,0,1,1250.0,9182.36,5102.73,2073.7,2,9053.11,0.0,0.0,0.0,4.37,51.42,0.0,51.42,73.46,0.0,1250.0,0.0,0.0
bf_sae1006_045,period_1,1,224,0,1,1250.0,10008.67,5102.73,2260.31,2,9868.18,0.0,0.0,0.0,4.37,56.05,0.0,56.05,80.07,0.0,1250.0,0.0,0.0
bf_sae1006_045,period_1,1,250,0,1,1250.0,8444.41,5102.73,1907.05,2,8257.68,0.0,0.0,0.0,4.33,114.84,0.0,114.84,67.56,0.0,1250.0,0.0,0.0
bf_sae1006_045,period_1,1,266,0,1,1250.0,9615.49,5102.73,2171.52,2,9480.35,0.0,0.0,0.0,4.37,53.85,0.0,53.85,76.92,0.0,1250.0,0.0,0.0
bf_sae1006_045,period_1,1,267,0,1,1250.0,6326.83,5102.73,1428.82,3,5826.73,0.0,0.0,0.0,4.08,445.41,0.0,445.41,50.61,0.0,1250.0,0.0,0.0
bf_sae1006_045,period_1,1,27,0,1,1100.0,8403.41,4947.45,2156.58,3,8307.88,0.0,0.0,0.0,3.85,15.28,0.0,15.28,76.39,0.0,1100.0,0.0,0.0
bf_sae1006_045,period_1,1,275,0,1,1250.0,9385.4,5102.73,2119.56,2,9253.39,0.0,0.0,0.0,4.37,52.56,0.0,52.56,75.08,0.0,1250.0,0.0,0.0
bf_sae1006_045,period_1,1,278,0,1,1250.0,8057.86,5102.73,1819.75,2,7879.48,0.0,0.0,0.0,4.33,109.59,0.0,109.59,64.46,0.0,1250.0,0.0,0.0
bf_sae1006_045,period_1,1,284,0,1,1250.0,10148.17,5102.73,2291.82,2,10005.79,0.0,0.0,0.0,4.37,56.83,0.0,56.83,81.19,0.0,1250.0,0.0,0.0
bf_sae1006_045,period_1,1,287,0,1,1250.0,9413.5,5102.73,2125.9,2,9281.11,0.0,0.0,0.0,4.37,52.72,0.0,52.72,75.31,0.0,1250.0,0.0,0.0
bf_sae1006_045,period_1,1,294,0,1,1250.0,9812.88,5102.73,2216.1,2,9642.62,32.43,32.43,0.0,4.37,54.95,0.0,54.95,78.5,0.0,1250.0,0.0,0.0
bf_sae1006_045,period_1,1,53,0,1,1100.0,8417.65,4947.45,2160.23,2,8086.89,1.78,0.0,1.78,3.75,248.7,0.0,248.7,76.52,0.0,1100.0,0.0,0.0
bf_sae1006_045,period_1,1,54,0,1,1100.0,7910.3,4947.45,2030.03,2,7600.93,0.0,0.0,0.0,3.75,233.71,0.0,233.71,71.91,0.0,1100.0,0.0,0.0
bf_sae1006_045,period_1,1,65,0,1,1100.0,8113.0,4947.45,2082.05,2,7042.15,705.73,700.16,5.58,3.72,287.64,0.0,287.64,73.75,0.0,1100.0,0.0,0.0
bf_sae1006_045,period_1,1,8,0,1,1100.0,9609.36,4947.45,2466.06,2,9225.46,8.89,8.89,0.0,3.75,283.91,0.0,283.91,87.36,0.0,1100.0,0.0,0.0
bf_sae1006_045,period_1,1,89,0,1,1100.0,7602.23,4947.45,1950.97,2,7477.69,10.12,10.12,0.0,3.84,41.47,0.0,41.47,69.11,0.0,1100.0,0.0,0.0
bf_sae1006_045,period_1,1,91,0,1,1100.0,7929.97,4947.45,2035.08,3,7839.61,0.0,0.0,0.0,3.85,14.42,0.0,14.42,72.09,0.0,1100.0,0.0,0.0
bf_sae1006_045,period_1,1,98,0,1,810.0,8626.33,5173.98,3006.38,1,8309.4,0.0,0.0,0.0,2.76,207.67,0.0,207.67,106.5,0.0,810.0,0.0,0.0
bf_sae1006_045,period_2,2,102,0,1,810.0,8652.32,5173.98,3015.43,1,8334.44,0.0,0.0,0.0,2.76,208.3,0.0,208.3,106.82,0.0,810.0,0.0,0.0
bf_sae1006_045,period_2,2,111,0,1,810.0,8429.71,5173.98,2937.85,1,8119.94,0.0,0.0,0.0,2.76,202.94,0.0,202.94,104.07,0.0,810.0,0.0,0.0
bf_sae1006_045,period_2,2,112,0,1,810.0,7772.61,5173.98,2708.85,1,7486.77,0.0,0.0,0.0,2.76,187.12,0.0,187.12,95.96,0.0,810.0,0.0,0.0
bf_sae1006_045,period_2,2,117,0,1,810.0,8397.97,5173.98,2926.79,1,8089.35,0.0,0.0,0.0,2.76,202.17,0.0,202.17,103.68,0.0,810.0,0.0,0.0
bf_sae1006_045,period_2,2,118,0,1,810.0,7935.17,5173.98,2765.5,1,7643.41,0.0,0.0,0.0,2.76,191.03,0.0,191.03,97.97,0.0,810.0,0.0,0.0
bf_sae1006_045,period_2,2,121,0,1,810.0,8058.98,5173.98,2808.65,1,7762.71,0.0,0.0,0.0,2.76,194.01,0.0,194.01,99.49,0.0,810.0,0.0,0.0
bf_sae1006_045,period_2,2,137,0,1,810.0,8004.9,5173.98,2789.8,1,7710.6,0.0,0.0,0.0,2.76,192.71,0.0,192.71,98.83,0.0,810.0,0.0,0.0
bf_sae1006_045,period_2,2,140,0,1,810.0,8199.01,5173.98,2857.45,1,7897.64,0.0,0.0,0.0,2.76,197.38,0.0,197.38,101.22,0.0,810.0,0.0,0.0
bf_sae1006_045,period_2,2,142,0,1,810.0,7935.07,5173.98,2765.46,1,7643.31,0.0,0.0,0.0,2.76,191.03,0.0,191.03,97.96,0.0,810.0,0.0,0.0
bf_sae1006_045,period_2,2,143,0,1,810.0,7145.92,5173.98,2490.44,1,7143.05,0.0,0.0,0.0,2.87,0.0,0.0,0.0,0.0,0.0,810.0,0.0,0.0
bf_sae1006_045,period_2,2,144,0,1,810.0,8560.72,5173.98,2983.51,1,8246.18,0.0,0.0,0.0,2.76,206.09,0.0,206.09,105.69,0.0,810.0,0.0,0.0
bf_sae1006_045,period_2,2,145,0,1,810.0,8343.94,5173.98,2907.96,1,8037.29,0.0,0.0,0.0,2.76,200.87,0.0,200.87,103.01,0.0,810.0,0.0,0.0
bf_sae1006_045,period_2,2,147,0,1,810.0,7787.62,5173.98,2714.08,1,7501.23,0.0,0.0,0.0,2.76,187.48,0.0,187.48,96.14,0.0,810.0,0.0,0.0
bf_sae1006_045,period_2,2,149,0,1,810.0,8069.45,5173.98,2812.3,1,7772.8,0.0,0.0,0.0,2.76,194.26,0.0,194.26,99.62,0.0,810.0,0.0,0.0
bf_sae1006_045,period_2,2,151,0,1,810.0,7584.96,5173.98,2643.45,1,7305.95,0.0,0.0,0.0,2.76,182.6,0.0,182.6,93.64,0.0,810.0,0.0,0.0
bf_sae1006_045,period_2,2,152,0,1,810.0,7849.27,5173.98,2735.56,1,7560.64,0.0,0.0,0.0,2.76,188.96,0.0,188.96,96.9,0.0,810.0,0.0,0.0
bf_sae1006_045,period_2,2,154,0,1,810.0,6258.12,5173.98,2181.03,1,6255.25,0.0,0.0,0.0,2.87,0.0,0.0,0.0,0.0,0.0,810.0,0.0,0.0
bf_sae1006_045,period_2,2,158,0,1,810.0,8164.37,5173.98,2845.38,1,7864.26,0.0,0.0,0.0,2.76,196.55,0.0,196.55,100.79,0.0,810.0,0.0,0.0
bf_sae1006_045,period_2,2,160,0,1,810.0,8253.99,5173.98,2876.61,1,7950.62,0.0,0.0,0.0,2.76,198.71,0.0,198.71,101.9,0.0,810.0,0.0,0.0
bf_sae1006_045,period_2,2,164,0,1,810.0,7370.61,5173.98,2568.74,1,7099.41,0.0,0.0,0.0,2.76,177.44,0.0,177.44,91.0,0.0,810.0,0.0,0.0
bf_sae1006_045,period_2,2,173,0,1,810.0,6346.17,5173.98,2211.71,1,6112.28,0.0,0.0,0.0,2.76,152.78,0.0,152.78,78.35,0.0,810.0,0.0,0.0
bf_sae1006_045,period_2,2,175,0,1,810.0,7775.96,5173.98,2710.01,1,7490.0,0.0,0.0,0.0,2.76,187.2,0.0,187.2,96.0,0.0,810.0,0.0,0.0
bf_sae1006_045,period_2,2,184,0,1,810.0,8492.56,5173.98,2959.76,1,8180.5,0.0,0.0,0.0,2.76,204.45,0.0,204.45,104.85,0.0,810.0,0.0,0.0
bf_sae1006_045,period_2,2,197,0,1,810.0,8068.21,5173.98,2811.87,1,7771.6,0.0,0.0,0.0,2.76,194.23,0.0,194.23,99.61,0.0,810.0,0.0,0.0
bf_sae1006_045,period_2,2,198,0,1,810.0,8265.6,5173.98,2880.66,1,7961.8,0.0,0.0,0.0,2.76,198.99,0.0,198.99,102.04,0.0,810.0,0.0,0.0
bf_sae1006_045,period_2,2,202,0,1,810.0,7892.67,5173.98,2750.69,1,7602.46,0.0,0.0,0.0,2.76,190.01,0.0,190.01,97.44,0.0,810.0,0.0,0.0
bf_sae1006_045,period_2,2,210,0,1,1250.0,7495.07,5102.73,1692.65,3,7352.81,0.0,0.0,0.0,4.35,77.95,0.0,77.95,59.96,0.0,1250.0,0.0,0.0
bf_sae1006_045,period_2,2,211,0,1,1250.0,9821.87,5102.73,2218.13,2,9642.74,41.18,41.18,0.0,4.37,55.0,0.0,55.0,78.57,0.0,1250.0,0.0,0.0
bf_sae1006_045,period_2,2,217,0,1,1250.0,9684.03,5102.73,2187.0,2,9470.52,0.0,0.0,0.0,4.33,131.7,0.0,131.7,77.47,0.0,1250.0,0.0,0.0
bf_sae1006_045,period_2,2,218,0,1,1250.0,8856.9,5102.73,2000.2,2,8732.08,0.0,0.0,0.0,4.37,49.6,0.0,49.6,70.86,0.0,1250.0,0.0,0.0
bf_sae1006_045,period_2,2,224,0,1,1250.0,10008.67,5102.73,2260.31,2,9857.82,10.36,0.0,10.36,4.37,56.05,0.0,56.05,80.07,0.0,1250.0,0.0,0.0
bf_sae1006_045,period_2,2,225,0,1,1250.0,7228.64,5102.73,1632.48,2,7068.17,0.0,0.0,0.0,4.33,98.31,0.0,98.31,57.83,0.0,1250.0,0.0,0.0
bf_sae1006_045,period_2,2,265,0,1,1250.0,8849.25,5102.73,1998.48,3,8682.08,0.0,0.0,0.0,4.35,92.03,0.0,92.03,70.79,0.0,1250.0,0.0,0.0
bf_sae1006_045,period_2,2,266,0,1,1250.0,9615.49,5102.73,2171.52,2,9480.35,0.0,0.0,0.0,4.37,53.85,0.0,53.85,76.92,0.0,1250.0,0.0,0.0
bf_sae1006_045,period_2,2,267,0,1,1250.0,6326.83,5102.73,1428.82,3,5826.73,0.0,0.0,0.0,4.08,445.41,0.0,445.41,50.61,0.0,1250.0,0.0,0.0
bf_sae1006_045,period_2,2,281,0,1,1250.0,8735.5,5102.73,1972.79,2,8612.33,0.0,0.0,0.0,4.37,48.92,0.0,48.92,69.88,0.0,1250.0,0.0,0.0
bf_sae1006_045,period_2,2,284,0,1,1250.0,10148.17,5102.73,2291.82,2,10005.79,0.0,0.0,0.0,4.37,56.83,0.0,56.83,81.19,0.0,1250.0,0.0,0.0
bf_sae1006_045,period_2,2,287,0,1,1250.0,9413.5,5102.73,2125.9,2,9281.11,0.0,0.0,0.0,4.37,52.72,0.0,52.72,75.31,0.0,1250.0,0.0,0.0
bf_sae1006_045,period_2,2,294,0,1,1250.0,9812.88,5102.73,2216.1,2,9596.59,0.0,0.0,0.0,4.33,133.46,0.0,133.46,78.5,0.0,1250.0,0.0,0.0
bf_sae1006_045,period_2,2,6,0,1,1100.0,9176.13,4947.45,2354.88,2,8798.11,107.3,107.3,0.0,3.78,183.52,0.0,183.52,83.42,0.0,1100.0,0.0,0.0
bf_sae1006_045,period_2,2,60,0,1,1100.0,7266.21,4947.45,1864.74,2,6945.82,210.86,210.86,0.0,3.84,39.63,0.0,39.63,66.06,0.0,1100.0,0.0,0.0
bf_sae1006_045,period_2,2,8,0,1,1100.0,9609.36,4947.45,2466.06,2,9150.76,83.59,83.59,0.0,3.75,283.91,0.0,283.91,87.36,0.0,1100.0,0.0,0.0
bf_sae1006_045,period_2,2,81,0,1,1100.0,7691.38,4947.45,1973.85,2,7592.99,3.64,0.0,3.64,3.85,20.98,0.0,20.98,69.92,0.0,1100.0,0.0,0.0
bf_sae1006_045,period_2,2,85,0,1,1100.0,9133.93,4947.45,2344.05,2,8864.43,0.0,0.0,0.0,3.78,182.68,0.0,182.68,83.04,0.0,1100.0,0.0,0.0
bf_sae1006_045,period_2,2,9,0,1,1100.0,6373.95,4947.45,1635.76,2,5652.27,434.03,434.03,0.0,3.72,225.99,0.0,225.99,57.94,0.0,1100.0,0.0,0.0
bf_sae1006_045,period_2,2,96,0,1,1100.0,9069.31,4947.45,2327.47,2,8698.79,16.37,16.37,0.0,3.75,267.96,0.0,267.96,82.45,0.0,1100.0,0.0,0.0
bf_sae1006_045,period_2,2,97,0,1,810.0,7778.89,5173.98,2711.03,1,7492.82,0.0,0.0,0.0,2.76,187.27,0.0,187.27,96.04,0.0,810.0,0.0,0.0
bf_sae1006_045,period_2,2,98,0,1,810.0,8626.33,5173.98,3006.38,1,8309.4,0.0,0.0,0.0,2.76,207.67,0.0,207.67,106.5,0.0,810.0,0.0,0.0
bf_sae1006_045,period_2,2,298,1,1,277.0,8.89,4947.45,9.06,1,7.91,0.0,0.0,0.0,0.98,0.0,0.0,0.0,0.0,0.0,277.0,0.0,0.98
bf_sae1006_045,period_2,2,299,1,1,550.0,18.3,4947.45,9.39,1,16.35,0.0,0.0,0.0,1.95,0.0,0.0,0.0,0.0,0.0,550.0,0.0,1.95
bf_sae1006_045,period_2,2,300,1,1,325.0,700.16,4947.45,608.16,1,595.77,0.0,0.0,0.0,0.98,81.86,0.0,81.86,21.54,0.0,325.0,0.0,104.39
bf_sae1006_045,period_2,2,301,1,1,534.0,10.12,4947.45,5.35,1,8.23,0.0,0.0,0.0,1.89,0.0,0.0,0.0,0.0,0.0,534.0,0.0,1.89
bf_sae1006_045,period_2,2,302,1,1,560.0,32.43,5102.73,16.35,1,30.45,0.0,0.0,0.0,1.98,0.0,0.0,0.0,0.0,0.0,560.0,0.0,1.98
bf_sae1006_045,period_3,3,100,0,1,810.0,7717.17,5173.98,2689.52,1,7433.35,0.0,0.0,0.0,2.76,185.78,0.0,185.78,95.27,0.0,810.0,0.0,0.0
bf_sae1006_045,period_3,3,102,0,1,810.0,8652.32,5173.98,3015.43,1,8334.44,0.0,0.0,0.0,2.76,208.3,0.0,208.3,106.82,0.0,810.0,0.0,0.0
bf_sae1006_045,period_3,3,115,0,1,810.0,7447.16,5173.98,2595.42,1,7173.17,0.0,0.0,0.0,2.76,179.28,0.0,179.28,91.94,0.0,810.0,0.0,0.0
bf_sae1006_045,period_3,3,12,0,1,1100.0,8142.55,4947.45,2089.63,2,6075.91,1944.36,1944.36,0.0,3.84,44.41,0.0,44.41,74.02,0.0,1100.0,0.0,0.0
bf_sae1006_045,period_3,3,121,0,1,810.0,8058.98,5173.98,2808.65,1,7762.71,0.0,0.0,0.0,2.76,194.01,0.0,194.01,99.49,0.0,810.0,0.0,0.0
bf_sae1006_045,period_3,3,122,0,1,810.0,7016.7,5173.98,2445.4,1,6758.39,0.0,0.0,0.0,2.76,168.92,0.0,168.92,86.63,0.0,810.0,0.0,0.0
bf_sae1006_045,period_3,3,127,0,1,810.0,7131.35,5173.98,2485.36,1,6868.86,0.0,0.0,0.0,2.76,171.68,0.0,171.68,88.04,0.0,810.0,0.0,0.0
bf_sae1006_045,period_3,3,130,0,1,810.0,6340.2,5173.98,2209.63,1,6321.87,15.46,15.46,0.0,2.87,0.0,0.0,0.0,0.0,0.0,810.0,0.0,0.0
bf_sae1006_045,period_3,3,134,0,1,810.0,7603.1,5173.98,2649.77,1,7323.43,0.0,0.0,0.0,2.76,183.04,0.0,183.04,93.87,0.0,810.0,0.0,0.0
bf_sae1006_045,period_3,3,142,0,1,810.0,7935.07,5173.98,2765.46,1,7643.31,0.0,0.0,0.0,2.76,191.03,0.0,191.03,97.96,0.0,810.0,0.0,0.0
bf_sae1006_045,period_3,3,145,0,1,810.0,8343.94,5173.98,2907.96,1,8037.29,0.0,0.0,0.0,2.76,200.87,0.0,200.87,103.01,0.0,810.0,0.0,0.0
bf_sae1006_045,period_3,3,147,0,1,810.0,7787.62,5173.98,2714.08,1,7501.23,0.0,0.0,0.0,2.76,187.48,0.0,187.48,96.14,0.0,810.0,0.0,0.0
bf_sae1006_045,period_3,3,149,0,1,810.0,8069.45,5173.98,2812.3,1,7772.8,0.0,0.0,0.0,2.76,194.26,0.0,194.26,99.62,0.0,810.0,0.0,0.0
bf_sae1006_045,period_3,3,151,0,1,810.0,7584.96,5173.98,2643.45,1,7305.95,0.0,0.0,0.0,2.76,182.6,0.0,182.6,93.64,0.0,810.0,0.0,0.0
bf_sae1006_045,period_3,3,157,0,1,810.0,7607.31,5173.98,2651.24,1,7327.49,0.0,0.0,0.0,2.76,183.14,0.0,183.14,93.92,0.0,810.0,0.0,0.0
bf_sae1006_045,period_3,3,158,0,1,810.0,8164.37,5173.98,2845.38,1,8161.5,0.0,0.0,0.0,2.87,0.0,0.0,0.0,0.0,0.0,810.0,0.0,0.0
bf_sae1006_045,period_3,3,160,0,1,810.0,8253.99,5173.98,2876.61,1,7950.62,0.0,0.0,0.0,2.76,198.71,0.0,198.71,101.9,0.0,810.0,0.0,0.0
bf_sae1006_045,period_3,3,161,0,1,810.0,6118.4,5173.98,2132.33,1,6115.53,0.0,0.0,0.0,2.87,0.0,0.0,0.0,0.0,0.0,810.0,0.0,0.0
bf_sae1006_045,period_3,3,169,0,1,810.0,7573.33,5173.98,2639.39,1,7294.75,0.0,0.0,0.0,2.76,182.32,0.0,182.32,93.5,0.0,810.0,0.0,0.0
bf_sae1006_045,period_3,3,175,0,1,810.0,7775.96,5173.98,2710.01,1,7490.0,0.0,0.0,0.0,2.76,187.2,0.0,187.2,96.0,0.0,810.0,0.0,0.0
bf_sae1006_045,period_3,3,178,0,1,810.0,6721.62,5173.98,2342.56,1,6474.06,0.0,0.0,0.0,2.76,161.82,0.0,161.82,82.98,0.0,810.0,0.0,0.0
bf_sae1006_045,period_3,3,18,0,1,1100.0,8202.76,4947.45,2105.09,2,8079.61,0.0,0.0,0.0,3.84,44.74,0.0,44.74,74.57,0.0,1100.0,0.0,0.0
bf_sae1006_045,period_3,3,185,0,1,810.0,7123.03,5173.98,2482.46,1,6860.85,0.0,0.0,0.0,2.76,171.48,0.0,171.48,87.94,0.0,810.0,0.0,0.0
bf_sae1006_045,period_3,3,186,0,1,810.0,6601.33,5173.98,2300.64,1,6358.15,0.0,0.0,0.0,2.76,158.92,0.0,158.92,81.5,0.0,810.0,0.0,0.0
bf_sae1006_045,period_3,3,191,0,1,810.0,7635.68,5173.98,2661.12,1,7354.83,0.0,0.0,0.0,2.76,183.82,0.0,183.82,94.27,0.0,810.0,0.0,0.0
bf_sae1006_045,period_3,3,197,0,1,810.0,8068.21,5173.98,2811.87,1,7771.6,0.0,0.0,0.0,2.76,194.23,0.0,194.23,99.61,0.0,810.0,0.0,0.0
bf_sae1006_045,period_3,3,199,0,1,810.0,6921.23,5173.98,2412.13,1,6666.4,0.0,0.0,0.0,2.76,166.62,0.0,166.62,85.45,0.0,810.0,0.0,0.0
bf_sae1006_045,period_3,3,201,0,1,810.0,7318.93,5173.98,2550.73,1,7049.61,0.0,0.0,0.0,2.76,176.2,0.0,176.2,90.36,0.0,810.0,0.0,0.0
bf_sae1006_045,period_3,3,202,0,1,810.0,7892.67,5173.98,2750.69,1,7602.46,0.0,0.0,0.0,2.76,190.01,0.0,190.01,97.44,0.0,810.0,0.0,0.0
bf_sae1006_045,period_3,3,212,0,1,1250.0,9144.93,5102.73,2065.25,2,9016.19,0.0,0.0,0.0,4.37,51.21,0.0,51.21,73.16,0.0,1250.0,0.0,0.0
bf_sae1006_045,period_3,3,232,0,1,1250.0,7705.67,5102.73,1740.21,4,6911.22,506.62,506.62,0.0,4.27,221.92,0.0,221.92,61.65,0.0,1250.0,0.0,0.0
bf_sae1006_045,period_3,3,234,0,1,1250.0,8361.78,5102.73,1888.39,2,8242.86,0.83,0.0,0.83,4.37,46.83,0.0,46.83,66.89,0.0,1250.0,0.0,0.0
bf_sae1006_045,period_3,3,242,0,1,1250.0,9035.47,5102.73,2040.53,2,8908.22,0.0,0.0,0.0,4.37,50.6,0.0,50.6,72.28,0.0,1250.0,0.0,0.0
bf_sae1006_045,period_3,3,245,0,1,1250.0,7847.13,5102.73,1772.16,2,7736.04,0.0,0.0,0.0,4.37,43.94,0.0,43.94,62.78,0.0,1250.0,0.0,0.0
bf_sae1006_045,period_3,3,247,0,1,1250.0,7762.56,5102.73,1753.06,2,7491.25,0.0,0.0,0.0,4.28,204.93,0.0,204.93,62.1,0.0,1250.0,0.0,0.0
bf_sae1006_045,period_3,3,250,0,1,1250.0,8444.41,5102.73,1907.05,2,8325.2,0.0,0.0,0.0,4.37,47.29,0.0,47.29,67.56,0.0,1250.0,0.0,0.0
bf_sae1006_045,period_3,3,253,0,1,1250.0,8940.67,5102.73,2019.12,2,8814.71,0.0,0.0,0.0,4.37,50.07,0.0,50.07,71.53,0.0,1250.0,0.0,0.0
bf_sae1006_045,period_3,3,258,0,1,1250.0,8443.83,5102.73,1906.92,2,8324.63,0.0,0.0,0.0,4.37,47.29,0.0,47.29,67.55,0.0,1250.0,0.0,0.0
bf_sae1006_045,period_3,3,26,0,1,1100.0,8511.86,4947.45,2184.41,2,8384.21,0.0,0.0,0.0,3.84,46.43,0.0,46.43,77.38,0.0,1100.0,0.0,0.0
bf_sae1006_045,period_3,3,263,0,1,1250.0,9106.32,5102.73,2056.53,2,8978.11,0.0,0.0,0.0,4.37,51.0,0.0,51.0,72.85,0.0,1250.0,0.0,0.0
bf_sae1006_045,period_3,3,273,0,1,1250.0,8476.77,5102.73,1914.36,3,8274.6,41.85,41.85,0.0,4.35,88.16,0.0,88.16,67.81,0.0,1250.0,0.0,0.0
bf_sae1006_045,period_3,3,278,0,1,1250.0,8057.86,5102.73,1819.75,2,7943.91,0.0,0.0,0.0,4.37,45.12,0.0,45.12,64.46,0.0,1250.0,0.0,0.0
bf_sae1006_045,period_3,3,279,0,1,1250.0,7994.22,5102.73,1805.38,3,7842.78,0.0,0.0,0.0,4.35,83.14,0.0,83.14,63.95,0.0,1250.0,0.0,0.0
bf_sae1006_045,period_3,3,280,0,1,1250.0,8040.48,5102.73,1815.83,2,7926.76,0.0,0.0,0.0,4.37,45.03,0.0,45.03,64.32,0.0,1250.0,0.0,0.0
bf_sae1006_045,period_3,3,285,0,1,1250.0,9136.09,5102.73,2063.25,2,8817.53,0.0,0.0,0.0,4.28,241.19,0.0,241.19,73.09,0.0,1250.0,0.0,0.0
bf_sae1006_045,period_3,3,29,0,1,1100.0,8012.92,4947.45,2056.37,2,7698.32,1.27,0.0,1.27,3.75,236.75,0.0,236.75,72.84,0.0,1100.0,0.0,0.0
bf_sae1006_045,period_3,3,30,0,1,1100.0,8931.91,4947.45,2292.21,2,8798.15,0.0,0.0,0.0,3.84,48.72,0.0,48.72,81.2,0.0,1100.0,0.0,0.0
bf_sae1006_045,period_3,3,4,0,1,1100.0,8009.91,4947.45,2055.59,1,5283.97,0.0,0.0,0.0,2.57,2650.55,2650.55,0.0,72.82,0.0,1100.0,0.0,0.0
bf_sae1006_045,period_3,3,44,0,1,1100.0,7996.82,4947.45,2052.23,2,7684.11,0.0,0.0,0.0,3.75,236.27,0.0,236.27,72.7,0.0,1100.0,0.0,0.0
bf_sae1006_045,period_3,3,51,0,1,1100.0,8547.0,4947.45,2193.43,2,8418.84,0.0,0.0,0.0,3.84,46.62,0.0,46.62,77.7,0.0,1100.0,0.0,0.0
bf_sae1006_045,period_3,3,56,0,1,1100.0,7980.04,4947.45,2047.93,2,7667.97,0.0,0.0,0.0,3.75,235.77,0.0,235.77,72.55,0.0,1100.0,0.0,0.0
bf_sae1006_045,period_3,3,65,0,1,1100.0,8113.0,4947.45,2082.05,2,7795.8,0.0,0.0,0.0,3.75,239.7,0.0,239.7,73.75,0.0,1100.0,0.0,0.0
bf_sae1006_045,period_3,3,69,0,1,1100.0,8103.78,4947.45,2079.68,2,7786.93,0.0,0.0,0.0,3.75,239.43,0.0,239.43,73.67,0.0,1100.0,0.0,0.0
bf_sae1006_045,period_3,3,90,0,1,1100.0,8097.48,4947.45,2078.07,2,7780.88,0.0,0.0,0.0,3.75,239.24,0.0,239.24,73.61,0.0,1100.0,0.0,0.0
bf_sae1006_045,period_3,3,92,0,1,1100.0,7997.36,4947.45,2052.37,2,7684.63,0.0,0.0,0.0,3.75,236.29,0.0,236.29,72.7,0.0,1100.0,0.0,0.0
bf_sae1006_045,period_3,3,97,0,1,810.0,7778.89,5173.98,2711.03,1,7492.82,0.0,0.0,0.0,2.76,187.27,0.0,187.27,96.04,0.0,810.0,0.0,0.0
bf_sae1006_045,period_3,3,298,1,1,534.0,107.3,4947.45,56.72,1,105.41,0.0,0.0,0.0,1.89,0.0,0.0,0.0,0.0,0.0,534.0,0.0,1.89
bf_sae1006_045,period_3,3,299,1,1,277.0,83.59,4947.45,85.19,1,82.61,0.0,0.0,0.0,0.98,0.0,0.0,0.0,0.0,0.0,277.0,0.0,0.98
bf_sae1006_045,period_3,3,300,1,1,726.0,103.92,4947.45,40.41,1,97.3,4.05,0.0,4.05,2.57,0.0,0.0,0.0,0.0,0.0,726.0,0.0,6.62
bf_sae1006_045,period_3,3,301,1,1,325.0,330.12,4947.45,286.74,1,280.38,0.0,0.0,0.0,0.98,38.6,0.0,38.6,10.16,0.0,325.0,0.0,49.74
bf_sae1006_045,period_3,3,302,1,1,550.0,210.86,4947.45,108.23,1,208.91,0.0,0.0,0.0,1.95,0.0,0.0,0.0,0.0,0.0,550.0,0.0,1.95
bf_sae1006_045,period_3,3,303,1,1,780.5,16.37,4947.45,5.92,1,13.46,0.15,0.0,0.15,2.76,0.0,0.0,0.0,0.0,0.0,780.5,0.0,2.91
bf_sae1006_045,period_3,3,304,1,1,560.0,41.18,5102.73,20.76,1,39.2,0.0,0.0,0.0,1.98,0.0,0.0,0.0,0.0,0.0,560.0,0.0,1.98
bf_sae1006_045,period_4,4,102,0,1,810.0,8652.32,5173.98,3015.43,1,8334.44,0.0,0.0,0.0,2.76,208.3,0.0,208.3,106.82,0.0,810.0,0.0,0.0
bf_sae1006_045,period_4,4,112,0,1,810.0,7772.61,5173.98,2708.85,1,7486.77,0.0,0.0,0.0,2.76,187.12,0.0,187.12,95.96,0.0,810.0,0.0,0.0
bf_sae1006_045,period_4,4,117,0,1,810.0,8397.97,5173.98,2926.79,1,8089.35,0.0,0.0,0.0,2.76,202.17,0.0,202.17,103.68,0.0,810.0,0.0,0.0
bf_sae1006_045,period_4,4,134,0,1,810.0,7603.1,5173.98,2649.77,1,7323.43,0.0,0.0,0.0,2.76,183.04,0.0,183.04,93.87,0.0,810.0,0.0,0.0
bf_sae1006_045,period_4,4,138,0,1,810.0,7333.88,5173.98,2555.94,1,7064.02,0.0,0.0,0.0,2.76,176.56,0.0,176.56,90.54,0.0,810.0,0.0,0.0
bf_sae1006_045,period_4,4,140,0,1,810.0,8199.01,5173.98,2857.45,1,7897.64,0.0,0.0,0.0,2.76,197.38,0.0,197.38,101.22,0.0,810.0,0.0,0.0
bf_sae1006_045,period_4,4,142,0,1,810.0,7935.07,5173.98,2765.46,1,7643.31,0.0,0.0,0.0,2.76,191.03,0.0,191.03,97.96,0.0,810.0,0.0,0.0
bf_sae1006_045,period_4,4,144,0,1,810.0,8560.72,5173.98,2983.51,1,8246.18,0.0,0.0,0.0,2.76,206.09,0.0,206.09,105.69,0.0,810.0,0.0,0.0
bf_sae1006_045,period_4,4,151,0,1,810.0,7584.96,5173.98,2643.45,1,7582.09,0.0,0.0,0.0,2.87,0.0,0.0,0.0,0.0,0.0,810.0,0.0,0.0
bf_sae1006_045,period_4,4,158,0,1,810.0,8164.37,5173.98,2845.38,1,7864.26,0.0,0.0,0.0,2.76,196.55,0.0,196.55,100.79,0.0,810.0,0.0,0.0
bf_sae1006_045,period_4,4,160,0,1,810.0,8253.99,5173.98,2876.61,1,7950.62,0.0,0.0,0.0,2.76,198.71,0.0,198.71,101.9,0.0,810.0,0.0,0.0
bf_sae1006_045,period_4,4,197,0,1,810.0,8068.21,5173.98,2811.87,1,8061.0,4.34,0.0,4.34,2.87,0.0,0.0,0.0,0.0,0.0,810.0,0.0,0.0
bf_sae1006_045,period_4,4,198,0,1,810.0,8265.6,5173.98,2880.66,1,7961.8,0.0,0.0,0.0,2.76,198.99,0.0,198.99,102.04,0.0,810.0,0.0,0.0
bf_sae1006_045,period_4,4,208,0,1,1250.0,7208.74,5102.73,1627.99,2,7106.33,0.0,0.0,0.0,4.37,40.37,0.0,40.37,57.67,0.0,1250.0,0.0,0.0
bf_sae1006_045,period_4,4,234,0,1,1250.0,8361.78,5102.73,1888.39,2,7558.44,685.25,685.25,0.0,4.37,46.83,0.0,46.83,66.89,0.0,1250.0,0.0,0.0
bf_sae1006_045,period_4,4,245,0,1,1250.0,7847.13,5102.73,1772.16,2,7736.04,0.0,0.0,0.0,4.37,43.94,0.0,43.94,62.78,0.0,1250.0,0.0,0.0
bf_sae1006_045,period_4,4,248,0,1,1250.0,6887.18,5102.73,1555.37,2,6645.99,0.0,0.0,0.0,4.28,181.82,0.0,181.82,55.1,0.0,1250.0,0.0,0.0
bf_sae1006_045,period_4,4,252,0,1,1250.0,7644.01,5102.73,1726.29,2,7523.76,11.92,11.92,0.0,4.37,42.81,0.0,42.81,61.15,0.0,1250.0,0.0,0.0
bf_sae1006_045,period_4,4,255,0,1,1250.0,8348.47,5102.73,1885.38,2,8230.56,0.0,0.0,0.0,4.37,46.75,0.0,46.75,66.79,0.0,1250.0,0.0,0.0
bf_sae1006_045,period_4,4,256,0,1,1250.0,7386.26,5102.73,1668.08,2,7281.44,0.0,0.0,0.0,4.37,41.36,0.0,41.36,59.09,0.0,1250.0,0.0,0.0
bf_sae1006_045,period_4,4,267,0,1,1250.0,6326.83,5102.73,1428.82,2,6104.91,0.0,0.0,0.0,4.28,167.03,0.0,167.03,50.61,0.0,1250.0,0.0,0.0
bf_sae1006_045,period_4,4,272,0,1,1250.0,7896.41,5102.73,1783.29,2,7784.65,0.0,0.0,0.0,4.37,44.22,0.0,44.22,63.17,0.0,1250.0,0.0,0.0
bf_sae1006_045,period_4,4,275,0,1,1250.0,9385.4,5102.73,2119.56,2,9253.32,0.07,0.0,0.07,4.37,52.56,0.0,52.56,75.08,0.0,1250.0,0.0,0.0
bf_sae1006_045,period_4,4,294,0,1,1250.0,9812.88,5102.73,2216.1,3,9627.98,0.0,0.0,0.0,4.35,102.05,0.0,102.05,78.5,0.0,1250.0,0.0,0.0
bf_sae1006_045,period_4,4,38,0,1,1100.0,8953.94,4947.45,2297.86,2,8604.25,0.0,0.0,0.0,3.75,264.55,0.0,264.55,81.4,0.0,1100.0,0.0,0.0
bf_sae1006_045,period_4,4,47,0,1,1100.0,9577.17,4947.45,2457.8,2,9203.4,0.0,0.0,0.0,3.75,282.96,0.0,282.96,87.07,0.0,1100.0,0.0,0.0
bf_sae1006_045,period_4,4,50,0,1,1100.0,8837.22,4947.45,2267.91,2,8492.04,0.0,0.0,0.0,3.75,261.1,0.0,261.1,80.34,0.0,1100.0,0.0,0.0
bf_sae1006_045,period_4,4,6,0,1,1100.0,9176.13,4947.45,2354.88,2,8817.85,0.0,0.0,0.0,3.75,271.11,0.0,271.11,83.42,0.0,1100.0,0.0,0.0
bf_sae1006_045,period_4,4,65,0,1,1100.0,8113.0,4947.45,2082.05,2,7991.15,0.0,0.0,0.0,3.84,44.25,0.0,44.25,73.75,0.0,1100.0,0.0,0.0
bf_sae1006_045,period_4,4,75,0,1,1100.0,9088.48,4947.45,2332.39,2,8732.87,0.72,0.0,0.72,3.75,268.52,0.0,268.52,82.62,0.0,1100.0,0.0,0.0
bf_sae1006_045,period_4,4,8,0,1,1100.0,9609.36,4947.45,2466.06,2,9182.63,51.71,51.71,0.0,3.75,283.91,0.0,283.91,87.36,0.0,1100.0,0.0,0.0
bf_sae1006_045,period_4,4,85,0,1,1100.0,9133.93,4947.45,2344.05,2,8743.13,254.1,254.1,0.0,3.84,49.82,0.0,49.82,83.04,0.0,1100.0,0.0,0.0
bf_sae1006_045,period_4,4,9,0,1,1100.0,6373.95,4947.45,1635.76,2,4670.17,1416.13,1416.13,0.0,3.72,225.99,0.0,225.99,57.95,0.0,1100.0,0.0,0.0
bf_sae1006_045,period_4,4,96,0,1,1100.0,9069.31,4947.45,2327.47,2,8933.55,0.0,0.0,0.0,3.84,49.47,0.0,49.47,82.45,0.0,1100.0,0.0,0.0
bf_sae1006_045,period_4,4,97,0,1,810.0,7778.89,5173.98,2711.03,1,7492.82,0.0,0.0,0.0,2.76,187.27,0.0,187.27,96.04,0.0,810.0,0.0,0.0
bf_sae1006_045,period_4,4,98,0,1,810.0,8626.33,5173.98,3006.38,1,8309.4,0.0,0.0,0.0,2.76,207.67,0.0,207.67,106.5,0.0,810.0,0.0,0.0
bf_sae1006_045,period_4,4,298,1,1,364.0,2650.55,4947.45,2055.59,1,2365.41,0.0,0.0,0.0,1.15,211.17,0.0,211.17,72.82,0.0,364.0,0.0,285.14
bf_sae1006_045,period_4,4,299,1,1,534.0,1925.03,4947.45,1017.65,1,1923.14,0.0,0.0,0.0,1.89,0.0,0.0,0.0,0.0,0.0,534.0,0.0,1.89
bf_sae1006_045,period_4,4,300,1,1,550.0,19.33,4947.45,9.92,1,17.38,0.0,0.0,0.0,1.95,0.0,0.0,0.0,0.0,0.0,550.0,0.0,1.95
bf_sae1006_045,period_4,4,301,1,1,810.0,15.46,5173.98,5.39,1,12.59,0.0,0.0,0.0,2.87,0.0,0.0,0.0,0.0,0.0,810.0,0.0,2.87
bf_sae1006_045,period_4,4,302,1,1,325.0,506.62,5102.73,440.05,1,430.81,0.0,0.0,0.0,0.98,59.24,0.0,59.24,15.59,0.0,325.0,0.0,75.81
bf_sae1006_045,period_4,4,303,1,1,673.0,41.85,5102.73,17.55,1,39.47,0.0,0.0,0.0,2.38,0.0,0.0,0.0,0.0,0.0,673.0,0.0,2.38
bf_sae1006_045,period_5,5,100,0,1,810.0,7717.17,5173.98,2689.52,1,7433.35,0.0,0.0,0.0,2.76,185.78,0.0,185.78,95.27,0.0,810.0,0.0,0.0
bf_sae1006_045,period_5,5,102,0,1,810.0,8652.32,5173.98,3015.43,1,8334.44,0.0,0.0,0.0,2.76,208.3,0.0,208.3,106.82,0.0,810.0,0.0,0.0
bf_sae1006_045,period_5,5,111,0,1,810.0,8429.71,5173.98,2937.85,1,8119.94,0.0,0.0,0.0,2.76,202.94,0.0,202.94,104.07,0.0,810.0,0.0,0.0
bf_sae1006_045,period_5,5,112,0,1,810.0,7772.61,5173.98,2708.85,1,7486.77,0.0,0.0,0.0,2.76,187.12,0.0,187.12,95.96,0.0,810.0,0.0,0.0
bf_sae1006_045,period_5,5,117,0,1,810.0,8397.97,5173.98,2926.79,1,8089.35,0.0,0.0,0.0,2.76,202.17,0.0,202.17,103.68,0.0,810.0,0.0,0.0
bf_sae1006_045,period_5,5,121,0,1,810.0,8058.98,5173.98,2808.65,1,7762.71,0.0,0.0,0.0,2.76,194.01,0.0,194.01,99.49,0.0,810.0,0.0,0.0
bf_sae1006_045,period_5,5,123,0,1,810.0,7976.6,5173.98,2779.94,1,7683.33,0.0,0.0,0.0,2.76,192.03,0.0,192.03,98.48,0.0,810.0,0.0,0.0
bf_sae1006_045,period_5,5,129,0,1,810.0,7540.1,5173.98,2627.81,1,7262.73,0.0,0.0,0.0,2.76,181.52,0.0,181.52,93.09,0.0,810.0,0.0,0.0
bf_sae1006_045,period_5,5,134,0,1,810.0,7603.1,5173.98,2649.77,1,7323.43,0.0,0.0,0.0,2.76,183.04,0.0,183.04,93.87,0.0,810.0,0.0,0.0
bf_sae1006_045,period_5,5,137,0,1,810.0,8004.9,5173.98,2789.8,1,7710.6,0.0,0.0,0.0,2.76,192.71,0.0,192.71,98.83,0.0,810.0,0.0,0.0
bf_sae1006_045,period_5,5,140,0,1,810.0,8199.01,5173.98,2857.45,1,7897.64,0.0,0.0,0.0,2.76,197.38,0.0,197.38,101.22,0.0,810.0,0.0,0.0
bf_sae1006_045,period_5,5,142,0,1,810.0,7935.07,5173.98,2765.46,1,7643.31,0.0,0.0,0.0,2.76,191.03,0.0,191.03,97.96,0.0,810.0,0.0,0.0
bf_sae1006_045,period_5,5,144,0,1,810.0,8560.72,5173.98,2983.51,1,8246.18,0.0,0.0,0.0,2.76,206.09,0.0,206.09,105.69,0.0,810.0,0.0,0.0
bf_sae1006_045,period_5,5,145,0,1,810.0,8343.94,5173.98,2907.96,1,8037.29,0.0,0.0,0.0,2.76,200.87,0.0,200.87,103.01,0.0,810.0,0.0,0.0
bf_sae1006_045,period_5,5,147,0,1,810.0,7787.62,5173.98,2714.08,1,7501.23,0.0,0.0,0.0,2.76,187.48,0.0,187.48,96.14,0.0,810.0,0.0,0.0
bf_sae1006_045,period_5,5,149,0,1,810.0,8069.45,5173.98,2812.3,1,7772.8,0.0,0.0,0.0,2.76,194.26,0.0,194.26,99.62,0.0,810.0,0.0,0.0
bf_sae1006_045,period_5,5,150,0,1,810.0,6413.1,5173.98,2235.04,1,6176.77,0.0,0.0,0.0,2.76,154.39,0.0,154.39,79.17,0.0,810.0,0.0,0.0
bf_sae1006_045,period_5,5,151,0,1,810.0,7584.96,5173.98,2643.45,1,7305.95,0.0,0.0,0.0,2.76,182.6,0.0,182.6,93.64,0.0,810.0,0.0,0.0
bf_sae1006_045,period_5,5,152,0,1,810.0,7849.27,5173.98,2735.56,1,7560.64,0.0,0.0,0.0,2.76,188.96,0.0,188.96,96.9,0.0,810.0,0.0,0.0
bf_sae1006_045,period_5,5,157,0,1,810.0,7607.31,5173.98,2651.24,1,7327.49,0.0,0.0,0.0,2.76,183.14,0.0,183.14,93.92,0.0,810.0,0.0,0.0
bf_sae1006_045,period_5,5,158,0,1,810.0,8164.37,5173.98,2845.38,1,7864.26,0.0,0.0,0.0,2.76,196.55,0.0,196.55,100.79,0.0,810.0,0.0,0.0
bf_sae1006_045,period_5,5,169,0,1,810.0,7573.33,5173.98,2639.39,1,7294.75,0.0,0.0,0.0,2.76,182.32,0.0,182.32,93.5,0.0,810.0,0.0,0.0
bf_sae1006_045,period_5,5,175,0,1,810.0,7775.96,5173.98,2710.01,1,7490.0,0.0,0.0,0.0,2.76,187.2,0.0,187.2,96.0,0.0,810.0,0.0,0.0
bf_sae1006_045,period_5,5,18,0,1,1100.0,8202.76,4947.45,2105.09,3,8077.34,32.08,32.08,0.0,3.85,14.91,0.0,14.91,74.57,0.0,1100.0,0.0,0.0
bf_sae1006_045,period_5,5,183,0,1,810.0,6247.75,5173.98,2177.41,1,6238.47,6.41,0.0,6.41,2.87,0.0,0.0,0.0,0.0,0.0,810.0,0.0,0.0
bf_sae1006_045,period_5,5,184,0,1,810.0,8492.56,5173.98,2959.76,1,8180.5,0.0,0.0,0.0,2.76,204.45,0.0,204.45,104.85,0.0,810.0,0.0,0.0
bf_sae1006_045,period_5,5,188,0,1,810.0,7018.27,5173.98,2445.95,1,7015.4,0.0,0.0,0.0,2.87,0.0,0.0,0.0,0.0,0.0,810.0,0.0,0.0
bf_sae1006_045,period_5,5,190,0,1,810.0,7533.94,5173.98,2625.67,1,7256.79,0.0,0.0,0.0,2.76,181.37,0.0,181.37,93.01,0.0,810.0,0.0,0.0
bf_sae1006_045,period_5,5,191,0,1,810.0,7635.68,5173.98,2661.12,1,7354.83,0.0,0.0,0.0,2.76,183.82,0.0,183.82,94.27,0.0,810.0,0.0,0.0
bf_sae1006_045,period_5,5,192,0,1,810.0,6721.45,5173.98,2342.5,1,6473.89,0.0,0.0,0.0,2.76,161.81,0.0,161.81,82.98,0.0,810.0,0.0,0.0
bf_sae1006_045,period_5,5,197,0,1,810.0,8068.21,5173.98,2811.87,1,7771.6,0.0,0.0,0.0,2.76,194.23,0.0,194.23,99.61,0.0,810.0,0.0,0.0
bf_sae1006_045,period_5,5,198,0,1,810.0,8265.6,5173.98,2880.66,1,8262.73,0.0,0.0,0.0,2.87,0.0,0.0,0.0,0.0,0.0,810.0,0.0,0.0
bf_sae1006_045,period_5,5,201,0,1,810.0,7318.93,5173.98,2550.73,1,7049.61,0.0,0.0,0.0,2.76,176.2,0.0,176.2,90.36,0.0,810.0,0.0,0.0
bf_sae1006_045,period_5,5,202,0,1,810.0,7892.67,5173.98,2750.69,1,7602.46,0.0,0.0,0.0,2.76,190.01,0.0,190.01,97.44,0.0,810.0,0.0,0.0
bf_sae1006_045,period_5,5,206,0,1,1250.0,8574.99,5102.73,1936.54,3,8412.86,0.0,0.0,0.0,4.35,89.18,0.0,89.18,68.6,0.0,1250.0,0.0,0.0
bf_sae1006_045,period_5,5,211,0,1,1250.0,9821.87,5102.73,2218.13,2,9479.72,0.0,0.0,0.0,4.28,259.3,0.0,259.3,78.57,0.0,1250.0,0.0,0.0
bf_sae1006_045,period_5,5,223,0,1,1250.0,9182.36,5102.73,2073.7,2,9053.11,0.0,0.0,0.0,4.37,51.42,0.0,51.42,73.46,0.0,1250.0,0.0,0.0
bf_sae1006_045,period_5,5,226,0,1,1250.0,8877.12,5102.73,2004.77,2,8752.02,0.0,0.0,0.0,4.37,49.71,0.0,49.71,71.02,0.0,1250.0,0.0,0.0
bf_sae1006_045,period_5,5,229,0,1,1250.0,7906.15,5102.73,1785.49,2,7724.61,69.65,69.65,0.0,4.37,44.27,0.0,44.27,63.25,0.0,1250.0,0.0,0.0
bf_sae1006_045,period_5,5,232,0,1,1250.0,7705.67,5102.73,1740.21,2,7534.9,0.0,0.0,0.0,4.33,104.8,0.0,104.8,61.65,0.0,1250.0,0.0,0.0
bf_sae1006_045,period_5,5,235,0,1,1250.0,8203.19,5102.73,1852.57,2,8087.26,0.0,0.0,0.0,4.37,45.94,0.0,45.94,65.63,0.0,1250.0,0.0,0.0
bf_sae1006_045,period_5,5,238,0,1,1250.0,9038.83,5102.73,2041.29,2,8895.39,16.15,16.15,0.0,4.37,50.62,0.0,50.62,72.31,0.0,1250.0,0.0,0.0
bf_sae1006_045,period_5,5,248,0,1,1250.0,6887.18,5102.73,1555.37,3,6756.11,0.0,0.0,0.0,4.35,71.63,0.0,71.63,55.1,0.0,1250.0,0.0,0.0
bf_sae1006_045,period_5,5,251,0,1,1250.0,8622.27,5102.73,1947.22,2,8431.7,0.0,0.0,0.0,4.33,117.26,0.0,117.26,68.98,0.0,1250.0,0.0,0.0
bf_sae1006_045,period_5,5,253,0,1,1250.0,8940.67,5102.73,2019.12,2,8814.71,0.0,0.0,0.0,4.37,50.07,0.0,50.07,71.53,0.0,1250.0,0.0,0.0
bf_sae1006_045,period_5,5,256,0,1,1250.0,7386.26,5102.73,1668.08,2,7281.44,0.0,0.0,0.0,4.37,41.36,0.0,41.36,59.09,0.0,1250.0,0.0,0.0
bf_sae1006_045,period_5,5,259,0,1,1250.0,7680.91,5102.73,1734.62,3,7535.23,0.0,0.0,0.0,4.35,79.88,0.0,79.88,61.45,0.0,1250.0,0.0,0.0
bf_sae1006_045,period_5,5,268,0,1,1250.0,7734.29,5102.73,1746.68,2,7463.95,0.0,0.0,0.0,4.28,204.19,0.0,204.19,61.87,0.0,1250.0,0.0,0.0
bf_sae1006_045,period_5,5,271,0,1,1250.0,8715.91,5102.73,1968.36,2,8593.01,0.0,0.0,0.0,4.37,48.81,0.0,48.81,69.73,0.0,1250.0,0.0,0.0
bf_sae1006_045,period_5,5,280,0,1,1250.0,8040.48,5102.73,1815.83,3,7888.19,0.0,0.0,0.0,4.35,83.62,0.0,83.62,64.32,0.0,1250.0,0.0,0.0
bf_sae1006_045,period_5,5,282,0,1,1250.0,8050.2,5102.73,1818.02,2,7936.35,0.0,0.0,0.0,4.37,45.08,0.0,45.08,64.4,0.0,1250.0,0.0,0.0
bf_sae1006_045,period_5,5,40,0,1,1100.0,8460.11,4947.45,2171.13,2,8333.21,0.0,0.0,0.0,3.84,46.15,0.0,46.15,76.91,0.0,1100.0,0.0,0.0
bf_sae1006_045,period_5,5,62,0,1,1100.0,8247.04,4947.45,2116.45,2,8048.38,74.86,67.43,7.43,3.84,44.98,0.0,44.98,74.97,0.0,1100.0,0.0,0.0
bf_sae1006_045,period_5,5,64,0,1,1100.0,7268.8,4947.45,1865.4,2,6968.17,16.05,16.05,0.0,3.75,214.76,0.0,214.76,66.08,0.0,1100.0,0.0,0.0
bf_sae1006_045,period_5,5,67,0,1,1100.0,7518.5,4947.45,1929.48,2,7132.6,47.27,47.27,0.0,3.72,266.57,0.0,266.57,68.35,0.0,1100.0,0.0,0.0
bf_sae1006_045,period_5,5,69,0,1,1100.0,8103.78,4947.45,2079.68,3,8011.52,0.0,0.0,0.0,3.85,14.73,0.0,14.73,73.67,0.0,1100.0,0.0,0.0
bf_sae1006_045,period_5,5,74,0,1,1100.0,8166.24,4947.45,2095.71,2,8043.62,0.0,0.0,0.0,3.84,44.54,0.0,44.54,74.24,0.0,1100.0,0.0,0.0
bf_sae1006_045,period_5,5,79,0,1,1100.0,7126.0,4947.45,1828.76,2,4724.47,2080.37,2080.37,0.0,3.72,252.65,0.0,252.65,64.78,0.0,1100.0,0.0,0.0
bf_sae1006_045,period_5,5,90,0,1,1100.0,8097.48,4947.45,2078.07,3,8005.29,0.0,0.0,0.0,3.85,14.72,0.0,14.72,73.61,0.0,1100.0,0.0,0.0
bf_sae1006_045,period_5,5,97,0,1,810.0,7778.89,5173.98,2711.03,1,7492.82,0.0,0.0,0.0,2.76,187.27,0.0,187.27,96.04,0.0,810.0,0.0,0.0
bf_sae1006_045,period_5,5,98,0,1,810.0,8626.33,5173.98,3006.38,1,8309.4,0.0,0.0,0.0,2.76,207.67,0.0,207.67,106.5,0.0,810.0,0.0,0.0
bf_sae1006_045,period_5,5,298,1,1,277.0,51.71,4947.45,52.7,1,50.73,0.0,0.0,0.0,0.98,0.0,0.0,0.0,0.0,0.0,277.0,0.0,0.98
bf_sae1006_045,period_5,5,299,1,1,726.0,42.53,4947.45,16.54,1,39.96,0.0,0.0,0.0,2.57,0.0,0.0,0.0,0.0,0.0,726.0,0.0,2.57
bf_sae1006_045,period_5,5,300,1,1,325.0,1373.6,4947.45,1193.11,1,1169.75,0.0,0.0,0.0,0.98,160.61,0.0,160.61,42.26,0.0,325.0,0.0,203.85
bf_sae1006_045,period_5,5,301,1,1,534.0,16.75,4947.45,8.85,1,14.86,0.0,0.0,0.0,1.89,0.0,0.0,0.0,0.0,0.0,534.0,0.0,1.89
bf_sae1006_045,period_5,5,302,1,1,550.0,237.35,4947.45,121.82,1,235.4,0.0,0.0,0.0,1.95,0.0,0.0,0.0,0.0,0.0,550.0,0.0,1.95
bf_sae1006_045,period_5,5,303,1,1,673.0,685.25,5102.73,287.43,2,610.83,0.0,0.0,0.0,2.13,62.11,0.0,62.11,10.18,0.0,673.0,0.0,74.42
bf_sae1006_045,period_5,5,304,1,1,673.0,11.92,5102.73,5.0,1,9.54,0.0,0.0,0.0,2.38,0.0,0.0,0.0,0.0,0.0,673.0,0.0,2.38
bf_sae1006_050,period_1,1,1,0,1,1200.0,8758.05,5164.94,1854.26,4,7812.34,0.0,0.0,0.0,4.22,868.51,868.51,0.0,72.98,0.0,1200.0,0.0,0.0
bf_sae1006_050,period_1,1,3,0,1,1200.0,7815.78,5164.94,1654.76,2,3485.68,0.0,0.0,0.0,2.11,4262.86,4262.86,0.0,65.13,0.0,1200.0,0.0,0.0
bf_sae1006_050,period_1,1,5,0,1,1200.0,8920.81,5164.94,1888.72,7,7898.17,0.0,0.0,0.0,4.18,944.12,944.12,0.0,74.34,0.0,1200.0,0.0,0.0
bf_sae1006_050,period_1,1,6,0,1,1200.0,8903.34,5164.94,1885.02,4,7803.8,138.21,138.21,0.0,4.22,882.91,882.91,0.0,74.19,0.0,1200.0,0.0,0.0
bf_sae1006_050,period_2,2,1,0,1,1200.0,8758.05,5164.94,1854.26,4,7731.32,81.02,81.02,0.0,4.22,868.51,868.51,0.0,72.98,0.0,1200.0,0.0,0.0
bf_sae1006_050,period_2,2,3,0,1,1200.0,7815.78,5164.94,1654.76,4,6971.37,0.0,0.0,0.0,4.22,775.06,775.06,0.0,65.13,0.0,1200.0,0.0,0.0
bf_sae1006_050,period_2,2,6,0,1,1200.0,8903.34,5164.94,1885.02,3,4530.1,223.25,223.25,0.0,2.52,4073.28,4073.28,0.0,74.19,0.0,1200.0,0.0,0.0
bf_sae1006_050,period_2,2,10,1,1,430.0,112.85,5164.94,66.68,1,111.16,0.0,0.0,0.0,1.69,0.0,0.0,0.0,0.0,0.0,430.0,0.0,1.69
bf_sae1006_050,period_2,2,11,1,1,105.5,25.36,5164.94,61.07,1,24.94,0.0,0.0,0.0,0.42,0.0,0.0,0.0,0.0,0.0,105.5,0.0,0.42
bf_sae1006_050,period_2,2,12,1,1,119.0,882.91,5164.94,1885.01,1,782.33,0.0,0.0,0.0,0.42,25.97,0.0,25.97,74.19,0.0,119.0,0.0,100.58
bf_sae1006_050,period_2,2,7,1,1,119.0,868.51,5164.94,1854.27,1,769.57,0.0,0.0,0.0,0.42,25.54,0.0,25.54,72.98,0.0,119.0,0.0,98.94
bf_sae1006_050,period_2,2,8,1,1,654.5,4262.86,5164.94,1654.77,3,4172.41,0.0,0.0,0.0,2.52,22.8,0.0,22.8,65.13,0.0,654.5,0.0,90.45
bf_sae1006_050,period_2,2,9,1,1,127.0,944.12,5164.94,1888.72,1,783.87,0.0,0.0,0.0,0.42,85.49,0.0,85.49,74.34,0.0,127.0,0.0,160.25
bf_sae1006_050,period_3,3,1,0,1,1200.0,8758.05,5164.94,1651.05,5,7291.0,349.89,349.89,0.0,4.63,87.73,0.0,87.73,64.99,959.81,1200.0,203.21,0.0
bf_sae1006_050,period_3,3,3,0,1,1200.0,7815.78,5164.94,1654.76,5,7658.09,0.0,0.0,0.0,4.63,87.93,0.0,87.93,65.13,0.0,1200.0,0.0,0.0
bf_sae1006_050,period_3,3,5,0,1,1200.0,8920.81,5164.94,1888.72,5,8741.48,0.0,0.0,0.0,4.63,100.36,0.0,100.36,74.34,0.0,1200.0,0.0,0.0
bf_sae1006_050,period_3,3,10,1,1,105.5,223.25,5164.94,537.63,1,222.83,0.0,0.0,0.0,0.42,0.0,0.0,0.0,0.0,0.0,105.5,0.0,0.42
bf_sae1006_050,period_3,3,11,1,1,549.0,4073.28,5164.94,1885.02,2,3971.01,0.0,0.0,0.0,2.11,25.97,0.0,25.97,74.19,0.0,549.0,0.0,102.27
bf_sae1006_050,period_3,3,7,1,1,430.0,81.02,5164.94,47.87,1,79.33,0.0,0.0,0.0,1.69,0.0,0.0,0.0,0.0,0.0,430.0,0.0,1.69
bf_sae1006_050,period_3,3,8,1,1,119.0,868.51,5164.94,1854.27,1,769.57,0.0,0.0,0.0,0.42,25.54,0.0,25.54,72.98,0.0,119.0,0.0,98.94
bf_sae1006_050,period_3,3,9,1,1,119.0,775.06,5164.94,1654.75,1,686.72,0.0,0.0,0.0,0.42,22.8,0.0,22.8,65.13,0.0,119.0,0.0,88.34
bf_sae1006_050,period_4,4,1,0,1,1200.0,8758.05,5164.94,1854.26,4,7812.34,0.0,0.0,0.0,4.22,868.51,868.51,0.0,72.98,0.0,1200.0,0.0,0.0
bf_sae1006_050,period_4,4,3,0,1,1200.0,7815.78,5164.94,1654.76,4,6751.33,220.04,220.04,0.0,4.22,775.06,775.06,0.0,65.13,0.0,1200.0,0.0,0.0
bf_sae1006_050,period_4,4,6,0,1,1200.0,8903.34,5164.94,1885.02,7,7724.46,158.23,158.23,0.0,4.18,942.27,942.27,0.0,74.19,0.0,1200.0,0.0,0.0
bf_sae1006_050,period_4,4,7,1,1,105.5,349.89,5164.94,842.6,1,349.47,0.0,0.0,0.0,0.42,0.0,0.0,0.0,0.0,0.0,105.5,0.0,0.42
bf_sae1006_050,period_4,4,8,1,1,1200.0,959.81,5164.94,203.21,5,936.38,0.0,0.0,0.0,4.63,10.8,0.0,10.8,8.0,0.0,1200.0,0.0,23.43
bf_sae1006_050,period_5,5,1,0,1,1200.0,8758.05,5164.94,1854.26,5,8581.91,0.0,0.0,0.0,4.63,98.53,0.0,98.53,72.98,0.0,1200.0,0.0,0.0
bf_sae1006_050,period_5,5,2,0,1,1200.0,9053.57,5164.94,1916.83,5,8871.64,0.0,0.0,0.0,4.63,101.85,0.0,101.85,75.45,0.0,1200.0,0.0,0.0
bf_sae1006_050,period_5,5,5,0,1,1200.0,8920.81,5164.94,1888.72,5,8732.18,9.3,9.3,0.0,4.63,100.36,0.0,100.36,74.34,0.0,1200.0,0.0,0.0
bf_sae1006_050,period_5,5,6,0,1,1200.0,8903.34,5164.94,1885.02,5,8210.43,513.93,513.93,0.0,4.63,100.16,0.0,100.16,74.19,0.0,1200.0,0.0,0.0
bf_sae1006_050,period_5,5,10,1,1,105.5,158.23,5164.94,381.05,1,157.81,0.0,0.0,0.0,0.42,0.0,0.0,0.0,0.0,0.0,105.5,0.0,0.42
bf_sae1006_050,period_5,5,11,1,1,127.0,942.27,5164.94,1885.02,1,782.34,0.0,0.0,0.0,0.42,85.32,0.0,85.32,74.19,0.0,127.0,0.0,159.93
bf_sae1006_050,period_5,5,7,1,1,119.0,868.51,5164.94,1854.27,1,769.57,0.0,0.0,0.0,0.42,25.54,0.0,25.54,72.98,0.0,119.0,0.0,98.94
bf_sae1006_050,period_5,5,8,1,1,430.0,220.04,5164.94,130.01,1,218.35,0.0,0.0,0.0,1.69,0.0,0.0,0.0,0.0,0.0,430.0,0.0,1.69
bf_sae1006_050,period_5,5,9,1,1,119.0,775.06,5164.94,1654.75,1,686.72,0.0,0.0,0.0,0.42,22.8,0.0,22.8,65.13,0.0,119.0,0.0,88.34
bz_nbr7008_043,period_1,1,10,0,1,900.0,5633.16,5465.22,1849.55,1,4266.38,0.0,0.0,0.0,2.31,1301.89,1301.89,0.0,62.59,0.0,900.0,0.0,0.0
bz_nbr7008_043,period_1,1,100,0,1,1020.0,10867.57,5742.24,3148.39,2,10523.28,0.0,0.0,0.0,3.34,234.4,0.0,234.4,106.54,0.0,1020.0,0.0,0.0
bz_nbr7008_043,period_1,1,103,0,1,1020.0,11056.39,5742.24,3203.1,2,10674.78,20.57,20.57,0.0,3.34,249.31,0.0,249.31,108.4,0.0,1020.0,0.0,0.0
bz_nbr7008_043,period_1,1,104,0,1,1020.0,10108.27,5742.24,2928.42,2,9777.9,0.0,0.0,0.0,3.34,227.93,0.0,227.93,99.1,0.0,1020.0,0.0,0.0
bz_nbr7008_043,period_1,1,106,0,1,1020.0,10894.26,5742.24,3156.13,2,10549.14,0.0,0.0,0.0,3.34,234.97,0.0,234.97,106.81,0.0,1020.0,0.0,0.0
bz_nbr7008_043,period_1,1,11,0,1,900.0,5230.32,5465.22,1717.29,2,3961.54,766.23,766.23,0.0,2.75,441.67,0.0,441.67,58.11,0.0,900.0,0.0,0.0
bz_nbr7008_043,period_1,1,15,0,1,900.0,5455.81,5465.22,1791.32,1,5307.36,0.0,0.0,0.0,2.96,84.87,0.0,84.87,60.62,0.0,900.0,0.0,0.0
bz_nbr7008_043,period_1,1,17,0,1,900.0,7313.56,5465.22,2401.28,3,5334.26,124.26,124.26,0.0,2.27,1771.51,1771.51,0.0,81.26,0.0,900.0,0.0,0.0
bz_nbr7008_043,period_1,1,21,0,1,900.0,6096.57,5465.22,2001.7,1,4411.49,206.05,206.05,0.0,2.31,1408.99,1408.99,0.0,67.74,0.0,900.0,0.0,0.0
bz_nbr7008_043,period_1,1,22,0,1,900.0,4577.23,5465.22,1502.85,1,3294.72,496.77,496.77,0.0,2.52,732.36,732.36,0.0,50.86,0.0,900.0,0.0,0.0
bz_nbr7008_043,period_1,1,25,0,1,900.0,6703.85,5465.22,2201.09,1,6522.12,0.0,0.0,0.0,2.96,104.28,0.0,104.28,74.49,0.0,900.0,0.0,0.0
bz_nbr7008_043,period_1,1,26,0,1,900.0,7426.33,5465.22,2438.31,1,5625.2,0.0,0.0,0.0,2.31,1716.31,1716.31,0.0,82.51,0.0,900.0,0.0,0.0
bz_nbr7008_043,period_1,1,43,0,1,900.0,7210.13,5465.22,2367.32,1,5461.37,0.0,0.0,0.0,2.31,1666.34,1666.34,0.0,80.11,0.0,900.0,0.0,0.0
bz_nbr7008_043,period_1,1,45,0,1,900.0,6951.6,5465.22,2282.44,1,6662.77,100.49,100.49,0.0,2.96,108.14,0.0,108.14,77.24,0.0,900.0,0.0,0.0
bz_nbr7008_043,period_1,1,61,0,1,1200.0,8806.08,5944.29,2168.49,2,8640.65,0.0,0.0,0.0,3.99,88.06,0.0,88.06,73.38,0.0,1200.0,0.0,0.0
bz_nbr7008_043,period_1,1,7,0,1,900.0,7226.15,5465.22,2372.58,2,6911.03,23.15,23.15,0.0,2.92,208.76,0.0,208.76,80.29,0.0,900.0,0.0,0.0
bz_nbr7008_043,period_1,1,70,0,1,1200.0,8707.53,5944.29,2144.23,2,8543.91,0.0,0.0,0.0,3.99,87.08,0.0,87.08,72.56,0.0,1200.0,0.0,0.0
bz_nbr7008_043,period_1,1,71,0,1,1200.0,7965.55,5944.29,1961.51,2,7371.01,0.0,0.0,0.0,3.76,524.4,0.0,524.4,66.38,0.0,1200.0,0.0,0.0
bz_nbr7008_043,period_1,1,76,0,1,1200.0,7790.32,5944.29,1918.36,3,7139.19,510.81,510.81,0.0,3.99,71.41,0.0,71.41,64.92,0.0,1200.0,0.0,0.0
bz_nbr7008_043,period_1,1,99,0,1,1020.0,11479.18,5742.24,3325.58,2,10575.67,0.0,0.0,0.0,3.18,787.79,0.0,787.79,112.54,0.0,1020.0,0.0,0.0
bz_nbr7008_043,period_2,2,104,0,1,1020.0,10108.27,5742.24,2928.42,2,9777.9,0.0,0.0,0.0,3.34,227.93,0.0,227.93,99.1,0.0,1020.0,0.0,0.0
bz_nbr7008_043,period_2,2,15,0,1,900.0,5455.81,5465.22,1791.32,1,5307.36,0.0,0.0,0.0,2.96,84.87,0.0,84.87,60.62,0.0,900.0,0.0,0.0
bz_nbr7008_043,period_2,2,31,0,1,900.0,6304.62,5465.22,2070.01,1,4718.25,56.94,56.94,0.0,2.31,1457.07,1457.07,0.0,70.05,0.0,900.0,0.0,0.0
bz_nbr7008_043,period_2,2,35,0,1,900.0,6177.02,5465.22,2028.12,1,6001.71,7.62,0.0,7.62,2.96,96.09,0.0,96.09,68.63,0.0,900.0,0.0,0.0
bz_nbr7008_043,period_2,2,40,0,1,900.0,5820.72,5465.22,1911.13,1,5662.54,0.0,0.0,0.0,2.96,90.54,0.0,90.54,64.67,0.0,900.0,0.0,0.0
bz_nbr7008_043,period_2,2,46,0,1,900.0,7048.48,5465.22,2314.25,1,5338.87,0.0,0.0,0.0,2.31,1628.98,1628.98,0.0,78.32,0.0,900.0,0.0,0.0
bz_nbr7008_043,period_2,2,47,0,1,1200.0,6515.67,5944.29,1604.48,2,4967.42,849.61,849.61,0.0,3.63,640.71,640.71,0.0,54.3,0.0,1200.0,0.0,0.0
bz_nbr7008_043,period_2,2,59,0,1,1200.0,8622.27,5944.29,2123.23,2,6626.89,124.04,124.04,0.0,3.18,1796.31,1796.31,0.0,71.85,0.0,1200.0,0.0,0.0
bz_nbr7008_043,period_2,2,63,0,1,1200.0,7911.9,5944.29,1948.3,2,7341.11,0.0,0.0,0.0,3.77,501.09,0.0,501.09,65.93,0.0,1200.0,0.0,0.0
bz_nbr7008_043,period_2,2,67,0,1,1200.0,9172.97,5944.29,2258.84,2,8511.8,0.0,0.0,0.0,3.77,580.95,0.0,580.95,76.44,0.0,1200.0,0.0,0.0
bz_nbr7008_043,period_2,2,72,0,1,1200.0,8488.08,5944.29,2090.19,2,8328.48,0.0,0.0,0.0,3.99,84.88,0.0,84.88,70.73,0.0,1200.0,0.0,0.0
bz_nbr7008_043,period_2,2,76,0,1,1200.0,7790.32,5944.29,1918.36,2,7445.27,198.25,198.25,0.0,3.99,77.9,0.0,77.9,64.92,0.0,1200.0,0.0,0.0
bz_nbr7008_043,period_2,2,80,0,1,1200.0,6940.45,5944.29,1709.08,2,5433.5,0.0,0.0,0.0,3.18,1445.93,1445.93,0.0,57.84,0.0,1200.0,0.0,0.0
bz_nbr7008_043,period_2,2,81,0,1,1200.0,8718.14,5944.29,2146.84,2,8067.78,0.0,0.0,0.0,3.76,573.94,0.0,573.94,72.65,0.0,1200.0,0.0,0.0
bz_nbr7008_043,period_2,2,84,0,1,1020.0,8460.46,5742.24,2451.04,2,8191.69,0.0,0.0,0.0,3.34,182.48,0.0,182.48,82.95,0.0,1020.0,0.0,0.0
bz_nbr7008_043,period_2,2,88,0,1,1020.0,10102.75,5742.24,2926.82,2,9772.01,0.55,0.0,0.55,3.34,227.81,0.0,227.81,99.05,0.0,1020.0,0.0,0.0
bz_nbr7008_043,period_2,2,9,0,1,900.0,5999.95,5465.22,1969.98,2,5737.56,19.47,19.47,0.0,2.92,173.33,0.0,173.33,66.67,0.0,900.0,0.0,0.0
bz_nbr7008_043,period_2,2,93,0,1,1020.0,10845.6,5742.24,3142.03,2,10447.87,54.13,54.13,0.0,3.34,233.92,0.0,233.92,106.33,0.0,1020.0,0.0,0.0
bz_nbr7008_043,period_2,2,109,1,1,432.0,7.31,5465.22,5.0,1,5.85,0.0,0.0,0.0,1.46,0.0,0.0,0.0,0.0,0.0,432.0,0.0,1.46
bz_nbr7008_043,period_2,2,110,1,1,432.0,15.84,5465.22,10.83,1,14.38,0.0,0.0,0.0,1.46,0.0,0.0,0.0,0.0,0.0,432.0,0.0,1.46
bz_nbr7008_043,period_2,2,111,1,0,208.0,1301.89,5465.22,0.0,0,0.0,0.0,0.0,0.0,0.0,0.0,0.0,0.0,0.0,0.0,208.0,0.0,1301.89
bz_nbr7008_043,period_2,2,112,1,1,258.0,38.54,5465.22,44.14,1,37.67,0.0,0.0,0.0,0.87,0.0,0.0,0.0,0.0,0.0,258.0,0.0,0.87
bz_nbr7008_043,period_2,2,113,1,1,556.0,727.69,5465.22,386.75,1,725.81,0.0,0.0,0.0,1.88,0.0,0.0,0.0,0.0,0.0,556.0,0.0,1.88
bz_nbr7008_043,period_2,2,114,1,1,120.0,122.23,5465.22,300.99,1,108.63,0.0,0.0,0.0,0.36,3.06,0.0,3.06,10.19,0.0,120.0,0.0,13.6
bz_nbr7008_043,period_2,2,115,1,1,120.0,2.03,5465.22,5.0,1,0.0,1.62,0.0,1.62,0.41,0.0,0.0,0.0,0.0,0.0,120.0,0.0,2.03
bz_nbr7008_043,period_2,2,116,1,1,218.0,1771.51,5465.22,2401.29,1,972.71,2.03,0.0,2.03,0.41,715.1,0.0,715.1,81.26,0.0,218.0,0.0,798.8
bz_nbr7008_043,period_2,2,117,1,1,682.0,206.05,5465.22,89.28,1,203.74,0.0,0.0,0.0,2.31,0.0,0.0,0.0,0.0,0.0,682.0,0.0,2.31
bz_nbr7008_043,period_2,2,118,1,0,208.0,1408.99,5465.22,0.0,0,0.0,0.0,0.0,0.0,0.0,0.0,0.0,0.0,0.0,0.0,208.0,0.0,1408.99
bz_nbr7008_043,period_2,2,119,1,1,746.0,496.77,5465.22,196.78,1,494.25,0.0,0.0,0.0,2.52,0.0,0.0,0.0,0.0,0.0,746.0,0.0,2.52
bz_nbr7008_043,period_2,2,120,1,1,144.0,732.36,5465.22,1502.86,1,607.86,2.03,0.0,2.03,0.41,71.2,0.0,71.2,50.86,0.0,144.0,0.0,124.5
bz_nbr7008_043,period_2,2,121,1,1,208.0,1716.31,5465.22,2438.31,1,139.75,850.02,850.02,0.0,0.41,643.62,0.0,643.62,82.51,0.0,208.0,0.0,1576.56
bz_nbr7008_043,period_2,2,122,1,1,208.0,1666.34,5465.22,2367.32,1,114.02,742.83,742.83,0.0,0.36,729.02,0.0,729.02,80.11,0.0,208.0,0.0,1552.32
bz_nbr7008_043,period_2,2,123,1,1,876.0,100.49,5465.22,33.9,1,97.53,0.0,0.0,0.0,2.96,0.0,0.0,0.0,0.0,0.0,876.0,0.0,2.96
bz_nbr7008_043,period_2,2,124,1,1,107.0,234.3,5944.29,647.06,1,233.94,0.0,0.0,0.0,0.36,0.0,0.0,0.0,0.0,0.0,107.0,0.0,0.36
bz_nbr7008_043,period_2,2,125,1,1,536.0,276.5,5944.29,152.44,1,274.69,0.0,0.0,0.0,1.81,0.0,0.0,0.0,0.0,0.0,536.0,0.0,1.81
bz_nbr7008_043,period_2,2,126,1,1,555.0,20.57,5742.24,10.95,1,18.69,0.0,0.0,0.0,1.88,0.0,0.0,0.0,0.0,0.0,555.0,0.0,1.88
bz_nbr7008_043,period_3,3,26,0,1,900.0,7426.33,5465.22,2438.31,1,7193.22,32.11,32.11,0.0,2.96,115.52,0.0,115.52,82.51,0.0,900.0,0.0,0.0
bz_nbr7008_043,period_3,3,30,0,1,900.0,7880.35,5465.22,2587.38,1,5911.54,57.71,57.71,0.0,2.31,1821.24,1821.24,0.0,87.56,0.0,900.0,0.0,0.0
bz_nbr7008_043,period_3,3,4,0,1,900.0,6302.43,5465.22,2069.29,1,4773.53,0.0,0.0,0.0,2.31,1456.56,1456.56,0.0,70.03,0.0,900.0,0.0,0.0
bz_nbr7008_043,period_3,3,45,0,1,900.0,6951.6,5465.22,2282.44,1,6763.26,0.0,0.0,0.0,2.96,108.14,0.0,108.14,77.24,0.0,900.0,0.0,0.0
bz_nbr7008_043,period_3,3,47,0,1,1200.0,6515.67,5944.29,1604.48,2,5506.24,310.79,310.79,0.0,3.63,640.71,640.71,0.0,54.3,0.0,1200.0,0.0,0.0
bz_nbr7008_043,period_3,3,5,0,1,900.0,6953.28,5465.22,2282.99,1,6764.89,0.0,0.0,0.0,2.96,108.16,0.0,108.16,77.26,0.0,900.0,0.0,0.0
bz_nbr7008_043,period_3,3,53,0,1,1200.0,9660.37,5944.29,2378.86,2,7564.11,0.0,0.0,0.0,3.18,2012.58,2012.58,0.0,80.5,0.0,1200.0,0.0,0.0
bz_nbr7008_043,period_3,3,56,0,1,1200.0,8813.21,5944.29,2170.25,2,8177.83,0.0,0.0,0.0,3.77,558.17,0.0,558.17,73.44,0.0,1200.0,0.0,0.0
bz_nbr7008_043,period_3,3,58,0,1,1200.0,7788.84,5944.29,1918.0,2,7642.06,0.0,0.0,0.0,3.99,77.89,0.0,77.89,64.91,0.0,1200.0,0.0,0.0
bz_nbr7008_043,period_3,3,63,0,1,1200.0,7911.9,5944.29,1948.3,2,6504.2,0.0,0.0,0.0,3.34,1338.43,1338.43,0.0,65.93,0.0,1200.0,0.0,0.0
bz_nbr7008_043,period_3,3,71,0,1,1200.0,7965.55,5944.29,1961.51,2,6554.96,0.0,0.0,0.0,3.34,1340.87,1340.87,0.0,66.38,0.0,1200.0,0.0,0.0
bz_nbr7008_043,period_3,3,74,0,1,1200.0,8979.55,5944.29,2211.21,2,8317.29,0.0,0.0,0.0,3.76,583.67,0.0,583.67,74.83,0.0,1200.0,0.0,0.0
bz_nbr7008_043,period_3,3,76,0,1,1200.0,7790.32,5944.29,1918.36,2,7630.89,12.62,12.62,0.0,3.99,77.9,0.0,77.9,64.92,0.0,1200.0,0.0,0.0
bz_nbr7008_043,period_3,3,80,0,1,1200.0,6940.45,5944.29,1709.08,2,6789.24,19.98,19.98,0.0,3.99,69.4,0.0,69.4,57.84,0.0,1200.0,0.0,0.0
bz_nbr7008_043,period_3,3,9,0,1,900.0,5999.95,5465.22,1969.98,2,5564.3,192.73,192.73,0.0,2.92,173.33,0.0,173.33,66.67,0.0,900.0,0.0,0.0
bz_nbr7008_043,period_3,3,92,0,1,1020.0,10807.05,5742.24,3130.86,2,10433.68,30.98,30.98,0.0,3.34,233.09,0.0,233.09,105.95,0.0,1020.0,0.0,0.0
bz_nbr7008_043,period_3,3,93,0,1,1020.0,10845.6,5742.24,3142.03,2,10460.27,31.11,31.11,0.0,3.34,244.56,0.0,244.56,106.33,0.0,1020.0,0.0,0.0
bz_nbr7008_043,period_3,3,95,0,1,1020.0,10624.15,5742.24,3077.87,2,9713.43,74.28,74.28,0.0,3.18,729.11,0.0,729.11,104.16,0.0,1020.0,0.0,0.0
bz_nbr7008_043,period_3,3,97,0,1,1020.0,8857.69,5742.24,2566.12,2,8567.78,0.0,0.0,0.0,3.34,199.73,0.0,199.73,86.84,0.0,1020.0,0.0,0.0
bz_nbr7008_043,period_3,3,109,1,1,432.0,19.47,5465.22,13.32,1,18.01,0.0,0.0,0.0,1.46,0.0,0.0,0.0,0.0,0.0,432.0,0.0,1.46
bz_nbr7008_043,period_3,3,110,1,1,682.0,56.94,5465.22,24.67,1,54.63,0.0,0.0,0.0,2.31,0.0,0.0,0.0,0.0,0.0,682.0,0.0,2.31
bz_nbr7008_043,period_3,3,111,1,0,208.0,1457.07,5465.22,0.0,0,0.0,0.0,0.0,0.0,0.0,0.0,0.0,0.0,0.0,0.0,208.0,0.0,1457.07
bz_nbr7008_043,period_3,3,112,1,0,208.0,1628.98,5465.22,0.0,0,0.0,0.0,0.0,0.0,0.0,0.0,0.0,0.0,0.0,0.0,208.0,0.0,1628.98
bz_nbr7008_043,period_3,3,113,1,1,536.0,849.61,5944.29,468.39,1,847.8,0.0,0.0,0.0,1.81,0.0,0.0,0.0,0.0,0.0,536.0,0.0,1.81
bz_nbr7008_043,period_3,3,114,1,1,118.0,640.71,5944.29,1604.49,1,532.16,48.46,48.46,0.0,0.36,5.43,0.0,5.43,54.3,0.0,118.0,0.0,108.55
bz_nbr7008_043,period_3,3,115,1,1,258.0,124.04,5944.29,142.07,1,123.17,0.0,0.0,0.0,0.87,0.0,0.0,0.0,0.0,0.0,258.0,0.0,0.87
bz_nbr7008_043,period_3,3,116,1,1,250.0,1796.31,5944.29,2123.24,2,1168.38,555.27,555.27,0.0,0.81,0.0,0.0,0.0,71.85,0.0,250.0,0.0,627.93
bz_nbr7008_043,period_3,3,117,1,1,746.0,198.25,5944.29,78.53,1,195.73,0.0,0.0,0.0,2.52,0.0,0.0,0.0,0.0,0.0,746.0,0.0,2.52
bz_nbr7008_043,period_3,3,118,1,1,250.0,1445.93,5944.29,1709.09,2,693.64,693.64,693.64,0.0,0.81,0.0,0.0,0.0,57.84,0.0,250.0,0.0,752.29
bz_nbr7008_043,period_3,3,119,1,1,556.0,54.13,5742.24,28.77,1,52.25,0.0,0.0,0.0,1.88,0.0,0.0,0.0,0.0,0.0,556.0,0.0,1.88
bz_nbr7008_043,period_4,4,108,0,1,1020.0,11121.22,5742.24,3221.88,2,10552.37,205.71,205.71,0.0,3.34,250.77,0.0,250.77,109.03,0.0,1020.0,0.0,0.0
bz_nbr7008_043,period_4,4,14,0,1,900.0,5459.02,5465.22,1792.38,1,5308.17,2.32,0.0,2.32,2.96,84.92,0.0,84.92,60.66,0.0,900.0,0.0,0.0
bz_nbr7008_043,period_4,4,15,0,1,900.0,5455.81,5465.22,1791.32,1,5277.71,29.64,29.64,0.0,2.96,84.87,0.0,84.87,60.62,0.0,900.0,0.0,0.0
bz_nbr7008_043,period_4,4,22,0,1,900.0,4577.23,5465.22,1502.85,1,4452.21,0.0,0.0,0.0,2.96,71.2,0.0,71.2,50.86,0.0,900.0,0.0,0.0
bz_nbr7008_043,period_4,4,5,0,1,900.0,6953.28,5465.22,2282.99,1,4713.24,553.49,553.49,0.0,2.31,1606.98,1606.98,0.0,77.26,0.0,900.0,0.0,0.0
bz_nbr7008_043,period_4,4,53,0,1,1200.0,9660.37,5944.29,2378.86,2,9343.22,136.05,136.05,0.0,3.99,96.6,0.0,96.6,80.5,0.0,1200.0,0.0,0.0
bz_nbr7008_043,period_4,4,54,0,1,1200.0,8989.13,5944.29,2213.57,2,8820.34,0.0,0.0,0.0,3.99,89.89,0.0,89.89,74.91,0.0,1200.0,0.0,0.0
bz_nbr7008_043,period_4,4,55,0,1,1200.0,9265.22,5944.29,2281.56,2,8597.44,0.0,0.0,0.0,3.77,586.8,0.0,586.8,77.21,0.0,1200.0,0.0,0.0
bz_nbr7008_043,period_4,4,61,0,1,1200.0,8806.08,5944.29,2168.49,3,7863.14,0.0,0.0,0.0,3.63,865.93,865.93,0.0,73.38,0.0,1200.0,0.0,0.0
bz_nbr7008_043,period_4,4,65,0,1,1200.0,8585.18,5944.29,2114.1,2,7951.84,0.0,0.0,0.0,3.76,558.04,0.0,558.04,71.54,0.0,1200.0,0.0,0.0
bz_nbr7008_043,period_4,4,69,0,1,1200.0,8726.3,5944.29,2148.85,2,7181.31,0.0,0.0,0.0,3.34,1468.93,1468.93,0.0,72.72,0.0,1200.0,0.0,0.0
bz_nbr7008_043,period_4,4,74,0,1,1200.0,8979.55,5944.29,2211.21,2,8332.25,0.0,0.0,0.0,3.77,568.7,0.0,568.7,74.83,0.0,1200.0,0.0,0.0
bz_nbr7008_043,period_4,4,78,0,1,1200.0,7641.03,5944.29,1881.6,2,4983.07,1839.29,1839.29,0.0,3.63,751.37,751.37,0.0,63.68,0.0,1200.0,0.0,0.0
bz_nbr7008_043,period_4,4,85,0,1,1020.0,12497.66,5742.24,3620.64,1,8353.97,0.0,0.0,0.0,2.31,4018.86,4018.86,0.0,122.53,0.0,1020.0,0.0,0.0
bz_nbr7008_043,period_4,4,88,0,1,1020.0,10102.75,5742.24,2926.82,2,9772.56,0.0,0.0,0.0,3.34,227.81,0.0,227.81,99.05,0.0,1020.0,0.0,0.0
bz_nbr7008_043,period_4,4,109,1,0,208.0,1456.56,5465.22,0.0,0,0.0,0.0,0.0,0.0,0.0,0.0,0.0,0.0,0.0,0.0,208.0,0.0,1456.56
bz_nbr7008_043,period_4,4,110,1,1,432.0,192.73,5465.22,131.83,1,191.27,0.0,0.0,0.0,1.46,0.0,0.0,0.0,0.0,0.0,432.0,0.0,1.46
bz_nbr7008_043,period_4,4,111,1,1,876.0,32.11,5465.22,10.83,1,29.15,0.0,0.0,0.0,2.96,0.0,0.0,0.0,0.0,0.0,876.0,0.0,2.96
bz_nbr7008_043,period_4,4,112,1,1,682.0,57.71,5465.22,25.0,1,55.4,0.0,0.0,0.0,2.31,0.0,0.0,0.0,0.0,0.0,682.0,0.0,2.31
bz_nbr7008_043,period_4,4,113,1,0,208.0,1821.24,5465.22,0.0,0,0.0,0.0,0.0,0.0,0.0,0.0,0.0,0.0,0.0,0.0,208.0,0.0,1821.24
bz_nbr7008_043,period_4,4,114,1,1,536.0,310.79,5944.29,171.34,1,308.98,0.0,0.0,0.0,1.81,0.0,0.0,0.0,0.0,0.0,536.0,0.0,1.81
bz_nbr7008_043,period_4,4,115,1,1,118.0,640.71,5944.29,1604.49,1,333.04,247.58,247.58,0.0,0.36,5.43,0.0,5.43,54.3,0.0,118.0,0.0,307.67
bz_nbr7008_043,period_4,4,116,1,1,250.0,2012.58,5944.29,2378.87,2,1532.2,399.06,399.06,0.0,0.81,0.0,0.0,0.0,80.5,0.0,250.0,0.0,480.38
bz_nbr7008_043,period_4,4,117,1,0,203.0,1338.43,5944.29,0.0,0,0.0,0.0,0.0,0.0,0.0,0.0,0.0,0.0,0.0,0.0,203.0,0.0,1338.43
bz_nbr7008_043,period_4,4,118,1,0,202.0,1340.87,5944.29,0.0,0,0.0,0.0,0.0,0.0,0.0,0.0,0.0,0.0,0.0,0.0,202.0,0.0,1340.87
bz_nbr7008_043,period_4,4,119,1,1,746.0,12.62,5944.29,5.0,1,10.1,0.0,0.0,0.0,2.52,0.0,0.0,0.0,0.0,0.0,746.0,0.0,2.52
bz_nbr7008_043,period_4,4,120,1,1,746.0,19.98,5944.29,7.91,1,17.46,0.0,0.0,0.0,2.52,0.0,0.0,0.0,0.0,0.0,746.0,0.0,2.52
bz_nbr7008_043,period_4,4,121,1,1,556.0,30.98,5742.24,16.47,1,27.24,1.86,0.0,1.86,1.88,0.0,0.0,0.0,0.0,0.0,556.0,0.0,3.74
bz_nbr7008_043,period_4,4,122,1,1,555.0,31.11,5742.24,16.56,1,29.23,0.0,0.0,0.0,1.88,0.0,0.0,0.0,0.0,0.0,555.0,0.0,1.88
bz_nbr7008_043,period_4,4,123,1,1,258.0,74.28,5742.24,85.08,1,72.97,0.44,0.0,0.44,0.87,0.0,0.0,0.0,0.0,0.0,258.0,0.0,1.31
bz_nbr7008_043,period_5,5,102,0,1,1020.0,10704.7,5742.24,3101.21,2,10349.95,15.57,15.57,0.0,3.34,230.89,0.0,230.89,104.95,0.0,1020.0,0.0,0.0
bz_nbr7008_043,period_5,5,108,0,1,1020.0,11121.22,5742.24,3221.88,2,10752.49,5.59,0.0,5.59,3.34,250.77,0.0,250.77,109.03,0.0,1020.0,0.0,0.0
bz_nbr7008_043,period_5,5,30,0,1,900.0,7880.35,5465.22,2587.38,1,7664.82,2.43,0.0,2.43,2.96,122.58,0.0,122.58,87.56,0.0,900.0,0.0,0.0
bz_nbr7008_043,period_5,5,38,0,1,900.0,6246.97,5465.22,2051.09,1,6077.42,0.0,0.0,0.0,2.96,97.18,0.0,97.18,69.41,0.0,900.0,0.0,0.0
bz_nbr7008_043,period_5,5,40,0,1,900.0,5820.72,5465.22,1911.13,2,5445.2,139.76,139.76,0.0,2.92,168.15,0.0,168.15,64.67,0.0,900.0,0.0,0.0
bz_nbr7008_043,period_5,5,47,0,1,1200.0,6515.67,5944.29,1604.48,2,6392.23,0.0,0.0,0.0,3.99,65.16,0.0,65.16,54.3,0.0,1200.0,0.0,0.0
bz_nbr7008_043,period_5,5,50,0,1,1200.0,7063.03,5944.29,1739.27,2,6860.21,69.35,69.35,0.0,3.99,70.63,0.0,70.63,58.86,0.0,1200.0,0.0,0.0
bz_nbr7008_043,period_5,5,51,0,1,1200.0,7580.63,5944.29,1866.73,2,6365.81,522.55,522.55,0.0,3.69,625.4,0.0,625.4,63.17,0.0,1200.0,0.0,0.0
bz_nbr7008_043,period_5,5,62,0,1,1200.0,8022.45,5944.29,1975.53,2,6263.84,17.23,17.23,0.0,3.18,1671.34,1671.34,0.0,66.85,0.0,1200.0,0.0,0.0
bz_nbr7008_043,period_5,5,64,0,1,1200.0,8804.41,5944.29,2168.08,2,8169.66,0.0,0.0,0.0,3.77,557.61,0.0,557.61,73.37,0.0,1200.0,0.0,0.0
bz_nbr7008_043,period_5,5,66,0,1,1200.0,7923.29,5944.29,1951.11,2,7351.68,0.0,0.0,0.0,3.77,501.81,0.0,501.81,66.03,0.0,1200.0,0.0,0.0
bz_nbr7008_043,period_5,5,67,0,1,1200.0,9172.97,5944.29,2258.84,2,8336.07,0.0,0.0,0.0,3.69,756.77,0.0,756.77,76.44,0.0,1200.0,0.0,0.0
bz_nbr7008_043,period_5,5,7,0,1,900.0,7226.15,5465.22,2372.58,1,7030.49,0.0,0.0,0.0,2.96,112.41,0.0,112.41,80.29,0.0,900.0,0.0,0.0
bz_nbr7008_043,period_5,5,70,0,1,1200.0,8707.53,5944.29,2144.23,2,8079.72,0.0,0.0,0.0,3.77,551.48,0.0,551.48,72.56,0.0,1200.0,0.0,0.0
bz_nbr7008_043,period_5,5,73,0,1,1200.0,7191.58,5944.29,1770.92,2,6672.41,0.0,0.0,0.0,3.77,455.47,0.0,455.47,59.93,0.0,1200.0,0.0,0.0
bz_nbr7008_043,period_5,5,76,0,1,1200.0,7790.32,5944.29,1918.36,2,7643.51,0.0,0.0,0.0,3.99,77.9,0.0,77.9,64.92,0.0,1200.0,0.0,0.0
bz_nbr7008_043,period_5,5,77,0,1,1200.0,9082.29,5944.29,2236.51,2,8412.49,0.0,0.0,0.0,3.76,590.35,0.0,590.35,75.69,0.0,1200.0,0.0,0.0
bz_nbr7008_043,period_5,5,78,0,1,1200.0,7641.03,5944.29,1881.6,2,7496.96,0.0,0.0,0.0,3.99,76.41,0.0,76.41,63.68,0.0,1200.0,0.0,0.0
bz_nbr7008_043,period_5,5,79,0,1,1200.0,7062.24,5944.29,1739.07,2,6534.7,0.0,0.0,0.0,3.76,464.93,0.0,464.93,58.85,0.0,1200.0,0.0,0.0
bz_nbr7008_043,period_5,5,80,0,1,1200.0,6940.45,5944.29,1709.08,2,6439.28,0.0,0.0,0.0,3.77,439.56,0.0,439.56,57.84,0.0,1200.0,0.0,0.0
bz_nbr7008_043,period_5,5,88,0,1,1020.0,10102.75,5742.24,2926.82,2,9782.46,0.0,0.0,0.0,3.34,217.9,0.0,217.9,99.05,0.0,1020.0,0.0,0.0
bz_nbr7008_043,period_5,5,9,0,1,900.0,5999.95,5465.22,1969.98,2,5757.03,0.0,0.0,0.0,2.92,173.33,0.0,173.33,66.67,0.0,900.0,0.0,0.0
bz_nbr7008_043,period_5,5,99,0,1,1020.0,11479.18,5742.24,3325.58,2,8452.16,570.91,570.91,0.0,2.71,2340.85,2340.85,0.0,112.54,0.0,1020.0,0.0,0.0
bz_nbr7008_043,period_5,5,109,1,1,682.0,553.49,5465.22,239.82,1,549.21,1.97,0.0,1.97,2.31,0.0,0.0,0.0,0.0,0.0,682.0,0.0,4.28
bz_nbr7008_043,period_5,5,110,1,1,208.0,1606.98,5465.22,2282.99,1,926.7,0.0,0.0,0.0,0.41,602.62,0.0,602.62,77.26,0.0,208.0,0.0,680.28
bz_nbr7008_043,period_5,5,111,1,1,876.0,29.64,5465.22,10.0,1,26.68,0.0,0.0,0.0,2.96,0.0,0.0,0.0,0.0,0.0,876.0,0.0,2.96
bz_nbr7008_043,period_5,5,112,1,1,746.0,136.05,5944.29,53.89,1,133.53,0.0,0.0,0.0,2.52,0.0,0.0,0.0,0.0,0.0,746.0,0.0,2.52
bz_nbr7008_043,period_5,5,113,1,1,118.0,865.93,5944.29,2168.49,1,550.03,234.82,234.82,0.0,0.36,7.34,0.0,7.34,73.38,0.0,118.0,0.0,315.9
bz_nbr7008_043,period_5,5,114,1,1,202.0,1468.93,5944.29,2148.85,1,872.23,0.0,0.0,0.0,0.41,523.58,0.0,523.58,72.72,0.0,202.0,0.0,596.7
bz_nbr7008_043,period_5,5,115,1,1,536.0,1839.29,5944.29,1014.01,1,1837.48,0.0,0.0,0.0,1.81,0.0,0.0,0.0,0.0,0.0,536.0,0.0,1.81
bz_nbr7008_043,period_5,5,116,1,1,118.0,751.37,5944.29,1881.61,1,0.0,680.96,680.96,0.0,0.36,6.37,0.0,6.37,63.68,0.0,118.0,0.0,751.37
bz_nbr7008_043,period_5,5,117,1,1,328.0,4018.86,5742.24,3620.64,1,3160.3,0.0,0.0,0.0,0.87,735.16,0.0,735.16,122.53,0.0,328.0,0.0,858.56
bz_nbr7008_043,period_5,5,118,1,1,432.0,72.27,5742.24,49.43,1,70.81,0.0,0.0,0.0,1.46,0.0,0.0,0.0,0.0,0.0,432.0,0.0,1.46
bz_nbr7008_043,period_5,5,119,1,1,555.0,133.44,5742.24,71.05,1,131.56,0.0,0.0,0.0,1.88,0.0,0.0,0.0,0.0,0.0,555.0,0.0,1.88
bz_nbr7008_075,period_1,1,1,0,1,1000.0,6006.21,5355.26,1017.57,2,4687.16,1247.14,1247.14,0.0,5.84,6.01,0.0,6.01,60.06,0.0,1000.0,0.0,0.0
bz_nbr7008_075,period_1,1,2,0,1,1000.0,6606.91,5355.26,1119.34,2,6521.8,0.0,0.0,0.0,5.83,13.21,0.0,13.21,66.07,0.0,1000.0,0.0,0.0
bz_nbr7008_075,period_1,1,3,0,1,1000.0,6948.64,5355.26,1177.24,2,6707.31,152.11,152.11,0.0,5.83,13.9,0.0,13.9,69.49,0.0,1000.0,0.0,0.0
bz_nbr7008_075,period_1,1,4,0,1,1000.0,7071.97,5355.26,1198.13,2,6529.05,0.0,0.0,0.0,5.45,466.75,466.75,0.0,70.72,0.0,1000.0,0.0,0.0
bz_nbr7008_075,period_1,1,7,0,1,1000.0,6173.57,5355.26,1045.92,6,5564.9,220.37,220.37,0.0,5.54,321.03,321.03,0.0,61.74,0.0,1000.0,0.0,0.0
bz_nbr7008_075,period_1,1,8,0,1,1000.0,7395.89,5355.26,1253.01,3,5956.75,103.04,103.04,0.0,4.84,1257.3,1257.3,0.0,73.96,0.0,1000.0,0.0,0.0
bz_nbr7008_075,period_2,2,1,0,1,1000.0,6006.21,5355.26,1017.57,2,5544.28,0.0,0.0,0.0,5.45,396.41,396.41,0.0,60.06,0.0,1000.0,0.0,0.0
bz_nbr7008_075,period_2,2,10,0,1,1000.0,7523.85,5355.26,1274.69,2,7378.4,49.33,49.33,0.0,5.83,15.05,0.0,15.05,75.24,0.0,1000.0,0.0,0.0
bz_nbr7008_075,period_2,2,11,0,1,1000.0,7895.06,5355.26,1337.58,3,6719.84,17.5,17.5,0.0,5.04,1073.73,1073.73,0.0,78.95,0.0,1000.0,0.0,0.0
bz_nbr7008_075,period_2,2,2,0,1,1000.0,6606.91,5355.26,1119.34,2,4703.41,1395.92,1395.92,0.0,5.45,436.06,436.06,0.0,66.07,0.0,1000.0,0.0,0.0
bz_nbr7008_075,period_2,2,7,0,1,1000.0,6173.57,5355.26,1045.92,2,4726.86,1372.97,1372.97,0.0,5.84,6.17,0.0,6.17,61.74,0.0,1000.0,0.0,0.0
bz_nbr7008_075,period_2,2,12,1,1,495.0,1247.14,5355.26,426.85,2,904.89,0.0,0.0,0.0,2.12,314.93,314.93,0.0,25.19,0.0,495.0,0.0,342.25
bz_nbr7008_075,period_2,2,13,1,1,494.0,152.11,5355.26,52.17,1,149.19,0.0,0.0,0.0,2.92,0.0,0.0,0.0,0.0,0.0,494.0,0.0,2.92
bz_nbr7008_075,period_2,2,14,1,1,66.0,466.75,5355.26,1198.13,1,0.0,268.51,268.51,0.0,0.22,127.3,0.0,127.3,70.72,0.0,66.0,0.0,466.75
bz_nbr7008_075,period_2,2,15,1,1,180.0,220.37,5355.26,207.42,1,219.31,0.0,0.0,0.0,1.06,0.0,0.0,0.0,0.0,0.0,180.0,0.0,1.06
bz_nbr7008_075,period_2,2,16,1,1,52.0,321.03,5355.26,1045.94,1,234.37,0.0,0.0,0.0,0.22,24.69,0.0,24.69,61.74,0.0,52.0,0.0,86.66
bz_nbr7008_075,period_2,2,17,1,1,744.0,55.37,5355.26,12.61,1,50.98,0.0,0.0,0.0,4.39,0.0,0.0,0.0,0.0,0.0,744.0,0.0,4.39
bz_nbr7008_075,period_2,2,18,1,1,38.0,47.66,5355.26,212.49,1,0.0,47.44,47.44,0.0,0.22,0.0,0.0,0.0,0.0,0.0,38.0,0.0,47.66
bz_nbr7008_075,period_2,2,19,1,1,170.0,1257.3,5355.26,1253.01,3,468.08,374.38,374.38,0.0,0.67,340.21,340.21,0.0,73.96,0.0,170.0,0.0,789.22
bz_nbr7008_075,period_3,3,1,0,1,1000.0,6006.21,5355.26,1017.57,2,5907.66,20.64,20.64,0.0,5.83,12.01,0.0,12.01,60.06,0.0,1000.0,0.0,0.0
bz_nbr7008_075,period_3,3,2,0,1,1000.0,6606.91,5355.26,1119.34,5,5940.91,0.0,0.0,0.0,5.31,594.62,594.62,0.0,66.07,0.0,1000.0,0.0,0.0
bz_nbr7008_075,period_3,3,3,0,1,1000.0,6948.64,5355.26,1177.24,2,6272.62,142.47,142.47,0.0,5.45,458.61,458.61,0.0,69.49,0.0,1000.0,0.0,0.0
bz_nbr7008_075,period_3,3,4,0,1,1000.0,7071.97,5355.26,1198.13,1,3490.64,0.0,0.0,0.0,2.92,3507.7,3507.7,0.0,70.72,0.0,1000.0,0.0,0.0
bz_nbr7008_075,period_3,3,6,0,1,1000.0,7251.61,5355.26,1228.57,1,5390.81,0.0,0.0,0.0,4.39,1783.9,1783.9,0.0,72.52,0.0,1000.0,0.0,0.0
bz_nbr7008_075,period_3,3,7,0,1,1000.0,6173.57,5355.26,1045.92,2,6093.66,0.0,0.0,0.0,5.83,12.35,0.0,12.35,61.74,0.0,1000.0,0.0,0.0
bz_nbr7008_075,period_3,3,12,1,1,66.0,396.41,5355.26,1017.57,1,226.89,1.12,0.0,1.12,0.22,108.11,0.0,108.11,60.06,0.0,66.0,0.0,169.52
bz_nbr7008_075,period_3,3,13,1,1,744.0,1395.92,5355.26,317.87,3,985.84,347.71,346.58,1.12,4.21,39.4,0.0,39.4,18.76,0.0,744.0,0.0,410.08
bz_nbr7008_075,period_3,3,14,1,1,66.0,436.06,5355.26,1119.35,1,249.72,1.12,0.0,1.12,0.22,118.93,0.0,118.93,66.07,0.0,66.0,0.0,186.34
bz_nbr7008_075,period_3,3,15,1,1,495.0,1372.97,5355.26,469.92,1,1355.44,14.61,0.0,14.61,2.92,0.0,0.0,0.0,0.0,0.0,495.0,0.0,17.53
bz_nbr7008_075,period_3,3,16,1,1,494.0,49.33,5355.26,16.92,1,46.41,0.0,0.0,0.0,2.92,0.0,0.0,0.0,0.0,0.0,494.0,0.0,2.92
bz_nbr7008_075,period_3,3,17,1,1,180.0,17.5,5355.26,16.47,1,16.44,0.0,0.0,0.0,1.06,0.0,0.0,0.0,0.0,0.0,180.0,0.0,1.06
bz_nbr7008_075,period_3,3,18,1,1,136.0,1073.73,5355.26,1337.58,3,363.32,536.05,534.92,1.12,0.67,94.74,0.0,94.74,78.95,0.0,136.0,0.0,710.41
bz_nbr7008_075,period_4,4,1,0,1,1000.0,6006.21,5355.26,1017.57,2,4337.11,1597.19,1597.19,0.0,5.84,6.01,0.0,6.01,60.06,0.0,1000.0,0.0,0.0
bz_nbr7008_075,period_4,4,2,0,1,1000.0,6606.91,5355.26,1119.34,2,6521.8,0.0,0.0,0.0,5.83,13.21,0.0,13.21,66.07,0.0,1000.0,0.0,0.0
bz_nbr7008_075,period_4,4,3,0,1,1000.0,6948.64,5355.26,1177.24,2,5749.72,665.37,665.37,0.0,5.45,458.61,458.61,0.0,69.49,0.0,1000.0,0.0,0.0
bz_nbr7008_075,period_4,4,4,0,1,1000.0,7071.97,5355.26,1198.13,1,3490.64,0.0,0.0,0.0,2.92,3507.7,3507.7,0.0,70.72,0.0,1000.0,0.0,0.0
bz_nbr7008_075,period_4,4,7,0,1,1000.0,6173.57,5355.26,1045.92,2,4492.57,1206.35,1206.35,0.0,5.45,407.46,407.46,0.0,61.74,0.0,1000.0,0.0,0.0
bz_nbr7008_075,period_4,4,12,1,1,494.0,20.64,5355.26,7.08,1,14.71,3.02,0.0,3.02,2.92,0.0,0.0,0.0,0.0,0.0,494.0,0.0,5.93
bz_nbr7008_075,period_4,4,13,1,0,90.0,594.62,5355.26,0.0,0,0.0,0.0,0.0,0.0,0.0,0.0,0.0,0.0,0.0,0.0,90.0,0.0,594.62
bz_nbr7008_075,period_4,4,14,1,1,180.0,83.8,5355.26,78.87,1,82.74,0.0,0.0,0.0,1.06,0.0,0.0,0.0,0.0,0.0,180.0,0.0,1.06
bz_nbr7008_075,period_4,4,15,1,1,744.0,58.67,5355.26,13.36,1,54.28,0.0,0.0,0.0,4.39,0.0,0.0,0.0,0.0,0.0,744.0,0.0,4.39
bz_nbr7008_075,period_4,4,16,1,1,66.0,458.61,5355.26,1177.24,1,0.0,263.82,263.82,0.0,0.22,125.08,0.0,125.08,69.49,0.0,66.0,0.0,458.61
bz_nbr7008_075,period_4,4,17,1,1,496.0,3507.7,5355.26,1198.13,5,2923.3,426.02,426.02,0.0,2.8,84.86,0.0,84.86,70.72,0.0,496.0,0.0,584.4
bz_nbr7008_075,period_4,4,18,1,1,246.0,1783.9,5355.26,1228.57,2,1579.57,0.0,0.0,0.0,1.29,130.53,0.0,130.53,72.52,0.0,246.0,0.0,204.33
bz_nbr7008_075,period_5,5,1,0,1,1000.0,6006.21,5355.26,1017.57,2,5913.72,14.58,14.58,0.0,5.83,12.01,0.0,12.01,60.06,0.0,1000.0,0.0,0.0
bz_nbr7008_075,period_5,5,10,0,1,1000.0,7523.85,5355.26,1274.69,1,5593.35,0.0,0.0,0.0,4.39,1850.87,1850.87,0.0,75.24,0.0,1000.0,0.0,0.0
bz_nbr7008_075,period_5,5,2,0,1,1000.0,6606.91,5355.26,1119.34,2,5221.81,1306.59,1306.59,0.0,5.84,6.61,0.0,6.61,66.07,0.0,1000.0,0.0,0.0
bz_nbr7008_075,period_5,5,3,0,1,1000.0,6948.64,5355.26,1177.24,3,5764.73,164.37,164.37,0.0,5.04,945.02,945.02,0.0,69.49,0.0,1000.0,0.0,0.0
bz_nbr7008_075,period_5,5,7,0,1,1000.0,6173.57,5355.26,1045.92,2,6093.66,0.0,0.0,0.0,5.83,12.35,0.0,12.35,61.74,0.0,1000.0,0.0,0.0
bz_nbr7008_075,period_5,5,8,0,1,1000.0,7395.89,5355.26,1253.01,2,6624.29,204.06,204.06,0.0,5.45,488.13,488.13,0.0,73.96,0.0,1000.0,0.0,0.0
bz_nbr7008_075,period_5,5,12,1,1,495.0,1597.19,5355.26,546.66,3,1280.73,1.12,0.0,1.12,2.35,280.72,280.72,0.0,32.27,0.0,495.0,0.0,316.46
bz_nbr7008_075,period_5,5,13,1,1,180.0,643.41,5355.26,605.59,1,642.35,0.0,0.0,0.0,1.06,0.0,0.0,0.0,0.0,0.0,180.0,0.0,1.06
bz_nbr7008_075,period_5,5,14,1,1,744.0,21.96,5355.26,5.0,1,17.57,0.0,0.0,0.0,4.39,0.0,0.0,0.0,0.0,0.0,744.0,0.0,4.39
bz_nbr7008_075,period_5,5,15,1,1,66.0,458.61,5355.26,1177.24,1,0.0,263.82,263.82,0.0,0.22,125.08,0.0,125.08,69.49,0.0,66.0,0.0,458.61
bz_nbr7008_075,period_5,5,16,1,1,496.0,3507.7,5355.26,1198.13,5,3059.53,289.79,288.67,1.12,2.8,84.86,0.0,84.86,70.72,0.0,496.0,0.0,448.17
bz_nbr7008_075,period_5,5,17,1,1,180.0,5.31,5355.26,5.0,1,4.25,0.0,0.0,0.0,1.06,0.0,0.0,0.0,0.0,0.0,180.0,0.0,1.06
bz_nbr7008_075,period_5,5,18,1,1,744.0,1201.04,5355.26,273.49,1,1196.65,0.0,0.0,0.0,4.39,0.0,0.0,0.0,0.0,0.0,744.0,0.0,4.39
bz_nbr7008_075,period_5,5,19,1,1,66.0,407.46,5355.26,1045.94,1,233.25,1.12,0.0,1.12,0.22,111.13,0.0,111.13,61.74,0.0,66.0,0.0,174.21
bz_nbr7008_095,period_1,1,10,0,1,1000.0,8416.52,5412.45,1125.73,3,8324.95,0.0,0.0,0.0,7.4,0.0,0.0,0.0,84.17,0.0,1000.0,0.0,0.0
bz_nbr7008_095,period_1,1,11,0,1,1000.0,10148.98,5412.45,1357.45,3,10008.37,31.72,31.72,0.0,7.4,0.0,0.0,0.0,101.49,0.0,1000.0,0.0,0.0
bz_nbr7008_095,period_1,1,3,0,1,1000.0,11126.31,5412.45,1488.17,5,9076.87,40.57,40.57,0.0,6.13,1891.47,1891.47,0.0,111.26,0.0,1000.0,0.0,0.0
bz_nbr7008_095,period_1,1,4,0,1,1000.0,9000.68,5412.45,1203.86,4,8759.38,0.0,0.0,0.0,7.28,144.01,0.0,144.01,90.01,0.0,1000.0,0.0,0.0
bz_nbr7008_095,period_1,1,6,0,1,1000.0,9450.33,5412.45,1264.0,3,9348.42,0.0,0.0,0.0,7.4,0.0,0.0,0.0,94.5,0.0,1000.0,0.0,0.0
bz_nbr7008_095,period_1,1,8,0,1,1000.0,10079.29,5412.45,1348.13,3,8600.12,101.93,101.93,0.0,6.46,1269.99,1269.99,0.0,100.79,0.0,1000.0,0.0,0.0
bz_nbr7008_095,period_2,2,10,0,1,1000.0,8416.52,5412.45,1125.73,3,8324.95,0.0,0.0,0.0,7.4,0.0,0.0,0.0,84.17,0.0,1000.0,0.0,0.0
bz_nbr7008_095,period_2,2,2,0,1,1000.0,9411.76,5412.45,1258.85,3,9310.24,0.0,0.0,0.0,7.4,0.0,0.0,0.0,94.12,0.0,1000.0,0.0,0.0
bz_nbr7008_095,period_2,2,4,0,1,1000.0,9000.68,5412.45,1203.86,2,6780.88,0.0,0.0,0.0,5.64,2124.16,2124.16,0.0,90.01,0.0,1000.0,0.0,0.0
bz_nbr7008_095,period_2,2,5,0,1,1000.0,9700.28,5412.45,1297.44,3,9465.51,130.36,130.36,0.0,7.4,0.0,0.0,0.0,97.0,0.0,1000.0,0.0,0.0
bz_nbr7008_095,period_2,2,6,0,1,1000.0,9450.33,5412.45,1264.0,2,6300.09,819.82,819.82,0.0,5.64,2230.28,2230.28,0.0,94.5,0.0,1000.0,0.0,0.0
bz_nbr7008_095,period_2,2,7,0,1,1000.0,11315.34,5412.45,1513.45,5,9067.0,205.45,205.45,0.0,6.13,1923.61,1923.61,0.0,113.15,0.0,1000.0,0.0,0.0
bz_nbr7008_095,period_2,2,12,1,1,200.0,34.45,5412.45,23.04,1,32.95,0.0,0.0,0.0,1.5,0.0,0.0,0.0,0.0,0.0,200.0,0.0,1.5
bz_nbr7008_095,period_2,2,13,1,1,110.0,6.12,5412.45,7.44,1,5.3,0.0,0.0,0.0,0.82,0.0,0.0,0.0,0.0,0.0,110.0,0.0,0.82
bz_nbr7008_095,period_2,2,14,1,1,170.0,1891.47,5412.45,1488.17,1,1223.07,0.0,0.0,0.0,0.82,556.31,0.0,556.31,111.26,0.0,170.0,0.0,668.4
bz_nbr7008_095,period_2,2,15,1,1,554.0,101.93,5412.45,24.61,1,97.79,0.0,0.0,0.0,4.14,0.0,0.0,0.0,0.0,0.0,554.0,0.0,4.14
bz_nbr7008_095,period_2,2,16,1,1,126.0,1269.99,5412.45,1348.13,1,1107.9,0.0,0.0,0.0,0.82,60.48,0.0,60.48,100.79,0.0,126.0,0.0,162.09
bz_nbr7008_095,period_2,2,17,1,1,330.0,31.72,5412.45,12.86,1,29.25,0.0,0.0,0.0,2.47,0.0,0.0,0.0,0.0,0.0,330.0,0.0,2.47
bz_nbr7008_095,period_3,3,10,0,1,1000.0,8416.52,5412.45,1125.73,3,7244.7,20.71,20.71,0.0,6.46,1060.48,1060.48,0.0,84.17,0.0,1000.0,0.0,0.0
bz_nbr7008_095,period_3,3,2,0,1,1000.0,9411.76,5412.45,1258.85,3,6585.03,1540.27,1540.27,0.0,6.46,1185.88,1185.88,0.0,94.12,0.0,1000.0,0.0,0.0
bz_nbr7008_095,period_3,3,4,0,1,1000.0,9000.68,5412.45,1203.86,3,7301.44,468.68,468.68,0.0,6.46,1134.09,1134.09,0.0,90.01,0.0,1000.0,0.0,0.0
bz_nbr7008_095,period_3,3,5,0,1,1000.0,9700.28,5412.45,1297.44,3,9595.88,0.0,0.0,0.0,7.4,0.0,0.0,0.0,97.0,0.0,1000.0,0.0,0.0
bz_nbr7008_095,period_3,3,6,0,1,1000.0,9450.33,5412.45,1264.0,3,6823.78,69.51,69.51,0.0,5.46,2457.09,2457.09,0.0,94.5,0.0,1000.0,0.0,0.0
bz_nbr7008_095,period_3,3,7,0,1,1000.0,11315.34,5412.45,1513.45,3,11182.45,12.34,12.34,0.0,7.4,0.0,0.0,0.0,113.15,0.0,1000.0,0.0,0.0
bz_nbr7008_095,period_3,3,9,0,1,1000.0,10904.98,5412.45,1458.57,3,10788.53,0.0,0.0,0.0,7.4,0.0,0.0,0.0,109.05,0.0,1000.0,0.0,0.0
bz_nbr7008_095,period_3,3,12,1,1,236.0,2124.16,5412.45,1203.86,2,1978.5,0.0,0.0,0.0,1.64,54.0,0.0,54.0,90.01,0.0,236.0,0.0,145.66
bz_nbr7008_095,period_3,3,13,1,1,330.0,130.36,5412.45,52.84,1,127.89,0.0,0.0,0.0,2.47,0.0,0.0,0.0,0.0,0.0,330.0,0.0,2.47
bz_nbr7008_095,period_3,3,14,1,1,554.0,819.82,5412.45,197.93,1,815.68,0.0,0.0,0.0,4.14,0.0,0.0,0.0,0.0,0.0,554.0,0.0,4.14
bz_nbr7008_095,period_3,3,15,1,1,236.0,2230.28,5412.45,1264.01,1,1888.57,0.0,0.0,0.0,1.5,245.71,0.0,245.71,94.5,0.0,236.0,0.0,341.71
bz_nbr7008_095,period_3,3,16,1,1,200.0,97.95,5412.45,65.51,1,96.45,0.0,0.0,0.0,1.5,0.0,0.0,0.0,0.0,0.0,200.0,0.0,1.5
bz_nbr7008_095,period_3,3,17,1,1,110.0,103.38,5412.45,125.7,1,102.56,0.0,0.0,0.0,0.82,0.0,0.0,0.0,0.0,0.0,110.0,0.0,0.82
bz_nbr7008_095,period_3,3,18,1,1,110.0,4.11,5412.45,5.0,1,3.29,0.0,0.0,0.0,0.82,0.0,0.0,0.0,0.0,0.0,110.0,0.0,0.82
bz_nbr7008_095,period_3,3,19,1,1,170.0,1923.61,5412.45,1513.46,1,1243.87,0.0,0.0,0.0,0.82,565.77,0.0,565.77,113.15,0.0,170.0,0.0,679.74
bz_nbr7008_095,period_4,4,10,0,1,1000.0,8416.52,5412.45,1125.73,3,6804.09,461.32,461.32,0.0,6.46,1060.48,1060.48,0.0,84.17,0.0,1000.0,0.0,0.0
bz_nbr7008_095,period_4,4,2,0,1,1000.0,9411.76,5412.45,1258.85,3,9285.57,24.67,24.67,0.0,7.4,0.0,0.0,0.0,94.12,0.0,1000.0,0.0,0.0
bz_nbr7008_095,period_4,4,4,0,1,1000.0,9000.68,5412.45,1203.86,3,8903.27,0.0,0.0,0.0,7.4,0.0,0.0,0.0,90.01,0.0,1000.0,0.0,0.0
bz_nbr7008_095,period_4,4,5,0,1,1000.0,9700.28,5412.45,1297.44,2,7251.37,57.01,57.01,0.0,5.64,2289.27,2289.27,0.0,97.0,0.0,1000.0,0.0,0.0
bz_nbr7008_095,period_4,4,6,0,1,1000.0,9450.33,5412.45,1264.0,3,8099.0,21.85,21.85,0.0,6.43,1228.54,1228.54,0.0,94.5,0.0,1000.0,0.0,0.0
bz_nbr7008_095,period_4,4,12,1,1,554.0,1494.56,5412.45,360.83,2,1425.85,0.0,0.0,0.0,3.96,37.77,0.0,37.77,26.98,0.0,554.0,0.0,68.71
bz_nbr7008_095,period_4,4,13,1,1,200.0,45.71,5412.45,30.57,1,44.21,0.0,0.0,0.0,1.5,0.0,0.0,0.0,0.0,0.0,200.0,0.0,1.5
bz_nbr7008_095,period_4,4,14,1,1,126.0,1185.88,5412.45,1258.84,1,1034.47,0.0,0.0,0.0,0.82,56.47,0.0,56.47,94.12,0.0,126.0,0.0,151.41
bz_nbr7008_095,period_4,4,15,1,1,110.0,468.68,5412.45,569.88,1,467.86,0.0,0.0,0.0,0.82,0.0,0.0,0.0,0.0,0.0,110.0,0.0,0.82
bz_nbr7008_095,period_4,4,16,1,1,126.0,1134.09,5412.45,1203.87,1,989.26,0.0,0.0,0.0,0.82,54.0,0.0,54.0,90.01,0.0,126.0,0.0,144.83
bz_nbr7008_095,period_4,4,17,1,1,330.0,69.51,5412.45,28.17,1,67.04,0.0,0.0,0.0,2.47,0.0,0.0,0.0,0.0,0.0,330.0,0.0,2.47
bz_nbr7008_095,period_4,4,18,1,1,260.0,2457.09,5412.45,1264.01,1,1888.57,0.0,0.0,0.0,1.5,472.52,0.0,472.52,94.5,0.0,260.0,0.0,568.52
bz_nbr7008_095,period_4,4,19,1,1,330.0,12.34,5412.45,5.0,1,9.87,0.0,0.0,0.0,2.47,0.0,0.0,0.0,0.0,0.0,330.0,0.0,2.47
bz_nbr7008_095,period_4,4,20,1,1,554.0,20.71,5412.45,5.0,1,16.57,0.0,0.0,0.0,4.14,0.0,0.0,0.0,0.0,0.0,554.0,0.0,4.14
bz_nbr7008_095,period_4,4,21,1,1,126.0,1060.48,5412.45,1125.73,1,924.99,0.0,0.0,0.0,0.82,50.5,0.0,50.5,84.17,0.0,126.0,0.0,135.49
bz_nbr7008_095,period_5,5,10,0,1,1000.0,8416.52,5412.45,1125.73,4,8112.44,44.34,44.34,0.0,7.25,168.33,0.0,168.33,84.17,0.0,1000.0,0.0,0.0
bz_nbr7008_095,period_5,5,2,0,1,1000.0,9411.76,5412.45,1258.85,3,9310.24,0.0,0.0,0.0,7.4,0.0,0.0,0.0,94.12,0.0,1000.0,0.0,0.0
bz_nbr7008_095,period_5,5,4,0,1,1000.0,9000.68,5412.45,1203.86,4,8686.14,73.24,73.24,0.0,7.28,144.01,0.0,144.01,90.01,0.0,1000.0,0.0,0.0
bz_nbr7008_095,period_5,5,6,0,1,1000.0,9450.33,5412.45,1264.0,4,9159.57,0.0,0.0,0.0,7.25,189.01,0.0,189.01,94.5,0.0,1000.0,0.0,0.0
bz_nbr7008_095,period_5,5,7,0,1,1000.0,11315.34,5412.45,1513.45,3,11194.78,0.0,0.0,0.0,7.4,0.0,0.0,0.0,113.15,0.0,1000.0,0.0,0.0
bz_nbr7008_095,period_5,5,8,0,1,1000.0,10079.29,5412.45,1348.13,3,9587.8,20.71,20.71,0.0,7.13,362.85,0.0,362.85,100.79,0.0,1000.0,0.0,0.0
bz_nbr7008_095,period_5,5,12,1,1,330.0,12.34,5412.45,5.0,1,9.87,0.0,0.0,0.0,2.47,0.0,0.0,0.0,0.0,0.0,330.0,0.0,2.47
bz_nbr7008_095,period_5,5,13,1,1,330.0,12.34,5412.45,5.0,1,9.87,0.0,0.0,0.0,2.47,0.0,0.0,0.0,0.0,0.0,330.0,0.0,2.47
bz_nbr7008_095,period_5,5,14,1,1,200.0,57.01,5412.45,38.13,1,51.54,3.97,0.0,3.97,1.5,0.0,0.0,0.0,0.0,0.0,200.0,0.0,5.47
bz_nbr7008_095,period_5,5,15,1,1,236.0,2289.27,5412.45,1297.44,1,1938.56,0.0,0.0,0.0,1.5,252.21,0.0,252.21,97.0,0.0,236.0,0.0,350.71
bz_nbr7008_095,period_5,5,16,1,1,330.0,21.85,5412.45,8.86,1,19.38,0.0,0.0,0.0,2.47,0.0,0.0,0.0,0.0,0.0,330.0,0.0,2.47
bz_nbr7008_095,period_5,5,17,1,1,130.0,1228.54,5412.45,1264.0,1,1038.71,0.0,0.0,0.0,0.82,94.5,0.0,94.5,94.5,0.0,130.0,0.0,189.83
bz_nbr7008_095,period_5,5,18,1,1,554.0,355.12,5412.45,85.74,1,350.98,0.0,0.0,0.0,4.14,0.0,0.0,0.0,0.0,0.0,554.0,0.0,4.14
bz_nbr7008_095,period_5,5,19,1,1,110.0,106.2,5412.45,129.13,1,105.38,0.0,0.0,0.0,0.82,0.0,0.0,0.0,0.0,0.0,110.0,0.0,0.82
bz_nbr7008_095,period_5,5,20,1,1,126.0,1060.48,5412.45,1125.73,1,924.99,0.0,0.0,0.0,0.82,50.5,0.0,50.5,84.17,0.0,126.0,0.0,135.49
