instance,period,period_number,coil_id,processed,used,coil_width,coil_weight,coil_ton_value,used_length,strip_count,strip_produced_weight,strip_leftover_weight,strip_retail_weight,strip_scrap_weight,strip_loss_weight,lateral_leftover_weight,lateral_leftover_retail_weight,lateral_leftover_scrap_weight,edge_trim_weight,rolled_leftover_weight,rolled_leftover_width,rolled_leftover_length,processed_scrap_weight
bf_qcv_045,period_1,1,114,0,1,1000.0,9764.95,5288.27,2757.29,2,9117.16,0.0,0.0,0.0,3.31,546.84,0.0,546.84,97.65,0.0,1000.0,0.0,0.0
bf_qcv_045,period_1,1,120,0,1,1000.0,8424.14,5288.27,2378.69,2,8092.2,0.0,0.0,0.0,3.4,244.3,0.0,244.3,84.24,0.0,1000.0,0.0,0.0
bf_qcv_045,period_1,1,121,0,1,1000.0,8454.77,5288.27,2387.34,2,7893.45,0.0,0.0,0.0,3.31,473.47,0.0,473.47,84.55,0.0,1000.0,0.0,0.0
bf_qcv_045,period_1,1,130,0,1,1000.0,7440.53,5288.27,2100.95,2,7347.74,0.0,0.0,0.0,3.5,14.88,0.0,14.88,74.41,0.0,1000.0,0.0,0.0
bf_qcv_045,period_1,1,136,0,1,1000.0,9049.37,5288.27,2555.24,2,8672.51,20.53,20.53,0.0,3.4,262.43,0.0,262.43,90.49,0.0,1000.0,0.0,0.0
bf_qcv_045,period_1,1,139,0,1,1000.0,8472.39,5288.27,2392.32,2,8044.23,94.34,94.34,0.0,3.4,245.7,0.0,245.7,84.72,0.0,1000.0,0.0,0.0
bf_qcv_045,period_1,1,142,0,1,1000.0,8859.15,5288.27,2501.52,2,8271.14,0.0,0.0,0.0,3.31,496.11,0.0,496.11,88.59,0.0,1000.0,0.0,0.0
bf_qcv_045,period_1,1,160,0,1,1000.0,8349.41,5288.27,2357.59,2,8245.72,0.0,0.0,0.0,3.5,16.7,0.0,16.7,83.49,0.0,1000.0,0.0,0.0
bf_qcv_045,period_1,1,162,0,1,1000.0,8451.68,5288.27,2386.47,2,8118.66,0.0,0.0,0.0,3.4,245.1,0.0,245.1,84.52,0.0,1000.0,0.0,0.0
bf_qcv_045,period_1,1,167,0,1,1000.0,8479.08,5288.27,2394.21,2,8373.83,0.0,0.0,0.0,3.5,16.96,0.0,16.96,84.79,0.0,1000.0,0.0,0.0
bf_qcv_045,period_1,1,174,0,1,880.0,7125.05,5302.87,2286.22,2,7032.91,0.0,0.0,0.0,3.08,8.1,0.0,8.1,80.97,0.0,880.0,0.0,0.0
bf_qcv_045,period_1,1,178,0,1,880.0,7891.48,5302.87,2532.14,2,7762.87,0.0,0.0,0.0,3.07,35.87,0.0,35.87,89.68,0.0,880.0,0.0,0.0
bf_qcv_045,period_1,1,180,0,1,880.0,8764.2,5302.87,2812.18,2,8621.7,0.0,0.0,0.0,3.07,39.84,0.0,39.84,99.59,0.0,880.0,0.0,0.0
bf_qcv_045,period_1,1,181,0,1,880.0,7321.08,5302.87,2349.12,2,7201.54,0.0,0.0,0.0,3.07,33.28,0.0,33.28,83.19,0.0,880.0,0.0,0.0
bf_qcv_045,period_1,1,184,0,1,880.0,7222.42,5302.87,2317.46,2,7129.06,0.0,0.0,0.0,3.08,8.21,0.0,8.21,82.07,0.0,880.0,0.0,0.0
bf_qcv_045,period_1,1,187,0,1,880.0,7216.06,5302.87,2315.42,2,7098.19,0.0,0.0,0.0,3.07,32.8,0.0,32.8,82.0,0.0,880.0,0.0,0.0
bf_qcv_045,period_1,1,196,0,1,880.0,7155.48,5302.87,2295.98,2,7038.58,0.0,0.0,0.0,3.07,32.52,0.0,32.52,81.31,0.0,880.0,0.0,0.0
bf_qcv_045,period_1,1,203,0,1,880.0,7636.22,5302.87,2450.24,2,7537.69,0.0,0.0,0.0,3.08,8.68,0.0,8.68,86.78,0.0,880.0,0.0,0.0
bf_qcv_045,period_1,1,204,0,1,880.0,7616.07,5302.87,2443.77,2,7517.79,0.0,0.0,0.0,3.08,8.65,0.0,8.65,86.55,0.0,880.0,0.0,0.0
bf_qcv_045,period_1,1,209,0,1,880.0,7244.87,5302.87,2324.67,2,7126.54,0.0,0.0,0.0,3.07,32.93,0.0,32.93,82.33,0.0,880.0,0.0,0.0
bf_qcv_045,period_1,1,21,0,1,1200.0,7985.82,4819.73,1879.1,2,7875.15,0.0,0.0,0.0,4.19,39.93,0.0,39.93,66.55,0.0,1200.0,0.0,0.0
bf_qcv_045,period_1,1,210,0,1,880.0,7283.34,5302.87,2337.01,2,7164.4,0.0,0.0,0.0,3.07,33.11,0.0,33.11,82.77,0.0,880.0,0.0,0.0
bf_qcv_045,period_1,1,211,0,1,880.0,7672.4,5302.87,2461.85,2,7547.27,0.0,0.0,0.0,3.07,34.87,0.0,34.87,87.19,0.0,880.0,0.0,0.0
bf_qcv_045,period_1,1,212,0,1,880.0,7547.31,5302.87,2421.71,2,7449.89,0.0,0.0,0.0,3.08,8.58,0.0,8.58,85.76,0.0,880.0,0.0,0.0
bf_qcv_045,period_1,1,213,0,1,880.0,7338.81,5302.87,2354.81,2,7244.0,0.0,0.0,0.0,3.08,8.34,0.0,8.34,83.4,0.0,880.0,0.0,0.0
bf_qcv_045,period_1,1,220,0,1,880.0,8484.8,5302.87,2722.52,2,8375.66,0.0,0.0,0.0,3.08,9.64,0.0,9.64,96.42,0.0,880.0,0.0,0.0
bf_qcv_045,period_1,1,225,0,1,880.0,7640.29,5302.87,2451.55,2,7541.71,0.0,0.0,0.0,3.08,8.68,0.0,8.68,86.82,0.0,880.0,0.0,0.0
bf_qcv_045,period_1,1,231,0,1,880.0,7039.14,5302.87,2258.65,2,6948.07,0.0,0.0,0.0,3.08,8.0,0.0,8.0,79.99,0.0,880.0,0.0,0.0
bf_qcv_045,period_1,1,239,0,1,880.0,7477.33,5302.87,2399.26,2,7380.79,0.0,0.0,0.0,3.08,8.5,0.0,8.5,84.97,0.0,880.0,0.0,0.0
bf_qcv_045,period_1,1,248,0,1,880.0,8106.4,5302.87,2601.11,2,8001.99,0.0,0.0,0.0,3.08,9.21,0.0,9.21,92.12,0.0,880.0,0.0,0.0
bf_qcv_045,period_1,1,251,0,1,880.0,7522.41,5302.87,2413.72,2,4921.55,2503.75,2503.75,0.0,3.08,8.55,0.0,8.55,85.48,0.0,880.0,0.0,0.0
bf_qcv_045,period_1,1,35,0,1,1200.0,7537.9,4819.73,1773.71,2,7433.2,0.0,0.0,0.0,4.19,37.69,0.0,37.69,62.82,0.0,1200.0,0.0,0.0
bf_qcv_045,period_1,1,41,0,1,1200.0,7479.34,4819.73,1759.93,2,7375.42,0.0,0.0,0.0,4.19,37.4,0.0,37.4,62.33,0.0,1200.0,0.0,0.0
bf_qcv_045,period_1,1,60,0,1,1200.0,7644.47,4819.73,1798.78,2,7538.35,0.0,0.0,0.0,4.19,38.22,0.0,38.22,63.7,0.0,1200.0,0.0,0.0
bf_qcv_045,period_1,1,65,0,1,1200.0,7530.92,4819.73,1772.06,2,7426.31,0.0,0.0,0.0,4.19,37.65,0.0,37.65,62.76,0.0,1200.0,0.0,0.0
bf_qcv_045,period_1,1,66,0,1,1200.0,7909.62,4819.73,1861.17,2,7799.97,0.0,0.0,0.0,4.19,39.55,0.0,39.55,65.91,0.0,1200.0,0.0,0.0
bf_qcv_045,period_1,1,68,0,1,1200.0,7663.96,4819.73,1803.37,2,7557.58,0.0,0.0,0.0,4.19,38.32,0.0,38.32,63.87,0.0,1200.0,0.0,0.0
bf_qcv_045,period_1,1,7,0,1,1200.0,8064.92,4819.73,1897.72,2,7934.5,18.69,18.69,0.0,4.19,40.32,0.0,40.32,67.21,0.0,1200.0,0.0,0.0
bf_qcv_045,period_1,1,8,0,1,1200.0,7499.52,4819.73,1764.68,2,7395.33,0.0,0.0,0.0,4.19,37.5,0.0,37.5,62.5,0.0,1200.0,0.0,0.0
bf_qcv_045,period_1,1,87,0,1,1200.0,7602.58,4819.73,1788.93,2,7497.02,0.0,0.0,0.0,4.19,38.01,0.0,38.01,63.35,0.0,1200.0,0.0,0.0
bf_qcv_045,period_2,2,107,0,1,1000.0,9312.83,5288.27,2629.63,2,8694.88,0.0,0.0,0.0,3.31,521.52,0.0,521.52,93.13,0.0,1000.0,0.0,0.0
bf_qcv_045,period_2,2,114,0,1,1000.0,9764.95,5288.27,2757.29,2,9117.16,0.0,0.0,0.0,3.31,546.84,0.0,546.84,97.65,0.0,1000.0,0.0,0.0
bf_qcv_045,period_2,2,123,0,1,1000.0,8934.09,5288.27,2522.69,2,8823.38,0.0,0.0,0.0,3.5,17.87,0.0,17.87,89.34,0.0,1000.0,0.0,0.0
bf_qcv_045,period_2,2,126,0,1,1000.0,9551.22,5288.27,2696.94,2,9396.01,37.09,37.09,0.0,3.5,19.1,0.0,19.1,95.51,0.0,1000.0,0.0,0.0
bf_qcv_045,period_2,2,136,0,1,1000.0,9049.37,5288.27,2555.24,2,8448.8,0.0,0.0,0.0,3.31,506.76,0.0,506.76,90.49,0.0,1000.0,0.0,0.0
bf_qcv_045,period_2,2,142,0,1,1000.0,8859.15,5288.27,2501.52,2,8749.34,0.0,0.0,0.0,3.5,17.72,0.0,17.72,88.59,0.0,1000.0,0.0,0.0
bf_qcv_045,period_2,2,149,0,1,1000.0,8243.94,5288.27,2327.81,2,7919.02,0.0,0.0,0.0,3.4,239.07,0.0,239.07,82.44,0.0,1000.0,0.0,0.0
bf_qcv_045,period_2,2,157,0,1,1000.0,9296.83,5288.27,2625.09,2,8679.86,0.0,0.0,0.0,3.31,520.62,0.0,520.62,92.97,0.0,1000.0,0.0,0.0
bf_qcv_045,period_2,2,163,0,1,1000.0,8742.76,5288.27,2468.66,2,8634.35,0.0,0.0,0.0,3.5,17.49,0.0,17.49,87.43,0.0,1000.0,0.0,0.0
bf_qcv_045,period_2,2,168,0,1,880.0,8196.89,5302.87,2630.14,2,8063.42,0.0,0.0,0.0,3.07,37.26,0.0,37.26,93.15,0.0,880.0,0.0,0.0
bf_qcv_045,period_2,2,178,0,1,880.0,7891.48,5302.87,2532.14,2,7789.76,0.0,0.0,0.0,3.08,8.97,0.0,8.97,89.68,0.0,880.0,0.0,0.0
bf_qcv_045,period_2,2,18,0,1,1200.0,7183.87,4819.73,1690.4,2,7083.89,0.0,0.0,0.0,4.19,35.92,0.0,35.92,59.87,0.0,1200.0,0.0,0.0
bf_qcv_045,period_2,2,180,0,1,880.0,8764.2,5302.87,2812.18,2,8621.7,0.0,0.0,0.0,3.07,39.84,0.0,39.84,99.59,0.0,880.0,0.0,0.0
bf_qcv_045,period_2,2,192,0,1,880.0,7480.06,5302.87,2400.13,2,7357.99,0.0,0.0,0.0,3.07,34.0,0.0,34.0,85.0,0.0,880.0,0.0,0.0
bf_qcv_045,period_2,2,203,0,1,880.0,7636.22,5302.87,2450.24,2,7537.69,0.0,0.0,0.0,3.08,8.68,0.0,8.68,86.78,0.0,880.0,0.0,0.0
bf_qcv_045,period_2,2,204,0,1,880.0,7616.07,5302.87,2443.77,2,7517.79,0.0,0.0,0.0,3.08,8.65,0.0,8.65,86.55,0.0,880.0,0.0,0.0
bf_qcv_045,period_2,2,21,0,1,1200.0,7985.82,4819.73,1879.1,2,7875.15,0.0,0.0,0.0,4.19,39.93,0.0,39.93,66.55,0.0,1200.0,0.0,0.0
bf_qcv_045,period_2,2,211,0,1,880.0,7672.4,5302.87,2461.85,2,7573.42,0.0,0.0,0.0,3.08,8.72,0.0,8.72,87.19,0.0,880.0,0.0,0.0
bf_qcv_045,period_2,2,212,0,1,880.0,7547.31,5302.87,2421.71,2,7449.89,0.0,0.0,0.0,3.08,8.58,0.0,8.58,85.76,0.0,880.0,0.0,0.0
bf_qcv_045,period_2,2,220,0,1,880.0,8484.8,5302.87,2722.52,2,8346.75,0.0,0.0,0.0,3.07,38.57,0.0,38.57,96.42,0.0,880.0,0.0,0.0
bf_qcv_045,period_2,2,225,0,1,880.0,7640.29,5302.87,2451.55,2,7541.71,0.0,0.0,0.0,3.08,8.68,0.0,8.68,86.82,0.0,880.0,0.0,0.0
bf_qcv_045,period_2,2,243,0,1,880.0,7486.51,5302.87,2402.2,2,6890.04,499.82,499.82,0.0,3.08,8.51,0.0,8.51,85.07,0.0,880.0,0.0,0.0
bf_qcv_045,period_2,2,248,0,1,880.0,8106.4,5302.87,2601.11,2,8001.99,0.0,0.0,0.0,3.08,9.21,0.0,9.21,92.12,0.0,880.0,0.0,0.0
bf_qcv_045,period_2,2,251,0,1,880.0,7522.41,5302.87,2413.72,2,7425.3,0.0,0.0,0.0,3.08,8.55,0.0,8.55,85.48,0.0,880.0,0.0,0.0
bf_qcv_045,period_2,2,252,0,1,880.0,8352.17,5302.87,2679.97,2,8216.23,0.0,0.0,0.0,3.07,37.96,0.0,37.96,94.91,0.0,880.0,0.0,0.0
bf_qcv_045,period_2,2,253,0,1,880.0,7601.37,5302.87,2439.06,2,7503.28,0.0,0.0,0.0,3.08,8.64,0.0,8.64,86.38,0.0,880.0,0.0,0.0
bf_qcv_045,period_2,2,29,0,1,1200.0,6546.66,4819.73,1540.46,2,6455.18,0.0,0.0,0.0,4.19,32.73,0.0,32.73,54.56,0.0,1200.0,0.0,0.0
bf_qcv_045,period_2,2,47,0,1,1200.0,6644.17,4819.73,1563.41,2,6551.39,0.0,0.0,0.0,4.19,33.22,0.0,33.22,55.37,0.0,1200.0,0.0,0.0
bf_qcv_045,period_2,2,48,0,1,1200.0,7701.29,4819.73,1812.15,2,7594.41,0.0,0.0,0.0,4.19,38.51,0.0,38.51,64.18,0.0,1200.0,0.0,0.0
bf_qcv_045,period_2,2,52,0,1,1200.0,6696.79,4819.73,1575.79,2,6603.31,0.0,0.0,0.0,4.19,33.48,0.0,33.48,55.81,0.0,1200.0,0.0,0.0
bf_qcv_045,period_2,2,57,0,1,1200.0,6380.48,4819.73,1501.36,2,6102.65,7.9,7.9,0.0,4.07,212.68,0.0,212.68,53.17,0.0,1200.0,0.0,0.0
bf_qcv_045,period_2,2,72,0,1,1200.0,8036.24,4819.73,1890.97,2,7924.9,0.0,0.0,0.0,4.19,40.18,0.0,40.18,66.97,0.0,1200.0,0.0,0.0
bf_qcv_045,period_2,2,83,0,1,1200.0,7994.35,4819.73,1881.11,2,7616.66,266.91,266.91,0.0,4.19,39.97,0.0,39.97,66.62,0.0,1200.0,0.0,0.0
bf_qcv_045,period_2,2,84,0,1,1200.0,6604.02,4819.73,1553.96,2,6511.77,0.0,0.0,0.0,4.19,33.02,0.0,33.02,55.03,0.0,1200.0,0.0,0.0
bf_qcv_045,period_2,2,86,0,1,1200.0,6615.53,4819.73,1556.67,2,6523.13,0.0,0.0,0.0,4.19,33.08,0.0,33.08,55.13,0.0,1200.0,0.0,0.0
bf_qcv_045,period_2,2,256,1,1,717.0,18.69,4819.73,7.36,1,16.15,0.0,0.0,0.0,2.54,0.0,0.0,0.0,0.0,0.0,717.0,0.0,2.54
bf_qcv_045,period_2,2,257,1,1,494.0,20.53,5288.27,11.73,1,18.78,0.0,0.0,0.0,1.75,0.0,0.0,0.0,0.0,0.0,494.0,0.0,1.75
bf_qcv_045,period_2,2,258,1,1,467.0,94.34,5288.27,57.04,1,92.69,0.0,0.0,0.0,1.65,0.0,0.0,0.0,0.0,0.0,467.0,0.0,1.65
bf_qcv_045,period_2,2,259,1,1,436.0,51.72,5302.87,33.5,1,50.18,0.0,0.0,0.0,1.54,0.0,0.0,0.0,0.0,0.0,436.0,0.0,1.54
bf_qcv_045,period_2,2,260,1,1,433.0,2452.04,5302.87,1599.01,1,2450.51,0.0,0.0,0.0,1.53,0.0,0.0,0.0,0.0,0.0,433.0,0.0,1.53
bf_qcv_045,period_3,3,114,0,1,1000.0,9764.95,5288.27,2757.29,2,9644.27,0.0,0.0,0.0,3.5,19.53,0.0,19.53,97.65,0.0,1000.0,0.0,0.0
bf_qcv_045,period_3,3,119,0,1,1000.0,8730.4,5288.27,2465.17,2,8150.89,0.0,0.0,0.0,3.31,488.9,0.0,488.9,87.3,0.0,1000.0,0.0,0.0
bf_qcv_045,period_3,3,134,0,1,1000.0,8206.06,5288.27,2317.11,2,7661.15,0.0,0.0,0.0,3.31,459.54,0.0,459.54,82.06,0.0,1000.0,0.0,0.0
bf_qcv_045,period_3,3,136,0,1,1000.0,9049.37,5288.27,2555.24,2,8684.29,8.75,0.0,8.75,3.4,262.43,0.0,262.43,90.49,0.0,1000.0,0.0,0.0
bf_qcv_045,period_3,3,139,0,1,1000.0,8472.39,5288.27,2392.32,2,8349.73,17.5,0.0,17.5,3.5,16.94,0.0,16.94,84.72,0.0,1000.0,0.0,0.0
bf_qcv_045,period_3,3,142,0,1,1000.0,8859.15,5288.27,2501.52,2,8501.49,8.75,0.0,8.75,3.4,256.92,0.0,256.92,88.59,0.0,1000.0,0.0,0.0
bf_qcv_045,period_3,3,149,0,1,1000.0,8243.94,5288.27,2327.81,2,7696.53,0.0,0.0,0.0,3.31,461.66,0.0,461.66,82.44,0.0,1000.0,0.0,0.0
bf_qcv_045,period_3,3,16,0,1,1200.0,6573.37,4819.73,1546.75,2,6481.53,0.0,0.0,0.0,4.19,32.87,0.0,32.87,54.78,0.0,1200.0,0.0,0.0
bf_qcv_045,period_3,3,165,0,1,1000.0,8589.81,5288.27,2425.47,2,8019.57,0.0,0.0,0.0,3.31,481.03,0.0,481.03,85.9,0.0,1000.0,0.0,0.0
bf_qcv_045,period_3,3,168,0,1,880.0,8196.89,5302.87,2630.14,2,8063.42,0.0,0.0,0.0,3.07,37.26,0.0,37.26,93.15,0.0,880.0,0.0,0.0
bf_qcv_045,period_3,3,176,0,1,880.0,7459.93,5302.87,2393.67,2,7334.9,28.7,28.7,0.0,3.08,8.48,0.0,8.48,84.77,0.0,880.0,0.0,0.0
bf_qcv_045,period_3,3,178,0,1,880.0,7891.48,5302.87,2532.14,2,7762.87,0.0,0.0,0.0,3.07,35.87,0.0,35.87,89.68,0.0,880.0,0.0,0.0
bf_qcv_045,period_3,3,180,0,1,880.0,8764.2,5302.87,2812.18,2,8621.7,0.0,0.0,0.0,3.07,39.84,0.0,39.84,99.59,0.0,880.0,0.0,0.0
bf_qcv_045,period_3,3,186,0,1,880.0,7381.95,5302.87,2368.65,2,7261.44,0.0,0.0,0.0,3.07,33.55,0.0,33.55,83.89,0.0,880.0,0.0,0.0
bf_qcv_045,period_3,3,192,0,1,880.0,7480.06,5302.87,2400.13,2,7383.48,0.0,0.0,0.0,3.08,8.5,0.0,8.5,85.0,0.0,880.0,0.0,0.0
bf_qcv_045,period_3,3,199,0,1,880.0,6930.11,5302.87,2223.67,2,6840.41,0.0,0.0,0.0,3.08,7.88,0.0,7.88,78.75,0.0,880.0,0.0,0.0
bf_qcv_045,period_3,3,204,0,1,880.0,7616.07,5302.87,2443.77,2,7491.84,0.0,0.0,0.0,3.07,34.62,0.0,34.62,86.55,0.0,880.0,0.0,0.0
bf_qcv_045,period_3,3,21,0,1,1200.0,7985.82,4819.73,1879.1,2,7875.15,0.0,0.0,0.0,4.19,39.93,0.0,39.93,66.55,0.0,1200.0,0.0,0.0
bf_qcv_045,period_3,3,211,0,1,880.0,7672.4,5302.87,2461.85,2,7573.42,0.0,0.0,0.0,3.08,8.72,0.0,8.72,87.19,0.0,880.0,0.0,0.0
bf_qcv_045,period_3,3,212,0,1,880.0,7547.31,5302.87,2421.71,2,7449.89,0.0,0.0,0.0,3.08,8.58,0.0,8.58,85.76,0.0,880.0,0.0,0.0
bf_qcv_045,period_3,3,215,0,1,880.0,7412.93,5302.87,2378.59,2,7317.19,0.0,0.0,0.0,3.08,8.42,0.0,8.42,84.24,0.0,880.0,0.0,0.0
bf_qcv_045,period_3,3,220,0,1,880.0,8484.8,5302.87,2722.52,2,8346.75,0.0,0.0,0.0,3.07,38.57,0.0,38.57,96.42,0.0,880.0,0.0,0.0
bf_qcv_045,period_3,3,222,0,1,880.0,7362.83,5302.87,2362.52,2,7267.72,0.0,0.0,0.0,3.08,8.37,0.0,8.37,83.67,0.0,880.0,0.0,0.0
bf_qcv_045,period_3,3,225,0,1,880.0,7640.29,5302.87,2451.55,2,7541.71,0.0,0.0,0.0,3.08,8.68,0.0,8.68,86.82,0.0,880.0,0.0,0.0
bf_qcv_045,period_3,3,229,0,1,880.0,7358.24,5302.87,2361.04,2,7183.78,54.33,54.33,0.0,3.07,33.45,0.0,33.45,83.62,0.0,880.0,0.0,0.0
bf_qcv_045,period_3,3,234,0,1,880.0,8367.18,5302.87,2684.78,2,8231.0,0.0,0.0,0.0,3.07,38.03,0.0,38.03,95.08,0.0,880.0,0.0,0.0
bf_qcv_045,period_3,3,239,0,1,880.0,7477.33,5302.87,2399.26,2,7380.79,0.0,0.0,0.0,3.08,8.5,0.0,8.5,84.97,0.0,880.0,0.0,0.0
bf_qcv_045,period_3,3,243,0,1,880.0,7486.51,5302.87,2402.2,2,7389.85,0.0,0.0,0.0,3.08,8.51,0.0,8.51,85.07,0.0,880.0,0.0,0.0
bf_qcv_045,period_3,3,246,0,1,880.0,6562.76,5302.87,2105.8,2,6477.65,0.0,0.0,0.0,3.08,7.46,0.0,7.46,74.58,0.0,880.0,0.0,0.0
bf_qcv_045,period_3,3,248,0,1,880.0,8106.4,5302.87,2601.11,2,7974.37,0.0,0.0,0.0,3.07,36.85,0.0,36.85,92.12,0.0,880.0,0.0,0.0
bf_qcv_045,period_3,3,251,0,1,880.0,7522.41,5302.87,2413.72,2,7425.3,0.0,0.0,0.0,3.08,8.55,0.0,8.55,85.48,0.0,880.0,0.0,0.0
bf_qcv_045,period_3,3,252,0,1,880.0,8352.17,5302.87,2679.97,2,8216.23,0.0,0.0,0.0,3.07,37.96,0.0,37.96,94.91,0.0,880.0,0.0,0.0
bf_qcv_045,period_3,3,253,0,1,880.0,7601.37,5302.87,2439.06,2,7477.37,0.0,0.0,0.0,3.07,34.55,0.0,34.55,86.38,0.0,880.0,0.0,0.0
bf_qcv_045,period_3,3,32,0,1,1200.0,8255.11,4819.73,1942.47,2,8140.85,0.0,0.0,0.0,4.19,41.28,0.0,41.28,68.79,0.0,1200.0,0.0,0.0
bf_qcv_045,period_3,3,4,0,1,1200.0,8025.79,4819.73,1888.51,2,7914.59,0.0,0.0,0.0,4.19,40.13,0.0,40.13,66.88,0.0,1200.0,0.0,0.0
bf_qcv_045,period_3,3,55,0,1,1200.0,7683.09,4819.73,1807.87,2,7572.75,3.71,0.0,3.71,4.19,38.42,0.0,38.42,64.03,0.0,1200.0,0.0,0.0
bf_qcv_045,period_3,3,60,0,1,1200.0,7644.47,4819.73,1798.78,2,7538.35,0.0,0.0,0.0,4.19,38.22,0.0,38.22,63.7,0.0,1200.0,0.0,0.0
bf_qcv_045,period_3,3,66,0,1,1200.0,7909.62,4819.73,1861.17,2,7799.97,0.0,0.0,0.0,4.19,39.55,0.0,39.55,65.91,0.0,1200.0,0.0,0.0
bf_qcv_045,period_3,3,72,0,1,1200.0,8036.24,4819.73,1890.97,2,7924.9,0.0,0.0,0.0,4.19,40.18,0.0,40.18,66.97,0.0,1200.0,0.0,0.0
bf_qcv_045,period_3,3,74,0,1,1200.0,8054.77,4819.73,1895.33,2,7943.18,0.0,0.0,0.0,4.19,40.27,0.0,40.27,67.12,0.0,1200.0,0.0,0.0
bf_qcv_045,period_3,3,80,0,1,1200.0,5580.66,4819.73,1313.16,2,5434.91,67.14,67.14,0.0,4.19,27.9,0.0,27.9,46.51,0.0,1200.0,0.0,0.0
bf_qcv_045,period_3,3,83,0,1,1200.0,7994.35,4819.73,1881.11,2,7883.57,0.0,0.0,0.0,4.19,39.97,0.0,39.97,66.62,0.0,1200.0,0.0,0.0
bf_qcv_045,period_3,3,90,0,1,1000.0,8237.15,5288.27,2325.89,2,7912.5,0.0,0.0,0.0,3.4,238.88,0.0,238.88,82.37,0.0,1000.0,0.0,0.0
bf_qcv_045,period_3,3,92,0,1,1000.0,8593.93,5288.27,2426.64,2,8487.3,0.0,0.0,0.0,3.5,17.19,0.0,17.19,85.94,0.0,1000.0,0.0,0.0
bf_qcv_045,period_3,3,256,1,1,433.0,7.9,4819.73,5.15,1,6.37,0.0,0.0,0.0,1.53,0.0,0.0,0.0,0.0,0.0,433.0,0.0,1.53
bf_qcv_045,period_3,3,257,1,1,717.0,266.91,4819.73,105.11,1,264.37,0.0,0.0,0.0,2.54,0.0,0.0,0.0,0.0,0.0,717.0,0.0,2.54
bf_qcv_045,period_3,3,258,1,1,494.0,37.09,5288.27,21.2,1,32.67,2.67,0.0,2.67,1.75,0.0,0.0,0.0,0.0,0.0,494.0,0.0,4.42
bf_qcv_045,period_3,3,259,1,1,436.0,499.82,5302.87,323.7,1,498.28,0.0,0.0,0.0,1.54,0.0,0.0,0.0,0.0,0.0,436.0,0.0,1.54
bf_qcv_045,period_4,4,105,0,1,1000.0,7708.63,5288.27,2176.66,2,7056.67,555.95,555.95,0.0,3.5,15.42,0.0,15.42,77.09,0.0,1000.0,0.0,0.0
bf_qcv_045,period_4,4,107,0,1,1000.0,9312.83,5288.27,2629.63,2,9188.83,8.75,8.75,0.0,3.5,18.63,0.0,18.63,93.13,0.0,1000.0,0.0,0.0
bf_qcv_045,period_4,4,110,0,1,1000.0,7776.67,5288.27,2195.87,2,7679.85,0.0,0.0,0.0,3.5,15.55,0.0,15.55,77.77,0.0,1000.0,0.0,0.0
bf_qcv_045,period_4,4,114,0,1,1000.0,9764.95,5288.27,2757.29,2,9117.16,0.0,0.0,0.0,3.31,546.84,0.0,546.84,97.65,0.0,1000.0,0.0,0.0
bf_qcv_045,period_4,4,119,0,1,1000.0,8730.4,5288.27,2465.17,2,8150.89,0.0,0.0,0.0,3.31,488.9,0.0,488.9,87.3,0.0,1000.0,0.0,0.0
bf_qcv_045,period_4,4,123,0,1,1000.0,8934.09,5288.27,2522.69,2,8823.38,0.0,0.0,0.0,3.5,17.87,0.0,17.87,89.34,0.0,1000.0,0.0,0.0
bf_qcv_045,period_4,4,126,0,1,1000.0,9551.22,5288.27,2696.94,2,9175.32,0.0,0.0,0.0,3.4,276.99,0.0,276.99,95.51,0.0,1000.0,0.0,0.0
bf_qcv_045,period_4,4,136,0,1,1000.0,9049.37,5288.27,2555.24,2,8448.8,0.0,0.0,0.0,3.31,506.76,0.0,506.76,90.49,0.0,1000.0,0.0,0.0
bf_qcv_045,period_4,4,157,0,1,1000.0,9296.83,5288.27,2625.11,2,8679.93,0.0,0.0,0.0,3.31,520.62,0.0,520.62,92.97,0.0,1000.0,0.0,0.0
bf_qcv_045,period_4,4,168,0,1,880.0,8196.89,5302.87,2630.14,2,8063.42,0.0,0.0,0.0,3.07,37.26,0.0,37.26,93.15,0.0,880.0,0.0,0.0
bf_qcv_045,period_4,4,178,0,1,880.0,7891.48,5302.87,2532.14,2,7789.76,0.0,0.0,0.0,3.08,8.97,0.0,8.97,89.68,0.0,880.0,0.0,0.0
bf_qcv_045,period_4,4,180,0,1,880.0,8764.2,5302.87,2812.18,2,8621.7,0.0,0.0,0.0,3.07,39.84,0.0,39.84,99.59,0.0,880.0,0.0,0.0
bf_qcv_045,period_4,4,203,0,1,880.0,7636.22,5302.87,2450.24,2,7088.86,448.83,448.83,0.0,3.08,8.68,0.0,8.68,86.78,0.0,880.0,0.0,0.0
bf_qcv_045,period_4,4,204,0,1,880.0,7616.07,5302.87,2443.77,2,7510.07,7.72,7.72,0.0,3.08,8.65,0.0,8.65,86.55,0.0,880.0,0.0,0.0
bf_qcv_045,period_4,4,211,0,1,880.0,7672.4,5302.87,2461.85,2,7573.42,0.0,0.0,0.0,3.08,8.72,0.0,8.72,87.19,0.0,880.0,0.0,0.0
bf_qcv_045,period_4,4,212,0,1,880.0,7547.31,5302.87,2421.71,2,7449.89,0.0,0.0,0.0,3.08,8.58,0.0,8.58,85.76,0.0,880.0,0.0,0.0
bf_qcv_045,period_4,4,220,0,1,880.0,8484.8,5302.87,2722.52,2,8375.66,0.0,0.0,0.0,3.08,9.64,0.0,9.64,96.42,0.0,880.0,0.0,0.0
bf_qcv_045,period_4,4,225,0,1,880.0,7640.29,5302.87,2451.55,2,7541.71,0.0,0.0,0.0,3.08,8.68,0.0,8.68,86.82,0.0,880.0,0.0,0.0
bf_qcv_045,period_4,4,234,0,1,880.0,8367.18,5302.87,2684.78,2,8231.0,0.0,0.0,0.0,3.07,38.03,0.0,38.03,95.08,0.0,880.0,0.0,0.0
bf_qcv_045,period_4,4,248,0,1,880.0,8106.4,5302.87,2601.11,2,8001.99,0.0,0.0,0.0,3.08,9.21,0.0,9.21,92.12,0.0,880.0,0.0,0.0
bf_qcv_045,period_4,4,252,0,1,880.0,8352.17,5302.87,2679.97,2,8216.23,0.0,0.0,0.0,3.07,37.96,0.0,37.96,94.91,0.0,880.0,0.0,0.0
bf_qcv_045,period_4,4,253,0,1,880.0,7601.37,5302.87,2439.06,2,7503.28,0.0,0.0,0.0,3.08,8.64,0.0,8.64,86.38,0.0,880.0,0.0,0.0
bf_qcv_045,period_4,4,32,0,1,1200.0,8255.11,4819.73,1942.47,2,8140.85,0.0,0.0,0.0,4.19,41.28,0.0,41.28,68.79,0.0,1200.0,0.0,0.0
bf_qcv_045,period_4,4,4,0,1,1200.0,8025.79,4819.73,1888.51,2,7914.59,0.0,0.0,0.0,4.19,40.13,0.0,40.13,66.88,0.0,1200.0,0.0,0.0
bf_qcv_045,period_4,4,7,0,1,1200.0,8064.92,4819.73,1897.72,2,7953.19,0.0,0.0,0.0,4.19,40.32,0.0,40.32,67.21,0.0,1200.0,0.0,0.0
bf_qcv_045,period_4,4,72,0,1,1200.0,8036.24,4819.73,1890.97,2,7905.58,19.32,19.32,0.0,4.19,40.18,0.0,40.18,66.97,0.0,1200.0,0.0,0.0
bf_qcv_045,period_4,4,74,0,1,1200.0,8054.77,4819.73,1895.33,2,7943.18,0.0,0.0,0.0,4.19,40.27,0.0,40.27,67.12,0.0,1200.0,0.0,0.0
bf_qcv_045,period_4,4,80,0,1,1200.0,5580.66,4819.73,1313.16,2,5318.01,26.05,26.05,0.0,4.07,186.02,0.0,186.02,46.51,0.0,1200.0,0.0,0.0
bf_qcv_045,period_4,4,83,0,1,1200.0,7994.35,4819.73,1881.11,2,7056.2,827.36,827.36,0.0,4.19,39.97,0.0,39.97,66.62,0.0,1200.0,0.0,0.0
bf_qcv_045,period_4,4,256,1,1,717.0,67.14,4819.73,26.44,1,64.6,0.0,0.0,0.0,2.54,0.0,0.0,0.0,0.0,0.0,717.0,0.0,2.54
bf_qcv_045,period_4,4,257,1,1,436.0,28.7,5302.87,18.59,1,27.16,0.0,0.0,0.0,1.54,0.0,0.0,0.0,0.0,0.0,436.0,0.0,1.54
bf_qcv_045,period_4,4,258,1,1,433.0,54.33,5302.87,35.43,1,52.8,0.0,0.0,0.0,1.53,0.0,0.0,0.0,0.0,0.0,433.0,0.0,1.53
bf_qcv_045,period_5,5,107,0,1,1000.0,9312.83,5288.27,2629.63,2,8694.88,0.0,0.0,0.0,3.31,521.52,0.0,521.52,93.13,0.0,1000.0,0.0,0.0
bf_qcv_045,period_5,5,114,0,1,1000.0,9764.95,5288.27,2757.29,2,9117.16,0.0,0.0,0.0,3.31,546.84,0.0,546.84,97.65,0.0,1000.0,0.0,0.0
bf_qcv_045,period_5,5,119,0,1,1000.0,8730.4,5288.27,2465.17,2,8622.14,0.0,0.0,0.0,3.5,17.46,0.0,17.46,87.3,0.0,1000.0,0.0,0.0
bf_qcv_045,period_5,5,126,0,1,1000.0,9551.22,5288.27,2696.94,2,8917.53,0.0,0.0,0.0,3.31,534.87,0.0,534.87,95.51,0.0,1000.0,0.0,0.0
bf_qcv_045,period_5,5,136,0,1,1000.0,9049.37,5288.27,2555.24,2,8693.04,0.0,0.0,0.0,3.4,262.43,0.0,262.43,90.49,0.0,1000.0,0.0,0.0
bf_qcv_045,period_5,5,142,0,1,1000.0,8859.15,5288.27,2501.52,2,8749.34,0.0,0.0,0.0,3.5,17.72,0.0,17.72,88.59,0.0,1000.0,0.0,0.0
bf_qcv_045,period_5,5,157,0,1,1000.0,9296.83,5288.27,2625.11,2,8930.85,0.0,0.0,0.0,3.4,269.61,0.0,269.61,92.97,0.0,1000.0,0.0,0.0
bf_qcv_045,period_5,5,165,0,1,1000.0,8589.81,5288.27,2425.47,2,8483.23,0.0,0.0,0.0,3.5,17.18,0.0,17.18,85.9,0.0,1000.0,0.0,0.0
bf_qcv_045,period_5,5,168,0,1,880.0,8196.89,5302.87,2630.14,2,8091.35,0.0,0.0,0.0,3.08,9.31,0.0,9.31,93.15,0.0,880.0,0.0,0.0
bf_qcv_045,period_5,5,175,0,1,880.0,7080.64,5302.87,2271.97,2,6989.05,0.0,0.0,0.0,3.08,8.05,0.0,8.05,80.46,0.0,880.0,0.0,0.0
bf_qcv_045,period_5,5,176,0,1,880.0,7459.93,5302.87,2393.67,2,7363.6,0.0,0.0,0.0,3.08,8.48,0.0,8.48,84.77,0.0,880.0,0.0,0.0
bf_qcv_045,period_5,5,178,0,1,880.0,7891.48,5302.87,2532.14,2,7762.87,0.0,0.0,0.0,3.07,35.87,0.0,35.87,89.68,0.0,880.0,0.0,0.0
bf_qcv_045,period_5,5,180,0,1,880.0,8764.2,5302.87,2812.18,2,8621.7,0.0,0.0,0.0,3.07,39.84,0.0,39.84,99.59,0.0,880.0,0.0,0.0
bf_qcv_045,period_5,5,183,0,1,880.0,6152.16,5302.87,1974.05,2,6063.95,8.23,8.23,0.0,3.08,6.99,0.0,6.99,69.91,0.0,880.0,0.0,0.0
bf_qcv_045,period_5,5,186,0,1,880.0,7381.95,5302.87,2368.65,2,7286.6,0.0,0.0,0.0,3.08,8.39,0.0,8.39,83.89,0.0,880.0,0.0,0.0
bf_qcv_045,period_5,5,202,0,1,880.0,7276.38,5302.87,2334.78,2,7182.35,0.0,0.0,0.0,3.08,8.27,0.0,8.27,82.69,0.0,880.0,0.0,0.0
bf_qcv_045,period_5,5,203,0,1,880.0,7636.22,5302.87,2450.24,2,7511.67,0.0,0.0,0.0,3.07,34.71,0.0,34.71,86.78,0.0,880.0,0.0,0.0
bf_qcv_045,period_5,5,204,0,1,880.0,7616.07,5302.87,2443.77,2,7517.79,0.0,0.0,0.0,3.08,8.65,0.0,8.65,86.55,0.0,880.0,0.0,0.0
bf_qcv_045,period_5,5,207,0,1,880.0,7244.86,5302.87,2324.66,2,7150.95,0.27,0.0,0.27,3.08,8.23,0.0,8.23,82.33,0.0,880.0,0.0,0.0
bf_qcv_045,period_5,5,211,0,1,880.0,7672.4,5302.87,2461.85,2,7547.27,0.0,0.0,0.0,3.07,34.87,0.0,34.87,87.19,0.0,880.0,0.0,0.0
bf_qcv_045,period_5,5,213,0,1,880.0,7338.81,5302.87,2354.81,2,7244.0,0.0,0.0,0.0,3.08,8.34,0.0,8.34,83.4,0.0,880.0,0.0,0.0
bf_qcv_045,period_5,5,220,0,1,880.0,8484.8,5302.87,2722.52,2,8346.75,0.0,0.0,0.0,3.07,38.57,0.0,38.57,96.42,0.0,880.0,0.0,0.0
bf_qcv_045,period_5,5,225,0,1,880.0,7640.29,5302.87,2451.55,2,7515.67,0.0,0.0,0.0,3.07,34.73,0.0,34.73,86.82,0.0,880.0,0.0,0.0
bf_qcv_045,period_5,5,229,0,1,880.0,7358.24,5302.87,2361.04,2,7263.18,0.0,0.0,0.0,3.08,8.36,0.0,8.36,83.62,0.0,880.0,0.0,0.0
bf_qcv_045,period_5,5,232,0,1,880.0,6921.4,5302.87,2220.87,2,6831.8,0.0,0.0,0.0,3.08,7.87,0.0,7.87,78.65,0.0,880.0,0.0,0.0
bf_qcv_045,period_5,5,234,0,1,880.0,8367.18,5302.87,2684.78,2,8231.0,0.0,0.0,0.0,3.07,38.03,0.0,38.03,95.08,0.0,880.0,0.0,0.0
bf_qcv_045,period_5,5,235,0,1,880.0,7326.77,5302.87,2350.95,2,7207.14,0.0,0.0,0.0,3.07,33.3,0.0,33.3,83.26,0.0,880.0,0.0,0.0
bf_qcv_045,period_5,5,239,0,1,880.0,7477.33,5302.87,2399.26,2,7380.79,0.0,0.0,0.0,3.08,8.5,0.0,8.5,84.97,0.0,880.0,0.0,0.0
bf_qcv_045,period_5,5,242,0,1,880.0,7237.94,5302.87,2322.44,2,7144.39,0.0,0.0,0.0,3.08,8.22,0.0,8.22,82.25,0.0,880.0,0.0,0.0
bf_qcv_045,period_5,5,244,0,1,880.0,6063.0,5302.87,1945.44,2,5984.13,0.0,0.0,0.0,3.08,6.89,0.0,6.89,68.9,0.0,880.0,0.0,0.0
bf_qcv_045,period_5,5,248,0,1,880.0,8106.4,5302.87,2601.11,2,8001.99,0.0,0.0,0.0,3.08,9.21,0.0,9.21,92.12,0.0,880.0,0.0,0.0
bf_qcv_045,period_5,5,252,0,1,880.0,8352.17,5302.87,2679.97,2,8216.23,0.0,0.0,0.0,3.07,37.96,0.0,37.96,94.91,0.0,880.0,0.0,0.0
bf_qcv_045,period_5,5,32,0,1,1200.0,8255.11,4819.73,1942.47,2,8140.85,0.0,0.0,0.0,4.19,41.28,0.0,41.28,68.79,0.0,1200.0,0.0,0.0
bf_qcv_045,period_5,5,4,0,1,1200.0,8025.79,4819.73,1888.51,2,7914.59,0.0,0.0,0.0,4.19,40.13,0.0,40.13,66.88,0.0,1200.0,0.0,0.0
bf_qcv_045,period_5,5,48,0,1,1200.0,7701.29,4819.73,1812.15,2,7594.41,0.0,0.0,0.0,4.19,38.51,0.0,38.51,64.18,0.0,1200.0,0.0,0.0
bf_qcv_045,period_5,5,56,0,1,1200.0,7613.64,4819.73,1791.53,2,7507.93,0.0,0.0,0.0,4.19,38.07,0.0,38.07,63.45,0.0,1200.0,0.0,0.0
bf_qcv_045,period_5,5,60,0,1,1200.0,7644.47,4819.73,1798.78,2,4890.9,2647.46,2647.46,0.0,4.19,38.22,0.0,38.22,63.7,0.0,1200.0,0.0,0.0
bf_qcv_045,period_5,5,62,0,1,1200.0,6835.69,4819.73,1608.47,2,6740.35,0.0,0.0,0.0,4.19,34.18,0.0,34.18,56.96,0.0,1200.0,0.0,0.0
bf_qcv_045,period_5,5,66,0,1,1200.0,7909.62,4819.73,1861.17,2,7799.97,0.0,0.0,0.0,4.19,39.55,0.0,39.55,65.91,0.0,1200.0,0.0,0.0
bf_qcv_045,period_5,5,69,0,1,1200.0,7216.88,4819.73,1698.17,2,7116.46,0.0,0.0,0.0,4.19,36.08,0.0,36.08,60.14,0.0,1200.0,0.0,0.0
bf_qcv_045,period_5,5,7,0,1,1200.0,8064.92,4819.73,1897.72,2,7953.19,0.0,0.0,0.0,4.19,40.32,0.0,40.32,67.21,0.0,1200.0,0.0,0.0
bf_qcv_045,period_5,5,71,0,1,1200.0,7216.71,4819.73,1698.13,2,7116.29,0.0,0.0,0.0,4.19,36.08,0.0,36.08,60.14,0.0,1200.0,0.0,0.0
bf_qcv_045,period_5,5,74,0,1,1200.0,8054.77,4819.73,1895.33,2,7943.18,0.0,0.0,0.0,4.19,40.27,0.0,40.27,67.12,0.0,1200.0,0.0,0.0
bf_qcv_045,period_5,5,82,0,1,1200.0,7213.73,4819.73,1697.43,2,7113.35,0.0,0.0,0.0,4.19,36.07,0.0,36.07,60.11,0.0,1200.0,0.0,0.0
bf_qcv_045,period_5,5,83,0,1,1200.0,7994.35,4819.73,1881.11,2,7883.57,0.0,0.0,0.0,4.19,39.97,0.0,39.97,66.62,0.0,1200.0,0.0,0.0
bf_qcv_045,period_5,5,87,0,1,1200.0,7602.58,4819.73,1788.93,2,7497.02,0.0,0.0,0.0,4.19,38.01,0.0,38.01,63.35,0.0,1200.0,0.0,0.0
bf_qcv_045,period_5,5,90,0,1,1000.0,8237.15,5288.27,2325.89,2,7986.85,147.95,147.95,0.0,3.5,16.47,0.0,16.47,82.37,0.0,1000.0,0.0,0.0
bf_qcv_045,period_5,5,92,0,1,1000.0,8593.93,5288.27,2426.64,2,8487.3,0.0,0.0,0.0,3.5,17.19,0.0,17.19,85.94,0.0,1000.0,0.0,0.0
bf_qcv_045,period_5,5,256,1,1,467.0,15.67,5288.27,9.47,1,14.02,0.0,0.0,0.0,1.65,0.0,0.0,0.0,0.0,0.0,467.0,0.0,1.65
bf_sae1006_045,period_1,1,102,0,1,810.0,8652.32,5173.98,3015.43,1,8334.44,0.0,0.0,0.0,2.76,208.3,0.0,208.3,106.82,0.0,810.0,0.0,0.0
bf_sae1006_045,period_1,1,111,0,1,810.0,8429.71,5173.98,2937.85,1,8119.94,0.0,0.0,0.0,2.76,202.94,0.0,202.94,104.07,0.0,810.0,0.0,0.0
bf_sae1006_045,period_1,1,117,0,1,810.0,8397.97,5173.98,2926.79,1,8089.35,0.0,0.0,0.0,2.76,202.17,0.0,202.17,103.68,0.0,810.0,0.0,0.0
bf_sae1006_045,period_1,1,118,0,1,810.0,7935.17,5173.98,2765.5,1,7643.41,0.0,0.0,0.0,2.76,191.03,0.0,191.03,97.97,0.0,810.0,0.0,0.0
bf_sae1006_045,period_1,1,12,0,1,1100.0,8142.55,4947.45,2089.63,2,7811.98,12.22,12.22,0.0,3.75,240.58,0.0,240.58,74.02,0.0,1100.0,0.0,0.0
bf_sae1006_045,period_1,1,121,0,1,810.0,8058.98,5173.98,2808.65,1,7762.71,0.0,0.0,0.0,2.76,194.01,0.0,194.01,99.49,0.0,810.0,0.0,0.0
bf_sae1006_045,period_1,1,123,0,1,810.0,7976.6,5173.98,2779.94,1,7683.33,0.0,0.0,0.0,2.76,192.03,0.0,192.03,98.48,0.0,810.0,0.0,0.0
bf_sae1006_045,period_1,1,134,0,1,810.0,7603.1,5173.98,2649.77,1,7323.43,0.0,0.0,0.0,2.76,183.04,0.0,183.04,93.87,0.0,810.0,0.0,0.0
bf_sae1006_045,period_1,1,136,0,1,810.0,6009.09,5173.98,2094.24,1,6003.92,2.3,0.0,2.3,2.87,0.0,0.0,0.0,0.0,0.0,810.0,0.0,0.0
bf_sae1006_045,period_1,1,137,0,1,810.0,8004.9,5173.98,2789.8,1,7710.6,0.0,0.0,0.0,2.76,192.71,0.0,192.71,98.83,0.0,810.0,0.0,0.0
bf_sae1006_045,period_1,1,140,0,1,810.0,8199.01,5173.98,2857.45,1,7897.64,0.0,0.0,0.0,2.76,197.38,0.0,197.38,101.22,0.0,810.0,0.0,0.0
bf_sae1006_045,period_1,1,142,0,1,810.0,7935.07,5173.98,2765.46,1,7643.31,0.0,0.0,0.0,2.76,191.03,0.0,191.03,97.96,0.0,810.0,0.0,0.0
bf_sae1006_045,period_1,1,144,0,1,810.0,8560.72,5173.98,2983.51,1,8246.18,0.0,0.0,0.0,2.76,206.09,0.0,206.09,105.69,0.0,810.0,0.0,0.0
bf_sae1006_045,period_1,1,145,0,1,810.0,8343.94,5173.98,2907.96,1,8037.29,0.0,0.0,0.0,2.76,200.87,0.0,200.87,103.01,0.0,810.0,0.0,0.0
bf_sae1006_045,period_1,1,147,0,1,810.0,7787.62,5173.98,2714.08,1,7501.23,0.0,0.0,0.0,2.76,187.48,0.0,187.48,96.14,0.0,810.0,0.0,0.0
bf_sae1006_045,period_1,1,149,0,1,810.0,8069.45,5173.98,2812.3,1,7772.8,0.0,0.0,0.0,2.76,194.26,0.0,194.26,99.62,0.0,810.0,0.0,0.0
bf_sae1006_045,period_1,1,150,0,1,810.0,6413.1,5173.98,2235.04,1,6410.23,0.0,0.0,0.0,2.87,0.0,0.0,0.0,0.0,0.0,810.0,0.0,0.0
bf_sae1006_045,period_1,1,158,0,1,810.0,8164.37,5173.98,2845.38,1,7864.26,0.0,0.0,0.0,2.76,196.55,0.0,196.55,100.79,0.0,810.0,0.0,0.0
bf_sae1006_045,period_1,1,160,0,1,810.0,8253.99,5173.98,2876.61,1,7950.62,0.0,0.0,0.0,2.76,198.71,0.0,198.71,101.9,0.0,810.0,0.0,0.0
bf_sae1006_045,period_1,1,179,0,1,810.0,6535.22,5173.98,2277.6,1,6294.44,0.0,0.0,0.0,2.76,157.33,0.0,157.33,80.68,0.0,810.0,0.0,0.0
bf_sae1006_045,period_1,1,184,0,1,810.0,8492.56,5173.98,2959.76,1,8180.5,0.0,0.0,0.0,2.76,204.45,0.0,204.45,104.85,0.0,810.0,0.0,0.0
bf_sae1006_045,period_1,1,187,0,1,810.0,7249.88,5173.98,2526.67,1,6983.08,0.0,0.0,0.0,2.76,174.53,0.0,174.53,89.5,0.0,810.0,0.0,0.0
bf_sae1006_045,period_1,1,197,0,1,810.0,8068.21,5173.98,2811.87,1,8065.34,0.0,0.0,0.0,2.87,0.0,0.0,0.0,0.0,0.0,810.0,0.0,0.0
bf_sae1006_045,period_1,1,198,0,1,810.0,8265.6,5173.98,2880.66,1,7961.8,0.0,0.0,0.0,2.76,198.99,0.0,198.99,102.04,0.0,810.0,0.0,0.0
bf_sae1006_045,period_1,1,202,0,1,810.0,7892.67,5173.98,2750.69,1,7602.46,0.0,0.0,0.0,2.76,190.01,0.0,190.01,97.44,0.0,810.0,0.0,0.0
bf_sae1006_045,period_1,1,205,0,1,1250.0,7053.94,5102.73,1593.03,2,6807.01,0.0,0.0,0.0,4.28,186.22,0.0,186.22,56.43,0.0,1250.0,0.0,0.0
bf_sae1006_045,period_1,1,21,0,1,1100.0,8163.38,4947.45,2094.98,2,7844.23,0.0,0.0,0.0,3.75,241.19,0.0,241.19,74.21,0.0,1100.0,0.0,0.0
bf_sae1006_045,period_1,1,212,0,1,1250.0,9144.93,5102.73,2065.25,3,8972.32,0.0,0.0,0.0,4.35,95.11,0.0,95.11,73.16,0.0,1250.0,0.0,0.0
bf_sae1006_045,period_1,1,226,0,1,1250.0,8877.12,5102.73,2004.77,2,8752.02,0.0,0.0,0.0,4.37,49.71,0.0,49.71,71.02,0.0,1250.0,0.0,0.0
bf_sae1006_045,period_1,1,227,0,1,1250.0,7857.2,5102.73,1774.44,2,7745.97,0.0,0.0,0.0,4.37,44.0,0.0,44.0,62.86,0.0,1250.0,0.0,0.0
bf_sae1006_045,period_1,1,240,0,1,1250.0,7582.46,5102.73,1712.39,2,7474.97,0.0,0.0,0.0,4.37,42.46,0.0,42.46,60.66,0.0,1250.0,0.0,0.0
bf_sae1006_045,period_1,1,252,0,1,1250.0,7644.01,5102.73,1726.29,2,7535.68,0.0,0.0,0.0,4.37,42.81,0.0,42.81,61.15,0.0,1250.0,0.0,0.0
bf_sae1006_045,period_1,1,261,0,1,1250.0,9249.69,5102.73,2088.91,2,9045.56,0.0,0.0,0.0,4.33,125.8,0.0,125.8,74.0,0.0,1250.0,0.0,0.0
bf_sae1006_045,period_1,1,263,0,1,1250.0,9106.32,5102.73,2056.53,2,8978.11,0.0,0.0,0.0,4.37,51.0,0.0,51.0,72.85,0.0,1250.0,0.0,0.0
bf_sae1006_045,period_1,1,266,0,1,1250.0,9615.49,5102.73,2171.52,3,9434.22,0.0,0.0,0.0,4.35,100.0,0.0,100.0,76.92,0.0,1250.0,0.0,0.0
bf_sae1006_045,period_1,1,275,0,1,1250.0,9385.4,5102.73,2119.56,3,9207.87,0.49,0.0,0.49,4.35,97.61,0.0,97.61,75.08,0.0,1250.0,0.0,0.0
bf_sae1006_045,period_1,1,276,0,1,1250.0,8617.82,5102.73,1946.21,3,8007.01,0.0,0.0,0.0,4.12,537.75,0.0,537.75,68.94,0.0,1250.0,0.0,0.0
bf_sae1006_045,period_1,1,277,0,1,1250.0,8687.72,5102.73,1962.0,2,8565.2,0.0,0.0,0.0,4.37,48.65,0.0,48.65,69.5,0.0,1250.0,0.0,0.0
bf_sae1006_045,period_1,1,294,0,1,1250.0,9812.88,5102.73,2216.1,2,9675.06,0.0,0.0,0.0,4.37,54.95,0.0,54.95,78.5,0.0,1250.0,0.0,0.0
bf_sae1006_045,period_1,1,297,0,1,1250.0,9101.03,5102.73,2055.34,2,8926.28,46.61,46.61,0.0,4.37,50.97,0.0,50.97,72.81,0.0,1250.0,0.0,0.0
bf_sae1006_045,period_1,1,44,0,1,1100.0,7996.82,4947.45,2052.23,2,7684.11,0.0,0.0,0.0,3.75,236.27,0.0,236.27,72.7,0.0,1100.0,0.0,0.0
bf_sae1006_045,period_1,1,65,0,1,1100.0,8113.0,4947.45,2082.05,2,6446.49,1301.39,1295.81,5.58,3.72,287.64,0.0,287.64,73.75,0.0,1100.0,0.0,0.0
bf_sae1006_045,period_1,1,74,0,1,1100.0,8166.24,4947.45,2095.71,2,7846.55,0.43,0.0,0.43,3.75,241.28,0.0,241.28,74.24,0.0,1100.0,0.0,0.0
bf_sae1006_045,period_1,1,8,0,1,1100.0,9609.36,4947.45,2466.06,2,9416.64,49.11,49.11,0.0,3.84,52.41,0.0,52.41,87.36,0.0,1100.0,0.0,0.0
bf_sae1006_045,period_1,1,83,0,1,1100.0,7264.83,4947.45,1864.38,2,6501.67,548.04,548.04,0.0,3.78,145.3,0.0,145.3,66.04,0.0,1100.0,0.0,0.0
bf_sae1006_045,period_1,1,85,0,1,1100.0,9133.93,4947.45,2344.05,2,8997.23,0.0,0.0,0.0,3.84,49.82,0.0,49.82,83.04,0.0,1100.0,0.0,0.0
bf_sae1006_045,period_1,1,96,0,1,1100.0,9069.31,4947.45,2327.47,2,8933.55,0.0,0.0,0.0,3.84,49.47,0.0,49.47,82.45,0.0,1100.0,0.0,0.0
bf_sae1006_045,period_1,1,98,0,1,810.0,8626.33,5173.98,3006.38,1,8309.4,0.0,0.0,0.0,2.76,207.67,0.0,207.67,106.5,0.0,810.0,0.0,0.0
bf_sae1006_045,period_2,2,100,0,1,810.0,7717.17,5173.98,2689.52,1,7433.35,0.0,0.0,0.0,2.76,185.78,0.0,185.78,95.27,0.0,810.0,0.0,0.0
bf_sae1006_045,period_2,2,102,0,1,810.0,8652.32,5173.98,3015.43,1,8334.44,0.0,0.0,0.0,2.76,208.3,0.0,208.3,106.82,0.0,810.0,0.0,0.0
bf_sae1006_045,period_2,2,107,0,1,810.0,6724.82,5173.98,2343.68,1,6477.14,0.0,0.0,0.0,2.76,161.89,0.0,161.89,83.02,0.0,810.0,0.0,0.0
bf_sae1006_045,period_2,2,111,0,1,810.0,8429.71,5173.98,2937.85,1,8119.94,0.0,0.0,0.0,2.76,202.94,0.0,202.94,104.07,0.0,810.0,0.0,0.0
bf_sae1006_045,period_2,2,113,0,1,810.0,6688.51,5173.98,2331.02,1,6442.15,0.0,0.0,0.0,2.76,161.02,0.0,161.02,82.57,0.0,810.0,0.0,0.0
bf_sae1006_045,period_2,2,117,0,1,810.0,8397.97,5173.98,2926.79,1,8089.35,0.0,0.0,0.0,2.76,202.17,0.0,202.17,103.68,0.0,810.0,0.0,0.0
bf_sae1006_045,period_2,2,118,0,1,810.0,7935.17,5173.98,2765.5,1,7643.41,0.0,0.0,0.0,2.76,191.03,0.0,191.03,97.97,0.0,810.0,0.0,0.0
bf_sae1006_045,period_2,2,121,0,1,810.0,8058.98,5173.98,2808.65,1,7762.71,0.0,0.0,0.0,2.76,194.01,0.0,194.01,99.49,0.0,810.0,0.0,0.0
bf_sae1006_045,period_2,2,123,0,1,810.0,7976.6,5173.98,2779.94,1,7683.33,0.0,0.0,0.0,2.76,192.03,0.0,192.03,98.48,0.0,810.0,0.0,0.0
bf_sae1006_045,period_2,2,126,0,1,810.0,7101.72,5173.98,2475.03,1,7098.85,0.0,0.0,0.0,2.87,0.0,0.0,0.0,0.0,0.0,810.0,0.0,0.0
bf_sae1006_045,period_2,2,138,0,1,810.0,7333.88,5173.98,2555.94,1,7064.02,0.0,0.0,0.0,2.76,176.56,0.0,176.56,90.54,0.0,810.0,0.0,0.0
bf_sae1006_045,period_2,2,140,0,1,810.0,8199.01,5173.98,2857.45,1,7897.64,0.0,0.0,0.0,2.76,197.38,0.0,197.38,101.22,0.0,810.0,0.0,0.0
bf_sae1006_045,period_2,2,142,0,1,810.0,7935.07,5173.98,2765.46,1,7643.31,0.0,0.0,0.0,2.76,191.03,0.0,191.03,97.96,0.0,810.0,0.0,0.0
bf_sae1006_045,period_2,2,144,0,1,810.0,8560.72,5173.98,2983.51,1,8246.18,0.0,0.0,0.0,2.76,206.09,0.0,206.09,105.69,0.0,810.0,0.0,0.0
bf_sae1006_045,period_2,2,145,0,1,810.0,8343.94,5173.98,2907.96,1,8037.29,0.0,0.0,0.0,2.76,200.87,0.0,200.87,103.01,0.0,810.0,0.0,0.0
bf_sae1006_045,period_2,2,147,0,1,810.0,7787.62,5173.98,2714.08,1,7501.23,0.0,0.0,0.0,2.76,187.48,0.0,187.48,96.14,0.0,810.0,0.0,0.0
bf_sae1006_045,period_2,2,149,0,1,810.0,8069.45,5173.98,2812.3,1,7772.8,0.0,0.0,0.0,2.76,194.26,0.0,194.26,99.62,0.0,810.0,0.0,0.0
bf_sae1006_045,period_2,2,152,0,1,810.0,7849.27,5173.98,2735.56,1,7560.64,0.0,0.0,0.0,2.76,188.96,0.0,188.96,96.9,0.0,810.0,0.0,0.0
bf_sae1006_045,period_2,2,158,0,1,810.0,8164.37,5173.98,2845.38,1,7864.26,0.0,0.0,0.0,2.76,196.55,0.0,196.55,100.79,0.0,810.0,0.0,0.0
bf_sae1006_045,period_2,2,160,0,1,810.0,8253.99,5173.98,2876.61,1,7950.62,0.0,0.0,0.0,2.76,198.71,0.0,198.71,101.9,0.0,810.0,0.0,0.0
bf_sae1006_045,period_2,2,166,0,1,810.0,5630.53,5173.98,1962.31,1,5422.7,0.0,0.0,0.0,2.76,135.55,0.0,135.55,69.51,0.0,810.0,0.0,0.0
bf_sae1006_045,period_2,2,170,0,1,810.0,7358.21,5173.98,2564.42,1,7087.46,0.0,0.0,0.0,2.76,177.14,0.0,177.14,90.84,0.0,810.0,0.0,0.0
bf_sae1006_045,period_2,2,175,0,1,810.0,7775.96,5173.98,2710.01,1,7490.0,0.0,0.0,0.0,2.76,187.2,0.0,187.2,96.0,0.0,810.0,0.0,0.0
bf_sae1006_045,period_2,2,179,0,1,810.0,6535.22,5173.98,2277.6,1,6532.35,0.0,0.0,0.0,2.87,0.0,0.0,0.0,0.0,0.0,810.0,0.0,0.0
bf_sae1006_045,period_2,2,184,0,1,810.0,8492.56,5173.98,2959.76,1,8180.5,0.0,0.0,0.0,2.76,204.45,0.0,204.45,104.85,0.0,810.0,0.0,0.0
bf_sae1006_045,period_2,2,19,0,1,1100.0,7371.22,4947.45,1891.69,2,7279.46,0.79,0.0,0.79,3.85,20.1,0.0,20.1,67.01,0.0,1100.0,0.0,0.0
bf_sae1006_045,period_2,2,190,0,1,810.0,7533.94,5173.98,2625.67,1,7256.79,0.0,0.0,0.0,2.76,181.37,0.0,181.37,93.01,0.0,810.0,0.0,0.0
bf_sae1006_045,period_2,2,198,0,1,810.0,8265.6,5173.98,2880.66,1,7961.8,0.0,0.0,0.0,2.76,198.99,0.0,198.99,102.04,0.0,810.0,0.0,0.0
bf_sae1006_045,period_2,2,202,0,1,810.0,7892.67,5173.98,2750.69,1,7602.46,0.0,0.0,0.0,2.76,190.01,0.0,190.01,97.44,0.0,810.0,0.0,0.0
bf_sae1006_045,period_2,2,219,0,1,1250.0,7532.3,5102.73,1701.06,2,7425.49,0.0,0.0,0.0,4.37,42.18,0.0,42.18,60.26,0.0,1250.0,0.0,0.0
bf_sae1006_045,period_2,2,223,0,1,1250.0,9182.36,5102.73,2073.7,2,9053.11,0.0,0.0,0.0,4.37,51.42,0.0,51.42,73.46,0.0,1250.0,0.0,0.0
bf_sae1006_045,period_2,2,227,0,1,1250.0,7857.2,5102.73,1774.44,2,7745.97,0.0,0.0,0.0,4.37,44.0,0.0,44.0,62.86,0.0,1250.0,0.0,0.0
bf_sae1006_045,period_2,2,235,0,1,1250.0,8203.19,5102.73,1852.57,2,7525.24,562.02,561.33,0.68,4.37,45.94,0.0,45.94,65.63,0.0,1250.0,0.0,0.0
bf_sae1006_045,period_2,2,238,0,1,1250.0,9038.83,5102.73,2041.29,2,8839.26,0.0,0.0,0.0,4.33,122.93,0.0,122.93,72.31,0.0,1250.0,0.0,0.0
bf_sae1006_045,period_2,2,252,0,1,1250.0,7644.01,5102.73,1726.29,2,7474.57,0.0,0.0,0.0,4.33,103.96,0.0,103.96,61.15,0.0,1250.0,0.0,0.0
bf_sae1006_045,period_2,2,257,0,1,1250.0,7856.2,5102.73,1774.21,2,5194.73,0.0,0.0,0.0,2.93,2595.69,2595.69,0.0,62.85,0.0,1250.0,0.0,0.0
bf_sae1006_045,period_2,2,258,0,1,1250.0,8443.83,5102.73,1906.92,2,8324.63,0.0,0.0,0.0,4.37,47.29,0.0,47.29,67.55,0.0,1250.0,0.0,0.0
bf_sae1006_045,period_2,2,261,0,1,1250.0,9249.69,5102.73,2088.91,2,9119.53,0.0,0.0,0.0,4.37,51.8,0.0,51.8,74.0,0.0,1250.0,0.0,0.0
bf_sae1006_045,period_2,2,263,0,1,1250.0,9106.32,5102.73,2056.53,2,8755.79,149.5,149.5,0.0,4.33,123.85,0.0,123.85,72.85,0.0,1250.0,0.0,0.0
bf_sae1006_045,period_2,2,264,0,1,1250.0,7454.59,5102.73,1683.51,2,7289.24,0.0,0.0,0.0,4.33,101.38,0.0,101.38,59.64,0.0,1250.0,0.0,0.0
bf_sae1006_045,period_2,2,276,0,1,1250.0,8617.82,5102.73,1946.21,2,8496.25,0.0,0.0,0.0,4.37,48.26,0.0,48.26,68.94,0.0,1250.0,0.0,0.0
bf_sae1006_045,period_2,2,283,0,1,1250.0,8647.53,5102.73,1952.92,2,8525.56,0.0,0.0,0.0,4.37,48.43,0.0,48.43,69.18,0.0,1250.0,0.0,0.0
bf_sae1006_045,period_2,2,295,0,1,1250.0,8678.75,5102.73,1959.97,2,8375.93,0.0,0.0,0.0,4.28,229.12,0.0,229.12,69.43,0.0,1250.0,0.0,0.0
bf_sae1006_045,period_2,2,36,0,1,1100.0,8573.73,4947.45,2200.29,2,8320.53,0.0,0.0,0.0,3.78,171.47,0.0,171.47,77.94,0.0,1100.0,0.0,0.0
bf_sae1006_045,period_2,2,70,0,1,1100.0,6773.12,4947.45,1738.19,2,6001.43,466.25,466.25,0.0,3.72,240.14,0.0,240.14,61.57,0.0,1100.0,0.0,0.0
bf_sae1006_045,period_2,2,71,0,1,1100.0,6805.29,4947.45,1746.45,2,6538.61,0.0,0.0,0.0,3.75,201.07,0.0,201.07,61.87,0.0,1100.0,0.0,0.0
bf_sae1006_045,period_2,2,8,0,1,1100.0,9609.36,4947.45,2466.06,3,9464.24,36.43,36.43,0.0,3.85,17.47,0.0,17.47,87.36,0.0,1100.0,0.0,0.0
bf_sae1006_045,period_2,2,87,0,1,1100.0,8238.16,4947.45,2114.17,3,8035.0,109.43,109.43,0.0,3.85,14.98,0.0,14.98,74.89,0.0,1100.0,0.0,0.0
bf_sae1006_045,period_2,2,9,0,1,1100.0,6373.95,4947.45,1635.76,2,6122.16,1.78,0.0,1.78,3.75,188.32,0.0,188.32,57.95,0.0,1100.0,0.0,0.0
bf_sae1006_045,period_2,2,98,0,1,810.0,8626.33,5173.98,3006.38,1,8309.4,0.0,0.0,0.0,2.76,207.67,0.0,207.67,106.5,0.0,810.0,0.0,0.0
bf_sae1006_045,period_2,2,298,1,1,550.0,49.11,4947.45,25.21,1,47.16,0.0,0.0,0.0,1.95,0.0,0.0,0.0,0.0,0.0,550.0,0.0,1.95
bf_sae1006_045,period_2,2,299,1,1,277.0,12.22,4947.45,12.45,1,11.24,0.0,0.0,0.0,0.98,0.0,0.0,0.0,0.0,0.0,277.0,0.0,0.98
bf_sae1006_045,period_2,2,300,1,1,325.0,1295.81,4947.45,1125.54,1,1294.66,0.0,0.0,0.0,1.15,0.0,0.0,0.0,0.0,0.0,325.0,0.0,1.15
bf_sae1006_045,period_2,2,301,1,1,534.0,548.04,4947.45,289.72,1,546.15,0.0,0.0,0.0,1.89,0.0,0.0,0.0,0.0,0.0,534.0,0.0,1.89
bf_sae1006_045,period_2,2,302,1,1,560.0,46.61,5102.73,23.5,1,44.63,0.0,0.0,0.0,1.98,0.0,0.0,0.0,0.0,0.0,560.0,0.0,1.98
bf_sae1006_045,period_3,3,100,0,1,810.0,7717.17,5173.98,2689.52,1,7433.35,0.0,0.0,0.0,2.76,185.78,0.0,185.78,95.27,0.0,810.0,0.0,0.0
bf_sae1006_045,period_3,3,102,0,1,810.0,8652.32,5173.98,3015.43,1,8334.44,0.0,0.0,0.0,2.76,208.3,0.0,208.3,106.82,0.0,810.0,0.0,0.0
bf_sae1006_045,period_3,3,110,0,1,810.0,7340.58,5173.98,2558.28,1,7070.47,0.0,0.0,0.0,2.76,176.72,0.0,176.72,90.62,0.0,810.0,0.0,0.0
bf_sae1006_045,period_3,3,111,0,1,810.0,8429.71,5173.98,2937.85,1,8119.94,0.0,0.0,0.0,2.76,202.94,0.0,202.94,104.07,0.0,810.0,0.0,0.0
bf_sae1006_045,period_3,3,112,0,1,810.0,7772.61,5173.98,2708.85,1,7486.77,0.0,0.0,0.0,2.76,187.12,0.0,187.12,95.96,0.0,810.0,0.0,0.0
bf_sae1006_045,period_3,3,117,0,1,810.0,8397.97,5173.98,2926.79,1,8089.35,0.0,0.0,0.0,2.76,202.17,0.0,202.17,103.68,0.0,810.0,0.0,0.0
bf_sae1006_045,period_3,3,118,0,1,810.0,7935.17,5173.98,2765.5,1,7643.41,0.0,0.0,0.0,2.76,191.03,0.0,191.03,97.97,0.0,810.0,0.0,0.0
bf_sae1006_045,period_3,3,119,0,1,810.0,6764.98,5173.98,2357.67,1,6762.11,0.0,0.0,0.0,2.87,0.0,0.0,0.0,0.0,0.0,810.0,0.0,0.0
bf_sae1006_045,period_3,3,121,0,1,810.0,8058.98,5173.98,2808.65,1,7762.71,0.0,0.0,0.0,2.76,194.01,0.0,194.01,99.49,0.0,810.0,0.0,0.0
bf_sae1006_045,period_3,3,123,0,1,810.0,7976.6,5173.98,2779.94,1,7683.33,0.0,0.0,0.0,2.76,192.03,0.0,192.03,98.48,0.0,810.0,0.0,0.0
bf_sae1006_045,period_3,3,13,0,1,1100.0,7426.82,4947.45,1905.95,2,7314.95,0.0,0.0,0.0,3.84,40.51,0.0,40.51,67.52,0.0,1100.0,0.0,0.0
bf_sae1006_045,period_3,3,137,0,1,810.0,8004.9,5173.98,2789.8,1,7710.6,0.0,0.0,0.0,2.76,192.71,0.0,192.71,98.83,0.0,810.0,0.0,0.0
bf_sae1006_045,period_3,3,140,0,1,810.0,8199.01,5173.98,2857.45,1,7897.64,0.0,0.0,0.0,2.76,197.38,0.0,197.38,101.22,0.0,810.0,0.0,0.0
bf_sae1006_045,period_3,3,142,0,1,810.0,7935.07,5173.98,2765.46,1,7643.31,0.0,0.0,0.0,2.76,191.03,0.0,191.03,97.96,0.0,810.0,0.0,0.0
bf_sae1006_045,period_3,3,144,0,1,810.0,8560.72,5173.98,2983.51,1,8246.18,0.0,0.0,0.0,2.76,206.09,0.0,206.09,105.69,0.0,810.0,0.0,0.0
bf_sae1006_045,period_3,3,145,0,1,810.0,8343.94,5173.98,2907.96,1,8037.29,0.0,0.0,0.0,2.76,200.87,0.0,200.87,103.01,0.0,810.0,0.0,0.0
bf_sae1006_045,period_3,3,147,0,1,810.0,7787.62,5173.98,2714.08,1,7501.23,0.0,0.0,0.0,2.76,187.48,0.0,187.48,96.14,0.0,810.0,0.0,0.0
bf_sae1006_045,period_3,3,149,0,1,810.0,8069.45,5173.98,2812.3,1,7772.8,0.0,0.0,0.0,2.76,194.26,0.0,194.26,99.62,0.0,810.0,0.0,0.0
bf_sae1006_045,period_3,3,15,0,1,1100.0,7529.54,4947.45,1932.32,3,7443.55,0.0,0.0,0.0,3.85,13.69,0.0,13.69,68.45,0.0,1100.0,0.0,0.0
bf_sae1006_045,period_3,3,152,0,1,810.0,7849.27,5173.98,2735.56,1,7560.64,0.0,0.0,0.0,2.76,188.96,0.0,188.96,96.9,0.0,810.0,0.0,0.0
bf_sae1006_045,period_3,3,157,0,1,810.0,7607.31,5173.98,2651.24,1,7327.49,0.0,0.0,0.0,2.76,183.14,0.0,183.14,93.92,0.0,810.0,0.0,0.0
bf_sae1006_045,period_3,3,158,0,1,810.0,8164.37,5173.98,2845.38,1,7864.26,0.0,0.0,0.0,2.76,196.55,0.0,196.55,100.79,0.0,810.0,0.0,0.0
bf_sae1006_045,period_3,3,160,0,1,810.0,8253.99,5173.98,2876.61,1,7950.62,0.0,0.0,0.0,2.76,198.71,0.0,198.71,101.9,0.0,810.0,0.0,0.0
bf_sae1006_045,period_3,3,169,0,1,810.0,7573.33,5173.98,2639.39,1,7294.75,0.0,0.0,0.0,2.76,182.32,0.0,182.32,93.5,0.0,810.0,0.0,0.0
bf_sae1006_045,period_3,3,175,0,1,810.0,7775.96,5173.98,2710.01,1,7490.0,0.0,0.0,0.0,2.76,187.2,0.0,187.2,96.0,0.0,810.0,0.0,0.0
bf_sae1006_045,period_3,3,184,0,1,810.0,8492.56,5173.98,2959.76,1,8180.5,0.0,0.0,0.0,2.76,204.45,0.0,204.45,104.85,0.0,810.0,0.0,0.0
bf_sae1006_045,period_3,3,190,0,1,810.0,7533.94,5173.98,2625.67,1,7531.07,0.0,0.0,0.0,2.87,0.0,0.0,0.0,0.0,0.0,810.0,0.0,0.0
bf_sae1006_045,period_3,3,197,0,1,810.0,8068.21,5173.98,2811.87,1,7771.6,0.0,0.0,0.0,2.76,194.23,0.0,194.23,99.61,0.0,810.0,0.0,0.0
bf_sae1006_045,period_3,3,198,0,1,810.0,8265.6,5173.98,2880.66,1,7961.8,0.0,0.0,0.0,2.76,198.99,0.0,198.99,102.04,0.0,810.0,0.0,0.0
bf_sae1006_045,period_3,3,202,0,1,810.0,7892.67,5173.98,2750.69,1,7602.46,0.0,0.0,0.0,2.76,190.01,0.0,190.01,97.44,0.0,810.0,0.0,0.0
bf_sae1006_045,period_3,3,206,0,1,1250.0,8574.99,5102.73,1936.54,2,8454.0,0.0,0.0,0.0,4.37,48.02,0.0,48.02,68.6,0.0,1250.0,0.0,0.0
bf_sae1006_045,period_3,3,208,0,1,1250.0,7208.74,5102.73,1627.99,2,7048.7,0.0,0.0,0.0,4.33,98.04,0.0,98.04,57.67,0.0,1250.0,0.0,0.0
bf_sae1006_045,period_3,3,209,0,1,1250.0,7860.62,5102.73,1775.21,2,7686.5,0.0,0.0,0.0,4.33,106.9,0.0,106.9,62.88,0.0,1250.0,0.0,0.0
bf_sae1006_045,period_3,3,214,0,1,1250.0,9647.75,5102.73,2178.81,2,9512.17,0.0,0.0,0.0,4.37,54.03,0.0,54.03,77.18,0.0,1250.0,0.0,0.0
bf_sae1006_045,period_3,3,217,0,1,1250.0,9684.03,5102.73,2187.0,2,9547.96,0.0,0.0,0.0,4.37,54.23,0.0,54.23,77.47,0.0,1250.0,0.0,0.0
bf_sae1006_045,period_3,3,221,0,1,1250.0,7668.13,5102.73,1731.74,2,7559.48,0.0,0.0,0.0,4.37,42.94,0.0,42.94,61.35,0.0,1250.0,0.0,0.0
bf_sae1006_045,period_3,3,231,0,1,1250.0,8444.78,5102.73,1907.13,2,8325.56,0.0,0.0,0.0,4.37,47.29,0.0,47.29,67.56,0.0,1250.0,0.0,0.0
bf_sae1006_045,period_3,3,234,0,1,1250.0,8361.78,5102.73,1888.39,2,8243.69,0.0,0.0,0.0,4.37,46.83,0.0,46.83,66.89,0.0,1250.0,0.0,0.0
bf_sae1006_045,period_3,3,237,0,1,1250.0,7919.28,5102.73,1788.46,3,7769.22,0.0,0.0,0.0,4.35,82.36,0.0,82.36,63.35,0.0,1250.0,0.0,0.0
bf_sae1006_045,period_3,3,245,0,1,1250.0,7847.13,5102.73,1772.16,2,7736.04,0.0,0.0,0.0,4.37,43.94,0.0,43.94,62.78,0.0,1250.0,0.0,0.0
bf_sae1006_045,period_3,3,267,0,1,1250.0,6326.83,5102.73,1428.82,2,4624.04,1561.79,1561.79,0.0,4.33,86.04,0.0,86.04,50.61,0.0,1250.0,0.0,0.0
bf_sae1006_045,period_3,3,277,0,1,1250.0,8687.72,5102.73,1962.0,2,8553.28,11.92,11.92,0.0,4.37,48.65,0.0,48.65,69.5,0.0,1250.0,0.0,0.0
bf_sae1006_045,period_3,3,280,0,1,1250.0,8040.48,5102.73,1815.83,3,7888.19,0.0,0.0,0.0,4.35,83.62,0.0,83.62,64.32,0.0,1250.0,0.0,0.0
bf_sae1006_045,period_3,3,289,0,1,1250.0,6691.16,5102.73,1511.1,2,6584.04,11.76,11.76,0.0,4.37,37.47,0.0,37.47,53.53,0.0,1250.0,0.0,0.0
bf_sae1006_045,period_3,3,29,0,1,1100.0,8012.92,4947.45,2056.37,2,6375.3,1276.96,1276.96,0.0,3.72,284.09,0.0,284.09,72.84,0.0,1100.0,0.0,0.0
bf_sae1006_045,period_3,3,295,0,1,1250.0,8678.75,5102.73,1959.97,2,8556.35,0.0,0.0,0.0,4.37,48.6,0.0,48.6,69.43,0.0,1250.0,0.0,0.0
bf_sae1006_045,period_3,3,35,0,1,1100.0,8790.23,4947.45,2255.85,2,7777.58,880.95,880.95,0.0,3.84,47.95,0.0,47.95,79.91,0.0,1100.0,0.0,0.0
bf_sae1006_045,period_3,3,36,0,1,1100.0,8573.73,4947.45,2200.29,2,8461.84,6.71,0.0,6.71,3.85,23.38,0.0,23.38,77.94,0.0,1100.0,0.0,0.0
bf_sae1006_045,period_3,3,37,0,1,1100.0,8564.3,4947.45,2197.87,3,8467.02,0.0,0.0,0.0,3.85,15.57,0.0,15.57,77.86,0.0,1100.0,0.0,0.0
bf_sae1006_045,period_3,3,57,0,1,1100.0,7383.69,4947.45,1894.89,2,7269.78,2.68,0.0,2.68,3.84,40.27,0.0,40.27,67.12,0.0,1100.0,0.0,0.0
bf_sae1006_045,period_3,3,80,0,1,1100.0,7905.34,4947.45,2028.76,3,7815.25,0.0,0.0,0.0,3.85,14.37,0.0,14.37,71.87,0.0,1100.0,0.0,0.0
bf_sae1006_045,period_3,3,89,0,1,1100.0,7602.23,4947.45,1950.97,3,7515.44,0.0,0.0,0.0,3.85,13.82,0.0,13.82,69.11,0.0,1100.0,0.0,0.0
bf_sae1006_045,period_3,3,97,0,1,810.0,7778.89,5173.98,2711.03,1,7492.82,0.0,0.0,0.0,2.76,187.27,0.0,187.27,96.04,0.0,810.0,0.0,0.0
bf_sae1006_045,period_3,3,98,0,1,810.0,8626.33,5173.98,3006.38,1,8309.4,0.0,0.0,0.0,2.76,207.67,0.0,207.67,106.5,0.0,810.0,0.0,0.0
bf_sae1006_045,period_3,3,99,0,1,810.0,6553.34,5173.98,2283.92,1,6311.9,0.0,0.0,0.0,2.76,157.77,0.0,157.77,80.91,0.0,810.0,0.0,0.0
bf_sae1006_045,period_3,3,298,1,1,534.0,36.43,4947.45,19.26,1,34.54,0.0,0.0,0.0,1.89,0.0,0.0,0.0,0.0,0.0,534.0,0.0,1.89
bf_sae1006_045,period_3,3,299,1,1,726.0,367.37,4947.45,142.85,1,364.8,0.0,0.0,0.0,2.57,0.0,0.0,0.0,0.0,0.0,726.0,0.0,2.57
bf_sae1006_045,period_3,3,300,1,1,325.0,98.89,4947.45,85.9,1,97.74,0.0,0.0,0.0,1.15,0.0,0.0,0.0,0.0,0.0,325.0,0.0,1.15
bf_sae1006_045,period_3,3,301,1,1,277.0,109.43,4947.45,111.52,1,108.45,0.0,0.0,0.0,0.98,0.0,0.0,0.0,0.0,0.0,277.0,0.0,0.98
bf_sae1006_045,period_3,3,302,1,1,560.0,561.33,5102.73,282.96,1,559.35,0.0,0.0,0.0,1.98,0.0,0.0,0.0,0.0,0.0,560.0,0.0,1.98
bf_sae1006_045,period_3,3,303,1,1,413.0,2595.69,5102.73,1774.21,1,2041.46,0.0,0.0,0.0,1.15,490.23,0.0,490.23,62.85,0.0,413.0,0.0,554.23
bf_sae1006_045,period_3,3,304,1,1,550.0,149.5,5102.73,76.73,1,147.55,0.0,0.0,0.0,1.95,0.0,0.0,0.0,0.0,0.0,550.0,0.0,1.95
bf_sae1006_045,period_4,4,102,0,1,810.0,8652.32,5173.98,3015.43,1,8334.44,0.0,0.0,0.0,2.76,208.3,0.0,208.3,106.82,0.0,810.0,0.0,0.0
bf_sae1006_045,period_4,4,110,0,1,810.0,7340.58,5173.98,2558.28,1,7070.47,0.0,0.0,0.0,2.76,176.72,0.0,176.72,90.62,0.0,810.0,0.0,0.0
bf_sae1006_045,period_4,4,111,0,1,810.0,8429.71,5173.98,2937.85,1,8119.94,0.0,0.0,0.0,2.76,202.94,0.0,202.94,104.07,0.0,810.0,0.0,0.0
bf_sae1006_045,period_4,4,114,0,1,810.0,6460.31,5173.98,2251.49,1,6222.26,0.0,0.0,0.0,2.76,155.53,0.0,155.53,79.76,0.0,810.0,0.0,0.0
bf_sae1006_045,period_4,4,126,0,1,810.0,7101.72,5173.98,2475.03,1,7098.85,0.0,0.0,0.0,2.87,0.0,0.0,0.0,0.0,0.0,810.0,0.0,0.0
bf_sae1006_045,period_4,4,127,0,1,810.0,7131.35,5173.98,2485.36,1,6868.86,0.0,0.0,0.0,2.76,171.68,0.0,171.68,88.04,0.0,810.0,0.0,0.0
bf_sae1006_045,period_4,4,137,0,1,810.0,8004.9,5173.98,2789.8,1,7710.6,0.0,0.0,0.0,2.76,192.71,0.0,192.71,98.83,0.0,810.0,0.0,0.0
bf_sae1006_045,period_4,4,140,0,1,810.0,8199.01,5173.98,2857.45,1,7897.64,0.0,0.0,0.0,2.76,197.38,0.0,197.38,101.22,0.0,810.0,0.0,0.0
bf_sae1006_045,period_4,4,144,0,1,810.0,8560.72,5173.98,2983.51,1,8556.83,1.02,0.0,1.02,2.87,0.0,0.0,0.0,0.0,0.0,810.0,0.0,0.0
bf_sae1006_045,period_4,4,147,0,1,810.0,7787.62,5173.98,2714.08,1,7501.23,0.0,0.0,0.0,2.76,187.48,0.0,187.48,96.14,0.0,810.0,0.0,0.0
bf_sae1006_045,period_4,4,149,0,1,810.0,8069.45,5173.98,2812.3,1,7772.8,0.0,0.0,0.0,2.76,194.26,0.0,194.26,99.62,0.0,810.0,0.0,0.0
bf_sae1006_045,period_4,4,151,0,1,810.0,7584.96,5173.98,2643.45,1,7305.95,0.0,0.0,0.0,2.76,182.6,0.0,182.6,93.64,0.0,810.0,0.0,0.0
bf_sae1006_045,period_4,4,152,0,1,810.0,7849.27,5173.98,2735.56,1,7560.64,0.0,0.0,0.0,2.76,188.96,0.0,188.96,96.9,0.0,810.0,0.0,0.0
bf_sae1006_045,period_4,4,158,0,1,810.0,8164.37,5173.98,2845.38,1,7864.26,0.0,0.0,0.0,2.76,196.55,0.0,196.55,100.79,0.0,810.0,0.0,0.0
bf_sae1006_045,period_4,4,160,0,1,810.0,8253.99,5173.98,2876.61,1,7950.62,0.0,0.0,0.0,2.76,198.71,0.0,198.71,101.9,0.0,810.0,0.0,0.0
bf_sae1006_045,period_4,4,188,0,1,810.0,7018.27,5173.98,2445.95,1,6759.9,0.0,0.0,0.0,2.76,168.96,0.0,168.96,86.65,0.0,810.0,0.0,0.0
bf_sae1006_045,period_4,4,194,0,1,810.0,6902.77,5173.98,2405.7,1,6648.61,0.0,0.0,0.0,2.76,166.18,0.0,166.18,85.22,0.0,810.0,0.0,0.0
bf_sae1006_045,period_4,4,197,0,1,810.0,8068.21,5173.98,2811.87,1,7771.6,0.0,0.0,0.0,2.76,194.23,0.0,194.23,99.61,0.0,810.0,0.0,0.0
bf_sae1006_045,period_4,4,199,0,1,810.0,6921.23,5173.98,2412.13,1,6666.4,0.0,0.0,0.0,2.76,166.62,0.0,166.62,85.45,0.0,810.0,0.0,0.0
bf_sae1006_045,period_4,4,212,0,1,1250.0,9144.93,5102.73,2065.25,2,8038.99,977.2,977.2,0.0,4.37,51.21,0.0,51.21,73.16,0.0,1250.0,0.0,0.0
bf_sae1006_045,period_4,4,222,0,1,1250.0,7241.9,5102.73,1635.48,2,7139.04,0.0,0.0,0.0,4.37,40.55,0.0,40.55,57.94,0.0,1250.0,0.0,0.0
bf_sae1006_045,period_4,4,230,0,1,1250.0,7677.9,5102.73,1733.94,2,7569.11,0.0,0.0,0.0,4.37,43.0,0.0,43.0,61.42,0.0,1250.0,0.0,0.0
bf_sae1006_045,period_4,4,243,0,1,1250.0,7001.03,5102.73,1581.08,2,6901.45,0.0,0.0,0.0,4.37,39.21,0.0,39.21,56.01,0.0,1250.0,0.0,0.0
bf_sae1006_045,period_4,4,248,0,1,1250.0,6887.18,5102.73,1555.37,3,6756.11,0.0,0.0,0.0,4.35,71.63,0.0,71.63,55.1,0.0,1250.0,0.0,0.0
bf_sae1006_045,period_4,4,254,0,1,1250.0,7007.66,5102.73,1582.58,2,6851.96,0.0,0.0,0.0,4.33,95.3,0.0,95.3,56.06,0.0,1250.0,0.0,0.0
bf_sae1006_045,period_4,4,256,0,1,1250.0,7386.26,5102.73,1668.08,2,7281.44,0.0,0.0,0.0,4.37,41.36,0.0,41.36,59.09,0.0,1250.0,0.0,0.0
bf_sae1006_045,period_4,4,282,0,1,1250.0,8050.2,5102.73,1818.02,2,7935.64,0.71,0.0,0.71,4.37,45.08,0.0,45.08,64.4,0.0,1250.0,0.0,0.0
bf_sae1006_045,period_4,4,285,0,1,1250.0,9136.09,5102.73,2063.25,2,9007.47,0.0,0.0,0.0,4.37,51.16,0.0,51.16,73.09,0.0,1250.0,0.0,0.0
bf_sae1006_045,period_4,4,291,0,1,1250.0,6831.79,5102.73,1542.86,2,6679.89,0.0,0.0,0.0,4.33,92.91,0.0,92.91,54.65,0.0,1250.0,0.0,0.0
bf_sae1006_045,period_4,4,293,0,1,1250.0,8419.48,5102.73,1901.42,2,8300.61,0.0,0.0,0.0,4.37,47.15,0.0,47.15,67.36,0.0,1250.0,0.0,0.0
bf_sae1006_045,period_4,4,45,0,1,1100.0,8391.36,4947.45,2153.49,3,8263.45,32.52,32.52,0.0,3.85,15.26,0.0,15.26,76.29,0.0,1100.0,0.0,0.0
bf_sae1006_045,period_4,4,47,0,1,1100.0,9577.17,4947.45,2457.8,3,9468.84,0.0,0.0,0.0,3.85,17.41,0.0,17.41,87.07,0.0,1100.0,0.0,0.0
bf_sae1006_045,period_4,4,52,0,1,1100.0,8414.3,4947.45,2159.37,3,8308.36,10.3,10.3,0.0,3.85,15.3,0.0,15.3,76.49,0.0,1100.0,0.0,0.0
bf_sae1006_045,period_4,4,6,0,1,1100.0,9176.13,4947.45,2354.88,2,8817.77,0.08,0.0,0.08,3.75,271.11,0.0,271.11,83.42,0.0,1100.0,0.0,0.0
bf_sae1006_045,period_4,4,7,0,1,1100.0,6939.65,4947.45,1780.93,2,6813.14,21.72,21.72,0.0,3.84,37.85,0.0,37.85,63.09,0.0,1100.0,0.0,0.0
bf_sae1006_045,period_4,4,70,0,1,1100.0,6773.12,4947.45,1738.19,2,5762.35,705.33,705.33,0.0,3.72,240.14,0.0,240.14,61.57,0.0,1100.0,0.0,0.0
bf_sae1006_045,period_4,4,71,0,1,1100.0,6805.29,4947.45,1746.45,2,6702.46,0.0,0.0,0.0,3.84,37.12,0.0,37.12,61.87,0.0,1100.0,0.0,0.0
bf_sae1006_045,period_4,4,98,0,1,810.0,8626.33,5173.98,3006.38,1,8309.4,0.0,0.0,0.0,2.76,207.67,0.0,207.67,106.5,0.0,810.0,0.0,0.0
bf_sae1006_045,period_4,4,298,1,1,726.0,269.48,4947.45,104.78,1,266.91,0.0,0.0,0.0,2.57,0.0,0.0,0.0,0.0,0.0,726.0,0.0,2.57
bf_sae1006_045,period_4,4,299,1,1,325.0,1007.47,4947.45,875.09,1,1006.32,0.0,0.0,0.0,1.15,0.0,0.0,0.0,0.0,0.0,325.0,0.0,1.15
bf_sae1006_045,period_4,4,300,1,1,534.0,880.95,4947.45,465.71,1,879.06,0.0,0.0,0.0,1.89,0.0,0.0,0.0,0.0,0.0,534.0,0.0,1.89
bf_sae1006_045,period_4,4,301,1,1,673.0,1561.79,5102.73,655.1,1,1559.41,0.0,0.0,0.0,2.38,0.0,0.0,0.0,0.0,0.0,673.0,0.0,2.38
bf_sae1006_045,period_4,4,302,1,1,673.0,11.92,5102.73,5.0,1,9.54,0.0,0.0,0.0,2.38,0.0,0.0,0.0,0.0,0.0,673.0,0.0,2.38
bf_sae1006_045,period_4,4,303,1,1,560.0,11.76,5102.73,5.93,1,9.78,0.0,0.0,0.0,1.98,0.0,0.0,0.0,0.0,0.0,560.0,0.0,1.98
bf_sae1006_045,period_5,5,100,0,1,810.0,7717.17,5173.98,2689.52,1,7433.35,0.0,0.0,0.0,2.76,185.78,0.0,185.78,95.27,0.0,810.0,0.0,0.0
bf_sae1006_045,period_5,5,102,0,1,810.0,8652.32,5173.98,3015.43,1,8334.44,0.0,0.0,0.0,2.76,208.3,0.0,208.3,106.82,0.0,810.0,0.0,0.0
bf_sae1006_045,period_5,5,11,0,1,1100.0,8385.95,4947.45,2152.1,2,8280.87,2.12,0.0,2.12,3.85,22.87,0.0,22.87,76.24,0.0,1100.0,0.0,0.0
bf_sae1006_045,period_5,5,111,0,1,810.0,8429.71,5173.98,2937.85,1,8119.94,0.0,0.0,0.0,2.76,202.94,0.0,202.94,104.07,0.0,810.0,0.0,0.0
bf_sae1006_045,period_5,5,112,0,1,810.0,7772.61,5173.98,2708.85,1,7486.77,0.0,0.0,0.0,2.76,187.12,0.0,187.12,95.96,0.0,810.0,0.0,0.0
bf_sae1006_045,period_5,5,115,0,1,810.0,7447.16,5173.98,2595.42,1,7173.17,0.0,0.0,0.0,2.76,179.28,0.0,179.28,91.94,0.0,810.0,0.0,0.0
bf_sae1006_045,period_5,5,117,0,1,810.0,8397.97,5173.98,2926.79,1,8089.35,0.0,0.0,0.0,2.76,202.17,0.0,202.17,103.68,0.0,810.0,0.0,0.0
bf_sae1006_045,period_5,5,118,0,1,810.0,7935.17,5173.98,2765.5,1,7643.41,0.0,0.0,0.0,2.76,191.03,0.0,191.03,97.97,0.0,810.0,0.0,0.0
bf_sae1006_045,period_5,5,121,0,1,810.0,8058.98,5173.98,2808.65,1,7762.71,0.0,0.0,0.0,2.76,194.01,0.0,194.01,99.49,0.0,810.0,0.0,0.0
bf_sae1006_045,period_5,5,123,0,1,810.0,7976.6,5173.98,2779.94,1,7683.33,0.0,0.0,0.0,2.76,192.03,0.0,192.03,98.48,0.0,810.0,0.0,0.0
bf_sae1006_045,period_5,5,129,0,1,810.0,7540.1,5173.98,2627.81,1,7262.73,0.0,0.0,0.0,2.76,181.52,0.0,181.52,93.09,0.0,810.0,0.0,0.0
bf_sae1006_045,period_5,5,134,0,1,810.0,7603.1,5173.98,2649.77,1,7323.43,0.0,0.0,0.0,2.76,183.04,0.0,183.04,93.87,0.0,810.0,0.0,0.0
bf_sae1006_045,period_5,5,137,0,1,810.0,8004.9,5173.98,2789.8,1,7710.6,0.0,0.0,0.0,2.76,192.71,0.0,192.71,98.83,0.0,810.0,0.0,0.0
bf_sae1006_045,period_5,5,140,0,1,810.0,8199.01,5173.98,2857.45,1,7897.64,0.0,0.0,0.0,2.76,197.38,0.0,197.38,101.22,0.0,810.0,0.0,0.0
bf_sae1006_045,period_5,5,142,0,1,810.0,7935.07,5173.98,2765.46,1,7643.31,0.0,0.0,0.0,2.76,191.03,0.0,191.03,97.96,0.0,810.0,0.0,0.0
bf_sae1006_045,period_5,5,144,0,1,810.0,8560.72,5173.98,2983.51,1,8246.18,0.0,0.0,0.0,2.76,206.09,0.0,206.09,105.69,0.0,810.0,0.0,0.0
bf_sae1006_045,period_5,5,145,0,1,810.0,8343.94,5173.98,2907.96,1,8037.29,0.0,0.0,0.0,2.76,200.87,0.0,200.87,103.01,0.0,810.0,0.0,0.0
bf_sae1006_045,period_5,5,147,0,1,810.0,7787.62,5173.98,2714.08,1,7501.23,0.0,0.0,0.0,2.76,187.48,0.0,187.48,96.14,0.0,810.0,0.0,0.0
bf_sae1006_045,period_5,5,148,0,1,810.0,7556.09,5173.98,2633.39,1,7278.13,0.0,0.0,0.0,2.76,181.91,0.0,181.91,93.29,0.0,810.0,0.0,0.0
bf_sae1006_045,period_5,5,149,0,1,810.0,8069.45,5173.98,2812.3,1,7049.49,180.55,180.55,0.0,2.57,737.21,0.0,737.21,99.62,0.0,810.0,0.0,0.0
bf_sae1006_045,period_5,5,151,0,1,810.0,7584.96,5173.98,2643.45,1,7305.95,0.0,0.0,0.0,2.76,182.6,0.0,182.6,93.64,0.0,810.0,0.0,0.0
bf_sae1006_045,period_5,5,152,0,1,810.0,7849.27,5173.98,2735.56,1,7560.64,0.0,0.0,0.0,2.76,188.96,0.0,188.96,96.9,0.0,810.0,0.0,0.0
bf_sae1006_045,period_5,5,157,0,1,810.0,7607.31,5173.98,2651.24,1,7327.49,0.0,0.0,0.0,2.76,183.14,0.0,183.14,93.92,0.0,810.0,0.0,0.0
bf_sae1006_045,period_5,5,158,0,1,810.0,8164.37,5173.98,2845.38,1,7864.26,0.0,0.0,0.0,2.76,196.55,0.0,196.55,100.79,0.0,810.0,0.0,0.0
bf_sae1006_045,period_5,5,160,0,1,810.0,8253.99,5173.98,2876.61,1,7950.62,0.0,0.0,0.0,2.76,198.71,0.0,198.71,101.9,0.0,810.0,0.0,0.0
bf_sae1006_045,period_5,5,169,0,1,810.0,7573.33,5173.98,2639.39,1,7570.46,0.0,0.0,0.0,2.87,0.0,0.0,0.0,0.0,0.0,810.0,0.0,0.0
bf_sae1006_045,period_5,5,175,0,1,810.0,7775.96,5173.98,2710.01,1,7490.0,0.0,0.0,0.0,2.76,187.2,0.0,187.2,96.0,0.0,810.0,0.0,0.0
bf_sae1006_045,period_5,5,182,0,1,810.0,6705.02,5173.98,2336.78,1,6458.06,0.0,0.0,0.0,2.76,161.42,0.0,161.42,82.78,0.0,810.0,0.0,0.0
bf_sae1006_045,period_5,5,184,0,1,810.0,8492.56,5173.98,2959.76,1,8180.5,0.0,0.0,0.0,2.76,204.45,0.0,204.45,104.85,0.0,810.0,0.0,0.0
bf_sae1006_045,period_5,5,191,0,1,810.0,7635.68,5173.98,2661.12,1,7354.83,0.0,0.0,0.0,2.76,183.82,0.0,183.82,94.27,0.0,810.0,0.0,0.0
bf_sae1006_045,period_5,5,197,0,1,810.0,8068.21,5173.98,2811.87,1,7771.6,0.0,0.0,0.0,2.76,194.23,0.0,194.23,99.61,0.0,810.0,0.0,0.0
bf_sae1006_045,period_5,5,202,0,1,810.0,7892.67,5173.98,2750.69,1,7602.46,0.0,0.0,0.0,2.76,190.01,0.0,190.01,97.44,0.0,810.0,0.0,0.0
bf_sae1006_045,period_5,5,206,0,1,1250.0,8574.99,5102.73,1936.54,2,8454.0,0.0,0.0,0.0,4.37,48.02,0.0,48.02,68.6,0.0,1250.0,0.0,0.0
bf_sae1006_045,period_5,5,214,0,1,1250.0,9647.75,5102.73,2178.81,2,9311.59,0.0,0.0,0.0,4.28,254.7,0.0,254.7,77.18,0.0,1250.0,0.0,0.0
bf_sae1006_045,period_5,5,221,0,1,1250.0,7668.13,5102.73,1731.74,2,7498.17,0.0,0.0,0.0,4.33,104.29,0.0,104.29,61.35,0.0,1250.0,0.0,0.0
bf_sae1006_045,period_5,5,223,0,1,1250.0,9182.36,5102.73,2073.7,3,9009.06,0.0,0.0,0.0,4.35,95.5,0.0,95.5,73.46,0.0,1250.0,0.0,0.0
bf_sae1006_045,period_5,5,224,0,1,1250.0,10008.67,5102.73,2260.31,2,9788.15,0.0,0.0,0.0,4.33,136.12,0.0,136.12,80.07,0.0,1250.0,0.0,0.0
bf_sae1006_045,period_5,5,228,0,1,1250.0,7994.62,5102.73,1805.47,2,7817.6,0.0,0.0,0.0,4.33,108.73,0.0,108.73,63.96,0.0,1250.0,0.0,0.0
bf_sae1006_045,period_5,5,230,0,1,1250.0,7677.9,5102.73,1733.94,2,7569.11,0.0,0.0,0.0,4.37,43.0,0.0,43.0,61.42,0.0,1250.0,0.0,0.0
bf_sae1006_045,period_5,5,231,0,1,1250.0,8444.78,5102.73,1907.13,2,8325.56,0.0,0.0,0.0,4.37,47.29,0.0,47.29,67.56,0.0,1250.0,0.0,0.0
bf_sae1006_045,period_5,5,238,0,1,1250.0,9038.83,5102.73,2041.29,2,8839.26,0.0,0.0,0.0,4.33,122.93,0.0,122.93,72.31,0.0,1250.0,0.0,0.0
bf_sae1006_045,period_5,5,251,0,1,1250.0,8622.27,5102.73,1947.22,3,8342.07,0.0,0.0,0.0,4.29,206.93,0.0,206.93,68.98,0.0,1250.0,0.0,0.0
bf_sae1006_045,period_5,5,258,0,1,1250.0,8443.83,5102.73,1906.92,2,8197.61,127.01,123.35,3.66,4.37,47.29,0.0,47.29,67.55,0.0,1250.0,0.0,0.0
bf_sae1006_045,period_5,5,260,0,1,1250.0,8080.82,5102.73,1824.94,2,7966.55,0.0,0.0,0.0,4.37,45.25,0.0,45.25,64.65,0.0,1250.0,0.0,0.0
bf_sae1006_045,period_5,5,261,0,1,1250.0,9249.69,5102.73,2088.91,2,9119.53,0.0,0.0,0.0,4.37,51.8,0.0,51.8,74.0,0.0,1250.0,0.0,0.0
bf_sae1006_045,period_5,5,283,0,1,1250.0,8647.53,5102.73,1952.92,2,8525.56,0.0,0.0,0.0,4.37,48.43,0.0,48.43,69.18,0.0,1250.0,0.0,0.0
bf_sae1006_045,period_5,5,284,0,1,1250.0,10148.17,5102.73,2291.82,3,9957.1,0.0,0.0,0.0,4.35,105.54,0.0,105.54,81.19,0.0,1250.0,0.0,0.0
bf_sae1006_045,period_5,5,288,0,1,1250.0,8061.05,5102.73,1820.47,3,7908.38,0.0,0.0,0.0,4.35,83.83,0.0,83.83,64.49,0.0,1250.0,0.0,0.0
bf_sae1006_045,period_5,5,295,0,1,1250.0,8678.75,5102.73,1959.97,2,8556.35,0.0,0.0,0.0,4.37,48.6,0.0,48.6,69.43,0.0,1250.0,0.0,0.0
bf_sae1006_045,period_5,5,38,0,1,1100.0,8953.94,4947.45,2297.86,3,8674.94,177.47,177.47,0.0,3.85,16.28,0.0,16.28,81.4,0.0,1100.0,0.0,0.0
bf_sae1006_045,period_5,5,40,0,1,1100.0,8460.11,4947.45,2171.13,3,8359.06,4.91,4.91,0.0,3.85,15.38,0.0,15.38,76.91,0.0,1100.0,0.0,0.0
bf_sae1006_045,period_5,5,5,0,1,1100.0,8444.41,4947.45,2167.1,2,8114.4,0.0,0.0,0.0,3.75,249.49,0.0,249.49,76.77,0.0,1100.0,0.0,0.0
bf_sae1006_045,period_5,5,6,0,1,1100.0,9176.13,4947.45,2354.88,2,8726.34,91.51,91.51,0.0,3.75,271.11,0.0,271.11,83.42,0.0,1100.0,0.0,0.0
bf_sae1006_045,period_5,5,69,0,1,1100.0,8103.78,4947.45,2079.68,2,7786.93,0.0,0.0,0.0,3.75,239.43,0.0,239.43,73.67,0.0,1100.0,0.0,0.0
bf_sae1006_045,period_5,5,7,0,1,1100.0,6939.65,4947.45,1780.93,2,6733.99,0.0,0.0,0.0,3.78,138.79,0.0,138.79,63.09,0.0,1100.0,0.0,0.0
bf_sae1006_045,period_5,5,78,0,1,1100.0,7904.94,4947.45,2028.66,2,7671.19,0.0,0.0,0.0,3.78,158.1,0.0,158.1,71.86,0.0,1100.0,0.0,0.0
bf_sae1006_045,period_5,5,85,0,1,1100.0,9133.93,4947.45,2344.05,2,8986.95,10.29,10.29,0.0,3.84,49.82,0.0,49.82,83.04,0.0,1100.0,0.0,0.0
bf_sae1006_045,period_5,5,97,0,1,810.0,7778.89,5173.98,2711.03,1,7776.02,0.0,0.0,0.0,2.87,0.0,0.0,0.0,0.0,0.0,810.0,0.0,0.0
bf_sae1006_045,period_5,5,98,0,1,810.0,8626.33,5173.98,3006.38,1,8309.4,0.0,0.0,0.0,2.76,207.67,0.0,207.67,106.5,0.0,810.0,0.0,0.0
bf_sae1006_045,period_5,5,298,1,1,550.0,21.72,4947.45,11.15,1,19.77,0.0,0.0,0.0,1.95,0.0,0.0,0.0,0.0,0.0,550.0,0.0,1.95
bf_sae1006_045,period_5,5,299,1,1,534.0,32.52,4947.45,17.19,1,30.63,0.0,0.0,0.0,1.89,0.0,0.0,0.0,0.0,0.0,534.0,0.0,1.89
bf_sae1006_045,period_5,5,300,1,1,277.0,10.3,4947.45,10.5,1,9.32,0.0,0.0,0.0,0.98,0.0,0.0,0.0,0.0,0.0,277.0,0.0,0.98
bf_sae1006_045,period_5,5,301,1,1,726.0,572.89,4947.45,222.76,1,570.32,0.0,0.0,0.0,2.57,0.0,0.0,0.0,0.0,0.0,726.0,0.0,2.57
bf_sae1006_045,period_5,5,302,1,1,325.0,132.45,4947.45,115.05,1,125.7,5.6,0.0,5.6,1.15,0.0,0.0,0.0,0.0,0.0,325.0,0.0,6.75
bf_sae1006_045,period_5,5,303,1,1,673.0,977.2,5102.73,409.89,1,974.82,0.0,0.0,0.0,2.38,0.0,0.0,0.0,0.0,0.0,673.0,0.0,2.38
bf_sae1006_050,period_1,1,1,0,1,1200.0,8758.05,5164.94,1854.26,4,7197.41,614.93,614.93,0.0,4.22,868.51,868.51,0.0,72.98,0.0,1200.0,0.0,0.0
bf_sae1006_050,period_1,1,3,0,1,1200.0,7815.78,5164.94,1654.76,4,4859.13,0.0,0.0,0.0,2.94,2888.58,2888.58,0.0,65.13,0.0,1200.0,0.0,0.0
bf_sae1006_050,period_1,1,5,0,1,1200.0,8920.81,5164.94,1888.72,6,7001.44,112.85,112.85,0.0,3.77,1728.41,1728.41,0.0,74.34,0.0,1200.0,0.0,0.0
bf_sae1006_050,period_1,1,6,0,1,1200.0,8903.34,5164.94,1885.02,4,7942.02,0.0,0.0,0.0,4.22,882.91,882.91,0.0,74.19,0.0,1200.0,0.0,0.0
bf_sae1006_050,period_2,2,1,0,1,1200.0,8758.05,5164.94,1854.26,3,7042.78,0.0,0.0,0.0,3.8,1638.49,1638.49,0.0,72.98,0.0,1200.0,0.0,0.0
bf_sae1006_050,period_2,2,3,0,1,1200.0,7815.78,5164.94,1654.76,3,5871.99,412.65,412.65,0.0,3.8,1462.2,1462.2,0.0,65.13,0.0,1200.0,0.0,0.0
bf_sae1006_050,period_2,2,6,0,1,1200.0,8903.34,5164.94,1885.02,5,6318.02,0.0,0.0,0.0,3.35,2507.77,2507.77,0.0,74.19,0.0,1200.0,0.0,0.0
bf_sae1006_050,period_2,2,10,1,1,430.0,112.85,5164.94,66.68,1,111.16,0.0,0.0,0.0,1.69,0.0,0.0,0.0,0.0,0.0,430.0,0.0,1.69
bf_sae1006_050,period_2,2,11,1,1,232.5,1728.41,5164.94,1888.72,2,1567.75,0.0,0.0,0.0,0.83,85.49,0.0,85.49,74.34,0.0,232.5,0.0,160.66
bf_sae1006_050,period_2,2,12,1,1,119.0,882.91,5164.94,1885.01,1,782.33,0.0,0.0,0.0,0.42,25.97,0.0,25.97,74.19,0.0,119.0,0.0,100.58
bf_sae1006_050,period_2,2,7,1,1,105.5,614.93,5164.94,1480.87,1,614.51,0.0,0.0,0.0,0.42,0.0,0.0,0.0,0.0,0.0,105.5,0.0,0.42
bf_sae1006_050,period_2,2,8,1,1,119.0,868.51,5164.94,1854.27,1,769.57,0.0,0.0,0.0,0.42,25.54,0.0,25.54,72.98,0.0,119.0,0.0,98.94
bf_sae1006_050,period_2,2,9,1,1,443.5,2888.58,5164.94,1654.76,1,2798.96,0.0,0.0,0.0,1.69,22.8,0.0,22.8,65.13,0.0,443.5,0.0,89.62
bf_sae1006_050,period_3,3,1,0,1,1200.0,8758.05,5164.94,1854.26,3,5965.21,1077.57,1077.57,0.0,3.8,1638.49,1638.49,0.0,72.98,0.0,1200.0,0.0,0.0
bf_sae1006_050,period_3,3,3,0,1,1200.0,7815.78,5164.94,1654.76,2,3485.68,0.0,0.0,0.0,2.11,4262.86,4262.86,0.0,65.13,0.0,1200.0,0.0,0.0
bf_sae1006_050,period_3,3,5,0,1,1200.0,8920.81,5164.94,1888.72,4,6499.25,1458.36,1458.36,0.0,4.22,884.65,884.65,0.0,74.34,0.0,1200.0,0.0,0.0
bf_sae1006_050,period_3,3,6,0,1,1200.0,8903.34,5164.94,1885.02,4,7799.77,142.25,142.25,0.0,4.22,882.91,882.91,0.0,74.19,0.0,1200.0,0.0,0.0
bf_sae1006_050,period_3,3,10,1,1,224.5,1462.2,5164.94,1654.76,2,1373.44,0.0,0.0,0.0,0.83,22.8,0.0,22.8,65.13,0.0,224.5,0.0,88.76
bf_sae1006_050,period_3,3,11,1,1,338.0,2507.77,5164.94,1885.02,3,2347.01,0.0,0.0,0.0,1.25,85.32,0.0,85.32,74.19,0.0,338.0,0.0,160.76
bf_sae1006_050,period_3,3,7,1,1,224.5,1638.49,5164.94,1854.27,2,1539.13,0.0,0.0,0.0,0.83,25.54,0.0,25.54,72.98,0.0,224.5,0.0,99.36
bf_sae1006_050,period_3,3,8,1,1,430.0,81.02,5164.94,47.87,1,79.33,0.0,0.0,0.0,1.69,0.0,0.0,0.0,0.0,0.0,430.0,0.0,1.69
bf_sae1006_050,period_3,3,9,1,1,105.5,331.63,5164.94,798.63,1,331.21,0.0,0.0,0.0,0.42,0.0,0.0,0.0,0.0,0.0,105.5,0.0,0.42
bf_sae1006_050,period_4,4,1,0,1,1200.0,8758.05,5164.94,1854.26,4,7795.42,16.92,16.92,0.0,4.22,868.51,868.51,0.0,72.98,0.0,1200.0,0.0,0.0
bf_sae1006_050,period_4,4,3,0,1,1200.0,7815.78,5164.94,1654.76,4,5825.58,1145.79,1145.79,0.0,4.22,775.06,775.06,0.0,65.13,0.0,1200.0,0.0,0.0
bf_sae1006_050,period_4,4,10,1,1,105.5,783.87,5164.94,1887.72,1,783.45,0.0,0.0,0.0,0.42,0.0,0.0,0.0,0.0,0.0,105.5,0.0,0.42
bf_sae1006_050,period_4,4,11,1,1,105.5,674.49,5164.94,1624.31,1,674.07,0.0,0.0,0.0,0.42,0.0,0.0,0.0,0.0,0.0,105.5,0.0,0.42
bf_sae1006_050,period_4,4,12,1,1,119.0,884.65,5164.94,1888.73,1,783.88,0.0,0.0,0.0,0.42,26.02,0.0,26.02,74.34,0.0,119.0,0.0,100.77
bf_sae1006_050,period_4,4,13,1,1,105.5,142.25,5164.94,342.57,1,141.83,0.0,0.0,0.0,0.42,0.0,0.0,0.0,0.0,0.0,105.5,0.0,0.42
bf_sae1006_050,period_4,4,14,1,1,119.0,882.91,5164.94,1885.01,1,782.33,0.0,0.0,0.0,0.42,25.97,0.0,25.97,74.19,0.0,119.0,0.0,100.58
bf_sae1006_050,period_4,4,7,1,1,430.0,1077.57,5164.94,636.68,1,1075.88,0.0,0.0,0.0,1.69,0.0,0.0,0.0,0.0,0.0,430.0,0.0,1.69
bf_sae1006_050,period_4,4,8,1,1,224.5,1638.49,5164.94,1854.27,2,1539.13,0.0,0.0,0.0,0.83,25.54,0.0,25.54,72.98,0.0,224.5,0.0,99.36
bf_sae1006_050,period_4,4,9,1,1,654.5,4262.86,5164.94,1654.77,3,4172.41,0.0,0.0,0.0,2.52,22.8,0.0,22.8,65.13,0.0,654.5,0.0,90.45
bf_sae1006_050,period_5,5,1,0,1,1200.0,8758.05,5164.94,1854.26,5,8572.61,9.29,9.29,0.0,4.63,98.53,0.0,98.53,72.98,0.0,1200.0,0.0,0.0
bf_sae1006_050,period_5,5,2,0,1,1200.0,9053.57,5164.94,1916.83,5,8871.64,0.0,0.0,0.0,4.63,101.85,0.0,101.85,75.45,0.0,1200.0,0.0,0.0
bf_sae1006_050,period_5,5,5,0,1,1200.0,8920.81,5164.94,1888.72,5,8741.48,0.0,0.0,0.0,4.63,100.36,0.0,100.36,74.34,0.0,1200.0,0.0,0.0
bf_sae1006_050,period_5,5,6,0,1,1200.0,8903.34,5164.94,1885.02,5,8213.81,510.54,510.54,0.0,4.63,100.16,0.0,100.16,74.19,0.0,1200.0,0.0,0.0
bf_sae1006_050,period_5,5,10,1,1,430.0,196.35,5164.94,116.01,1,194.66,0.0,0.0,0.0,1.69,0.0,0.0,0.0,0.0,0.0,430.0,0.0,1.69
bf_sae1006_050,period_5,5,11,1,1,430.0,8.46,5164.94,5.0,1,6.77,0.0,0.0,0.0,1.69,0.0,0.0,0.0,0.0,0.0,430.0,0.0,1.69
bf_sae1006_050,period_5,5,12,1,1,105.5,254.26,5164.94,612.31,1,253.84,0.0,0.0,0.0,0.42,0.0,0.0,0.0,0.0,0.0,105.5,0.0,0.42
bf_sae1006_050,period_5,5,13,1,1,105.5,686.72,5164.94,1653.76,1,686.3,0.0,0.0,0.0,0.42,0.0,0.0,0.0,0.0,0.0,105.5,0.0,0.42
bf_sae1006_050,period_5,5,14,1,1,119.0,775.06,5164.94,1654.75,1,686.72,0.0,0.0,0.0,0.42,22.8,0.0,22.8,65.13,0.0,119.0,0.0,88.34
bf_sae1006_050,period_5,5,7,1,1,430.0,8.46,5164.94,5.0,1,6.77,0.0,0.0,0.0,1.69,0.0,0.0,0.0,0.0,0.0,430.0,0.0,1.69
bf_sae1006_050,period_5,5,8,1,1,430.0,8.46,5164.94,5.0,1,6.77,0.0,0.0,0.0,1.69,0.0,0.0,0.0,0.0,0.0,430.0,0.0,1.69
bf_sae1006_050,period_5,5,9,1,1,119.0,868.51,5164.94,1854.27,1,769.57,0.0,0.0,0.0,0.42,25.54,0.0,25.54,72.98,0.0,119.0,0.0,98.94
bz_nbr7008_043,period_1,1,13,0,1,900.0,6313.45,5465.22,2072.91,1,6140.97,1.15,0.0,1.15,2.96,98.21,0.0,98.21,70.15,0.0,900.0,0.0,0.0
bz_nbr7008_043,period_1,1,14,0,1,900.0,5459.02,5465.22,1792.38,2,4461.98,787.88,787.88,0.0,2.93,145.57,0.0,145.57,60.66,0.0,900.0,0.0,0.0
bz_nbr7008_043,period_1,1,2,0,1,900.0,5647.27,5465.22,1854.18,1,5493.71,0.0,0.0,0.0,2.96,87.85,0.0,87.85,62.75,0.0,900.0,0.0,0.0
bz_nbr7008_043,period_1,1,3,0,1,900.0,6188.66,5465.22,2031.94,1,4677.27,10.05,0.0,10.05,2.31,1430.27,1430.27,0.0,68.76,0.0,900.0,0.0,0.0
bz_nbr7008_043,period_1,1,43,0,1,900.0,7210.13,5465.22,2367.32,2,6911.49,7.31,7.31,0.0,2.92,208.29,0.0,208.29,80.11,0.0,900.0,0.0,0.0
bz_nbr7008_043,period_1,1,46,0,1,900.0,7048.48,5465.22,2314.25,1,6857.56,0.0,0.0,0.0,2.96,109.64,0.0,109.64,78.32,0.0,900.0,0.0,0.0
bz_nbr7008_043,period_1,1,51,0,1,1200.0,7580.63,5944.29,1866.73,2,7014.64,0.0,0.0,0.0,3.76,499.06,0.0,499.06,63.17,0.0,1200.0,0.0,0.0
bz_nbr7008_043,period_1,1,56,0,1,1200.0,8813.21,5944.29,2170.25,2,8177.83,0.0,0.0,0.0,3.77,558.17,0.0,558.17,73.44,0.0,1200.0,0.0,0.0
bz_nbr7008_043,period_1,1,58,0,1,1200.0,7788.84,5944.29,1918.0,2,7642.06,0.0,0.0,0.0,3.99,77.89,0.0,77.89,64.91,0.0,1200.0,0.0,0.0
bz_nbr7008_043,period_1,1,62,0,1,1200.0,8022.45,5944.29,1975.53,2,7871.39,0.0,0.0,0.0,3.99,80.22,0.0,80.22,66.85,0.0,1200.0,0.0,0.0
bz_nbr7008_043,period_1,1,65,0,1,1200.0,8585.18,5944.29,2114.1,4,8438.1,0.0,0.0,0.0,3.99,71.54,0.0,71.54,71.54,0.0,1200.0,0.0,0.0
bz_nbr7008_043,period_1,1,70,0,1,1200.0,8707.53,5944.29,2144.23,2,8079.72,0.0,0.0,0.0,3.77,551.48,0.0,551.48,72.56,0.0,1200.0,0.0,0.0
bz_nbr7008_043,period_1,1,75,0,1,1200.0,8068.01,5944.29,1986.74,3,7139.19,783.64,783.64,0.0,3.99,73.96,0.0,73.96,67.23,0.0,1200.0,0.0,0.0
bz_nbr7008_043,period_1,1,76,0,1,1200.0,7790.32,5944.29,1918.36,2,7208.78,0.0,0.0,0.0,3.76,512.86,0.0,512.86,64.92,0.0,1200.0,0.0,0.0
bz_nbr7008_043,period_1,1,78,0,1,1200.0,7641.03,5944.29,1881.6,2,6281.41,0.0,0.0,0.0,3.34,1292.61,1292.61,0.0,63.68,0.0,1200.0,0.0,0.0
bz_nbr7008_043,period_1,1,8,0,1,900.0,6168.47,5465.22,2025.31,2,5910.53,8.27,8.27,0.0,2.92,178.2,0.0,178.2,68.54,0.0,900.0,0.0,0.0
bz_nbr7008_043,period_1,1,80,0,1,1200.0,6940.45,5944.29,1709.08,2,6427.72,0.0,0.0,0.0,3.76,451.13,0.0,451.13,57.84,0.0,1200.0,0.0,0.0
bz_nbr7008_043,period_1,1,84,0,1,1020.0,8460.46,5742.24,2451.04,2,8118.32,65.08,65.08,0.0,3.34,190.78,0.0,190.78,82.95,0.0,1020.0,0.0,0.0
bz_nbr7008_043,period_1,1,91,0,1,1020.0,11863.88,5742.24,3437.03,2,10447.9,482.3,482.3,0.0,3.18,814.19,0.0,814.19,116.31,0.0,1020.0,0.0,0.0
bz_nbr7008_043,period_1,1,97,0,1,1020.0,8857.69,5742.24,2566.12,2,8253.19,323.27,323.27,0.0,3.34,191.05,0.0,191.05,86.84,0.0,1020.0,0.0,0.0
bz_nbr7008_043,period_2,2,105,0,1,1020.0,9853.38,5742.24,2854.58,2,9470.76,70.15,70.15,0.0,3.34,212.52,0.0,212.52,96.6,0.0,1020.0,0.0,0.0
bz_nbr7008_043,period_2,2,23,0,1,900.0,6233.47,5465.22,2046.65,1,6062.34,1.94,0.0,1.94,2.96,96.97,0.0,96.97,69.26,0.0,900.0,0.0,0.0
bz_nbr7008_043,period_2,2,42,0,1,900.0,6107.69,5465.22,2005.36,1,5941.85,0.0,0.0,0.0,2.96,95.01,0.0,95.01,67.86,0.0,900.0,0.0,0.0
bz_nbr7008_043,period_2,2,52,0,1,1200.0,7307.11,5944.29,1799.37,2,6779.66,0.0,0.0,0.0,3.77,462.78,0.0,462.78,60.89,0.0,1200.0,0.0,0.0
bz_nbr7008_043,period_2,2,53,0,1,1200.0,9660.37,5944.29,2378.86,2,7564.11,0.0,0.0,0.0,3.18,2012.58,2012.58,0.0,80.5,0.0,1200.0,0.0,0.0
bz_nbr7008_043,period_2,2,54,0,1,1200.0,8989.13,5944.29,2213.57,2,8341.14,0.0,0.0,0.0,3.77,569.31,0.0,569.31,74.91,0.0,1200.0,0.0,0.0
bz_nbr7008_043,period_2,2,56,0,1,1200.0,8813.21,5944.29,2170.25,3,5838.74,1942.67,1942.67,0.0,3.59,954.76,954.76,0.0,73.44,0.0,1200.0,0.0,0.0
bz_nbr7008_043,period_2,2,58,0,1,1200.0,7788.84,5944.29,1918.0,2,7207.41,0.0,0.0,0.0,3.76,512.77,0.0,512.77,64.91,0.0,1200.0,0.0,0.0
bz_nbr7008_043,period_2,2,6,0,1,900.0,5206.75,5465.22,1709.55,1,5064.94,0.0,0.0,0.0,2.96,80.99,0.0,80.99,57.85,0.0,900.0,0.0,0.0
bz_nbr7008_043,period_2,2,60,0,1,1200.0,7215.41,5944.29,1776.79,2,4719.35,1722.78,1722.78,0.0,3.63,709.52,709.52,0.0,60.13,0.0,1200.0,0.0,0.0
bz_nbr7008_043,period_2,2,69,0,1,1200.0,8726.3,5944.29,2148.85,2,8562.33,0.0,0.0,0.0,3.99,87.26,0.0,87.26,72.72,0.0,1200.0,0.0,0.0
bz_nbr7008_043,period_2,2,76,0,1,1200.0,7790.32,5944.29,1918.36,2,7624.54,18.97,18.97,0.0,3.99,77.9,0.0,77.9,64.92,0.0,1200.0,0.0,0.0
bz_nbr7008_043,period_2,2,77,0,1,1200.0,9082.29,5944.29,2236.51,2,8427.62,0.0,0.0,0.0,3.77,575.21,0.0,575.21,75.69,0.0,1200.0,0.0,0.0
bz_nbr7008_043,period_2,2,80,0,1,1200.0,6940.45,5944.29,1709.08,2,6392.37,46.91,46.91,0.0,3.77,439.56,0.0,439.56,57.84,0.0,1200.0,0.0,0.0
bz_nbr7008_043,period_2,2,86,0,1,1020.0,10910.47,5742.24,3160.82,2,10502.39,51.75,51.75,0.0,3.34,246.02,0.0,246.02,106.97,0.0,1020.0,0.0,0.0
bz_nbr7008_043,period_2,2,88,0,1,1020.0,10102.75,5742.24,2926.82,2,8949.59,822.96,822.96,0.0,3.34,227.81,0.0,227.81,99.05,0.0,1020.0,0.0,0.0
bz_nbr7008_043,period_2,2,96,0,1,1020.0,11013.89,5742.24,3190.78,2,10665.01,0.0,0.0,0.0,3.34,237.55,0.0,237.55,107.98,0.0,1020.0,0.0,0.0
bz_nbr7008_043,period_2,2,109,1,1,208.0,1430.27,5465.22,2031.94,1,824.75,0.0,0.0,0.0,0.41,536.35,0.0,536.35,68.76,0.0,208.0,0.0,605.52
bz_nbr7008_043,period_2,2,110,1,1,432.0,8.27,5465.22,5.66,1,6.81,0.0,0.0,0.0,1.46,0.0,0.0,0.0,0.0,0.0,432.0,0.0,1.46
bz_nbr7008_043,period_2,2,111,1,1,120.0,618.48,5465.22,1523.0,1,197.87,353.24,353.24,0.0,0.36,15.46,0.0,15.46,51.54,0.0,120.0,0.0,420.61
bz_nbr7008_043,period_2,2,112,1,1,746.0,169.4,5465.22,67.1,1,166.88,0.0,0.0,0.0,2.52,0.0,0.0,0.0,0.0,0.0,746.0,0.0,2.52
bz_nbr7008_043,period_2,2,113,1,1,432.0,7.31,5465.22,5.0,1,5.85,0.0,0.0,0.0,1.46,0.0,0.0,0.0,0.0,0.0,432.0,0.0,1.46
bz_nbr7008_043,period_2,2,114,1,1,107.0,259.07,5944.29,715.47,1,258.71,0.0,0.0,0.0,0.36,0.0,0.0,0.0,0.0,0.0,107.0,0.0,0.36
bz_nbr7008_043,period_2,2,115,1,1,536.0,524.57,5944.29,289.2,1,522.76,0.0,0.0,0.0,1.81,0.0,0.0,0.0,0.0,0.0,536.0,0.0,1.81
bz_nbr7008_043,period_2,2,116,1,1,203.0,1292.61,5944.29,1881.6,1,763.7,0.0,0.0,0.0,0.41,464.83,0.0,464.83,63.68,0.0,203.0,0.0,528.91
bz_nbr7008_043,period_2,2,117,1,1,555.0,65.08,5742.24,34.65,1,63.2,0.0,0.0,0.0,1.88,0.0,0.0,0.0,0.0,0.0,555.0,0.0,1.88
bz_nbr7008_043,period_2,2,118,1,1,258.0,482.3,5742.24,552.4,1,481.43,0.0,0.0,0.0,0.87,0.0,0.0,0.0,0.0,0.0,258.0,0.0,0.87
bz_nbr7008_043,period_2,2,119,1,1,556.0,323.27,5742.24,171.81,1,321.39,0.0,0.0,0.0,1.88,0.0,0.0,0.0,0.0,0.0,556.0,0.0,1.88
bz_nbr7008_043,period_3,3,17,0,1,900.0,7313.56,5465.22,2401.28,1,7115.57,0.0,0.0,0.0,2.96,113.77,0.0,113.77,81.26,0.0,900.0,0.0,0.0
bz_nbr7008_043,period_3,3,18,0,1,900.0,6104.8,5465.22,2004.41,1,5939.04,0.0,0.0,0.0,2.96,94.96,0.0,94.96,67.83,0.0,900.0,0.0,0.0
bz_nbr7008_043,period_3,3,23,0,1,900.0,6233.47,5465.22,2046.65,3,3770.15,1643.4,1643.4,0.0,2.65,748.02,748.02,0.0,69.26,0.0,900.0,0.0,0.0
bz_nbr7008_043,period_3,3,30,0,1,900.0,7880.35,5465.22,2587.38,1,7666.76,0.48,0.0,0.48,2.96,122.58,0.0,122.58,87.56,0.0,900.0,0.0,0.0
bz_nbr7008_043,period_3,3,51,0,1,1200.0,7580.63,5944.29,1866.73,2,7033.58,0.0,0.0,0.0,3.77,480.11,0.0,480.11,63.17,0.0,1200.0,0.0,0.0
bz_nbr7008_043,period_3,3,52,0,1,1200.0,7307.11,5944.29,1799.37,2,6767.49,0.0,0.0,0.0,3.76,474.96,0.0,474.96,60.89,0.0,1200.0,0.0,0.0
bz_nbr7008_043,period_3,3,55,0,1,1200.0,9265.22,5944.29,2281.56,2,7200.91,53.67,53.67,0.0,3.18,1930.25,1930.25,0.0,77.21,0.0,1200.0,0.0,0.0
bz_nbr7008_043,period_3,3,58,0,1,1200.0,7788.84,5944.29,1918.0,2,7226.87,0.0,0.0,0.0,3.77,493.29,0.0,493.29,64.91,0.0,1200.0,0.0,0.0
bz_nbr7008_043,period_3,3,66,0,1,1200.0,7923.29,5944.29,1951.11,2,7594.12,179.93,179.93,0.0,3.99,79.23,0.0,79.23,66.03,0.0,1200.0,0.0,0.0
bz_nbr7008_043,period_3,3,68,0,1,1200.0,7331.37,5944.29,1805.35,2,7192.98,0.0,0.0,0.0,3.99,73.31,0.0,73.31,61.09,0.0,1200.0,0.0,0.0
bz_nbr7008_043,period_3,3,72,0,1,1200.0,8488.08,5944.29,2090.19,2,7876.0,0.0,0.0,0.0,3.77,537.58,0.0,537.58,70.73,0.0,1200.0,0.0,0.0
bz_nbr7008_043,period_3,3,75,0,1,1200.0,8068.01,5944.29,1986.74,2,6354.04,849.75,849.75,0.0,3.63,793.35,793.35,0.0,67.23,0.0,1200.0,0.0,0.0
bz_nbr7008_043,period_3,3,76,0,1,1200.0,7790.32,5944.29,1918.36,2,7643.51,0.0,0.0,0.0,3.99,77.9,0.0,77.9,64.92,0.0,1200.0,0.0,0.0
bz_nbr7008_043,period_3,3,77,0,1,1200.0,9082.29,5944.29,2236.51,2,8427.62,0.0,0.0,0.0,3.77,575.21,0.0,575.21,75.69,0.0,1200.0,0.0,0.0
bz_nbr7008_043,period_3,3,78,0,1,1200.0,7641.03,5944.29,1881.6,2,7089.65,0.0,0.0,0.0,3.77,483.93,0.0,483.93,63.68,0.0,1200.0,0.0,0.0
bz_nbr7008_043,period_3,3,79,0,1,1200.0,7062.24,5944.29,1739.07,2,6540.58,0.0,0.0,0.0,3.76,459.05,0.0,459.05,58.85,0.0,1200.0,0.0,0.0
bz_nbr7008_043,period_3,3,84,0,1,1020.0,8460.46,5742.24,2451.04,2,8121.85,69.84,69.84,0.0,3.34,182.48,0.0,182.48,82.95,0.0,1020.0,0.0,0.0
bz_nbr7008_043,period_3,3,88,0,1,1020.0,10102.75,5742.24,2926.82,2,9771.34,1.22,0.0,1.22,3.34,227.81,0.0,227.81,99.05,0.0,1020.0,0.0,0.0
bz_nbr7008_043,period_3,3,98,0,1,1020.0,9244.46,5742.24,2678.17,2,8942.03,0.0,0.0,0.0,3.34,208.45,0.0,208.45,90.63,0.0,1020.0,0.0,0.0
bz_nbr7008_043,period_3,3,109,1,1,250.0,2012.58,5944.29,2378.87,2,232.48,1698.79,1698.79,0.0,0.81,0.0,0.0,0.0,80.5,0.0,250.0,0.0,1780.1
bz_nbr7008_043,period_3,3,110,1,1,258.0,1193.63,5944.29,1367.12,1,1192.76,0.0,0.0,0.0,0.87,0.0,0.0,0.0,0.0,0.0,258.0,0.0,0.87
bz_nbr7008_043,period_3,3,111,1,1,120.0,749.04,5944.29,1844.51,1,748.63,0.0,0.0,0.0,0.41,0.0,0.0,0.0,0.0,0.0,120.0,0.0,0.41
bz_nbr7008_043,period_3,3,112,1,1,130.0,954.76,5944.29,2170.24,1,880.91,0.0,0.0,0.0,0.41,0.0,0.0,0.0,73.44,0.0,130.0,0.0,73.85
bz_nbr7008_043,period_3,3,113,1,1,536.0,1722.78,5944.29,949.78,2,1656.75,0.0,0.0,0.0,1.75,32.14,0.0,32.14,32.14,0.0,536.0,0.0,66.03
bz_nbr7008_043,period_3,3,114,1,1,118.0,709.52,5944.29,1776.8,1,532.16,110.86,110.86,0.0,0.36,6.01,0.0,6.01,60.13,0.0,118.0,0.0,177.36
bz_nbr7008_043,period_3,3,115,1,1,746.0,18.97,5944.29,7.51,1,16.45,0.0,0.0,0.0,2.52,0.0,0.0,0.0,0.0,0.0,746.0,0.0,2.52
bz_nbr7008_043,period_3,3,116,1,1,682.0,46.91,5944.29,20.33,1,44.6,0.0,0.0,0.0,2.31,0.0,0.0,0.0,0.0,0.0,682.0,0.0,2.31
bz_nbr7008_043,period_3,3,117,1,1,555.0,51.75,5742.24,27.55,1,49.87,0.0,0.0,0.0,1.88,0.0,0.0,0.0,0.0,0.0,555.0,0.0,1.88
bz_nbr7008_043,period_3,3,118,1,1,432.0,822.96,5742.24,562.93,1,821.5,0.0,0.0,0.0,1.46,0.0,0.0,0.0,0.0,0.0,432.0,0.0,1.46
bz_nbr7008_043,period_3,3,119,1,1,556.0,70.15,5742.24,37.28,1,68.27,0.0,0.0,0.0,1.88,0.0,0.0,0.0,0.0,0.0,556.0,0.0,1.88
bz_nbr7008_043,period_4,4,17,0,1,900.0,7313.56,5465.22,2401.28,1,5522.99,16.76,16.76,0.0,2.31,1690.24,1690.24,0.0,81.26,0.0,900.0,0.0,0.0
bz_nbr7008_043,period_4,4,22,0,1,900.0,4577.23,5465.22,1502.85,1,4452.21,0.0,0.0,0.0,2.96,71.2,0.0,71.2,50.86,0.0,900.0,0.0,0.0
bz_nbr7008_043,period_4,4,41,0,1,900.0,6334.21,5465.22,2079.73,1,6134.82,27.52,27.52,0.0,2.96,98.53,0.0,98.53,70.38,0.0,900.0,0.0,0.0
bz_nbr7008_043,period_4,4,43,0,1,900.0,7210.13,5465.22,2367.32,2,6890.59,28.21,28.21,0.0,2.92,208.29,0.0,208.29,80.11,0.0,900.0,0.0,0.0
bz_nbr7008_043,period_4,4,44,0,1,900.0,4606.0,5465.22,1512.3,1,4480.21,0.0,0.0,0.0,2.96,71.65,0.0,71.65,51.18,0.0,900.0,0.0,0.0
bz_nbr7008_043,period_4,4,47,0,1,1200.0,6515.67,5944.29,1604.48,2,6034.09,0.0,0.0,0.0,3.76,423.52,0.0,423.52,54.3,0.0,1200.0,0.0,0.0
bz_nbr7008_043,period_4,4,49,0,1,1200.0,7914.68,5944.29,1948.99,2,6506.48,0.0,0.0,0.0,3.34,1338.9,1338.9,0.0,65.96,0.0,1200.0,0.0,0.0
bz_nbr7008_043,period_4,4,55,0,1,1200.0,9265.22,5944.29,2281.56,2,9055.47,35.9,35.9,0.0,3.99,92.65,0.0,92.65,77.21,0.0,1200.0,0.0,0.0
bz_nbr7008_043,period_4,4,56,0,1,1200.0,8813.21,5944.29,2170.25,3,7699.6,162.56,162.56,0.0,3.62,873.98,873.98,0.0,73.44,0.0,1200.0,0.0,0.0
bz_nbr7008_043,period_4,4,59,0,1,1200.0,8622.27,5944.29,2123.23,2,6952.02,0.0,0.0,0.0,3.28,1595.12,1595.12,0.0,71.85,0.0,1200.0,0.0,0.0
bz_nbr7008_043,period_4,4,63,0,1,1200.0,7911.9,5944.29,1948.3,2,7341.11,0.0,0.0,0.0,3.77,501.09,0.0,501.09,65.93,0.0,1200.0,0.0,0.0
bz_nbr7008_043,period_4,4,71,0,1,1200.0,7965.55,5944.29,1961.51,2,7319.03,51.98,51.98,0.0,3.76,524.4,0.0,524.4,66.38,0.0,1200.0,0.0,0.0
bz_nbr7008_043,period_4,4,74,0,1,1200.0,8979.55,5944.29,2211.21,2,8332.25,0.0,0.0,0.0,3.77,568.7,0.0,568.7,74.83,0.0,1200.0,0.0,0.0
bz_nbr7008_043,period_4,4,77,0,1,1200.0,9082.29,5944.29,2236.51,2,8911.79,0.0,0.0,0.0,3.99,90.82,0.0,90.82,75.69,0.0,1200.0,0.0,0.0
bz_nbr7008_043,period_4,4,80,0,1,1200.0,6940.45,5944.29,1709.08,2,6427.72,0.0,0.0,0.0,3.76,451.13,0.0,451.13,57.84,0.0,1200.0,0.0,0.0
bz_nbr7008_043,period_4,4,85,0,1,1020.0,12497.66,5742.24,3620.64,2,8687.01,977.63,977.63,0.0,2.67,2707.83,2707.83,0.0,122.53,0.0,1020.0,0.0,0.0
bz_nbr7008_043,period_4,4,109,1,1,746.0,117.66,5944.29,46.61,1,115.14,0.0,0.0,0.0,2.52,0.0,0.0,0.0,0.0,0.0,746.0,0.0,2.52
bz_nbr7008_043,period_4,4,110,1,1,250.0,1814.07,5944.29,2144.23,2,1532.2,208.5,206.46,2.03,0.81,0.0,0.0,0.0,72.56,0.0,250.0,0.0,281.87
bz_nbr7008_043,period_4,4,111,1,1,258.0,200.18,5742.24,229.28,1,199.31,0.0,0.0,0.0,0.87,0.0,0.0,0.0,0.0,0.0,258.0,0.0,0.87
bz_nbr7008_043,period_4,4,112,1,1,682.0,17.1,5742.24,7.41,1,14.79,0.0,0.0,0.0,2.31,0.0,0.0,0.0,0.0,0.0,682.0,0.0,2.31
bz_nbr7008_043,period_4,4,113,1,1,555.0,60.33,5742.24,32.12,1,58.45,0.0,0.0,0.0,1.88,0.0,0.0,0.0,0.0,0.0,555.0,0.0,1.88
bz_nbr7008_043,period_4,4,114,1,1,556.0,1499.95,5742.24,797.18,1,1442.58,1.6,0.0,1.6,1.81,26.98,0.0,26.98,26.98,0.0,556.0,0.0,57.37
bz_nbr7008_043,period_5,5,101,0,1,1020.0,10488.41,5742.24,3038.55,2,10156.02,0.0,0.0,0.0,3.34,226.22,0.0,226.22,102.83,0.0,1020.0,0.0,0.0
bz_nbr7008_043,period_5,5,102,0,1,1020.0,10704.7,5742.24,3101.21,2,10365.52,0.0,0.0,0.0,3.34,230.89,0.0,230.89,104.95,0.0,1020.0,0.0,0.0
bz_nbr7008_043,period_5,5,106,0,1,1020.0,10894.26,5742.24,3156.13,2,10029.25,7.38,7.38,0.0,3.18,747.65,0.0,747.65,106.81,0.0,1020.0,0.0,0.0
bz_nbr7008_043,period_5,5,11,0,1,900.0,5230.32,5465.22,1717.29,1,5087.88,0.0,0.0,0.0,2.96,81.36,0.0,81.36,58.11,0.0,900.0,0.0,0.0
bz_nbr7008_043,period_5,5,13,0,1,900.0,6313.45,5465.22,2072.91,1,6142.13,0.0,0.0,0.0,2.96,98.21,0.0,98.21,70.15,0.0,900.0,0.0,0.0
bz_nbr7008_043,period_5,5,21,0,1,900.0,6096.57,5465.22,2001.7,1,4167.07,450.47,450.47,0.0,2.31,1408.99,1408.99,0.0,67.74,0.0,900.0,0.0,0.0
bz_nbr7008_043,period_5,5,26,0,1,900.0,7426.33,5465.22,2438.31,1,5625.2,0.0,0.0,0.0,2.31,1716.31,1716.31,0.0,82.51,0.0,900.0,0.0,0.0
bz_nbr7008_043,period_5,5,28,0,1,900.0,6098.97,5465.22,2002.49,1,4619.36,0.0,0.0,0.0,2.31,1409.54,1409.54,0.0,67.77,0.0,900.0,0.0,0.0
bz_nbr7008_043,period_5,5,44,0,1,900.0,4606.0,5465.22,1512.3,1,4480.21,0.0,0.0,0.0,2.96,71.65,0.0,71.65,51.18,0.0,900.0,0.0,0.0
bz_nbr7008_043,period_5,5,47,0,1,1200.0,6515.67,5944.29,1604.48,2,6044.94,0.0,0.0,0.0,3.77,412.66,0.0,412.66,54.3,0.0,1200.0,0.0,0.0
bz_nbr7008_043,period_5,5,55,0,1,1200.0,9265.22,5944.29,2281.56,2,7254.57,0.0,0.0,0.0,3.18,1930.25,1930.25,0.0,77.21,0.0,1200.0,0.0,0.0
bz_nbr7008_043,period_5,5,57,0,1,1200.0,7291.92,5944.29,1795.63,2,7154.25,0.0,0.0,0.0,3.99,72.92,0.0,72.92,60.77,0.0,1200.0,0.0,0.0
bz_nbr7008_043,period_5,5,58,0,1,1200.0,7788.84,5944.29,1918.0,2,7642.06,0.0,0.0,0.0,3.99,77.89,0.0,77.89,64.91,0.0,1200.0,0.0,0.0
bz_nbr7008_043,period_5,5,6,0,1,900.0,5206.75,5465.22,1709.55,1,5064.94,0.0,0.0,0.0,2.96,80.99,0.0,80.99,57.85,0.0,900.0,0.0,0.0
bz_nbr7008_043,period_5,5,60,0,1,1200.0,7215.41,5944.29,1776.79,2,7079.14,0.0,0.0,0.0,3.99,72.15,0.0,72.15,60.13,0.0,1200.0,0.0,0.0
bz_nbr7008_043,period_5,5,73,0,1,1200.0,7191.58,5944.29,1770.92,2,6789.58,266.17,266.17,0.0,3.99,71.92,0.0,71.92,59.93,0.0,1200.0,0.0,0.0
bz_nbr7008_043,period_5,5,74,0,1,1200.0,8979.55,5944.29,2211.21,2,7382.34,0.0,0.0,0.0,3.34,1519.04,1519.04,0.0,74.83,0.0,1200.0,0.0,0.0
bz_nbr7008_043,period_5,5,75,0,1,1200.0,8068.01,5944.29,1986.74,2,7486.03,0.0,0.0,0.0,3.77,510.97,0.0,510.97,67.23,0.0,1200.0,0.0,0.0
bz_nbr7008_043,period_5,5,79,0,1,1200.0,7062.24,5944.29,1739.07,2,5696.32,608.99,608.99,0.0,3.63,694.45,694.45,0.0,58.85,0.0,1200.0,0.0,0.0
bz_nbr7008_043,period_5,5,80,0,1,1200.0,6940.45,5944.29,1709.08,2,5595.35,0.0,0.0,0.0,3.28,1283.98,1283.98,0.0,57.84,0.0,1200.0,0.0,0.0
bz_nbr7008_043,period_5,5,85,0,1,1020.0,12497.66,5742.24,3620.64,2,11763.3,326.69,326.69,0.0,3.34,281.81,0.0,281.81,122.53,0.0,1020.0,0.0,0.0
bz_nbr7008_043,period_5,5,87,0,1,1020.0,10581.66,5742.24,3065.56,2,10246.34,0.0,0.0,0.0,3.34,228.23,0.0,228.23,103.74,0.0,1020.0,0.0,0.0
bz_nbr7008_043,period_5,5,92,0,1,1020.0,10807.05,5742.24,3130.86,2,10216.37,248.29,248.29,0.0,3.34,233.09,0.0,233.09,105.95,0.0,1020.0,0.0,0.0
bz_nbr7008_043,period_5,5,99,0,1,1020.0,11479.18,5742.24,3325.58,2,11064.08,40.37,40.37,0.0,3.34,258.84,0.0,258.84,112.54,0.0,1020.0,0.0,0.0
bz_nbr7008_043,period_5,5,109,1,1,682.0,16.76,5465.22,7.26,1,14.45,0.0,0.0,0.0,2.31,0.0,0.0,0.0,0.0,0.0,682.0,0.0,2.31
bz_nbr7008_043,period_5,5,110,1,0,208.0,1690.24,5465.22,0.0,0,0.0,0.0,0.0,0.0,0.0,0.0,0.0,0.0,0.0,0.0,208.0,0.0,1690.24
bz_nbr7008_043,period_5,5,111,1,1,876.0,27.52,5465.22,9.28,1,24.25,0.31,0.0,0.31,2.96,0.0,0.0,0.0,0.0,0.0,876.0,0.0,3.27
bz_nbr7008_043,period_5,5,112,1,1,432.0,28.21,5465.22,19.3,1,26.75,0.0,0.0,0.0,1.46,0.0,0.0,0.0,0.0,0.0,432.0,0.0,1.46
bz_nbr7008_043,period_5,5,113,1,1,203.0,1338.9,5944.29,1948.99,1,791.06,0.0,0.0,0.0,0.41,481.48,0.0,481.48,65.96,0.0,203.0,0.0,547.84
bz_nbr7008_043,period_5,5,114,1,1,746.0,35.9,5944.29,14.22,1,33.38,0.0,0.0,0.0,2.52,0.0,0.0,0.0,0.0,0.0,746.0,0.0,2.52
bz_nbr7008_043,period_5,5,115,1,1,258.0,129.4,5944.29,148.21,1,128.53,0.0,0.0,0.0,0.87,0.0,0.0,0.0,0.0,0.0,258.0,0.0,0.87
bz_nbr7008_043,period_5,5,116,1,1,555.0,33.16,5944.29,17.66,1,31.28,0.0,0.0,0.0,1.88,0.0,0.0,0.0,0.0,0.0,555.0,0.0,1.88
bz_nbr7008_043,period_5,5,117,1,1,119.0,873.98,5944.29,2170.26,1,550.03,235.46,235.46,0.0,0.36,14.69,0.0,14.69,73.44,0.0,119.0,0.0,323.95
bz_nbr7008_043,period_5,5,118,1,1,222.0,1595.12,5944.29,2123.23,1,861.82,0.0,0.0,0.0,0.41,661.04,0.0,661.04,71.85,0.0,222.0,0.0,733.3
bz_nbr7008_043,period_5,5,119,1,1,556.0,51.98,5944.29,27.63,1,50.1,0.0,0.0,0.0,1.88,0.0,0.0,0.0,0.0,0.0,556.0,0.0,1.88
bz_nbr7008_043,period_5,5,120,1,1,107.0,977.63,5742.24,2699.9,1,0.0,977.27,977.27,0.0,0.36,0.0,0.0,0.0,0.0,0.0,107.0,0.0,977.63
bz_nbr7008_043,period_5,5,121,1,1,221.0,2707.83,5742.24,3620.64,1,925.22,544.69,544.69,0.0,0.41,1114.99,0.0,1114.99,122.53,0.0,221.0,0.0,1782.61
bz_nbr7008_075,period_1,1,1,0,1,1000.0,6006.21,5355.26,1017.57,2,5773.6,154.7,154.7,0.0,5.83,12.01,0.0,12.01,60.06,0.0,1000.0,0.0,0.0
bz_nbr7008_075,period_1,1,2,0,1,1000.0,6606.91,5355.26,1119.34,5,5916.87,222.07,222.07,0.0,5.49,396.41,396.41,0.0,66.07,0.0,1000.0,0.0,0.0
bz_nbr7008_075,period_1,1,4,0,1,1000.0,7071.97,5355.26,1198.13,2,6529.05,0.0,0.0,0.0,5.45,466.75,466.75,0.0,70.72,0.0,1000.0,0.0,0.0
bz_nbr7008_075,period_1,1,6,0,1,1000.0,7251.61,5355.26,1228.57,2,7158.76,0.0,0.0,0.0,5.83,14.5,0.0,14.5,72.52,0.0,1000.0,0.0,0.0
bz_nbr7008_075,period_1,1,7,0,1,1000.0,6173.57,5355.26,1045.92,5,3815.72,1926.38,1926.38,0.0,5.5,364.24,364.24,0.0,61.74,0.0,1000.0,0.0,0.0
bz_nbr7008_075,period_1,1,8,0,1,1000.0,7395.89,5355.26,1253.01,2,6772.97,55.37,55.37,0.0,5.45,488.13,488.13,0.0,73.96,0.0,1000.0,0.0,0.0
bz_nbr7008_075,period_2,2,1,0,1,1000.0,6006.21,5355.26,1017.57,2,5544.28,0.0,0.0,0.0,5.45,396.41,396.41,0.0,60.06,0.0,1000.0,0.0,0.0
bz_nbr7008_075,period_2,2,11,0,1,1000.0,7895.06,5355.26,1337.58,2,7794.49,0.0,0.0,0.0,5.83,15.79,0.0,15.79,78.95,0.0,1000.0,0.0,0.0
bz_nbr7008_075,period_2,2,2,0,1,1000.0,6606.91,5355.26,1119.34,2,4545.95,1553.38,1553.38,0.0,5.45,436.06,436.06,0.0,66.07,0.0,1000.0,0.0,0.0
bz_nbr7008_075,period_2,2,4,0,1,1000.0,7071.97,5355.26,1198.13,3,6034.42,0.0,0.0,0.0,5.04,961.79,961.79,0.0,70.72,0.0,1000.0,0.0,0.0
bz_nbr7008_075,period_2,2,7,0,1,1000.0,6173.57,5355.26,1045.92,2,4726.86,1372.97,1372.97,0.0,5.84,6.17,0.0,6.17,61.74,0.0,1000.0,0.0,0.0
bz_nbr7008_075,period_2,2,12,1,1,494.0,154.7,5355.26,53.06,1,139.72,12.07,0.0,12.07,2.92,0.0,0.0,0.0,0.0,0.0,494.0,0.0,14.98
bz_nbr7008_075,period_2,2,13,1,1,38.0,222.07,5355.26,990.08,1,0.0,221.85,221.85,0.0,0.22,0.0,0.0,0.0,0.0,0.0,38.0,0.0,222.07
bz_nbr7008_075,period_2,2,14,1,1,60.0,396.41,5355.26,1119.33,1,0.0,250.84,250.84,0.0,0.22,79.28,0.0,79.28,66.07,0.0,60.0,0.0,396.41
bz_nbr7008_075,period_2,2,15,1,1,66.0,466.75,5355.26,1198.13,1,267.39,1.12,0.0,1.12,0.22,127.3,0.0,127.3,70.72,0.0,66.0,0.0,199.36
bz_nbr7008_075,period_2,2,16,1,1,495.0,1329.99,5355.26,455.21,3,1067.02,0.0,0.0,0.0,2.35,233.76,233.76,0.0,26.87,0.0,495.0,0.0,262.97
bz_nbr7008_075,period_2,2,17,1,1,180.0,596.39,5355.26,561.33,1,595.33,0.0,0.0,0.0,1.06,0.0,0.0,0.0,0.0,0.0,180.0,0.0,1.06
bz_nbr7008_075,period_2,2,18,1,1,59.0,364.24,5355.26,1045.92,1,53.49,180.88,180.88,0.0,0.22,67.91,0.0,67.91,61.74,0.0,59.0,0.0,310.75
bz_nbr7008_075,period_2,2,19,1,1,744.0,55.37,5355.26,12.61,1,50.98,0.0,0.0,0.0,4.39,0.0,0.0,0.0,0.0,0.0,744.0,0.0,4.39
bz_nbr7008_075,period_2,2,20,1,1,66.0,488.13,5355.26,1253.01,1,279.7,1.12,0.0,1.12,0.22,133.13,0.0,133.13,73.96,0.0,66.0,0.0,208.43
bz_nbr7008_075,period_3,3,1,0,1,1000.0,6006.21,5355.26,1017.57,2,5740.01,188.3,188.3,0.0,5.83,12.01,0.0,12.01,60.06,0.0,1000.0,0.0,0.0
bz_nbr7008_075,period_3,3,2,0,1,1000.0,6606.91,5355.26,1119.34,3,5637.26,0.0,0.0,0.0,5.04,898.54,898.54,0.0,66.07,0.0,1000.0,0.0,0.0
bz_nbr7008_075,period_3,3,3,0,1,1000.0,6948.64,5355.26,1177.24,2,6244.52,170.56,170.56,0.0,5.45,458.61,458.61,0.0,69.49,0.0,1000.0,0.0,0.0
bz_nbr7008_075,period_3,3,4,0,1,1000.0,7071.97,5355.26,1198.13,3,6034.42,0.0,0.0,0.0,5.04,961.79,961.79,0.0,70.72,0.0,1000.0,0.0,0.0
bz_nbr7008_075,period_3,3,6,0,1,1000.0,7251.61,5355.26,1228.57,2,5244.83,1450.2,1450.2,0.0,5.45,478.61,478.61,0.0,72.52,0.0,1000.0,0.0,0.0
bz_nbr7008_075,period_3,3,7,0,1,1000.0,6173.57,5355.26,1045.92,2,3611.45,2488.37,2488.37,0.0,5.84,6.17,0.0,6.17,61.74,0.0,1000.0,0.0,0.0
bz_nbr7008_075,period_3,3,12,1,1,66.0,396.41,5355.26,1017.57,1,125.38,102.63,102.63,0.0,0.22,108.11,0.0,108.11,60.06,0.0,66.0,0.0,271.03
bz_nbr7008_075,period_3,3,13,1,1,180.0,157.46,5355.26,148.2,1,156.4,0.0,0.0,0.0,1.06,0.0,0.0,0.0,0.0,0.0,180.0,0.0,1.06
bz_nbr7008_075,period_3,3,14,1,1,744.0,1395.92,5355.26,317.87,1,1391.53,0.0,0.0,0.0,4.39,0.0,0.0,0.0,0.0,0.0,744.0,0.0,4.39
bz_nbr7008_075,period_3,3,15,1,1,66.0,436.06,5355.26,1119.35,1,249.72,1.12,0.0,1.12,0.22,118.93,0.0,118.93,66.07,0.0,66.0,0.0,186.34
bz_nbr7008_075,period_3,3,16,1,1,136.0,961.79,5355.26,1198.13,2,534.78,2.24,0.0,2.24,0.45,353.6,353.6,0.0,70.72,0.0,136.0,0.0,427.01
bz_nbr7008_075,period_3,3,17,1,1,495.0,1372.97,5355.26,469.92,1,1370.05,0.0,0.0,0.0,2.92,0.0,0.0,0.0,0.0,0.0,495.0,0.0,2.92
bz_nbr7008_075,period_4,4,1,0,1,1000.0,6006.21,5355.26,1017.57,2,5538.97,5.31,5.31,0.0,5.45,396.41,396.41,0.0,60.06,0.0,1000.0,0.0,0.0
bz_nbr7008_075,period_4,4,2,0,1,1000.0,6606.91,5355.26,1119.34,5,5637.26,501.68,501.68,0.0,5.49,396.41,396.41,0.0,66.07,0.0,1000.0,0.0,0.0
bz_nbr7008_075,period_4,4,3,0,1,1000.0,6948.64,5355.26,1177.24,2,2889.08,3526.01,3526.01,0.0,5.45,458.61,458.61,0.0,69.49,0.0,1000.0,0.0,0.0
bz_nbr7008_075,period_4,4,4,0,1,1000.0,7071.97,5355.26,1198.13,2,4863.6,2124.74,2124.74,0.0,5.84,7.07,0.0,7.07,70.72,0.0,1000.0,0.0,0.0
bz_nbr7008_075,period_4,4,7,0,1,1000.0,6173.57,5355.26,1045.92,2,6054.37,39.28,39.28,0.0,5.83,12.35,0.0,12.35,61.74,0.0,1000.0,0.0,0.0
bz_nbr7008_075,period_4,4,12,1,1,494.0,188.3,5355.26,64.58,1,185.38,0.0,0.0,0.0,2.92,0.0,0.0,0.0,0.0,0.0,494.0,0.0,2.92
bz_nbr7008_075,period_4,4,13,1,0,136.0,898.54,5355.26,0.0,0,0.0,0.0,0.0,0.0,0.0,0.0,0.0,0.0,0.0,0.0,136.0,0.0,898.54
bz_nbr7008_075,period_4,4,14,1,1,180.0,170.56,5355.26,160.53,1,169.5,0.0,0.0,0.0,1.06,0.0,0.0,0.0,0.0,0.0,180.0,0.0,1.06
bz_nbr7008_075,period_4,4,15,1,1,66.0,458.61,5355.26,1177.24,1,111.0,152.82,152.82,0.0,0.22,125.08,0.0,125.08,69.49,0.0,66.0,0.0,347.61
bz_nbr7008_075,period_4,4,16,1,1,136.0,961.79,5355.26,1198.13,3,268.51,537.02,537.02,0.0,0.67,84.86,0.0,84.86,70.72,0.0,136.0,0.0,693.28
bz_nbr7008_075,period_4,4,17,1,1,744.0,1450.2,5355.26,330.23,1,1445.81,0.0,0.0,0.0,4.39,0.0,0.0,0.0,0.0,0.0,744.0,0.0,4.39
bz_nbr7008_075,period_4,4,18,1,1,66.0,478.61,5355.26,1228.58,1,275.34,0.0,0.0,0.0,0.22,130.53,0.0,130.53,72.52,0.0,66.0,0.0,203.27
bz_nbr7008_075,period_4,4,19,1,1,495.0,2488.37,5355.26,851.67,2,1807.6,0.0,0.0,0.0,2.12,628.38,628.38,0.0,50.27,0.0,495.0,0.0,680.77
bz_nbr7008_075,period_5,5,1,0,1,1000.0,6006.21,5355.26,1017.57,2,5652.07,276.24,276.24,0.0,5.83,12.01,0.0,12.01,60.06,0.0,1000.0,0.0,0.0
bz_nbr7008_075,period_5,5,2,0,1,1000.0,6606.91,5355.26,1119.34,3,5637.26,0.0,0.0,0.0,5.04,898.54,898.54,0.0,66.07,0.0,1000.0,0.0,0.0
bz_nbr7008_075,period_5,5,3,0,1,1000.0,6948.64,5355.26,1177.24,2,6415.09,0.0,0.0,0.0,5.45,458.61,458.61,0.0,69.49,0.0,1000.0,0.0,0.0
bz_nbr7008_075,period_5,5,4,0,1,1000.0,7071.97,5355.26,1198.13,5,6034.42,537.02,537.02,0.0,5.49,424.32,424.32,0.0,70.72,0.0,1000.0,0.0,0.0
bz_nbr7008_075,period_5,5,6,0,1,1000.0,7251.61,5355.26,1228.57,2,5421.06,1273.97,1273.97,0.0,5.45,478.61,478.61,0.0,72.52,0.0,1000.0,0.0,0.0
bz_nbr7008_075,period_5,5,7,0,1,1000.0,6173.57,5355.26,1045.92,2,6093.66,0.0,0.0,0.0,5.83,12.35,0.0,12.35,61.74,0.0,1000.0,0.0,0.0
bz_nbr7008_075,period_5,5,12,1,1,180.0,5.31,5355.26,5.0,1,4.25,0.0,0.0,0.0,1.06,0.0,0.0,0.0,0.0,0.0,180.0,0.0,1.06
bz_nbr7008_075,period_5,5,13,1,1,66.0,396.41,5355.26,1017.57,1,106.11,121.91,121.91,0.0,0.22,108.11,0.0,108.11,60.06,0.0,66.0,0.0,290.3
bz_nbr7008_075,period_5,5,14,1,1,38.0,250.84,5355.26,1118.35,1,0.0,250.62,250.62,0.0,0.22,0.0,0.0,0.0,0.0,0.0,38.0,0.0,250.84
bz_nbr7008_075,period_5,5,15,1,1,38.0,250.84,5355.26,1118.35,1,249.49,1.12,0.0,1.12,0.22,0.0,0.0,0.0,0.0,0.0,38.0,0.0,1.35
bz_nbr7008_075,period_5,5,16,1,1,60.0,396.41,5355.26,1119.33,1,250.84,0.0,0.0,0.0,0.22,79.28,0.0,79.28,66.07,0.0,60.0,0.0,145.57
bz_nbr7008_075,period_5,5,17,1,1,180.0,1035.99,5355.26,975.1,1,1034.93,0.0,0.0,0.0,1.06,0.0,0.0,0.0,0.0,0.0,180.0,0.0,1.06
bz_nbr7008_075,period_5,5,18,1,1,744.0,2490.01,5355.26,567.01,1,2485.62,0.0,0.0,0.0,4.39,0.0,0.0,0.0,0.0,0.0,744.0,0.0,4.39
bz_nbr7008_075,period_5,5,19,1,1,66.0,458.61,5355.26,1177.24,1,263.82,0.0,0.0,0.0,0.22,125.08,0.0,125.08,69.49,0.0,66.0,0.0,194.79
bz_nbr7008_075,period_5,5,20,1,1,495.0,2124.74,5355.26,727.22,1,1960.91,160.91,160.91,0.0,2.92,0.0,0.0,0.0,0.0,0.0,495.0,0.0,163.83
bz_nbr7008_075,period_5,5,21,1,1,494.0,39.28,5355.26,13.47,1,36.36,0.0,0.0,0.0,2.92,0.0,0.0,0.0,0.0,0.0,494.0,0.0,2.92
bz_nbr7008_095,period_1,1,10,0,1,1000.0,8416.52,5412.45,1125.73,5,8312.62,12.34,0.0,12.34,7.4,0.0,0.0,0.0,84.17,0.0,1000.0,0.0,0.0
bz_nbr7008_095,period_1,1,2,0,1,1000.0,9411.76,5412.45,1258.85,4,9159.77,0.0,0.0,0.0,7.28,150.59,0.0,150.59,94.12,0.0,1000.0,0.0,0.0
bz_nbr7008_095,period_1,1,3,0,1,1000.0,11126.31,5412.45,1488.17,3,10974.01,33.64,0.0,33.64,7.4,0.0,0.0,0.0,111.26,0.0,1000.0,0.0,0.0
bz_nbr7008_095,period_1,1,4,0,1,1000.0,9000.68,5412.45,1203.86,4,6630.43,564.13,564.13,0.0,5.98,1710.13,1710.13,0.0,90.01,0.0,1000.0,0.0,0.0
bz_nbr7008_095,period_1,1,5,0,1,1000.0,9700.28,5412.45,1297.44,3,7871.18,503.4,503.4,0.0,6.46,1222.24,1222.24,0.0,97.0,0.0,1000.0,0.0,0.0
bz_nbr7008_095,period_1,1,7,0,1,1000.0,11315.34,5412.45,1513.45,3,11170.11,24.67,0.0,24.67,7.4,0.0,0.0,0.0,113.15,0.0,1000.0,0.0,0.0
bz_nbr7008_095,period_2,2,10,0,1,1000.0,8416.52,5412.45,1125.73,4,7091.49,1098.91,1098.91,0.0,7.28,134.66,0.0,134.66,84.17,0.0,1000.0,0.0,0.0
bz_nbr7008_095,period_2,2,2,0,1,1000.0,9411.76,5412.45,1258.85,3,8125.3,0.0,0.0,0.0,6.46,1185.88,1185.88,0.0,94.12,0.0,1000.0,0.0,0.0
bz_nbr7008_095,period_2,2,4,0,1,1000.0,9000.68,5412.45,1203.86,4,6281.63,912.93,912.93,0.0,5.98,1710.13,1710.13,0.0,90.01,0.0,1000.0,0.0,0.0
bz_nbr7008_095,period_2,2,5,0,1,1000.0,9700.28,5412.45,1297.44,3,9595.88,0.0,0.0,0.0,7.4,0.0,0.0,0.0,97.0,0.0,1000.0,0.0,0.0
bz_nbr7008_095,period_2,2,6,0,1,1000.0,9450.33,5412.45,1264.0,3,9348.42,0.0,0.0,0.0,7.4,0.0,0.0,0.0,94.5,0.0,1000.0,0.0,0.0
bz_nbr7008_095,period_2,2,8,0,1,1000.0,10079.29,5412.45,1348.13,3,8185.66,1785.44,1785.44,0.0,7.4,0.0,0.0,0.0,100.79,0.0,1000.0,0.0,0.0
bz_nbr7008_095,period_2,2,12,1,1,200.0,564.13,5412.45,377.27,1,562.63,0.0,0.0,0.0,1.5,0.0,0.0,0.0,0.0,0.0,200.0,0.0,1.5
bz_nbr7008_095,period_2,2,13,1,1,190.0,1710.13,5412.45,1203.86,1,989.25,0.0,0.0,0.0,0.82,630.05,0.0,630.05,90.01,0.0,190.0,0.0,720.88
bz_nbr7008_095,period_2,2,14,1,1,554.0,119.7,5412.45,28.9,1,115.56,0.0,0.0,0.0,4.14,0.0,0.0,0.0,0.0,0.0,554.0,0.0,4.14
bz_nbr7008_095,period_2,2,15,1,1,110.0,383.71,5412.45,466.56,1,382.89,0.0,0.0,0.0,0.82,0.0,0.0,0.0,0.0,0.0,110.0,0.0,0.82
bz_nbr7008_095,period_2,2,16,1,1,126.0,1222.24,5412.45,1297.44,1,1066.21,0.0,0.0,0.0,0.82,58.2,0.0,58.2,97.0,0.0,126.0,0.0,156.03
bz_nbr7008_095,period_3,3,1,0,1,1000.0,10104.58,5412.45,1351.51,3,8683.51,0.0,0.0,0.0,6.43,1313.6,1313.6,0.0,101.05,0.0,1000.0,0.0,0.0
bz_nbr7008_095,period_3,3,10,0,1,1000.0,8416.52,5412.45,1125.73,3,7955.5,66.73,66.73,0.0,7.13,302.99,0.0,302.99,84.17,0.0,1000.0,0.0,0.0
bz_nbr7008_095,period_3,3,2,0,1,1000.0,9411.76,5412.45,1258.85,4,8636.83,522.94,522.94,0.0,7.28,150.59,0.0,150.59,94.12,0.0,1000.0,0.0,0.0
bz_nbr7008_095,period_3,3,4,0,1,1000.0,9000.68,5412.45,1203.86,3,8510.32,392.95,392.95,0.0,7.4,0.0,0.0,0.0,90.01,0.0,1000.0,0.0,0.0
bz_nbr7008_095,period_3,3,5,0,1,1000.0,9700.28,5412.45,1297.44,3,9595.88,0.0,0.0,0.0,7.4,0.0,0.0,0.0,97.0,0.0,1000.0,0.0,0.0
bz_nbr7008_095,period_3,3,6,0,1,1000.0,9450.33,5412.45,1264.0,3,6721.47,1437.15,1437.15,0.0,6.46,1190.74,1190.74,0.0,94.5,0.0,1000.0,0.0,0.0
bz_nbr7008_095,period_3,3,8,0,1,1000.0,10079.29,5412.45,1348.13,3,9971.1,0.0,0.0,0.0,7.4,0.0,0.0,0.0,100.79,0.0,1000.0,0.0,0.0
bz_nbr7008_095,period_3,3,12,1,1,126.0,1185.88,5412.45,1258.84,1,1034.47,0.0,0.0,0.0,0.82,56.47,0.0,56.47,94.12,0.0,126.0,0.0,151.41
bz_nbr7008_095,period_3,3,13,1,1,200.0,912.93,5412.45,610.53,1,911.43,0.0,0.0,0.0,1.5,0.0,0.0,0.0,0.0,0.0,200.0,0.0,1.5
bz_nbr7008_095,period_3,3,14,1,1,190.0,1710.13,5412.45,1203.86,1,989.25,0.0,0.0,0.0,0.82,630.05,0.0,630.05,90.01,0.0,190.0,0.0,720.88
bz_nbr7008_095,period_3,3,15,1,1,330.0,1785.44,5412.45,723.66,2,1674.91,0.0,0.0,0.0,2.32,54.1,0.0,54.1,54.1,0.0,330.0,0.0,110.53
bz_nbr7008_095,period_3,3,16,1,1,554.0,492.6,5412.45,118.93,1,488.46,0.0,0.0,0.0,4.14,0.0,0.0,0.0,0.0,0.0,554.0,0.0,4.14
bz_nbr7008_095,period_3,3,17,1,1,110.0,606.31,5412.45,737.23,1,605.49,0.0,0.0,0.0,0.82,0.0,0.0,0.0,0.0,0.0,110.0,0.0,0.82
bz_nbr7008_095,period_4,4,10,0,1,1000.0,8416.52,5412.45,1125.73,3,8324.95,0.0,0.0,0.0,7.4,0.0,0.0,0.0,84.17,0.0,1000.0,0.0,0.0
bz_nbr7008_095,period_4,4,2,0,1,1000.0,9411.76,5412.45,1258.85,4,8152.35,1007.43,1007.43,0.0,7.28,150.59,0.0,150.59,94.12,0.0,1000.0,0.0,0.0
bz_nbr7008_095,period_4,4,4,0,1,1000.0,9000.68,5412.45,1203.86,3,8579.52,0.0,0.0,0.0,7.13,324.02,0.0,324.02,90.01,0.0,1000.0,0.0,0.0
bz_nbr7008_095,period_4,4,5,0,1,1000.0,9700.28,5412.45,1297.44,3,9562.66,33.21,33.21,0.0,7.4,0.0,0.0,0.0,97.0,0.0,1000.0,0.0,0.0
bz_nbr7008_095,period_4,4,6,0,1,1000.0,9450.33,5412.45,1264.0,3,8094.36,26.49,26.49,0.0,6.43,1228.54,1228.54,0.0,94.5,0.0,1000.0,0.0,0.0
bz_nbr7008_095,period_4,4,12,1,1,130.0,1313.6,5412.45,1351.52,1,1110.69,0.0,0.0,0.0,0.82,101.05,0.0,101.05,101.05,0.0,130.0,0.0,202.91
bz_nbr7008_095,period_4,4,13,1,1,110.0,522.94,5412.45,635.86,1,522.12,0.0,0.0,0.0,0.82,0.0,0.0,0.0,0.0,0.0,110.0,0.0,0.82
bz_nbr7008_095,period_4,4,14,1,1,330.0,392.95,5412.45,159.27,1,390.48,0.0,0.0,0.0,2.47,0.0,0.0,0.0,0.0,0.0,330.0,0.0,2.47
bz_nbr7008_095,period_4,4,15,1,1,554.0,1437.15,5412.45,346.97,2,1370.93,0.0,0.0,0.0,3.96,36.32,0.0,36.32,25.94,0.0,554.0,0.0,66.22
bz_nbr7008_095,period_4,4,16,1,1,126.0,1190.74,5412.45,1264.0,1,1038.71,0.0,0.0,0.0,0.82,56.7,0.0,56.7,94.5,0.0,126.0,0.0,152.03
bz_nbr7008_095,period_4,4,17,1,1,200.0,66.73,5412.45,44.63,1,65.23,0.0,0.0,0.0,1.5,0.0,0.0,0.0,0.0,0.0,200.0,0.0,1.5
bz_nbr7008_095,period_5,5,2,0,1,1000.0,9411.76,5412.45,1258.85,4,7882.21,17.39,17.39,0.0,6.28,1411.76,1411.76,0.0,94.12,0.0,1000.0,0.0,0.0
bz_nbr7008_095,period_5,5,3,0,1,1000.0,11126.31,5412.45,1488.17,3,10760.78,246.87,246.87,0.0,7.4,0.0,0.0,0.0,111.26,0.0,1000.0,0.0,0.0
bz_nbr7008_095,period_5,5,4,0,1,1000.0,9000.68,5412.45,1203.86,3,8383.84,195.68,195.68,0.0,7.13,324.02,0.0,324.02,90.01,0.0,1000.0,0.0,0.0
bz_nbr7008_095,period_5,5,7,0,1,1000.0,11315.34,5412.45,1513.45,3,11194.78,0.0,0.0,0.0,7.4,0.0,0.0,0.0,113.15,0.0,1000.0,0.0,0.0
bz_nbr7008_095,period_5,5,8,0,1,1000.0,10079.29,5412.45,1348.13,3,9601.03,7.48,7.48,0.0,7.13,362.85,0.0,362.85,100.79,0.0,1000.0,0.0,0.0
bz_nbr7008_095,period_5,5,9,0,1,1000.0,10904.98,5412.45,1458.57,5,10580.7,207.83,207.83,0.0,7.4,0.0,0.0,0.0,109.05,0.0,1000.0,0.0,0.0
bz_nbr7008_095,period_5,5,12,1,1,554.0,502.34,5412.45,121.28,1,498.2,0.0,0.0,0.0,4.14,0.0,0.0,0.0,0.0,0.0,554.0,0.0,4.14
bz_nbr7008_095,period_5,5,13,1,1,110.0,505.09,5412.45,614.15,1,504.27,0.0,0.0,0.0,0.82,0.0,0.0,0.0,0.0,0.0,110.0,0.0,0.82
bz_nbr7008_095,period_5,5,14,1,1,330.0,33.21,5412.45,13.46,1,30.74,0.0,0.0,0.0,2.47,0.0,0.0,0.0,0.0,0.0,330.0,0.0,2.47
bz_nbr7008_095,period_5,5,15,1,1,200.0,26.49,5412.45,17.72,1,24.99,0.0,0.0,0.0,1.5,0.0,0.0,0.0,0.0,0.0,200.0,0.0,1.5
bz_nbr7008_095,period_5,5,16,1,1,130.0,1228.54,5412.45,1264.0,1,1038.71,0.0,0.0,0.0,0.82,94.5,0.0,94.5,94.5,0.0,130.0,0.0,189.83
