scenario,instance,objective,configuration,retail_y_coefficient,retail_v_coefficient,rolled_leftover_coefficient,period,period_number,new_coils_used_count,new_coils_weight,new_coils_value,new_strip_produced_weight,new_strip_produced_value,new_strip_retail_weight,new_strip_retail_value,new_strip_scrap_weight,new_strip_scrap_value,new_strip_loss_weight,new_strip_loss_value,new_lateral_leftover_weight,new_lateral_leftover_value,new_lateral_retail_weight,new_lateral_retail_value,new_lateral_scrap_weight,new_lateral_scrap_value,new_edge_trim_weight,new_edge_trim_value,new_rolled_leftover_weight,new_rolled_leftover_value,new_partially_used_count,processed_coils_total_count,processed_coils_used_count,processed_coils_weight,processed_coils_value,processed_strip_produced_weight,processed_strip_produced_value,processed_scrap_weight,processed_scrap_value,total_strip_produced_weight,total_strip_produced_value,retails_generated_count,retails_generated_weight,retails_generated_value,retails_file_exists,reusable_generated_weight,reusable_generated_value,total_scrap_weight,total_scrap_value,total_loss_weight,total_loss_value,new_production_rate,new_reusable_rate,new_scrap_rate,processed_recovery_rate,processed_discard_rate,reuse_dependency_rate
NCV,bf_qcv_045,new_coils_value,default,,,,period_1,1,39,311584.93,1613862.22,304651.69,1577741.15,14.27,75.46,7.78,41.23,134.17,690.8,3589.23,18731.58,0.0,0.0,3589.23,18731.58,3187.77,16581.92,0.0,0.0,0,0,0,0.0,0.0,0.0,0.0,0.0,0.0,304651.69,1577741.15,2,14.27,75.46,True,14.27,75.46,6918.95,36045.53,6918.95,36045.53,97.77,0.0,2.22,0.0,0.0,0.0
NCV,bf_qcv_045,new_coils_value,default,,,,period_2,2,35,279699.55,1444375.62,273757.97,1413441.27,0.0,0.0,25.13,128.0,121.75,624.93,2960.84,15479.38,0.0,0.0,2960.84,15479.38,2833.9,14702.25,0.0,0.0,0,2,1,14.27,75.46,12.52,66.21,1.75,9.25,273770.49,1413507.48,0,0.0,0.0,True,0.0,0.0,5943.37,30943.81,5943.37,30943.81,97.88,0.0,2.12,87.74,12.26,0.0
NCV,bf_qcv_045,new_coils_value,default,,,,period_3,3,44,347799.24,1802439.11,340432.24,1763996.3,0.0,0.0,21.96,109.52,150.75,776.64,3615.01,18927.43,0.0,0.0,3615.01,18927.43,3579.34,18629.54,0.0,0.0,0,0,0,0.0,0.0,0.0,0.0,0.0,0.0,340432.24,1763996.3,0,0.0,0.0,True,0.0,0.0,7367.06,38443.13,7367.06,38443.13,97.88,0.0,2.12,0.0,0.0,0.0
NCV,bf_qcv_045,new_coils_value,default,,,,period_4,4,30,236058.33,1225182.81,230663.97,1196976.84,19.31,102.12,41.69,220.96,103.04,531.79,2813.66,14759.46,0.0,0.0,2813.66,14759.46,2416.7,12591.85,0.0,0.0,0,0,0,0.0,0.0,0.0,0.0,0.0,0.0,230663.97,1196976.84,1,19.31,102.12,True,19.31,102.12,5375.09,28104.06,5375.09,28104.06,97.71,0.01,2.28,0.0,0.0,0.0
NCV,bf_qcv_045,new_coils_value,default,,,,period_5,5,49,376047.3,1942980.13,368347.0,1902990.06,0.0,0.0,9.07,47.98,169.9,872.12,3689.75,19180.17,0.0,0.0,3689.75,19180.17,3831.67,19890.29,0.0,0.0,0,1,1,19.31,102.12,17.66,93.39,1.65,8.73,368364.66,1903083.45,0,0.0,0.0,True,0.0,0.0,7702.04,39999.29,7702.04,39999.29,97.95,0.0,2.05,91.46,8.54,0.0
NCV,bf_sae1006_045,new_coils_value,default,,,,period_1,1,46,396260.79,2012079.73,382001.43,1940007.46,2261.78,11190.04,68.5,345.8,160.71,814.45,7866.72,39873.72,0.0,0.0,7866.72,39873.72,3901.6,19847.99,0.0,0.0,0,0,0,0.0,0.0,0.0,0.0,0.0,0.0,382001.43,1940007.46,3,2261.78,11190.04,True,2261.78,11190.04,11997.53,60881.96,11997.53,60881.96,96.4,0.57,3.03,0.0,0.0,0.0
NCV,bf_sae1006_045,new_coils_value,default,,,,period_2,2,48,395592.37,2018344.19,382076.09,1949345.19,625.24,3114.39,119.16,602.86,161.96,824.3,8563.43,43771.91,0.0,0.0,8563.43,43771.91,4046.42,20685.17,0.0,0.0,0,3,3,2261.78,11190.04,2240.61,11085.31,21.17,104.74,384316.7,1960430.5,5,625.24,3114.39,True,625.24,3114.39,12912.14,65988.98,12912.14,65988.98,96.58,0.16,3.26,99.06,0.94,0.58
NCV,bf_sae1006_045,new_coils_value,default,,,,period_3,3,53,441566.54,2243590.09,427122.73,2170267.85,462.68,2299.9,23.97,119.84,183.62,931.55,9482.89,48135.3,0.0,0.0,9482.89,48135.3,4290.64,21835.59,0.0,0.0,0,5,5,625.24,3114.39,605.32,3014.66,19.92,99.73,427728.05,2173282.51,3,462.68,2299.9,True,462.68,2299.9,14001.04,71122.01,14001.04,71122.01,96.73,0.1,3.17,96.81,3.19,0.14
NCV,bf_sae1006_045,new_coils_value,default,,,,period_4,4,36,299894.35,1521639.92,289940.03,1471206.63,714.18,3634.62,108.09,550.12,128.72,652.39,6231.8,31521.93,0.0,0.0,6231.8,31521.93,2771.52,14074.16,0.0,0.0,0,3,3,462.68,2299.9,380.38,1890.5,82.3,409.4,290320.41,1473097.14,3,714.18,3634.62,True,714.18,3634.62,9322.43,47208.0,9322.43,47208.0,96.68,0.24,3.08,82.21,17.79,0.13
NCV,bf_sae1006_045,new_coils_value,default,,,,period_5,5,57,488102.41,2480526.35,471741.17,2397600.35,1338.83,6623.79,80.54,405.46,199.25,1010.93,9927.49,50369.67,0.0,0.0,9927.49,50369.67,4815.09,24515.93,0.0,0.0,0,3,3,714.18,3634.62,708.51,3606.38,5.67,28.23,472449.68,2401206.73,3,1338.82,6623.75,True,1338.83,6623.79,15028.04,76330.22,15028.04,76330.22,96.65,0.27,3.08,99.21,0.79,0.15
NCV,bf_sae1006_050,new_coils_value,default,,,,period_1,1,4,34397.98,177663.5,27000.0,139453.38,3526.29,18213.08,0.0,0.0,16.82,86.87,3568.2,18429.54,3380.11,17458.07,188.09,971.47,286.64,1480.48,0.0,0.0,0,0,0,0.0,0.0,0.0,0.0,0.0,0.0,27000.0,139453.38,4,6906.41,35671.19,True,6906.4,35671.15,491.55,2538.82,491.55,2538.82,78.49,20.08,1.43,0.0,0.0,0.0
NCV,bf_sae1006_050,new_coils_value,default,,,,period_2,2,3,25477.17,131588.05,20071.66,103668.92,3311.1,17101.63,16.92,87.39,13.06,67.45,1852.13,9566.14,1665.67,8603.09,186.46,963.05,212.3,1096.52,0.0,0.0,0,4,4,6906.41,35671.19,5805.41,29984.59,1101.0,5686.6,25877.07,133653.51,3,4976.77,25704.72,True,4976.77,25704.72,1529.74,7901.01,1529.74,7901.01,78.78,19.53,1.68,84.06,15.94,22.43
NCV,bf_sae1006_050,new_coils_value,default,,,,period_3,3,3,26714.96,137981.17,24547.64,126787.09,1630.26,8420.2,0.0,0.0,13.89,71.74,300.54,1552.27,0.0,0.0,300.54,1552.27,222.62,1149.82,0.0,0.0,0,3,3,4976.77,25704.72,4872.4,25165.65,104.37,539.06,29420.04,151952.74,2,1630.26,8420.2,True,1630.26,8420.2,641.42,3312.89,641.42,3312.89,91.89,6.1,2.01,97.9,2.1,16.56
NCV,bf_sae1006_050,new_coils_value,default,,,,period_4,4,3,25477.17,131588.05,23133.91,119485.26,220.18,1137.22,0.0,0.0,13.03,67.3,1897.73,9801.66,1809.8,9347.51,87.93,454.15,212.3,1096.52,0.0,0.0,0,2,2,1630.26,8420.2,440.08,2272.99,1190.18,6147.21,23573.99,121758.24,3,2029.98,10484.72,True,2029.98,10484.73,1503.44,7765.18,1503.44,7765.18,90.8,7.97,1.23,26.99,73.01,1.87
NCV,bf_sae1006_050,new_coils_value,default,,,,period_5,5,5,43451.55,224424.65,35514.57,183430.62,3043.77,15720.89,50.76,262.17,21.04,108.67,4459.3,23032.02,4118.89,21273.82,340.41,1758.2,362.09,1870.17,0.0,0.0,0,3,3,2029.98,10484.72,1496.37,7728.66,533.61,2756.06,37010.94,191159.28,3,7162.66,36994.71,True,7162.66,36994.71,1307.91,6755.27,1307.91,6755.27,81.73,16.48,1.78,73.71,26.29,4.04
NCV,bz_nbr7008_043,new_coils_value,default,,,,period_1,1,17,151043.86,864507.2,141553.72,810005.82,2783.99,16060.46,97.91,548.86,56.44,323.16,5074.13,29133.09,0.0,0.0,5074.13,29133.09,1477.6,8435.42,0.0,0.0,0,0,0,0.0,0.0,0.0,0.0,0.0,0.0,141553.72,810005.82,7,2783.99,16060.46,True,2783.99,16060.46,6706.08,38440.53,6706.08,38440.53,93.72,1.84,4.44,0.0,0.0,0.0
NCV,bz_nbr7008_043,new_coils_value,default,,,,period_2,2,18,140171.16,794619.2,129450.31,734218.89,3025.06,16780.17,51.61,292.75,56.87,321.71,6176.84,35033.95,0.0,0.0,6176.84,35033.95,1410.44,7971.56,0.0,0.0,0,7,7,2783.99,16060.46,2277.22,13149.77,506.77,2910.69,131727.53,747368.66,5,3025.06,16780.17,True,3025.06,16780.17,8202.53,46530.66,8202.53,46530.66,92.35,2.16,5.49,81.8,18.2,1.73
NCV,bz_nbr7008_043,new_coils_value,default,,,,period_3,3,18,151182.7,871141.72,142032.99,818025.03,1345.31,7809.3,18.88,107.86,61.55,355.5,6288.1,36600.3,0.0,0.0,6288.1,36600.3,1435.83,8243.5,0.0,0.0,0,5,5,3025.06,16780.17,2485.46,13827.6,539.6,2952.57,144518.45,831852.63,5,1345.32,7809.36,True,1345.31,7809.3,8343.96,48259.73,8343.96,48259.73,93.95,0.89,5.16,82.16,17.84,1.72
NCV,bz_nbr7008_043,new_coils_value,default,,,,period_4,4,15,123551.81,697555.8,112990.27,638216.76,4383.45,24543.45,24.83,140.18,46.5,261.43,4839.25,27247.95,0.0,0.0,4839.25,27247.95,1267.5,7145.97,0.0,0.0,0,5,5,1345.32,7809.36,1119.6,6512.79,225.72,1296.57,114109.87,644729.55,11,4383.45,24543.45,True,4383.45,24543.45,6403.8,36092.1,6403.8,36092.1,91.45,3.55,5.0,83.22,16.78,0.98
NCV,bz_nbr7008_043,new_coils_value,default,,,,period_5,5,21,187929.17,1080803.06,176303.46,1013772.17,1988.02,11158.52,32.6,186.34,70.91,408.41,7734.56,44963.23,0.0,0.0,7734.56,44963.23,1799.55,10313.99,0.0,0.0,0,11,11,4383.45,24543.45,4285.61,23995.35,97.84,548.09,180589.07,1037767.52,6,1988.02,11158.52,True,1988.02,11158.52,9735.46,56420.06,9735.46,56420.06,93.81,1.06,5.13,97.77,2.23,2.37
NCV,bz_nbr7008_075,new_coils_value,default,,,,period_1,1,6,40203.19,215298.54,35966.96,192612.42,1895.89,10152.98,34.47,184.6,33.33,178.49,1870.49,10016.96,1432.27,7670.18,438.22,2346.78,402.04,2153.03,0.0,0.0,0,0,0,0.0,0.0,0.0,0.0,0.0,0.0,35966.96,192612.42,6,3328.16,17823.16,True,3328.16,17823.16,908.06,4862.9,908.06,4862.9,89.46,8.28,2.26,0.0,0.0,0.0
NCV,bz_nbr7008_075,new_coils_value,default,,,,period_2,2,5,33382.51,178772.02,28620.59,153270.7,1927.38,10321.62,21.24,113.75,28.74,153.91,456.78,2446.18,0.0,0.0,456.78,2446.18,313.68,1679.84,2014.08,10785.92,1,6,6,3328.16,17823.16,2479.01,13275.74,849.15,4547.42,31099.6,166546.44,6,3941.46,21107.54,True,3941.46,21107.54,1669.59,8941.1,1669.59,8941.1,85.74,11.81,2.46,74.49,25.51,7.97
NCV,bz_nbr7008_075,new_coils_value,default,,,,period_3,3,5,34948.62,187158.95,33005.21,176751.48,1054.83,5648.89,0.0,0.0,28.78,154.12,510.31,2732.84,0.0,0.0,510.31,2732.84,349.49,1871.61,0.0,0.0,0,6,6,3941.46,21107.54,3335.16,17860.65,606.3,3246.89,36340.37,194612.13,4,1054.84,5648.94,True,1054.83,5648.89,1494.88,8005.46,1494.88,8005.46,94.44,3.02,2.54,84.62,15.38,9.18
NCV,bz_nbr7008_075,new_coils_value,default,,,,period_4,4,5,33630.39,180099.48,28449.43,152354.09,3157.81,16910.89,0.0,0.0,27.84,149.09,1659.01,8884.43,1639.79,8781.5,19.22,102.93,336.31,1801.03,0.0,0.0,0,4,4,1054.84,5648.94,797.0,4268.14,257.84,1380.8,29246.43,156622.24,6,4797.6,25692.4,True,4797.6,25692.39,641.21,3433.85,641.21,3433.85,84.59,14.27,1.14,75.56,24.44,2.73
NCV,bz_nbr7008_075,new_coils_value,default,,,,period_5,5,6,42554.62,227891.05,39473.1,211388.71,1306.85,6998.52,16.66,89.22,33.94,181.76,1298.51,6953.86,1054.58,5647.55,243.93,1306.31,425.55,2278.93,0.0,0.0,0,6,5,4797.6,25692.4,2172.77,11635.75,2624.83,14056.65,41645.87,223024.46,6,2361.43,12646.07,True,2361.43,12646.07,3344.91,17912.87,3344.91,17912.87,92.76,5.55,1.69,45.29,54.71,5.22
NCV,bz_nbr7008_095,new_coils_value,default,,,,period_1,1,6,56463.16,305604.03,54118.12,292911.62,725.44,3926.41,20.71,112.09,43.56,235.77,990.68,5362.01,0.0,0.0,990.68,5362.01,564.64,3056.09,0.0,0.0,0,0,0,0.0,0.0,0.0,0.0,0.0,0.0,54118.12,292911.62,4,725.44,3926.41,True,725.44,3926.41,1619.59,8765.96,1619.59,8765.96,95.85,1.28,2.87,0.0,0.0,0.0
NCV,bz_nbr7008_095,new_coils_value,default,,,,period_2,2,6,56058.86,303415.78,51052.35,276318.29,1795.81,9719.73,62.75,339.63,43.56,235.77,1063.44,5755.82,0.0,0.0,1063.44,5755.82,545.64,2953.25,1495.3,8093.24,1,4,4,725.44,3926.41,692.6,3748.66,32.84,177.74,51744.95,280066.95,4,3291.11,17812.97,True,3291.11,17812.97,1748.23,9462.21,1748.23,9462.21,91.07,5.87,3.06,95.47,4.53,1.34
NCV,bz_nbr7008_095,new_coils_value,default,,,,period_3,3,7,66163.44,358106.31,62870.94,340285.82,1757.62,9513.03,36.26,196.26,51.14,276.79,785.82,4253.21,0.0,0.0,785.82,4253.21,661.64,3581.09,0.0,0.0,0,4,4,3291.11,17812.97,2907.68,15737.67,383.43,2075.3,65778.62,356023.49,2,1757.62,9513.03,True,1757.62,9513.03,1918.29,10382.65,1918.29,10382.65,95.02,2.66,2.32,88.35,11.65,4.42
NCV,bz_nbr7008_095,new_coils_value,default,,,,period_4,4,5,47184.27,255382.5,45570.82,246649.78,347.04,1878.34,116.28,629.36,36.46,197.34,641.81,3473.76,0.0,0.0,641.81,3473.76,471.85,2553.86,0.0,0.0,0,2,2,1757.62,9513.03,1641.18,8882.8,116.44,630.23,47212.0,255532.59,2,347.04,1878.34,True,347.04,1878.34,1382.84,7484.55,1382.84,7484.55,96.58,0.74,2.68,93.38,6.62,3.48
NCV,bz_nbr7008_095,new_coils_value,default,,,,period_5,5,6,62196.57,336635.83,60158.19,325603.2,298.23,1614.15,14.0,75.77,43.56,235.77,1060.6,5740.44,0.0,0.0,1060.6,5740.44,621.96,3366.33,0.0,0.0,0,2,2,347.04,1878.34,342.08,1851.49,4.96,26.85,60500.27,327454.69,1,298.23,1614.15,True,298.23,1614.15,1745.08,9445.16,1745.08,9445.16,96.72,0.48,2.8,98.57,1.43,0.57
WL-y2-v2-r2,bf_qcv_045,weighted_loss,retail_y_2__retail_v_2__rolled_leftover_2,2,2,2,period_1,1,40,311349.96,1612615.2,304651.67,1577682.99,63.57,315.68,1.39,7.19,137.44,708.09,3307.77,17317.45,0.0,0.0,3307.77,17317.45,3188.12,16583.83,0.0,0.0,0,0,0,0.0,0.0,0.0,0.0,0.0,0.0,304651.67,1577682.99,3,63.57,315.68,True,63.57,315.68,6634.72,34616.56,6634.72,34616.56,97.85,0.02,2.13,0.0,0.0,0.0
WL-y2-v2-r2,bf_qcv_045,weighted_loss,retail_y_2__retail_v_2__rolled_leftover_2,2,2,2,period_2,2,35,279759.03,1444637.07,273716.57,1413224.46,119.06,573.84,8.18,39.64,121.74,624.88,2959.21,15470.49,0.0,0.0,2959.21,15470.49,2834.29,14703.87,0.0,0.0,0,3,3,63.57,315.68,53.92,265.8,9.65,49.87,273770.49,1413490.27,1,119.06,573.84,True,119.06,573.84,5933.07,30888.75,5933.07,30888.75,97.84,0.04,2.12,84.82,15.18,0.02
WL-y2-v2-r2,bf_qcv_045,weighted_loss,retail_y_2__retail_v_2__rolled_leftover_2,2,2,2,period_3,3,44,347695.85,1801994.97,340315.72,1763474.74,30.84,163.31,0.97,4.92,150.76,776.7,3618.94,18948.72,0.0,0.0,3618.94,18948.72,3578.68,18626.91,0.0,0.0,0,1,1,119.06,573.84,116.52,561.59,2.54,12.24,340432.24,1764036.34,2,30.84,163.31,True,30.84,163.31,7351.89,38369.49,7351.89,38369.49,97.88,0.01,2.11,97.87,2.13,0.03
WL-y2-v2-r2,bf_qcv_045,weighted_loss,retail_y_2__retail_v_2__rolled_leftover_2,2,2,2,period_4,4,30,236083.53,1225253.81,230636.42,1196806.9,117.34,583.89,0.1,0.48,103.03,531.74,2810.0,14739.79,0.0,0.0,2810.0,14739.79,2416.7,12591.34,0.0,0.0,0,2,2,30.84,163.31,27.55,145.88,3.29,17.42,230663.97,1196952.78,4,117.34,583.89,True,117.34,583.89,5333.12,27880.77,5333.12,27880.77,97.69,0.05,2.26,89.33,10.67,0.01
WL-y2-v2-r2,bf_qcv_045,weighted_loss,retail_y_2__retail_v_2__rolled_leftover_2,2,2,2,period_5,5,50,375672.54,1941020.85,368254.65,1902474.66,124.86,612.49,1.17,5.92,173.42,890.68,3286.61,17145.67,0.0,0.0,3286.61,17145.67,3831.86,19891.62,0.0,0.0,0,4,4,117.34,583.89,109.98,546.12,7.36,37.78,368364.63,1903020.78,3,124.86,612.49,True,124.86,612.49,7300.42,37971.67,7300.42,37971.67,98.03,0.03,1.94,93.73,6.27,0.03
WL-y2-v2-r2,bf_sae1006_045,weighted_loss,retail_y_2__retail_v_2__rolled_leftover_2,2,2,2,period_1,1,49,395564.82,2012357.69,382001.46,1943433.54,1593.77,8124.12,11.11,55.09,171.58,871.51,7971.16,40433.21,0.0,0.0,7971.16,40433.21,3815.76,19440.31,0.0,0.0,0,0,0,0.0,0.0,0.0,0.0,0.0,0.0,382001.46,1943433.54,4,1593.77,8124.12,True,1593.77,8124.12,11969.61,60800.12,11969.61,60800.12,96.57,0.4,3.03,0.0,0.0,0.0
WL-y2-v2-r2,bf_sae1006_045,weighted_loss,retail_y_2__retail_v_2__rolled_leftover_2,2,2,2,period_2,2,51,399299.29,2040980.86,382783.46,1957312.53,1685.7,8345.69,2.06,10.4,171.76,876.18,10685.49,54109.73,3270.14,16178.85,7415.35,37930.88,3970.77,20326.06,0.0,0.0,0,4,4,1593.77,8124.12,1533.25,7816.97,60.52,307.15,384316.71,1965129.49,7,4955.84,24524.54,True,4955.84,24524.54,11620.46,59450.67,11620.46,59450.67,95.86,1.24,2.9,96.2,3.8,0.4
WL-y2-v2-r2,bf_sae1006_045,weighted_loss,retail_y_2__retail_v_2__rolled_leftover_2,2,2,2,period_3,3,53,439875.15,2241138.61,424028.49,2160531.66,3543.16,17907.28,15.69,78.94,181.67,923.94,7823.65,39846.11,0.0,0.0,7823.65,39846.11,4282.39,21850.16,0.0,0.0,0,7,7,4955.84,24524.54,3699.58,18308.89,1256.26,6215.65,427728.07,2178840.55,5,3543.16,17907.28,True,3543.16,17907.28,13559.66,68914.8,13559.66,68914.8,96.4,0.81,2.8,74.65,25.35,0.86
WL-y2-v2-r2,bf_sae1006_045,weighted_loss,retail_y_2__retail_v_2__rolled_leftover_2,2,2,2,period_4,4,36,296360.67,1512461.5,286834.44,1463827.61,632.07,3170.67,3.01,15.33,123.79,630.51,4910.4,25114.76,0.0,0.0,4910.4,25114.76,2866.86,14650.41,990.01,5051.75,1,5,5,3543.16,17907.28,3485.95,17617.19,57.21,290.09,290320.39,1481444.8,5,1622.08,8222.42,True,1622.08,8222.42,7961.27,40701.1,7961.27,40701.1,96.79,0.55,2.67,98.39,1.61,1.2
WL-y2-v2-r2,bf_sae1006_045,weighted_loss,retail_y_2__retail_v_2__rolled_leftover_2,2,2,2,period_5,5,61,488915.5,2495117.9,471038.57,2404263.5,3783.1,18875.69,9.21,46.12,208.34,1061.01,9066.92,46290.99,0.0,0.0,9066.92,46290.99,4809.3,24580.26,0.0,0.0,0,5,5,1622.08,8222.42,1411.14,7146.9,210.94,1075.53,472449.71,2411410.4,8,3783.11,18875.74,True,3783.1,18875.69,14304.71,73053.91,14304.71,73053.91,96.34,0.77,2.88,87.0,13.0,0.3
WL-y2-v2-r2,bf_sae1006_050,weighted_loss,retail_y_2__retail_v_2__rolled_leftover_2,2,2,2,period_1,1,4,34397.98,177663.5,27000.01,139453.43,9.5,49.07,0.0,0.0,16.84,86.98,3069.0,15851.2,3069.0,15851.2,0.0,0.0,252.9,1306.21,4049.74,20916.66,1,0,0,0.0,0.0,0.0,0.0,0.0,0.0,27000.01,139453.43,6,7128.24,36816.93,True,7128.24,36816.93,269.74,1393.19,269.74,1393.19,78.49,20.72,0.78,0.0,0.0,0.0
WL-y2-v2-r2,bf_sae1006_050,weighted_loss,retail_y_2__retail_v_2__rolled_leftover_2,2,2,2,period_2,2,3,25477.17,131588.05,19237.01,99358.0,14.1,72.83,0.0,0.0,10.96,56.61,4748.46,24525.51,4748.46,24525.51,0.0,0.0,201.76,1042.08,1264.88,6533.03,1,6,6,7128.24,36816.93,6640.06,34295.51,488.18,2521.42,25877.07,133653.51,5,6027.44,31131.37,True,6027.44,31131.37,700.9,3620.11,700.9,3620.11,75.51,23.66,0.83,93.15,6.85,25.66
WL-y2-v2-r2,bf_sae1006_050,weighted_loss,retail_y_2__retail_v_2__rolled_leftover_2,2,2,2,period_3,3,3,25477.17,131588.05,23707.41,122447.35,474.6,2451.28,0.0,0.0,13.48,69.62,1069.37,5523.23,882.91,4560.18,186.46,963.05,212.3,1096.52,0.0,0.0,0,5,5,6027.44,31131.37,5712.62,29505.34,314.82,1626.03,29420.03,151952.69,3,1357.51,7011.46,True,1357.51,7011.46,727.06,3755.22,727.06,3755.22,93.05,5.33,1.62,94.78,5.22,19.42
WL-y2-v2-r2,bf_sae1006_050,weighted_loss,retail_y_2__retail_v_2__rolled_leftover_2,2,2,2,period_4,4,3,25477.17,131588.05,22319.17,115277.17,354.49,1830.92,0.0,0.0,12.62,65.18,2578.59,13318.26,2578.59,13318.26,0.0,0.0,212.3,1096.52,0.0,0.0,0,3,3,1357.51,7011.46,1254.82,6481.07,102.69,530.39,23573.99,121758.24,5,2933.08,15149.18,True,2933.08,15149.18,327.61,1692.09,327.61,1692.09,87.6,11.51,0.88,92.44,7.56,5.32
WL-y2-v2-r2,bf_sae1006_050,weighted_loss,retail_y_2__retail_v_2__rolled_leftover_2,2,2,2,period_5,5,4,35635.77,184056.61,34419.94,177776.92,499.45,2579.63,0.0,0.0,18.52,95.65,400.9,2070.62,0.0,0.0,400.9,2070.62,296.96,1533.78,0.0,0.0,0,5,5,2933.08,15149.18,2591.0,13382.36,342.08,1766.82,37010.94,191159.28,2,499.45,2579.63,True,499.45,2579.63,1058.46,5466.87,1058.46,5466.87,96.59,1.4,2.01,88.34,11.66,7.0
WL-y2-v2-r2,bz_nbr7008_043,weighted_loss,retail_y_2__retail_v_2__rolled_leftover_2,2,2,2,period_1,1,21,159688.01,895248.29,141553.72,794699.35,920.93,5338.56,2.89,15.79,60.64,339.77,14074.96,77454.27,11193.15,61173.03,2881.81,16281.24,1646.41,9204.6,1428.4,8195.61,2,0,0,0.0,0.0,0.0,0.0,0.0,0.0,141553.72,794699.35,18,13542.49,74707.26,True,13542.48,74707.2,4591.75,25841.4,4591.75,25841.4,88.64,8.48,2.88,0.0,0.0,0.0
WL-y2-v2-r2,bz_nbr7008_043,weighted_loss,retail_y_2__retail_v_2__rolled_leftover_2,2,2,2,period_2,2,18,142718.55,822106.97,126305.66,727398.97,1161.89,6841.94,0.0,0.0,58.18,335.57,11289.73,64609.73,8295.5,47129.35,2994.23,17480.38,1333.01,7643.46,2570.08,15277.3,1,18,16,13542.49,74707.26,5421.87,29935.63,8120.62,44771.63,131727.53,757334.6,13,12027.47,69248.59,True,12027.47,69248.59,12506.04,70231.04,12506.04,70231.04,88.5,8.43,3.07,40.04,59.96,4.12
WL-y2-v2-r2,bz_nbr7008_043,weighted_loss,retail_y_2__retail_v_2__rolled_leftover_2,2,2,2,period_3,3,20,152070.08,868280.48,138454.34,791149.35,1863.35,10540.84,0.0,0.0,64.27,367.59,10207.91,57814.78,5231.5,28948.41,4976.41,28866.37,1480.22,8407.98,0.0,0.0,0,13,12,12027.47,69248.59,6064.13,35984.44,5963.34,33264.15,144518.47,827133.79,12,7094.85,39489.25,True,7094.85,39489.25,12484.24,70906.09,12484.24,70906.09,91.05,4.67,4.29,50.42,49.58,4.2
WL-y2-v2-r2,bz_nbr7008_043,weighted_loss,retail_y_2__retail_v_2__rolled_leftover_2,2,2,2,period_4,4,16,120922.51,699749.05,110396.97,638548.88,1222.91,7100.45,0.0,0.0,54.18,313.27,7081.08,41107.13,3440.16,19765.4,3640.92,21341.73,1117.89,6440.91,1049.48,6238.41,1,12,12,7094.85,39489.25,3712.9,20805.42,3381.95,18683.83,114109.87,659354.3,11,5712.55,33104.26,True,5712.55,33104.26,8194.94,46779.74,8194.94,46779.74,91.3,4.72,3.98,52.33,47.67,3.25
WL-y2-v2-r2,bz_nbr7008_043,weighted_loss,retail_y_2__retail_v_2__rolled_leftover_2,2,2,2,period_5,5,24,192841.02,1112306.4,175852.56,1014381.35,1142.72,6683.59,16.98,92.8,79.51,459.55,13933.1,80260.53,8845.01,50513.68,5088.09,29746.85,1816.13,10428.46,0.0,0.0,0,11,11,5712.55,33104.26,4736.54,27680.1,976.01,5424.16,180589.1,1042061.46,13,9987.73,57197.27,True,9987.73,57197.27,7976.72,46151.82,7976.72,46151.82,91.19,5.18,3.63,82.91,17.09,2.62
WL-y2-v2-r2,bz_nbr7008_075,weighted_loss,retail_y_2__retail_v_2__rolled_leftover_2,2,2,2,period_1,1,6,40203.19,215298.54,35966.97,192612.48,682.2,3653.36,0.0,0.0,33.55,179.67,1644.04,8804.26,1617.79,8663.69,26.25,140.58,387.15,2073.29,1489.29,7975.54,1,0,0,0.0,0.0,0.0,0.0,0.0,0.0,35966.97,192612.48,9,3789.28,20292.58,True,3789.28,20292.59,446.95,2393.54,446.95,2393.54,89.46,9.43,1.11,0.0,0.0,0.0
WL-y2-v2-r2,bz_nbr7008_075,weighted_loss,retail_y_2__retail_v_2__rolled_leftover_2,2,2,2,period_2,2,5,33434.19,179048.78,28648.36,153419.42,0.0,0.0,6.2,33.2,27.87,149.25,1166.9,6249.05,1137.61,6092.2,29.29,156.86,301.51,1614.66,3283.33,17583.09,2,9,9,3789.28,20292.58,2451.26,13127.13,1338.02,7165.44,31099.62,166546.55,5,4420.94,23675.28,True,4420.94,23675.29,1702.89,9119.41,1702.89,9119.41,85.69,13.22,1.09,64.69,35.31,7.88
WL-y2-v2-r2,bz_nbr7008_075,weighted_loss,retail_y_2__retail_v_2__rolled_leftover_2,2,2,2,period_3,3,5,34980.67,187330.58,32730.07,175278.03,591.07,3165.33,6.97,37.33,28.1,150.48,1274.64,6826.03,1244.95,6667.03,29.69,159.0,349.81,1873.32,0.0,0.0,0,5,5,4420.94,23675.28,3610.28,19333.99,810.66,4341.3,36340.35,194612.02,6,1836.02,9832.36,True,1836.02,9832.36,1225.23,6561.43,1225.23,6561.43,93.57,5.25,1.19,81.66,18.34,9.93
WL-y2-v2-r2,bz_nbr7008_075,weighted_loss,retail_y_2__retail_v_2__rolled_leftover_2,2,2,2,period_4,4,5,33630.39,180099.48,28091.95,150439.7,3216.1,17223.05,0.0,0.0,27.61,147.86,1958.42,10487.85,1939.8,10388.13,18.62,99.71,336.31,1801.03,0.0,0.0,0,6,6,1836.02,9832.36,1154.46,6182.43,681.56,3649.93,29246.41,156622.13,7,5155.9,27611.19,True,5155.9,27611.18,1064.1,5698.53,1064.1,5698.53,83.53,15.33,1.14,62.88,37.12,3.95
WL-y2-v2-r2,bz_nbr7008_075,weighted_loss,retail_y_2__retail_v_2__rolled_leftover_2,2,2,2,period_5,5,6,42987.96,230211.7,37570.82,201201.51,3387.73,18142.17,0.73,3.91,33.71,180.53,1565.1,8381.52,1527.65,8180.96,37.45,200.55,429.88,2302.12,0.0,0.0,0,7,7,5155.9,27611.19,4075.07,21823.06,1080.83,5788.13,41645.89,223024.57,6,4915.38,26323.14,True,4915.38,26323.13,1582.6,8475.24,1582.6,8475.24,87.4,11.43,1.17,79.04,20.96,9.79
WL-y2-v2-r2,bz_nbr7008_095,weighted_loss,retail_y_2__retail_v_2__rolled_leftover_2,2,2,2,period_1,1,6,58443.21,316320.95,54118.12,292911.62,433.89,2348.41,0.0,0.0,42.07,227.7,3264.69,17669.97,3109.49,16829.96,155.2,840.01,584.43,3163.2,0.0,0.0,0,0,0,0.0,0.0,0.0,0.0,0.0,0.0,54118.12,292911.62,6,3543.39,19178.42,True,3543.38,19178.37,781.7,4230.91,781.7,4230.91,92.6,6.06,1.34,0.0,0.0,0.0
WL-y2-v2-r2,bz_nbr7008_095,weighted_loss,retail_y_2__retail_v_2__rolled_leftover_2,2,2,2,period_2,2,6,56058.86,303415.78,49041.61,265435.26,760.24,4114.76,0.0,0.0,41.92,226.89,3089.88,16723.82,2980.12,16129.75,109.76,594.07,534.69,2893.98,2590.51,14021.01,1,6,6,3543.39,19178.42,2703.31,14631.53,840.08,4546.89,51744.92,280066.79,6,6330.87,34265.52,True,6330.87,34265.52,1526.45,8261.83,1526.45,8261.83,87.48,11.29,1.22,76.29,23.71,5.22
WL-y2-v2-r2,bz_nbr7008_095,weighted_loss,retail_y_2__retail_v_2__rolled_leftover_2,2,2,2,period_3,3,7,66163.44,358106.31,60368.81,326743.17,296.44,1604.47,0.0,0.0,49.35,267.1,3091.87,16734.59,2645.78,14320.15,446.09,2414.44,644.51,3488.38,1712.44,9268.5,1,6,6,6330.87,34265.52,5409.8,29280.27,921.07,4985.25,65778.61,356023.44,6,4654.66,25193.11,True,4654.66,25193.12,2061.02,11155.17,2061.02,11155.17,91.24,7.04,1.72,85.45,14.55,8.22
WL-y2-v2-r2,bz_nbr7008_095,weighted_loss,retail_y_2__retail_v_2__rolled_leftover_2,2,2,2,period_4,4,5,45979.57,248862.12,43195.71,233794.62,644.85,3490.22,0.0,0.0,35.64,192.9,1643.57,8895.74,1170.09,6333.05,473.48,2562.69,459.8,2488.64,0.0,0.0,0,6,6,4654.66,25193.11,4016.29,21737.97,638.37,3455.15,47212.0,255532.59,5,1814.93,9823.22,True,1814.94,9823.27,1607.29,8699.38,1607.29,8699.38,93.95,3.95,2.11,86.29,13.71,8.51
WL-y2-v2-r2,bz_nbr7008_095,weighted_loss,retail_y_2__retail_v_2__rolled_leftover_2,2,2,2,period_5,5,6,61838.36,334697.03,58875.1,318658.53,250.35,1355.01,0.0,0.0,42.74,231.33,2051.77,11105.1,1350.1,7307.35,701.67,3797.75,618.38,3346.95,0.0,0.0,0,5,5,1814.93,9823.22,1625.16,8796.1,189.77,1027.12,60500.26,327454.63,5,1600.45,8662.36,True,1600.45,8662.36,1552.56,8403.15,1552.56,8403.15,95.21,2.59,2.2,89.54,10.46,2.69
WL-y2-v2-r4,bf_qcv_045,weighted_loss,retail_y_2__retail_v_2__rolled_leftover_4,2,2,4,period_1,1,40,311297.54,1612372.08,304651.7,1577696.37,9.54,50.45,2.07,10.7,137.47,708.24,3309.12,17324.75,0.0,0.0,3309.12,17324.75,3187.69,16581.84,0.0,0.0,0,0,0,0.0,0.0,0.0,0.0,0.0,0.0,304651.7,1577696.37,1,9.54,50.45,True,9.54,50.45,6636.35,34625.53,6636.35,34625.53,97.87,0.0,2.13,0.0,0.0,0.0
WL-y2-v2-r4,bf_qcv_045,weighted_loss,retail_y_2__retail_v_2__rolled_leftover_4,2,2,4,period_2,2,35,279682.8,1444294.74,273764.14,1413477.07,0.0,0.0,2.02,10.22,121.76,624.99,2961.14,15481.0,0.0,0.0,2961.14,15481.0,2833.78,14701.68,0.0,0.0,0,1,1,9.54,50.45,6.34,33.53,3.2,16.92,273770.48,1413510.6,0,0.0,0.0,True,0.0,0.0,5921.9,30834.81,5921.9,30834.81,97.88,0.0,2.12,66.46,33.54,0.0
WL-y2-v2-r4,bf_qcv_045,weighted_loss,retail_y_2__retail_v_2__rolled_leftover_4,2,2,4,period_3,3,45,347784.27,1802370.52,340432.24,1764000.94,0.0,0.0,3.62,18.29,153.84,793.03,3615.42,18929.66,0.0,0.0,3615.42,18929.66,3579.26,18629.2,0.0,0.0,0,0,0,0.0,0.0,0.0,0.0,0.0,0.0,340432.24,1764000.94,0,0.0,0.0,True,0.0,0.0,7352.14,38370.18,7352.14,38370.18,97.89,0.0,2.11,0.0,0.0,0.0
WL-y2-v2-r4,bf_qcv_045,weighted_loss,retail_y_2__retail_v_2__rolled_leftover_4,2,2,4,period_4,4,29,236517.75,1227584.02,230663.98,1197045.81,239.07,1242.93,1.32,6.36,99.85,514.93,3094.91,16172.29,0.0,0.0,3094.91,16172.29,2418.69,12602.06,0.0,0.0,0,0,0,0.0,0.0,0.0,0.0,0.0,0.0,230663.98,1197045.81,3,239.07,1242.93,True,239.07,1242.93,5614.77,29295.64,5614.77,29295.64,97.53,0.1,2.37,0.0,0.0,0.0
WL-y2-v2-r4,bf_qcv_045,weighted_loss,retail_y_2__retail_v_2__rolled_leftover_4,2,2,4,period_5,5,50,375421.51,1939710.93,368131.85,1901795.29,0.0,0.0,2.65,13.2,173.2,889.57,3284.67,17135.53,0.0,0.0,3284.67,17135.53,3829.21,19877.74,0.0,0.0,0,3,3,239.07,1242.93,232.8,1210.53,6.27,32.41,368364.65,1903005.82,0,0.0,0.0,True,0.0,0.0,7296.0,37948.45,7296.0,37948.45,98.06,0.0,1.94,97.38,2.62,0.06
WL-y2-v2-r4,bf_sae1006_045,weighted_loss,retail_y_2__retail_v_2__rolled_leftover_4,2,2,4,period_1,1,49,395925.07,2021248.89,382001.45,1950373.57,2877.06,14438.4,11.2,55.63,166.01,845.78,6973.27,35616.94,0.0,0.0,6973.27,35616.94,3895.99,19918.09,0.0,0.0,0,0,0,0.0,0.0,0.0,0.0,0.0,0.0,382001.45,1950373.57,5,2877.06,14438.4,True,2877.06,14438.4,11046.47,56436.44,11046.47,56436.44,96.48,0.73,2.79,0.0,0.0,0.0
WL-y2-v2-r4,bf_sae1006_045,weighted_loss,retail_y_2__retail_v_2__rolled_leftover_4,2,2,4,period_2,2,50,394266.99,2014442.3,381447.59,1949131.17,1215.16,6014.46,4.49,22.75,170.63,869.96,7527.43,38439.85,0.0,0.0,7527.43,38439.85,3901.63,19963.78,0.0,0.0,0,5,5,2877.06,14438.4,2869.11,14398.76,7.95,39.64,384316.7,1963529.93,6,1215.16,6014.46,True,1215.16,6014.46,11612.13,59335.98,11612.13,59335.98,96.75,0.31,2.94,99.72,0.28,0.75
WL-y2-v2-r4,bf_sae1006_045,weighted_loss,retail_y_2__retail_v_2__rolled_leftover_4,2,2,4,period_3,3,55,441783.77,2256901.28,426523.43,2178945.36,1465.34,7369.08,8.81,43.68,186.24,949.57,9230.46,47238.76,1928.42,9840.21,7302.04,37398.55,4369.41,22354.42,0.0,0.0,0,6,6,1215.16,6014.46,1204.64,5962.11,10.52,52.35,427728.07,2184907.47,6,3393.76,17209.28,True,3393.76,17209.29,11877.02,60798.57,11877.02,60798.57,96.55,0.77,2.69,99.13,0.87,0.28
WL-y2-v2-r4,bf_sae1006_045,weighted_loss,retail_y_2__retail_v_2__rolled_leftover_4,2,2,4,period_4,4,36,295782.19,1513394.7,287289.4,1469935.63,925.32,4588.75,5.78,29.78,121.99,622.87,4511.03,23212.44,0.0,0.0,4511.03,23212.44,2928.6,15004.87,0.0,0.0,0,6,6,3393.76,17209.28,3031.01,15370.1,362.75,1839.19,290320.41,1485305.73,6,925.33,4588.8,True,925.32,4588.75,7930.15,40709.15,7930.15,40709.15,97.13,0.31,2.56,89.31,10.69,1.04
WL-y2-v2-r4,bf_sae1006_045,weighted_loss,retail_y_2__retail_v_2__rolled_leftover_4,2,2,4,period_5,5,61,486927.13,2492857.82,471535.77,2414117.52,1896.01,9422.7,8.7,43.44,205.14,1048.34,8311.46,42740.71,0.0,0.0,8311.46,42740.71,4969.91,25484.38,0.0,0.0,0,6,6,925.33,4588.8,913.92,4531.61,11.41,57.19,472449.69,2418649.13,7,1896.0,9422.65,True,1896.01,9422.7,13506.62,69374.06,13506.62,69374.06,96.84,0.39,2.77,98.77,1.23,0.19
WL-y2-v2-r4,bf_sae1006_050,weighted_loss,retail_y_2__retail_v_2__rolled_leftover_4,2,2,4,period_1,1,4,34397.98,177663.5,27000.0,139453.38,138.21,713.85,0.0,0.0,14.73,76.08,6958.4,35939.72,6958.4,35939.72,0.0,0.0,286.64,1480.48,0.0,0.0,0,0,0,0.0,0.0,0.0,0.0,0.0,0.0,27000.0,139453.38,6,7096.61,36653.56,True,7096.61,36653.57,301.37,1556.56,301.37,1556.56,78.49,20.63,0.88,0.0,0.0,0.0
WL-y2-v2-r4,bf_sae1006_050,weighted_loss,retail_y_2__retail_v_2__rolled_leftover_4,2,2,4,period_2,2,3,25477.17,131588.05,19232.78,99336.15,508.27,2625.18,0.0,0.0,10.95,56.56,5512.85,28473.54,5512.85,28473.54,0.0,0.0,212.3,1096.52,0.0,0.0,0,6,6,7096.61,36653.56,6644.28,34317.31,452.33,2336.26,25877.06,133653.46,5,6021.12,31098.72,True,6021.12,31098.72,675.58,3489.34,675.58,3489.34,75.49,23.63,0.88,93.63,6.37,25.68
WL-y2-v2-r4,bf_sae1006_050,weighted_loss,retail_y_2__retail_v_2__rolled_leftover_4,2,2,4,period_3,3,4,34397.98,177663.5,23749.9,122666.81,858.71,4435.19,0.0,0.0,13.5,69.73,9489.22,49011.25,9489.22,49011.25,0.0,0.0,286.64,1480.48,0.0,0.0,0,5,5,6021.12,31098.72,5670.13,29285.88,350.99,1812.84,29420.03,151952.69,6,10347.93,53446.44,True,10347.93,53446.44,651.13,3363.05,651.13,3363.05,69.04,30.08,0.87,94.17,5.83,19.27
WL-y2-v2-r4,bf_sae1006_050,weighted_loss,retail_y_2__retail_v_2__rolled_leftover_4,2,2,4,period_4,4,2,16573.83,85602.84,13620.16,70347.31,476.83,2462.8,0.0,0.0,8.02,41.42,2330.71,12037.98,2330.71,12037.98,0.0,0.0,138.11,713.33,0.0,0.0,0,6,6,10347.93,53446.44,9953.83,51410.93,394.1,2035.5,23573.99,121758.24,4,2807.54,14500.78,True,2807.54,14500.78,540.23,2790.25,540.23,2790.25,82.18,16.94,0.88,96.19,3.81,42.22
WL-y2-v2-r4,bf_sae1006_050,weighted_loss,retail_y_2__retail_v_2__rolled_leftover_4,2,2,4,period_5,5,4,35635.77,184056.61,34393.22,177638.92,526.17,2717.64,0.0,0.0,18.52,95.65,400.9,2070.62,0.0,0.0,400.9,2070.62,296.96,1533.78,0.0,0.0,0,4,4,2807.54,14500.78,2617.73,13520.42,189.81,980.36,37010.95,191159.34,2,526.17,2717.64,True,526.17,2717.64,906.19,4680.41,906.19,4680.41,96.51,1.48,2.01,93.24,6.76,7.07
WL-y2-v2-r4,bz_nbr7008_043,weighted_loss,retail_y_2__retail_v_2__rolled_leftover_4,2,2,4,period_1,1,22,157893.01,890305.49,141553.74,799969.31,3336.33,18427.66,5.84,31.92,66.31,373.65,11322.48,62467.69,8377.98,45787.5,2944.5,16680.19,1608.27,9035.04,0.0,0.0,0,0,0,0.0,0.0,0.0,0.0,0.0,0.0,141553.74,799969.31,17,11714.31,64215.17,True,11714.31,64215.16,4624.92,26120.8,4624.92,26120.8,89.65,7.42,2.93,0.0,0.0,0.0
WL-y2-v2-r4,bz_nbr7008_043,weighted_loss,retail_y_2__retail_v_2__rolled_leftover_4,2,2,4,period_2,2,18,144979.95,829201.19,128015.4,732460.71,1540.9,9042.16,48.1,262.88,55.88,320.14,13906.71,79064.59,11787.3,66936.46,2119.41,12128.13,1412.98,8050.84,0.0,0.0,0,17,14,11714.31,64215.17,3712.14,20478.61,8002.17,43736.55,131727.54,752939.32,12,13328.2,75978.62,True,13328.2,75978.62,11638.54,64498.54,11638.54,64498.54,88.3,9.19,2.51,31.69,68.31,2.82
WL-y2-v2-r4,bz_nbr7008_043,weighted_loss,retail_y_2__retail_v_2__rolled_leftover_4,2,2,4,period_3,3,18,152625.85,881998.06,140591.66,812512.25,1907.17,10898.72,0.0,0.0,60.93,352.8,8634.32,49992.18,3870.4,22206.71,4763.92,27785.47,1431.74,8241.94,0.0,0.0,0,12,9,13328.2,75978.62,3926.8,23225.44,9401.4,52753.18,144518.46,835737.69,10,5777.57,33105.44,True,5777.57,33105.43,15657.99,89133.39,15657.99,89133.39,92.12,3.79,4.1,29.46,70.54,2.72
WL-y2-v2-r4,bz_nbr7008_043,weighted_loss,retail_y_2__retail_v_2__rolled_leftover_4,2,2,4,period_4,4,16,125547.33,711039.18,110515.93,626421.55,2137.4,12070.12,53.23,306.77,47.2,266.63,11524.35,64804.75,9868.9,55366.55,1655.45,9438.2,1269.22,7169.36,0.0,0.0,0,10,10,5777.57,33105.44,3593.93,20700.93,2183.64,12404.51,114109.86,647122.48,14,12006.3,67436.67,True,12006.3,67436.67,5208.74,29585.47,5208.74,29585.47,88.03,9.56,2.41,62.2,37.8,3.15
WL-y2-v2-r4,bz_nbr7008_043,weighted_loss,retail_y_2__retail_v_2__rolled_leftover_4,2,2,4,period_5,5,24,192663.12,1100474.69,175342.01,1003131.29,1841.46,10440.23,10.89,60.93,75.36,431.14,13505.63,75667.11,8836.89,48602.49,4668.74,27064.62,1887.75,10743.87,0.0,0.0,0,14,13,12006.3,67436.67,5247.08,30179.68,6759.22,37256.98,180589.09,1033310.98,14,10678.35,59042.73,True,10678.35,59042.72,13401.96,75557.54,13401.96,75557.54,91.01,5.54,3.45,43.7,56.3,2.91
WL-y2-v2-r4,bz_nbr7008_075,weighted_loss,retail_y_2__retail_v_2__rolled_leftover_4,2,2,4,period_1,1,6,40203.19,215298.54,35966.97,192612.48,2068.73,11078.59,0.0,0.0,33.55,179.67,1731.91,9274.83,1705.66,9134.25,26.25,140.58,402.04,2153.03,0.0,0.0,0,0,0,0.0,0.0,0.0,0.0,0.0,0.0,35966.97,192612.48,9,3774.38,20212.79,True,3774.39,20212.84,461.84,2473.28,461.84,2473.28,89.46,9.39,1.15,0.0,0.0,0.0
WL-y2-v2-r4,bz_nbr7008_075,weighted_loss,retail_y_2__retail_v_2__rolled_leftover_4,2,2,4,period_2,2,5,33913.96,181618.07,28894.24,154736.17,2798.23,14985.25,0.0,0.0,27.61,147.86,1854.74,9932.61,1833.01,9816.25,21.73,116.37,339.14,1816.18,0.0,0.0,0,9,9,3774.38,20212.79,2205.39,11810.44,1568.99,8402.35,31099.63,166546.6,6,4631.24,24801.49,True,4631.24,24801.5,1957.47,10482.76,1957.47,10482.76,85.2,13.66,1.15,58.43,41.57,7.09
WL-y2-v2-r4,bz_nbr7008_075,weighted_loss,retail_y_2__retail_v_2__rolled_leftover_4,2,2,4,period_3,3,6,40058.91,214525.88,32640.62,174799.01,4169.31,22327.74,0.0,0.0,32.65,174.85,2815.73,15078.97,2797.55,14981.61,18.18,97.36,400.6,2145.32,0.0,0.0,0,6,6,4631.24,24801.49,3699.74,19813.07,931.5,4988.42,36340.36,194612.08,8,6966.86,37309.35,True,6966.86,37309.35,1382.93,7405.95,1382.93,7405.95,81.48,17.39,1.13,79.89,20.11,10.18
WL-y2-v2-r4,bz_nbr7008_075,weighted_loss,retail_y_2__retail_v_2__rolled_leftover_4,2,2,4,period_4,4,5,32807.3,175691.62,25169.9,134791.36,4174.05,22353.12,0.0,0.0,26.55,142.18,3108.72,16648.0,3089.76,16546.47,18.96,101.54,328.08,1756.95,0.0,0.0,0,8,7,6966.86,37309.35,4076.52,21830.82,2890.34,15478.52,29246.42,156622.18,7,7263.81,38899.59,True,7263.81,38899.59,3263.93,17479.19,3263.93,17479.19,76.72,22.14,1.14,58.51,41.49,13.94
WL-y2-v2-r4,bz_nbr7008_075,weighted_loss,retail_y_2__retail_v_2__rolled_leftover_4,2,2,4,period_5,5,6,41765.64,223665.86,35340.97,189260.08,3330.04,17833.23,0.0,0.0,32.65,174.85,2644.32,14161.02,2613.41,13995.49,30.91,165.53,417.66,2236.68,0.0,0.0,0,7,7,7263.81,38899.59,6304.91,33764.43,958.9,5135.16,41645.88,223024.52,8,5943.45,31828.72,True,5943.45,31828.72,1440.12,7712.22,1440.12,7712.22,84.62,14.23,1.15,86.8,13.2,15.14
WL-y2-v2-r4,bz_nbr7008_095,weighted_loss,retail_y_2__retail_v_2__rolled_leftover_4,2,2,4,period_1,1,6,58222.11,315124.26,54118.12,292911.62,174.22,942.96,0.0,0.0,42.07,227.7,3305.47,17890.69,3161.46,17111.24,144.01,779.45,582.22,3151.24,0.0,0.0,0,0,0,0.0,0.0,0.0,0.0,0.0,0.0,54118.12,292911.62,6,3335.68,18054.2,True,3335.68,18054.2,768.3,4158.39,768.3,4158.39,92.95,5.73,1.32,0.0,0.0,0.0
WL-y2-v2-r4,bz_nbr7008_095,weighted_loss,retail_y_2__retail_v_2__rolled_leftover_4,2,2,4,period_2,2,6,56058.86,303415.78,49248.66,266555.91,3007.46,16277.73,0.0,0.0,41.92,226.89,3200.21,17320.98,3065.55,16592.14,134.66,728.84,560.59,3034.17,0.0,0.0,0,6,6,3335.68,18054.2,2496.26,13510.88,839.42,4543.32,51744.92,280066.79,10,6073.0,32869.81,True,6073.01,32869.87,1576.59,8533.22,1576.59,8533.22,87.85,10.83,1.31,74.84,25.16,4.82
WL-y2-v2-r4,bz_nbr7008_095,weighted_loss,retail_y_2__retail_v_2__rolled_leftover_4,2,2,4,period_3,3,7,66963.84,362438.44,60683.58,328446.84,2423.72,13118.26,0.0,0.0,49.5,267.92,3137.4,16981.02,2639.89,14288.27,497.51,2692.75,669.64,3624.39,0.0,0.0,0,10,10,6073.0,32869.81,5095.05,27576.7,977.95,5293.11,65778.63,356023.55,6,5063.61,27406.54,True,5063.61,27406.53,2194.6,11878.17,2194.6,11878.17,90.62,7.56,1.82,83.9,16.1,7.75
WL-y2-v2-r4,bz_nbr7008_095,weighted_loss,retail_y_2__retail_v_2__rolled_leftover_4,2,2,4,period_4,4,5,45979.57,248862.12,42631.43,230740.48,1138.07,6159.75,0.0,0.0,35.64,192.9,1714.62,9280.3,1261.04,6825.32,453.58,2454.98,459.8,2488.64,0.0,0.0,0,6,6,5063.61,27406.54,4580.56,24792.05,483.05,2614.48,47211.99,255532.54,6,2399.11,12985.06,True,2399.11,12985.07,1432.07,7751.0,1432.07,7751.0,92.72,5.22,2.06,90.46,9.54,9.7
WL-y2-v2-r4,bz_nbr7008_095,weighted_loss,retail_y_2__retail_v_2__rolled_leftover_4,2,2,4,period_5,5,6,61362.46,332121.25,58307.95,315588.86,279.17,1510.99,5.86,31.72,42.74,231.33,2113.12,11437.16,1417.55,7672.42,695.57,3764.74,613.62,3321.19,0.0,0.0,0,6,6,2399.11,12985.06,2192.31,11865.77,206.8,1119.29,60500.26,327454.63,3,1696.72,9183.41,True,1696.72,9183.41,1564.59,8468.27,1564.59,8468.27,95.02,2.77,2.21,91.38,8.62,3.62
WL-y2-v4-r2,bf_qcv_045,weighted_loss,retail_y_2__retail_v_4__rolled_leftover_2,2,4,2,period_1,1,40,311387.82,1612782.71,304651.68,1577670.95,97.57,475.86,6.16,31.86,137.46,708.19,3306.64,17311.3,0.0,0.0,3306.64,17311.3,3188.39,16584.98,0.0,0.0,0,0,0,0.0,0.0,0.0,0.0,0.0,0.0,304651.68,1577670.95,2,97.57,475.86,True,97.57,475.86,6638.65,34636.33,6638.65,34636.33,97.84,0.03,2.13,0.0,0.0,0.0
WL-y2-v4-r2,bf_qcv_045,weighted_loss,retail_y_2__retail_v_4__rolled_leftover_2,2,4,2,period_2,2,35,279602.78,1443935.97,273677.2,1413081.19,0.0,0.0,7.01,36.27,121.75,624.93,2963.64,15494.55,0.0,0.0,2963.64,15494.55,2833.19,14699.1,0.0,0.0,0,2,2,97.57,475.86,93.28,454.36,4.29,21.5,273770.48,1413535.55,0,0.0,0.0,True,0.0,0.0,5929.88,30876.35,5929.88,30876.35,97.88,0.0,2.12,95.6,4.4,0.03
WL-y2-v4-r2,bf_qcv_045,weighted_loss,retail_y_2__retail_v_4__rolled_leftover_2,2,4,2,period_3,3,45,347797.12,1802439.21,340432.18,1764001.37,11.89,63.05,4.01,20.2,154.13,794.52,3615.57,18930.45,0.0,0.0,3615.57,18930.45,3579.39,18629.9,0.0,0.0,0,0,0,0.0,0.0,0.0,0.0,0.0,0.0,340432.18,1764001.37,2,11.89,63.05,True,11.89,63.05,7353.1,38375.07,7353.1,38375.07,97.88,0.0,2.11,0.0,0.0,0.0
WL-y2-v4-r2,bf_qcv_045,weighted_loss,retail_y_2__retail_v_4__rolled_leftover_2,2,4,2,period_4,4,30,236003.75,1224890.42,230653.6,1196920.71,12.55,66.55,6.26,31.02,103.03,531.74,2812.22,14751.82,0.0,0.0,2812.22,14751.82,2416.09,12588.6,0.0,0.0,0,2,1,11.89,63.05,10.35,54.88,1.54,8.17,230663.95,1196975.59,1,12.55,66.55,True,12.55,66.55,5339.14,27911.35,5339.14,27911.35,97.73,0.01,2.26,87.05,12.95,0.0
WL-y2-v4-r2,bf_qcv_045,weighted_loss,retail_y_2__retail_v_4__rolled_leftover_2,2,4,2,period_5,5,50,375660.16,1940969.19,368357.22,1902987.03,0.0,0.0,10.57,51.49,173.42,890.68,3287.19,17148.81,0.0,0.0,3287.19,17148.81,3831.78,19891.3,0.0,0.0,0,1,1,12.55,66.55,7.41,39.29,5.14,27.26,368364.63,1903026.32,0,0.0,0.0,True,0.0,0.0,7308.1,38009.54,7308.1,38009.54,98.06,0.0,1.94,59.04,40.96,0.0
WL-y2-v4-r2,bf_sae1006_045,weighted_loss,retail_y_2__retail_v_4__rolled_leftover_2,2,4,2,period_1,1,47,398419.69,2031521.93,382001.46,1947856.61,615.03,3060.62,31.51,157.58,161.66,823.0,7241.67,36911.79,0.0,0.0,7241.67,36911.79,3797.67,19389.32,4570.63,23322.69,1,0,0,0.0,0.0,0.0,0.0,0.0,0.0,382001.46,1947856.61,7,5185.66,26383.31,True,5185.66,26383.31,11232.51,57281.69,11232.51,57281.69,95.88,1.3,2.82,0.0,0.0,0.0
WL-y2-v4-r2,bf_sae1006_045,weighted_loss,retail_y_2__retail_v_4__rolled_leftover_2,2,4,2,period_2,2,48,393967.76,2009826.54,379209.23,1934916.1,830.49,4118.41,9.46,47.37,164.04,835.36,8316.82,42372.69,0.0,0.0,8316.82,42372.69,3890.75,19883.02,1546.94,7653.41,1,7,7,5185.66,26383.31,5107.47,25985.46,78.19,397.84,384316.7,1960901.56,6,2377.43,11771.82,True,2377.43,11771.82,12459.26,63536.28,12459.26,63536.28,96.25,0.6,3.14,98.49,1.51,1.33
WL-y2-v4-r2,bf_sae1006_045,weighted_loss,retail_y_2__retail_v_4__rolled_leftover_2,2,4,2,period_3,3,52,442201.66,2253586.62,425483.26,2168794.39,62.1,310.98,14.9,74.25,178.8,909.67,8824.86,45005.51,0.0,0.0,8824.86,45005.51,4415.11,22547.99,3222.56,15943.45,3,6,6,2377.43,11771.82,2244.82,11114.98,132.61,656.83,427728.08,2179909.37,5,3284.66,16254.44,True,3284.66,16254.43,13566.28,69194.25,13566.28,69194.25,96.22,0.74,3.04,94.42,5.58,0.52
WL-y2-v4-r2,bf_sae1006_045,weighted_loss,retail_y_2__retail_v_4__rolled_leftover_2,2,4,2,period_4,4,36,296270.83,1503442.67,287272.32,1457937.24,475.35,2355.95,32.57,162.83,128.55,650.94,5606.53,28339.86,0.0,0.0,5606.53,28339.86,2755.56,13996.1,0.0,0.0,0,5,5,3284.66,16254.44,3048.1,15083.76,236.56,1170.68,290320.42,1473021.0,5,475.36,2356.0,True,475.35,2355.95,8759.77,44320.41,8759.77,44320.41,96.96,0.16,2.88,92.8,7.2,1.05
WL-y2-v4-r2,bf_sae1006_045,weighted_loss,retail_y_2__retail_v_4__rolled_leftover_2,2,4,2,period_5,5,60,491639.22,2497938.38,472010.56,2398765.8,3510.56,17517.1,80.68,405.25,211.7,1073.89,10137.54,51380.36,0.0,0.0,10137.54,51380.36,4666.85,23742.97,1021.33,5052.98,1,5,5,475.36,2356.0,439.13,2174.53,36.23,181.47,472449.69,2400940.33,4,4531.89,22570.08,True,4531.89,22570.08,15133.0,76783.94,15133.0,76783.94,96.01,0.92,3.07,92.38,7.62,0.09
WL-y2-v4-r2,bf_sae1006_050,weighted_loss,retail_y_2__retail_v_4__rolled_leftover_2,2,4,2,period_1,1,4,34397.98,177663.5,27000.0,139453.38,9.5,49.07,0.0,0.0,16.84,86.98,3069.01,15851.25,3069.01,15851.25,0.0,0.0,252.9,1306.21,4049.74,20916.66,2,0,0,0.0,0.0,0.0,0.0,0.0,0.0,27000.0,139453.38,7,7128.25,36816.98,True,7128.25,36816.98,269.74,1393.19,269.74,1393.19,78.49,20.72,0.78,0.0,0.0,0.0
WL-y2-v4-r2,bf_sae1006_050,weighted_loss,retail_y_2__retail_v_4__rolled_leftover_2,2,4,2,period_2,2,3,25477.17,131588.05,19241.64,99381.92,13.24,68.38,0.0,0.0,10.96,56.61,4751.68,24542.14,4751.68,24542.14,0.0,0.0,201.82,1042.39,1257.84,6496.67,1,7,7,7128.25,36816.98,6635.43,34271.6,492.82,2545.39,25877.07,133653.51,5,6022.76,31107.19,True,6022.76,31107.19,705.6,3644.39,705.6,3644.39,75.53,23.64,0.84,93.09,6.91,25.64
WL-y2-v4-r2,bf_sae1006_050,weighted_loss,retail_y_2__retail_v_4__rolled_leftover_2,2,4,2,period_3,3,3,25477.17,131588.05,23711.99,122471.01,470.02,2427.63,0.0,0.0,13.48,69.62,1069.37,5523.23,882.91,4560.18,186.46,963.05,212.3,1096.52,0.0,0.0,0,5,5,6022.76,31107.19,5708.05,29481.74,314.71,1625.46,29420.04,151952.74,8,1352.93,6987.8,True,1352.93,6987.81,726.95,3754.65,726.95,3754.65,93.07,5.31,1.62,94.77,5.23,19.4
WL-y2-v4-r2,bf_sae1006_050,weighted_loss,retail_y_2__retail_v_4__rolled_leftover_2,2,4,2,period_4,4,3,25477.17,131588.05,22332.21,115344.52,341.45,1763.57,0.0,0.0,12.62,65.18,2578.59,13318.26,2578.59,13318.26,0.0,0.0,212.3,1096.52,0.0,0.0,0,8,8,1352.93,6987.8,1241.79,6413.77,111.14,574.03,23574.0,121758.3,5,2920.04,15081.83,True,2920.04,15081.83,336.06,1735.73,336.06,1735.73,87.66,11.46,0.88,91.79,8.21,5.27
WL-y2-v4-r2,bf_sae1006_050,weighted_loss,retail_y_2__retail_v_4__rolled_leftover_2,2,4,2,period_5,5,4,35635.77,184056.61,34432.97,177844.22,486.41,2512.28,0.0,0.0,18.52,95.65,400.9,2070.62,0.0,0.0,400.9,2070.62,296.96,1533.78,0.0,0.0,0,5,5,2920.04,15081.83,2577.96,13315.01,342.08,1766.82,37010.93,191159.23,2,486.41,2512.28,True,486.41,2512.28,1058.46,5466.87,1058.46,5466.87,96.62,1.36,2.01,88.29,11.71,6.97
WL-y2-v4-r2,bz_nbr7008_043,weighted_loss,retail_y_2__retail_v_4__rolled_leftover_2,2,4,2,period_1,1,20,158097.77,903950.79,141553.74,809250.81,1103.93,6370.57,15.46,87.48,62.56,357.66,12818.76,73147.2,10780.07,61566.94,2038.69,11580.26,1536.02,8749.39,1007.28,5987.56,1,0,0,0.0,0.0,0.0,0.0,0.0,0.0,141553.74,809250.81,13,12891.28,73925.08,True,12891.28,73925.07,3652.73,20774.79,3652.73,20774.79,89.54,8.15,2.31,0.0,0.0,0.0
WL-y2-v4-r2,bz_nbr7008_043,weighted_loss,retail_y_2__retail_v_4__rolled_leftover_2,2,4,2,period_2,2,19,143385.8,816940.77,125723.75,717927.38,251.78,1376.03,2.75,15.03,60.06,342.92,9907.39,55464.41,6715.31,36977.27,3192.08,18487.14,1349.0,7658.67,6091.08,34156.39,4,13,12,12891.28,73925.08,6003.76,35212.11,6887.52,38712.97,131727.51,753139.49,11,13058.17,72509.69,True,13058.17,72509.69,11491.41,65216.73,11491.41,65216.73,87.68,9.11,3.21,46.57,53.43,4.56
WL-y2-v4-r2,bz_nbr7008_043,weighted_loss,retail_y_2__retail_v_4__rolled_leftover_2,2,4,2,period_3,3,18,148206.14,850774.77,136001.08,781134.73,333.65,1915.9,13.36,73.02,59.12,339.5,7879.26,44949.86,2944.62,16093.0,4934.64,28856.86,1402.94,8026.12,2516.7,14335.48,3,11,11,13058.17,72509.69,8517.38,47621.46,4540.79,24888.23,144518.46,828756.19,9,5794.98,32344.44,True,5794.97,32344.38,10950.85,62183.73,10950.85,62183.73,91.76,3.91,4.33,65.23,34.77,5.89
WL-y2-v4-r2,bz_nbr7008_043,weighted_loss,retail_y_2__retail_v_4__rolled_leftover_2,2,4,2,period_4,4,17,126740.92,721290.44,110606.94,629163.65,335.84,1956.24,4.08,22.3,52.72,299.92,9266.63,51877.33,7422.0,41290.73,1844.63,10586.6,1212.05,6863.04,5262.67,31108.0,4,9,8,5794.98,32344.44,3502.93,19418.39,2292.05,12926.04,114109.87,648582.05,12,13020.51,74354.97,True,13020.51,74354.97,5405.53,30697.9,5405.53,30697.9,87.27,10.27,2.46,60.45,39.55,3.07
WL-y2-v4-r2,bz_nbr7008_043,weighted_loss,retail_y_2__retail_v_4__rolled_leftover_2,2,4,2,period_5,5,21,184355.63,1070988.88,172387.04,1001421.81,564.74,3307.71,1.33,7.64,73.5,428.2,8743.76,50717.46,2363.3,13305.9,6380.46,37411.56,1689.98,9784.27,895.26,5321.69,1,12,11,13020.51,74354.97,8202.05,47830.39,4818.46,26524.59,180589.09,1049252.19,7,3823.3,21935.29,True,3823.3,21935.3,12963.73,74156.26,12963.73,74156.26,93.51,2.07,4.42,62.99,37.01,4.54
WL-y2-v4-r2,bz_nbr7008_075,weighted_loss,retail_y_2__retail_v_4__rolled_leftover_2,2,4,2,period_1,1,6,40506.16,216921.02,35966.98,192612.53,342.35,1833.37,1.57,8.41,33.55,179.67,1644.0,8804.05,1618.44,8667.17,25.56,136.88,383.73,2054.97,2133.99,11428.07,1,0,0,0.0,0.0,0.0,0.0,0.0,0.0,35966.98,192612.53,8,4094.78,21928.61,True,4094.78,21928.61,444.41,2379.93,444.41,2379.93,88.79,10.11,1.1,0.0,0.0,0.0
WL-y2-v4-r2,bz_nbr7008_075,weighted_loss,retail_y_2__retail_v_4__rolled_leftover_2,2,4,2,period_2,2,5,33562.15,179734.04,28666.16,153514.74,114.82,614.89,0.0,0.0,27.87,149.25,1167.17,6250.5,1137.62,6092.25,29.55,158.25,302.79,1621.52,3283.33,17583.09,2,8,8,4094.78,21928.61,2433.46,13031.81,1661.32,8896.8,31099.62,166546.55,6,4535.77,24290.23,True,4535.77,24290.23,2021.53,10825.82,2021.53,10825.82,85.41,13.51,1.07,59.43,40.57,7.82
WL-y2-v4-r2,bz_nbr7008_075,weighted_loss,retail_y_2__retail_v_4__rolled_leftover_2,2,4,2,period_3,3,5,34948.62,187158.95,32618.15,174678.67,675.98,3620.05,0.0,0.0,28.1,150.48,1276.89,6838.08,1247.34,6679.83,29.55,158.25,349.49,1871.61,0.0,0.0,0,6,6,4535.77,24290.23,3722.18,19933.24,813.59,4356.99,36340.33,194611.92,8,1923.32,10299.88,True,1923.32,10299.88,1220.73,6537.33,1220.73,6537.33,93.33,5.5,1.16,82.06,17.94,10.24
WL-y2-v4-r2,bz_nbr7008_075,weighted_loss,retail_y_2__retail_v_4__rolled_leftover_2,2,4,2,period_4,4,5,34590.71,185242.25,28012.51,150014.27,1278.11,6844.61,0.0,0.0,27.61,147.86,1947.04,10426.91,1928.75,10328.96,18.29,97.95,315.81,1691.24,3009.61,16117.24,1,8,8,1923.32,10299.88,1233.91,6607.91,689.41,3691.97,29246.42,156622.18,7,6216.47,33290.81,True,6216.47,33290.81,1051.12,5629.02,1051.12,5629.02,80.98,17.97,1.05,64.16,35.84,4.22
WL-y2-v4-r2,bz_nbr7008_075,weighted_loss,retail_y_2__retail_v_4__rolled_leftover_2,2,4,2,period_5,5,6,41122.19,220220.02,36538.22,195671.67,242.92,1300.9,0.92,4.93,33.71,180.53,1567.62,8395.01,1536.09,8226.16,31.53,168.85,387.72,2076.34,2351.06,12590.54,1,7,7,6216.47,33290.81,5107.66,27352.85,1108.81,5937.97,41645.88,223024.52,6,4130.07,22117.6,True,4130.07,22117.6,1562.69,8368.62,1562.69,8368.62,88.85,10.04,1.1,82.16,17.84,12.26
WL-y2-v4-r2,bz_nbr7008_095,weighted_loss,retail_y_2__retail_v_4__rolled_leftover_2,2,4,2,period_1,1,6,59128.57,320030.43,54118.11,292911.56,374.85,2028.86,0.0,0.0,41.1,222.45,4003.22,21667.23,4003.22,21667.23,0.0,0.0,591.29,3200.33,0.0,0.0,0,0,0,0.0,0.0,0.0,0.0,0.0,0.0,54118.11,292911.56,8,4378.07,23696.08,True,4378.07,23696.09,632.39,3422.78,632.39,3422.78,91.53,7.4,1.07,0.0,0.0,0.0
WL-y2-v4-r2,bz_nbr7008_095,weighted_loss,retail_y_2__retail_v_4__rolled_leftover_2,2,4,2,period_2,2,6,56058.86,303415.78,48361.0,261751.49,721.28,3903.89,0.0,0.0,41.1,222.45,3849.44,20834.9,3849.44,20834.9,0.0,0.0,535.08,2896.09,2550.96,13806.94,1,8,8,4378.07,23696.08,3383.94,18315.41,994.13,5380.68,51744.94,280066.9,7,7121.68,38545.74,True,7121.68,38545.73,1570.31,8499.22,1570.31,8499.22,86.27,12.7,1.03,77.29,22.71,6.54
WL-y2-v4-r2,bz_nbr7008_095,weighted_loss,retail_y_2__retail_v_4__rolled_leftover_2,2,4,2,period_3,3,7,66207.84,358346.62,59690.38,323071.2,282.22,1527.5,0.0,0.0,48.53,262.67,3829.31,20725.95,3490.49,18892.1,338.82,1833.85,644.95,3490.76,1712.44,9268.5,1,7,7,7121.68,38545.74,6088.25,32952.35,1033.43,5593.39,65778.63,356023.55,6,5485.15,29688.1,True,5485.15,29688.1,2065.73,11180.67,2065.73,11180.67,90.16,8.28,1.56,85.49,14.51,9.26
WL-y2-v4-r2,bz_nbr7008_095,weighted_loss,retail_y_2__retail_v_4__rolled_leftover_2,2,4,2,period_4,4,5,45979.57,248862.12,42470.83,229871.24,444.71,2406.97,0.0,0.0,34.82,188.46,2569.39,13906.69,2230.57,12072.85,338.82,1833.85,459.8,2488.64,0.0,0.0,0,6,6,5485.15,29688.1,4741.16,25661.29,743.99,4026.81,47211.99,255532.54,6,2675.28,14479.82,True,2675.28,14479.82,1577.43,8537.76,1577.43,8537.76,92.37,5.82,1.81,86.44,13.56,10.04
WL-y2-v4-r2,bz_nbr7008_095,weighted_loss,retail_y_2__retail_v_4__rolled_leftover_2,2,4,2,period_5,5,6,61323.89,331912.49,58156.09,314766.93,414.44,2243.14,0.0,0.0,42.74,231.33,2097.37,11351.91,1788.23,9678.71,309.14,1673.2,613.24,3319.13,0.0,0.0,0,6,6,2675.28,14479.82,2344.16,12687.65,331.12,1792.17,60500.25,327454.58,4,2202.67,11921.84,True,2202.67,11921.85,1296.24,7015.83,1296.24,7015.83,94.83,3.59,1.57,87.62,12.38,3.87
WL-y2-v4-r4,bf_qcv_045,weighted_loss,retail_y_2__retail_v_4__rolled_leftover_4,2,4,4,period_1,1,40,311301.22,1612391.73,304651.69,1577697.02,12.63,66.79,2.54,12.67,137.37,707.72,3309.3,17325.71,0.0,0.0,3309.3,17325.71,3187.73,16582.06,0.0,0.0,0,0,0,0.0,0.0,0.0,0.0,0.0,0.0,304651.69,1577697.02,1,12.63,66.79,True,12.63,66.79,6636.94,34628.16,6636.94,34628.16,97.86,0.0,2.13,0.0,0.0,0.0
WL-y2-v4-r4,bf_qcv_045,weighted_loss,retail_y_2__retail_v_4__rolled_leftover_4,2,4,4,period_2,2,35,279705.01,1444412.4,273759.58,1413460.55,25.91,129.22,1.61,8.48,121.74,624.88,2962.16,15486.4,0.0,0.0,2962.16,15486.4,2833.99,14702.79,0.0,0.0,0,1,1,12.63,66.79,10.88,57.54,1.75,9.25,273770.46,1413518.08,2,25.91,129.22,True,25.91,129.22,5921.25,30831.8,5921.25,30831.8,97.87,0.01,2.12,86.14,13.86,0.0
WL-y2-v4-r4,bf_qcv_045,weighted_loss,retail_y_2__retail_v_4__rolled_leftover_4,2,4,4,period_3,3,44,348091.99,1803941.83,340409.52,1763920.31,30.79,148.4,6.53,33.6,150.65,776.17,3915.4,20435.59,0.0,0.0,3915.4,20435.59,3579.23,18628.48,0.0,0.0,0,2,2,25.91,129.22,22.73,113.15,3.18,16.07,340432.25,1764033.46,1,30.79,148.4,True,30.79,148.4,7654.99,39889.91,7654.99,39889.91,97.79,0.01,2.2,87.73,12.27,0.01
WL-y2-v4-r4,bf_qcv_045,weighted_loss,retail_y_2__retail_v_4__rolled_leftover_4,2,4,4,period_4,4,29,236448.74,1227241.13,230635.72,1196909.45,197.31,1031.32,1.65,8.0,99.85,514.93,3096.21,16178.84,0.0,0.0,3096.21,16178.84,2418.05,12598.86,0.0,0.0,0,1,1,30.79,148.4,28.25,136.16,2.54,12.24,230663.97,1197045.61,2,197.31,1031.32,True,197.31,1031.32,5618.3,29312.87,5618.3,29312.87,97.54,0.08,2.38,91.75,8.25,0.01
WL-y2-v4-r4,bf_qcv_045,weighted_loss,retail_y_2__retail_v_4__rolled_leftover_4,2,4,4,period_5,5,49,375504.59,1940122.95,368170.5,1901988.77,47.32,233.63,2.01,10.42,170.11,873.18,3284.72,17135.65,0.0,0.0,3284.72,17135.65,3829.98,19881.57,0.0,0.0,0,2,2,197.31,1031.32,194.12,1015.2,3.19,16.12,368364.62,1903003.98,3,47.32,233.63,True,47.32,233.63,7290.01,37916.94,7290.01,37916.94,98.05,0.01,1.94,98.38,1.62,0.05
WL-y2-v4-r4,bf_sae1006_045,weighted_loss,retail_y_2__retail_v_4__rolled_leftover_4,2,4,4,period_1,1,48,394981.13,2017084.82,382001.46,1950764.3,769.9,3814.08,11.08,55.42,161.64,824.02,8153.49,41766.42,0.0,0.0,8153.49,41766.42,3883.46,19860.07,0.0,0.0,0,0,0,0.0,0.0,0.0,0.0,0.0,0.0,382001.46,1950764.3,5,769.9,3814.08,True,769.9,3814.08,12209.67,62505.93,12209.67,62505.93,96.71,0.19,3.09,0.0,0.0,0.0
WL-y2-v4-r4,bf_sae1006_045,weighted_loss,retail_y_2__retail_v_4__rolled_leftover_4,2,4,4,period_2,2,48,396338.17,2029169.7,383658.0,1964325.73,893.33,4426.1,14.0,70.87,160.33,819.53,7578.75,38843.09,0.0,0.0,7578.75,38843.09,4033.67,20683.91,0.0,0.0,0,5,5,769.9,3814.08,658.71,3263.66,111.19,550.41,384316.71,1967589.39,7,893.34,4426.15,True,893.33,4426.1,11897.94,60967.81,11897.94,60967.81,96.8,0.23,2.97,85.56,14.44,0.17
WL-y2-v4-r4,bf_sae1006_045,weighted_loss,retail_y_2__retail_v_4__rolled_leftover_4,2,4,4,period_3,3,56,444388.55,2266085.64,426900.81,2177515.0,2508.29,12498.31,2.1,10.52,190.86,971.98,10451.63,52953.08,2650.55,13113.46,7801.08,39839.61,4334.83,22136.6,0.0,0.0,0,7,7,893.34,4426.15,827.27,4098.96,66.07,327.19,427728.08,2181613.96,6,5158.84,25611.77,True,5158.84,25611.77,12394.94,63285.9,12394.94,63285.9,96.06,1.16,2.77,92.6,7.4,0.19
WL-y2-v4-r4,bf_sae1006_045,weighted_loss,retail_y_2__retail_v_4__rolled_leftover_4,2,4,4,period_4,4,36,296234.61,1506586.36,285531.59,1452402.89,2419.11,12076.68,5.13,26.37,127.23,646.33,5352.3,27181.56,0.0,0.0,5352.3,27181.56,2799.24,14252.47,0.0,0.0,0,6,6,5158.84,25611.77,4788.8,23768.23,370.04,1843.55,290320.39,1476171.11,7,2419.11,12076.68,True,2419.11,12076.68,8653.94,43950.28,8653.94,43950.28,96.39,0.82,2.8,92.83,7.17,1.65
WL-y2-v4-r4,bf_sae1006_045,weighted_loss,retail_y_2__retail_v_4__rolled_leftover_4,2,4,4,period_5,5,61,486176.91,2489270.28,470318.62,2408285.42,2329.0,11535.93,13.84,69.92,205.14,1048.36,8419.87,43254.79,0.0,0.0,8419.87,43254.79,4890.32,25075.23,0.0,0.0,0,7,7,2419.11,12076.68,2131.07,10639.69,288.04,1436.99,472449.69,2418925.11,7,2329.0,11535.93,True,2329.0,11535.93,13817.21,70885.29,13817.21,70885.29,96.74,0.48,2.78,88.09,11.91,0.45
WL-y2-v4-r4,bf_sae1006_050,weighted_loss,retail_y_2__retail_v_4__rolled_leftover_4,2,4,4,period_1,1,4,34397.98,177663.5,26999.99,139453.33,138.21,713.85,0.0,0.0,14.73,76.08,6958.4,35939.72,6958.4,35939.72,0.0,0.0,286.64,1480.48,0.0,0.0,0,0,0,0.0,0.0,0.0,0.0,0.0,0.0,26999.99,139453.33,6,7096.61,36653.56,True,7096.61,36653.57,301.37,1556.56,301.37,1556.56,78.49,20.63,0.88,0.0,0.0,0.0
WL-y2-v4-r4,bf_sae1006_050,weighted_loss,retail_y_2__retail_v_4__rolled_leftover_4,2,4,4,period_2,2,3,25477.17,131588.05,19232.79,99336.21,304.27,1571.54,0.0,0.0,10.96,56.61,5716.85,29527.19,5716.85,29527.19,0.0,0.0,212.3,1096.52,0.0,0.0,0,6,6,7096.61,36653.56,6644.28,34317.31,452.33,2336.26,25877.07,133653.51,5,6021.12,31098.72,True,6021.12,31098.73,675.59,3489.39,675.59,3489.39,75.49,23.63,0.88,93.63,6.37,25.68
WL-y2-v4-r4,bf_sae1006_050,weighted_loss,retail_y_2__retail_v_4__rolled_leftover_4,2,4,4,period_3,3,3,25494.64,131678.29,23690.57,122360.37,349.89,1807.16,0.0,0.0,13.89,71.74,276.02,1425.63,0.0,0.0,276.02,1425.63,204.46,1056.02,959.81,4957.36,1,5,5,6021.12,31098.72,5729.46,29592.32,291.66,1506.41,29420.03,151952.69,2,1309.7,6764.52,True,1309.7,6764.52,786.03,4059.8,786.03,4059.8,92.92,5.14,1.94,95.16,4.84,19.47
WL-y2-v4-r4,bf_sae1006_050,weighted_loss,retail_y_2__retail_v_4__rolled_leftover_4,2,4,4,period_4,4,3,25477.17,131588.05,22288.13,115116.85,378.27,1953.74,0.0,0.0,12.62,65.18,2585.84,13355.71,2585.84,13355.71,0.0,0.0,212.3,1096.52,0.0,0.0,0,2,2,1309.7,6764.52,1285.85,6641.34,23.85,123.18,23573.98,121758.19,5,2964.11,15309.45,True,2964.11,15309.45,248.77,1284.88,248.77,1284.88,87.48,11.63,0.88,98.18,1.82,5.45
WL-y2-v4-r4,bf_sae1006_050,weighted_loss,retail_y_2__retail_v_4__rolled_leftover_4,2,4,4,period_5,5,4,35635.77,184056.61,34396.16,177654.1,523.23,2702.45,0.0,0.0,18.52,95.65,400.9,2070.62,0.0,0.0,400.9,2070.62,296.96,1533.78,0.0,0.0,0,5,5,2964.11,15309.45,2614.79,13505.23,349.32,1804.22,37010.95,191159.34,2,523.23,2702.45,True,523.23,2702.45,1065.7,5504.27,1065.7,5504.27,96.52,1.47,2.01,88.22,11.78,7.06
WL-y2-v4-r4,bz_nbr7008_043,weighted_loss,retail_y_2__retail_v_4__rolled_leftover_4,2,4,4,period_1,1,20,157499.86,891781.25,141553.77,803239.46,2248.33,12538.03,0.0,0.0,60.85,344.68,12050.47,66708.27,8597.4,46986.68,3453.07,19721.59,1586.45,8950.88,0.0,0.0,0,0,0,0.0,0.0,0.0,0.0,0.0,0.0,141553.77,803239.46,18,10845.72,59524.65,True,10845.73,59524.71,5100.37,29017.15,5100.37,29017.15,89.88,6.89,3.24,0.0,0.0,0.0
WL-y2-v4-r4,bz_nbr7008_043,weighted_loss,retail_y_2__retail_v_4__rolled_leftover_4,2,4,4,period_2,2,18,140483.48,809457.18,127678.01,735541.59,1302.44,7694.54,8.17,44.8,59.05,340.44,10104.73,58197.69,6969.0,39947.32,3135.73,18250.37,1331.05,7637.95,0.0,0.0,0,18,16,10845.72,59524.65,4049.52,22380.36,6796.2,37144.29,131727.53,757921.95,11,8271.44,47641.86,True,8271.44,47641.86,11330.2,63417.85,11330.2,63417.85,90.88,5.89,3.23,37.34,62.66,3.07
WL-y2-v4-r4,bz_nbr7008_043,weighted_loss,retail_y_2__retail_v_4__rolled_leftover_4,2,4,4,period_3,3,19,155014.29,893250.59,140832.72,811523.62,762.31,4368.48,0.0,0.0,62.61,361.64,11889.06,68575.54,8610.39,49612.36,3278.67,18963.18,1467.6,8421.38,0.0,0.0,0,11,9,8271.44,47641.86,3685.77,21863.93,4585.67,25777.93,144518.49,833387.54,15,9372.7,53980.84,True,9372.7,53980.84,9394.55,53524.13,9394.55,53524.13,90.85,6.05,3.1,44.56,55.44,2.55
WL-y2-v4-r4,bz_nbr7008_043,weighted_loss,retail_y_2__retail_v_4__rolled_leftover_4,2,4,4,period_4,4,15,126819.83,736287.5,111502.84,647548.38,2764.18,16110.16,2.32,12.68,50.06,290.39,11331.67,65564.72,8712.07,50205.2,2619.6,15359.51,1168.78,6761.29,0.0,0.0,0,15,11,9372.7,53980.84,2607.04,15338.71,6765.66,38642.13,114109.88,662887.09,11,11476.25,66315.37,True,11476.25,66315.36,10606.42,61066.0,10606.42,61066.0,87.92,9.05,3.03,27.82,72.18,2.28
WL-y2-v4-r4,bz_nbr7008_043,weighted_loss,retail_y_2__retail_v_4__rolled_leftover_4,2,4,4,period_5,5,23,186079.88,1081449.48,172330.59,1001116.71,1335.37,7752.37,8.02,45.38,80.34,467.94,10618.88,62184.66,4012.19,23376.65,6606.69,38808.01,1706.66,9882.31,0.0,0.0,0,11,11,11476.25,66315.37,8258.53,47691.82,3217.72,18623.54,180589.12,1048808.53,8,5347.56,31129.03,True,5347.56,31129.02,11619.43,67827.18,11619.43,67827.18,92.61,2.87,4.52,71.96,28.04,4.57
WL-y2-v4-r4,bz_nbr7008_075,weighted_loss,retail_y_2__retail_v_4__rolled_leftover_4,2,4,4,period_1,1,6,40203.19,215298.54,35966.97,192612.48,1722.66,9225.29,0.0,0.0,33.33,178.49,2078.2,11129.3,2045.08,10951.94,33.12,177.37,402.04,2153.03,0.0,0.0,0,0,0,0.0,0.0,0.0,0.0,0.0,0.0,35966.97,192612.48,8,3767.73,20177.17,True,3767.74,20177.23,468.49,2508.89,468.49,2508.89,89.46,9.37,1.17,0.0,0.0,0.0
WL-y2-v4-r4,bz_nbr7008_075,weighted_loss,retail_y_2__retail_v_4__rolled_leftover_4,2,4,4,period_2,2,5,34205.6,183179.88,29072.79,155692.35,2835.72,15186.02,0.0,0.0,27.61,147.86,1927.42,10321.84,1906.2,10208.2,21.22,113.64,342.06,1831.82,0.0,0.0,0,8,8,3767.73,20177.17,2026.82,10854.15,1740.91,9323.03,31099.61,166546.5,7,4741.92,25394.21,True,4741.92,25394.22,2131.8,11416.35,2131.8,11416.35,84.99,13.86,1.14,53.79,46.21,6.52
WL-y2-v4-r4,bz_nbr7008_075,weighted_loss,retail_y_2__retail_v_4__rolled_leftover_4,2,4,4,period_3,3,6,40058.91,214525.88,33096.3,177239.29,163.11,873.5,0.0,0.0,29.73,159.21,6369.19,34108.67,6344.83,33978.21,24.36,130.45,400.6,2145.32,0.0,0.0,0,7,7,4741.92,25394.21,3244.06,17372.78,1497.86,8021.43,36340.36,194612.08,7,6507.94,34851.71,True,6507.94,34851.71,1952.55,10456.41,1952.55,10456.41,82.62,16.25,1.14,68.41,31.59,8.93
WL-y2-v4-r4,bz_nbr7008_075,weighted_loss,retail_y_2__retail_v_4__rolled_leftover_4,2,4,4,period_4,4,5,32807.3,175691.62,24591.84,131695.7,3468.91,18576.91,0.0,0.0,25.49,136.51,4392.99,23525.6,4373.77,23422.68,19.22,102.93,328.08,1756.95,0.0,0.0,0,7,6,6507.94,34851.71,4654.6,24926.59,1853.34,9925.12,29246.44,156622.29,8,7842.68,41999.59,True,7842.68,41999.59,2226.13,11921.51,2226.13,11921.51,74.96,23.91,1.14,71.52,28.48,15.92
WL-y2-v4-r4,bz_nbr7008_075,weighted_loss,retail_y_2__retail_v_4__rolled_leftover_4,2,4,4,period_5,5,6,40655.07,217718.47,35211.56,188567.06,1689.6,9048.25,0.0,0.0,32.38,173.4,3314.99,17752.63,3284.02,17586.78,30.97,165.85,406.56,2177.23,0.0,0.0,0,8,8,7842.68,41999.59,6434.33,34457.51,1408.35,7542.08,41645.89,223024.57,8,4973.62,26635.03,True,4973.62,26635.03,1878.26,10058.56,1878.26,10058.56,86.61,12.23,1.16,82.04,17.96,15.45
WL-y2-v4-r4,bz_nbr7008_095,weighted_loss,retail_y_2__retail_v_4__rolled_leftover_4,2,4,4,period_1,1,6,58222.11,315124.26,54118.11,292911.56,174.22,942.96,0.0,0.0,42.07,227.7,3305.47,17890.69,3161.46,17111.24,144.01,779.45,582.22,3151.24,0.0,0.0,0,0,0,0.0,0.0,0.0,0.0,0.0,0.0,54118.11,292911.56,6,3335.68,18054.2,True,3335.68,18054.2,768.3,4158.39,768.3,4158.39,92.95,5.73,1.32,0.0,0.0,0.0
WL-y2-v4-r4,bz_nbr7008_095,weighted_loss,retail_y_2__retail_v_4__rolled_leftover_4,2,4,4,period_2,2,6,57294.91,310105.84,49248.67,266555.96,1155.63,6254.79,0.0,0.0,39.61,214.39,6278.05,33979.63,6278.05,33979.63,0.0,0.0,572.95,3101.06,0.0,0.0,0,6,6,3335.68,18054.2,2496.26,13510.88,839.42,4543.32,51744.93,280066.85,8,7433.67,40234.37,True,7433.68,40234.42,1451.98,7858.77,1451.98,7858.77,85.96,12.97,1.07,74.84,25.16,4.82
WL-y2-v4-r4,bz_nbr7008_095,weighted_loss,retail_y_2__retail_v_4__rolled_leftover_4,2,4,4,period_3,3,7,68199.89,369128.49,59521.81,322158.82,2111.51,11428.44,0.0,0.0,47.04,254.6,5837.54,31595.39,5837.54,31595.39,0.0,0.0,682.0,3691.29,0.0,0.0,0,8,8,7433.67,40234.37,6256.81,33864.67,1176.86,6369.7,65778.62,356023.49,10,7949.05,43023.84,True,7949.05,43023.83,1905.9,10315.59,1905.9,10315.59,87.28,11.66,1.07,84.17,15.83,9.51
WL-y2-v4-r4,bz_nbr7008_095,weighted_loss,retail_y_2__retail_v_4__rolled_leftover_4,2,4,4,period_4,4,5,45979.57,248862.12,40343.3,218356.09,564.85,3057.22,0.0,0.0,33.33,180.4,4578.29,24779.77,4578.29,24779.77,0.0,0.0,459.8,2488.64,0.0,0.0,0,10,10,7949.05,43023.84,6868.69,37176.44,1080.36,5847.39,47211.99,255532.54,9,5143.15,27837.04,True,5143.14,27836.99,1573.49,8516.43,1573.49,8516.43,87.74,11.19,1.07,86.41,13.59,14.55
WL-y2-v4-r4,bz_nbr7008_095,weighted_loss,retail_y_2__retail_v_4__rolled_leftover_4,2,4,4,period_5,5,6,57673.92,312157.21,56050.97,303373.07,138.29,748.49,0.0,0.0,43.71,236.58,864.2,4677.44,0.0,0.0,864.2,4677.44,576.74,3121.58,0.0,0.0,0,9,9,5143.15,27837.04,4449.28,24081.51,693.87,3755.54,60500.25,327454.58,4,138.3,748.54,True,138.29,748.49,2178.52,11791.14,2178.52,11791.14,97.19,0.24,2.57,86.51,13.49,7.35
WL-y4-v2-r2,bf_qcv_045,weighted_loss,retail_y_4__retail_v_2__rolled_leftover_2,4,2,2,period_1,1,40,311330.97,1612517.93,304651.67,1577684.65,39.84,192.02,6.14,31.94,137.45,708.14,3307.93,17318.31,0.0,0.0,3307.93,17318.31,3187.93,16582.85,0.0,0.0,0,0,0,0.0,0.0,0.0,0.0,0.0,0.0,304651.67,1577684.65,1,39.84,192.02,True,39.84,192.02,6639.45,34641.24,6639.45,34641.24,97.85,0.01,2.13,0.0,0.0,0.0
WL-y4-v2-r2,bf_qcv_045,weighted_loss,retail_y_4__retail_v_2__rolled_leftover_2,4,2,2,period_2,2,35,279661.91,1444212.26,273735.05,1413350.62,0.0,0.0,9.23,48.59,121.75,624.93,2962.27,15487.12,0.0,0.0,2962.27,15487.12,2833.67,14701.33,0.0,0.0,0,1,1,39.84,192.02,35.46,170.91,4.38,21.11,273770.51,1413521.53,0,0.0,0.0,True,0.0,0.0,5931.3,30883.08,5931.3,30883.08,97.88,0.0,2.12,89.01,10.99,0.01
WL-y4-v2-r2,bf_qcv_045,weighted_loss,retail_y_4__retail_v_2__rolled_leftover_2,4,2,2,period_3,3,45,347821.42,1802551.92,340432.24,1763998.94,38.13,187.92,2.37,12.54,153.82,792.92,3615.36,18929.26,0.0,0.0,3615.36,18929.26,3579.53,18630.51,0.0,0.0,0,0,0,0.0,0.0,0.0,0.0,0.0,0.0,340432.24,1763998.94,3,38.13,187.92,True,38.13,187.92,7351.08,38365.23,7351.08,38365.23,97.88,0.01,2.11,0.0,0.0,0.0
WL-y4-v2-r2,bf_qcv_045,weighted_loss,retail_y_4__retail_v_2__rolled_leftover_2,4,2,2,period_4,4,30,236106.15,1225351.45,230631.54,1196781.14,143.54,700.97,2.64,13.66,103.04,531.79,2808.53,14731.91,0.0,0.0,2808.53,14731.91,2416.85,12591.94,0.0,0.0,0,3,3,38.13,187.92,32.41,159.61,5.72,28.31,230663.95,1196940.75,2,143.54,700.97,True,143.54,700.97,5336.78,27897.61,5336.78,27897.61,97.68,0.06,2.26,85.0,15.0,0.01
WL-y4-v2-r2,bf_qcv_045,weighted_loss,retail_y_4__retail_v_2__rolled_leftover_2,4,2,2,period_5,5,49,375589.75,1940685.85,368225.2,1902380.48,70.09,363.04,2.48,12.52,170.13,873.29,3290.48,17166.65,0.0,0.0,3290.48,17166.65,3831.46,19890.35,0.0,0.0,0,2,2,143.54,700.97,139.46,680.56,4.08,20.41,368364.66,1903061.04,3,70.09,363.04,True,70.09,363.04,7298.63,37963.22,7298.63,37963.22,98.04,0.02,1.94,97.16,2.84,0.04
WL-y4-v2-r2,bf_sae1006_045,weighted_loss,retail_y_4__retail_v_2__rolled_leftover_2,4,2,2,period_1,1,50,397983.48,2031693.4,382001.46,1950495.2,1806.73,9195.82,6.27,31.49,169.75,864.91,7848.91,40037.08,0.0,0.0,7848.91,40037.08,3869.11,19782.5,2281.21,11286.17,1,0,0,0.0,0.0,0.0,0.0,0.0,0.0,382001.46,1950495.2,6,4087.94,20482.0,True,4087.94,20481.99,11894.04,60715.98,11894.04,60715.98,95.98,1.03,2.99,0.0,0.0,0.0
WL-y4-v2-r2,bf_sae1006_045,weighted_loss,retail_y_4__retail_v_2__rolled_leftover_2,4,2,2,period_2,2,49,395248.93,2015585.66,380274.18,1939679.89,1697.38,8429.7,10.23,50.61,166.44,847.26,8150.97,41465.2,0.0,0.0,8150.97,41465.2,3892.69,19883.33,1057.0,5229.45,1,6,6,4087.94,20482.0,4042.51,20255.69,45.43,226.3,384316.69,1959935.58,5,2754.38,13659.15,True,2754.38,13659.15,12265.76,62472.7,12265.76,62472.7,96.21,0.7,3.09,98.89,1.11,1.05
WL-y4-v2-r2,bf_sae1006_045,weighted_loss,retail_y_4__retail_v_2__rolled_leftover_2,4,2,2,period_3,3,54,441490.24,2248763.24,425106.8,2165667.58,3176.38,15799.63,5.31,27.1,187.1,951.44,8684.22,44224.76,0.0,0.0,8684.22,44224.76,4330.38,22092.47,0.0,0.0,0,5,5,2754.38,13659.15,2621.26,13000.24,133.12,658.91,427728.06,2178667.81,8,3176.38,15799.63,True,3176.38,15799.63,13340.13,67954.68,13340.13,67954.68,96.29,0.72,2.99,95.17,4.83,0.61
WL-y4-v2-r2,bf_sae1006_045,weighted_loss,retail_y_4__retail_v_2__rolled_leftover_2,4,2,2,period_4,4,36,296637.09,1508122.71,287159.24,1460038.29,1150.11,5767.55,1.6,7.95,126.6,642.53,5401.72,27426.24,0.0,0.0,5401.72,27426.24,2797.84,14240.23,0.0,0.0,0,8,8,3176.38,15799.63,3161.2,15723.78,15.18,75.86,290320.44,1475762.07,6,1150.11,5767.55,True,1150.11,5767.55,8342.94,42392.81,8342.94,42392.81,96.8,0.39,2.81,99.52,0.48,1.09
WL-y4-v2-r2,bf_sae1006_045,weighted_loss,retail_y_4__retail_v_2__rolled_leftover_2,4,2,2,period_5,5,61,488915.16,2489609.78,471312.5,2400454.76,3015.09,14925.83,2.74,13.56,211.04,1072.47,9645.09,49029.91,0.0,0.0,9645.09,49029.91,4728.65,24112.98,0.0,0.0,0,6,6,1150.11,5767.55,1137.18,5702.31,12.93,65.24,472449.68,2406157.07,7,3015.09,14925.83,True,3015.09,14925.83,14600.45,74294.16,14600.45,74294.16,96.4,0.62,2.98,98.88,1.12,0.24
WL-y4-v2-r2,bf_sae1006_050,weighted_loss,retail_y_4__retail_v_2__rolled_leftover_2,4,2,2,period_1,1,4,34397.98,177663.5,27000.01,139453.43,0.0,0.0,0.0,0.0,18.49,95.5,333.05,1720.18,0.0,0.0,333.05,1720.18,229.84,1187.11,6816.6,35207.33,2,0,0,0.0,0.0,0.0,0.0,0.0,0.0,27000.01,139453.43,2,6816.6,35207.33,True,6816.6,35207.33,581.38,3002.79,581.38,3002.79,78.49,19.82,1.69,0.0,0.0,0.0
WL-y4-v2-r2,bf_sae1006_050,weighted_loss,retail_y_4__retail_v_2__rolled_leftover_2,4,2,2,period_2,2,3,25477.17,131588.05,19203.23,99183.53,0.0,0.0,0.0,0.0,13.86,71.59,240.13,1240.26,0.0,0.0,240.13,1240.26,163.51,844.52,5856.45,30248.21,2,2,2,6816.6,35207.33,6673.85,34470.03,142.75,737.3,25877.08,133653.57,2,5856.45,30248.21,True,5856.45,30248.21,560.25,2893.67,560.25,2893.67,75.37,22.99,1.64,97.91,2.09,25.79
WL-y4-v2-r2,bf_sae1006_050,weighted_loss,retail_y_4__retail_v_2__rolled_leftover_2,4,2,2,period_3,3,3,25477.17,131588.05,23693.83,122377.21,1270.52,6562.16,0.0,0.0,13.89,71.74,286.62,1480.38,0.0,0.0,286.62,1480.38,212.3,1096.52,0.0,0.0,0,2,2,5856.45,30248.21,5726.2,29575.48,130.25,672.73,29420.03,151952.69,2,1270.52,6562.16,True,1270.52,6562.16,643.06,3321.37,643.06,3321.37,93.0,4.99,2.01,97.78,2.22,19.46
WL-y4-v2-r2,bf_sae1006_050,weighted_loss,retail_y_4__retail_v_2__rolled_leftover_2,4,2,2,period_4,4,3,25477.17,131588.05,22305.58,115206.98,353.18,1824.15,0.0,0.0,13.86,71.59,297.26,1535.33,0.0,0.0,297.26,1535.33,193.02,996.94,2314.27,11953.07,1,2,2,1270.52,6562.16,1268.41,6551.26,2.11,10.9,23573.99,121758.24,2,2667.45,13777.22,True,2667.45,13777.22,506.25,2614.76,506.25,2614.76,87.55,10.47,1.98,99.83,0.17,5.38
WL-y4-v2-r2,bf_sae1006_050,weighted_loss,retail_y_4__retail_v_2__rolled_leftover_2,4,2,2,period_5,5,4,36438.14,188200.81,34395.14,177648.83,1258.82,6501.73,0.0,0.0,18.49,95.5,462.03,2386.36,0.0,0.0,462.03,2386.36,303.64,1568.28,0.0,0.0,0,2,2,2667.45,13777.22,2615.81,13510.5,51.64,266.72,37010.95,191159.34,5,1258.84,6501.83,True,1258.82,6501.73,835.8,4316.86,835.8,4316.86,94.39,3.45,2.15,98.06,1.94,7.07
WL-y4-v2-r2,bz_nbr7008_043,weighted_loss,retail_y_4__retail_v_2__rolled_leftover_2,4,2,2,period_1,1,18,150095.57,858856.23,141553.77,809894.56,1910.0,10971.17,9.32,50.94,59.37,339.22,5094.36,29218.64,0.0,0.0,5094.36,29218.64,1468.72,8381.54,0.0,0.0,0,0,0,0.0,0.0,0.0,0.0,0.0,0.0,141553.77,809894.56,10,1910.0,10971.17,True,1910.0,10971.17,6631.77,37990.34,6631.77,37990.34,94.31,1.27,4.42,0.0,0.0,0.0
WL-y4-v2-r2,bz_nbr7008_043,weighted_loss,retail_y_4__retail_v_2__rolled_leftover_2,4,2,2,period_2,2,18,140101.83,806579.15,129833.28,747147.91,1731.58,9847.6,4.39,23.99,61.22,352.89,5654.91,32744.98,0.0,0.0,5654.91,32744.98,1320.03,7566.62,1496.4,8895.04,1,10,10,1910.0,10971.17,1894.25,10881.5,15.75,89.67,131727.53,758029.42,9,3227.98,18742.64,True,3227.98,18742.64,7056.3,40778.15,7056.3,40778.15,92.67,2.3,5.03,99.18,0.82,1.44
WL-y4-v2-r2,bz_nbr7008_043,weighted_loss,retail_y_4__retail_v_2__rolled_leftover_2,4,2,2,period_3,3,19,152157.01,864476.74,141441.04,804184.13,1668.99,9495.76,41.49,226.75,60.83,345.45,6771.17,38045.9,1821.24,9953.48,4949.93,28092.43,1511.55,8561.11,661.91,3617.48,1,9,9,3227.98,18742.64,3077.41,17865.1,150.57,877.53,144518.45,822049.23,10,4152.15,23066.77,True,4152.14,23066.72,6714.37,38103.27,6714.37,38103.27,92.96,2.73,4.31,95.34,4.66,2.13
WL-y4-v2-r2,bz_nbr7008_043,weighted_loss,retail_y_4__retail_v_2__rolled_leftover_2,4,2,2,period_4,4,15,123840.5,713783.06,110945.88,639220.2,3546.83,20489.18,2.68,14.65,50.41,290.31,5147.8,29351.17,1427.58,7802.04,3720.22,21549.13,1154.44,6629.51,2992.43,17787.87,2,10,10,4152.15,23066.77,3163.98,17639.48,988.17,5427.29,114109.86,656859.68,9,7966.84,46079.09,True,7966.84,46079.09,5915.92,33910.89,5915.92,33910.89,89.59,6.43,3.98,76.2,23.8,2.77
WL-y4-v2-r2,bz_nbr7008_043,weighted_loss,retail_y_4__retail_v_2__rolled_leftover_2,4,2,2,period_5,5,22,192515.7,1104103.04,173306.56,994991.65,5277.45,30029.51,13.59,74.27,73.44,421.53,6773.9,39027.34,0.0,0.0,6773.9,39027.34,1808.56,10349.76,5262.15,29208.7,3,9,9,7966.84,46079.09,7282.57,42303.4,684.27,3775.69,180589.13,1037295.05,13,10539.59,59238.16,True,10539.6,59238.21,9353.76,53648.59,9353.76,53648.59,90.02,5.47,4.5,91.41,8.59,4.03
WL-y4-v2-r2,bz_nbr7008_075,weighted_loss,retail_y_4__retail_v_2__rolled_leftover_2,4,2,2,period_1,1,6,40203.19,215298.54,35966.97,192612.48,3082.92,16509.84,0.0,0.0,34.45,184.49,716.83,3838.81,466.75,2499.57,250.08,1339.24,402.04,2153.03,0.0,0.0,0,0,0,0.0,0.0,0.0,0.0,0.0,0.0,35966.97,192612.48,11,3549.67,19009.41,True,3549.67,19009.41,686.57,3676.76,686.57,3676.76,89.46,8.83,1.71,0.0,0.0,0.0
WL-y4-v2-r2,bz_nbr7008_075,weighted_loss,retail_y_4__retail_v_2__rolled_leftover_2,4,2,2,period_2,2,5,34077.64,182494.62,29149.27,156101.92,3260.56,17461.15,0.0,0.0,28.06,150.27,1298.97,6956.32,1277.57,6841.72,21.4,114.6,340.78,1824.97,0.0,0.0,0,11,11,3549.67,19009.41,1950.34,10444.58,1599.33,8564.83,31099.61,166546.5,7,4538.13,24302.87,True,4538.13,24302.87,1989.57,10654.67,1989.57,10654.67,85.54,13.32,1.15,54.94,45.06,6.27
WL-y4-v2-r2,bz_nbr7008_075,weighted_loss,retail_y_4__retail_v_2__rolled_leftover_2,4,2,2,period_3,3,6,40058.91,214525.88,32776.8,175528.29,1558.39,8345.58,0.0,0.0,34.16,182.94,955.37,5116.25,843.52,4517.27,111.85,598.99,356.83,1910.92,4377.36,23441.9,2,7,7,4538.13,24302.87,3563.56,19083.79,974.57,5219.08,36340.36,194612.08,8,6779.27,36304.75,True,6779.27,36304.75,1477.41,7911.93,1477.41,7911.93,81.82,16.92,1.26,78.52,21.48,9.81
WL-y4-v2-r2,bz_nbr7008_075,weighted_loss,retail_y_4__retail_v_2__rolled_leftover_2,4,2,2,period_4,4,4,26353.92,141132.09,23638.99,126592.94,1158.06,6201.71,0.0,0.0,22.22,118.99,1271.11,6807.12,1257.9,6736.38,13.21,70.74,263.54,1411.33,0.0,0.0,0,8,8,6779.27,36304.75,5607.45,30029.35,1171.82,6275.4,29246.44,156622.29,9,2415.96,12938.09,True,2415.96,12938.09,1470.79,7876.46,1470.79,7876.46,89.7,9.17,1.13,82.71,17.29,19.17
WL-y4-v2-r2,bz_nbr7008_075,weighted_loss,retail_y_4__retail_v_2__rolled_leftover_2,4,2,2,period_5,5,7,48098.25,257578.63,40204.98,215308.12,2035.39,10900.04,0.0,0.0,39.61,212.12,1161.49,6220.08,1044.06,5591.21,117.43,628.87,438.8,2349.89,4217.97,22588.33,2,9,9,2415.96,12938.09,1440.9,7716.39,975.06,5221.7,41645.88,223024.52,9,7297.41,39079.53,True,7297.42,39079.58,1570.9,8412.58,1570.9,8412.58,83.59,15.17,1.24,59.64,40.36,3.46
WL-y4-v2-r2,bz_nbr7008_095,weighted_loss,retail_y_4__retail_v_2__rolled_leftover_2,4,2,2,period_1,1,6,56463.16,305604.03,54118.12,292911.62,746.55,4040.66,0.0,0.0,43.56,235.77,990.28,5359.84,0.0,0.0,990.28,5359.84,564.64,3056.09,0.0,0.0,0,0,0,0.0,0.0,0.0,0.0,0.0,0.0,54118.12,292911.62,5,746.55,4040.66,True,746.55,4040.66,1598.48,8651.7,1598.48,8651.7,95.85,1.32,2.83,0.0,0.0,0.0
WL-y4-v2-r2,bz_nbr7008_095,weighted_loss,retail_y_4__retail_v_2__rolled_leftover_2,4,2,2,period_2,2,6,56058.86,303415.78,51008.8,276082.58,251.78,1362.75,0.0,0.0,43.56,235.77,951.49,5149.89,0.0,0.0,951.49,5149.89,527.84,2856.91,3275.37,17727.78,2,5,5,746.55,4040.66,736.12,3984.21,10.43,56.45,51744.92,280066.79,4,3527.15,19090.52,True,3527.15,19090.53,1533.32,8299.02,1533.32,8299.02,90.99,6.29,2.72,98.6,1.4,1.42
WL-y4-v2-r2,bz_nbr7008_095,weighted_loss,retail_y_4__retail_v_2__rolled_leftover_2,4,2,2,period_3,3,7,66163.44,358106.31,62334.05,337379.93,357.49,1934.9,0.0,0.0,50.99,275.98,975.83,5281.63,0.0,0.0,975.83,5281.63,643.63,3483.62,1801.44,9750.2,1,4,4,3527.15,19090.52,3444.56,18643.51,82.59,447.01,65778.61,356023.44,4,2158.93,11685.1,True,2158.93,11685.1,1753.04,9488.24,1753.04,9488.24,94.21,3.26,2.52,97.66,2.34,5.24
WL-y4-v2-r2,bz_nbr7008_095,weighted_loss,retail_y_4__retail_v_2__rolled_leftover_2,4,2,2,period_4,4,5,47127.87,255077.24,45121.79,244219.43,811.47,4392.04,0.0,0.0,36.46,197.34,686.85,3717.54,0.0,0.0,686.85,3717.54,471.28,2550.78,0.0,0.0,0,4,4,2158.93,11685.1,2090.2,11313.1,68.73,372.0,47211.99,255532.54,4,811.46,4391.99,True,811.47,4392.04,1263.32,6837.66,1263.32,6837.66,95.74,1.72,2.53,96.82,3.18,4.43
WL-y4-v2-r2,bz_nbr7008_095,weighted_loss,retail_y_4__retail_v_2__rolled_leftover_2,4,2,2,period_5,5,6,61909.0,335079.37,59697.73,323110.98,481.56,2606.42,0.0,0.0,43.56,235.77,1067.04,5775.3,0.0,0.0,1067.04,5775.3,619.08,3350.74,0.0,0.0,0,4,4,811.46,4391.99,802.53,4343.65,8.93,48.33,60500.26,327454.63,11,481.57,2606.47,True,481.56,2606.42,1738.61,9410.14,1738.61,9410.14,96.43,0.78,2.79,98.9,1.1,1.33
WL-y4-v2-r4,bf_qcv_045,weighted_loss,retail_y_4__retail_v_2__rolled_leftover_4,4,2,4,period_1,1,40,311311.45,1612443.83,304651.68,1577703.41,16.97,81.79,7.49,38.39,137.46,708.19,3310.04,17329.61,0.0,0.0,3310.04,17329.61,3187.83,16582.57,0.0,0.0,0,0,0,0.0,0.0,0.0,0.0,0.0,0.0,304651.68,1577703.41,1,16.97,81.79,True,16.97,81.79,6642.82,34658.76,6642.82,34658.76,97.86,0.01,2.13,0.0,0.0,0.0
WL-y4-v2-r4,bf_qcv_045,weighted_loss,retail_y_4__retail_v_2__rolled_leftover_4,4,2,4,period_2,2,35,279702.44,1444382.37,273755.09,1413422.51,30.13,149.61,2.01,10.58,121.75,624.93,2959.53,15472.41,0.0,0.0,2959.53,15472.41,2833.88,14702.08,0.0,0.0,0,1,1,16.97,81.79,15.32,73.84,1.65,7.95,273770.41,1413496.35,2,30.13,149.61,True,30.13,149.61,5918.82,30817.95,5918.82,30817.95,97.87,0.01,2.12,90.28,9.72,0.01
WL-y4-v2-r4,bf_qcv_045,weighted_loss,retail_y_4__retail_v_2__rolled_leftover_4,4,2,4,period_3,3,45,347780.28,1802362.96,340406.18,1763876.45,23.11,122.35,2.04,9.83,153.83,792.98,3615.89,18932.2,0.0,0.0,3615.89,18932.2,3579.25,18629.26,0.0,0.0,0,2,2,30.13,149.61,26.05,129.2,4.08,20.41,340432.23,1764005.65,3,23.11,122.35,True,23.11,122.35,7355.09,38384.68,7355.09,38384.68,97.88,0.01,2.11,86.46,13.54,0.01
WL-y4-v2-r4,bf_qcv_045,weighted_loss,retail_y_4__retail_v_2__rolled_leftover_4,4,2,4,period_4,4,29,236303.18,1226442.69,230644.17,1196919.63,24.98,132.47,4.05,19.83,99.85,514.93,3114.11,16267.97,0.0,0.0,3114.11,16267.97,2416.09,12588.24,0.0,0.0,0,3,2,23.11,122.35,19.82,104.93,3.29,17.42,230663.99,1197024.56,1,24.98,132.47,True,24.98,132.47,5637.39,29408.39,5637.39,29408.39,97.61,0.01,2.38,85.76,14.24,0.01
WL-y4-v2-r4,bf_qcv_045,weighted_loss,retail_y_4__retail_v_2__rolled_leftover_4,4,2,4,period_5,5,50,375658.56,1940955.95,368341.16,1902899.61,24.94,125.25,0.18,0.95,173.51,891.16,3286.98,17147.67,0.0,0.0,3286.98,17147.67,3831.75,19891.1,0.0,0.0,0,1,1,24.98,132.47,23.44,124.3,1.54,8.17,368364.6,1903023.91,3,24.94,125.25,True,24.94,125.25,7293.96,37939.05,7293.96,37939.05,98.05,0.01,1.94,93.84,6.16,0.01
WL-y4-v2-r4,bf_sae1006_045,weighted_loss,retail_y_4__retail_v_2__rolled_leftover_4,4,2,4,period_1,1,47,394834.55,2013787.29,382001.42,1948469.6,1368.62,6843.77,10.82,53.53,161.67,823.06,7487.07,38165.61,0.0,0.0,7487.07,38165.61,3804.84,19431.15,0.0,0.0,0,0,0,0.0,0.0,0.0,0.0,0.0,0.0,382001.42,1948469.6,6,1368.62,6843.77,True,1368.62,6843.77,11464.4,58473.35,11464.4,58473.35,96.75,0.35,2.9,0.0,0.0,0.0
WL-y4-v2-r4,bf_sae1006_045,weighted_loss,retail_y_4__retail_v_2__rolled_leftover_4,4,2,4,period_2,2,50,397649.68,2033761.05,382959.21,1958827.83,3296.34,16600.63,3.8,19.42,168.22,858.63,7252.24,37121.18,0.0,0.0,7252.24,37121.18,3969.74,20332.69,0.0,0.0,0,6,6,1368.62,6843.77,1357.48,6787.98,11.14,55.79,384316.69,1965615.81,7,3296.34,16600.63,True,3296.34,16600.63,11405.14,58387.71,11405.14,58387.71,96.31,0.83,2.87,99.19,0.81,0.35
WL-y4-v2-r4,bf_sae1006_045,weighted_loss,retail_y_4__retail_v_2__rolled_leftover_4,4,2,4,period_3,3,53,438269.71,2241134.63,424574.96,2171039.74,1951.87,9822.15,0.0,0.0,177.94,907.96,7104.45,36517.65,0.0,0.0,7104.45,36517.65,4460.38,22846.56,0.0,0.0,0,7,7,3296.34,16600.63,3153.1,15891.36,143.24,709.27,427728.06,2186931.1,9,1951.88,9822.2,True,1951.87,9822.15,11886.01,60981.44,11886.01,60981.44,96.88,0.45,2.68,95.65,4.35,0.74
WL-y4-v2-r4,bf_sae1006_045,weighted_loss,retail_y_4__retail_v_2__rolled_leftover_4,4,2,4,period_4,4,37,299183.51,1529663.58,288387.07,1474791.46,2512.41,12433.9,5.3,26.9,127.0,647.67,5223.65,26773.01,0.0,0.0,5223.65,26773.01,2928.05,14990.49,0.0,0.0,0,9,9,1951.88,9822.2,1933.35,9729.85,18.53,92.35,290320.42,1484521.31,7,2512.39,12433.8,True,2512.41,12433.9,8302.53,42530.42,8302.53,42530.42,96.39,0.84,2.77,99.05,0.95,0.67
WL-y4-v2-r4,bf_sae1006_045,weighted_loss,retail_y_4__retail_v_2__rolled_leftover_4,4,2,4,period_5,5,61,486703.78,2491814.13,469950.64,2406376.7,3241.14,16104.15,7.23,36.11,205.14,1048.37,8407.79,43167.3,0.0,0.0,8407.79,43167.3,4891.72,25080.88,0.0,0.0,0,7,7,2512.39,12433.8,2499.03,12367.05,13.36,66.75,472449.67,2418743.75,9,3241.15,16104.2,True,3241.14,16104.15,13525.24,69399.41,13525.24,69399.41,96.56,0.67,2.78,99.47,0.53,0.53
WL-y4-v2-r4,bf_sae1006_050,weighted_loss,retail_y_4__retail_v_2__rolled_leftover_4,4,2,4,period_1,1,4,34397.98,177663.5,26999.99,139453.33,6705.83,34635.21,0.0,0.0,18.52,95.65,386.98,1998.73,0.0,0.0,386.98,1998.73,286.64,1480.48,0.0,0.0,0,0,0,0.0,0.0,0.0,0.0,0.0,0.0,26999.99,139453.33,4,6705.82,34635.16,True,6705.83,34635.21,692.14,3574.86,692.14,3574.86,78.49,19.49,2.01,0.0,0.0,0.0
WL-y4-v2-r4,bf_sae1006_050,weighted_loss,retail_y_4__retail_v_2__rolled_leftover_4,4,2,4,period_2,2,3,25477.17,131588.05,19176.74,99046.71,5735.54,29623.72,0.0,0.0,13.86,71.59,338.72,1749.47,0.0,0.0,338.72,1749.47,212.3,1096.52,0.0,0.0,0,4,4,6705.82,34635.16,6700.33,34606.8,5.49,28.36,25877.07,133653.51,5,5735.53,29623.67,True,5735.54,29623.72,570.37,2945.94,570.37,2945.94,75.27,22.51,2.22,99.92,0.08,25.89
WL-y4-v2-r4,bf_sae1006_050,weighted_loss,retail_y_4__retail_v_2__rolled_leftover_4,4,2,4,period_3,3,3,25477.17,131588.05,23689.13,122352.94,1275.22,6586.43,0.0,0.0,13.89,71.74,286.62,1480.38,0.0,0.0,286.62,1480.38,212.3,1096.52,0.0,0.0,0,5,5,5735.53,29623.67,5730.89,29599.7,4.64,23.97,29420.02,151952.64,2,1275.22,6586.43,True,1275.22,6586.43,517.45,2672.61,517.45,2672.61,92.98,5.01,2.01,99.92,0.08,19.48
WL-y4-v2-r4,bf_sae1006_050,weighted_loss,retail_y_4__retail_v_2__rolled_leftover_4,4,2,4,period_4,4,3,25477.17,131588.05,22300.88,115182.71,2611.4,13487.72,0.0,0.0,13.86,71.59,338.72,1749.47,0.0,0.0,338.72,1749.47,212.3,1096.52,0.0,0.0,0,2,2,1275.22,6586.43,1273.11,6575.54,2.11,10.9,23573.99,121758.24,6,2611.41,13487.78,True,2611.4,13487.72,566.99,2928.48,566.99,2928.48,87.53,10.25,2.22,99.83,0.17,5.4
WL-y4-v2-r4,bf_sae1006_050,weighted_loss,retail_y_4__retail_v_2__rolled_leftover_4,4,2,4,period_5,5,4,36438.14,188200.81,34664.12,179038.1,1041.92,5381.45,0.0,0.0,18.52,95.65,409.93,2117.26,0.0,0.0,409.93,2117.26,303.64,1568.28,0.0,0.0,0,6,6,2611.41,13487.78,2346.8,12121.08,264.61,1366.69,37010.92,191159.18,2,1041.92,5381.45,True,1041.92,5381.45,996.7,5147.88,996.7,5147.88,95.13,2.86,2.01,89.87,10.13,6.34
WL-y4-v2-r4,bz_nbr7008_043,weighted_loss,retail_y_4__retail_v_2__rolled_leftover_4,4,2,4,period_1,1,18,152075.23,869721.09,141553.74,809380.98,3810.27,21957.08,7.94,43.39,59.37,339.22,5152.89,29495.88,0.0,0.0,5152.89,29495.88,1490.99,8504.37,0.0,0.0,0,0,0,0.0,0.0,0.0,0.0,0.0,0.0,141553.74,809380.98,9,3810.27,21957.08,True,3810.27,21957.08,6711.19,38382.86,6711.19,38382.86,93.08,2.51,4.41,0.0,0.0,0.0
WL-y4-v2-r4,bz_nbr7008_043,weighted_loss,retail_y_4__retail_v_2__rolled_leftover_4,4,2,4,period_2,2,18,140909.16,809463.17,127950.63,734564.49,5423.71,31675.87,1.55,8.47,60.79,349.71,6126.22,35166.98,0.0,0.0,6126.22,35166.98,1346.21,7697.37,0.0,0.0,0,9,9,3810.27,21957.08,3776.88,21766.36,33.39,190.72,131727.51,756330.85,9,5423.71,31675.87,True,5423.71,31675.87,7568.16,43413.25,7568.16,43413.25,90.8,3.85,5.35,99.12,0.88,2.87
WL-y4-v2-r4,bz_nbr7008_043,weighted_loss,retail_y_4__retail_v_2__rolled_leftover_4,4,2,4,period_3,3,17,149602.16,862845.94,139272.58,803097.48,2656.13,15629.75,77.52,451.5,58.04,335.58,6119.03,35174.51,1666.34,9106.91,4452.69,26067.6,1418.85,8157.05,0.0,0.0,0,9,9,5423.71,31675.87,5245.89,30627.66,177.82,1048.21,144518.47,833725.14,8,4322.47,24736.67,True,4322.47,24736.66,6184.92,36059.94,6184.92,36059.94,93.1,2.89,4.02,96.72,3.28,3.63
WL-y4-v2-r4,bz_nbr7008_043,weighted_loss,retail_y_4__retail_v_2__rolled_leftover_4,4,2,4,period_4,4,16,123175.62,709508.88,110514.73,637034.96,6207.77,35116.62,0.0,0.0,54.0,310.63,5231.72,30351.03,0.0,0.0,5231.72,30351.03,1167.39,6695.58,0.0,0.0,0,8,8,4322.47,24736.67,3595.12,20758.32,727.35,3978.35,114109.85,657793.28,11,6207.78,35116.68,True,6207.77,35116.62,7180.46,41335.59,7180.46,41335.59,89.72,5.04,5.24,83.17,16.83,3.15
WL-y4-v2-r4,bz_nbr7008_043,weighted_loss,retail_y_4__retail_v_2__rolled_leftover_4,4,2,4,period_5,5,23,187298.19,1084389.15,174401.76,1009861.7,2971.33,17195.55,7.91,45.42,79.1,458.01,8090.31,46744.26,1412.89,7721.75,6677.42,39022.51,1747.73,10083.92,0.0,0.0,0,11,11,6207.78,35116.68,6187.33,35002.36,20.45,114.32,180589.09,1044864.06,9,4384.22,24917.31,True,4384.22,24917.3,8532.61,49724.18,8532.61,49724.18,93.11,2.34,4.54,99.67,0.33,3.43
WL-y4-v2-r4,bz_nbr7008_075,weighted_loss,retail_y_4__retail_v_2__rolled_leftover_4,4,2,4,period_1,1,6,40203.19,215298.54,35966.97,192612.48,3082.92,16509.84,0.0,0.0,34.45,184.49,716.83,3838.81,466.75,2499.57,250.08,1339.24,402.04,2153.03,0.0,0.0,0,0,0,0.0,0.0,0.0,0.0,0.0,0.0,35966.97,192612.48,11,3549.67,19009.41,True,3549.67,19009.41,686.57,3676.76,686.57,3676.76,89.46,8.83,1.71,0.0,0.0,0.0
WL-y4-v2-r4,bz_nbr7008_075,weighted_loss,retail_y_4__retail_v_2__rolled_leftover_4,4,2,4,period_2,2,5,34077.64,182494.62,29144.14,156074.45,3260.56,17461.15,5.13,27.47,28.06,150.27,1298.97,6956.32,1277.57,6841.72,21.4,114.6,340.78,1824.97,0.0,0.0,0,11,11,3549.67,19009.41,1955.47,10472.05,1594.2,8537.36,31099.61,166546.5,7,4538.13,24302.87,True,4538.13,24302.87,1989.57,10654.67,1989.57,10654.67,85.52,13.32,1.16,55.09,44.91,6.29
WL-y4-v2-r4,bz_nbr7008_075,weighted_loss,retail_y_4__retail_v_2__rolled_leftover_4,4,2,4,period_3,3,6,40058.91,214525.88,32776.79,175528.23,6188.51,33141.08,0.0,0.0,34.45,184.49,658.55,3526.71,407.46,2182.05,251.09,1344.65,400.6,2145.32,0.0,0.0,0,7,7,4538.13,24302.87,3563.54,19083.68,974.59,5219.18,36340.33,194611.92,13,6595.98,35323.19,True,6595.97,35323.13,1660.73,8893.64,1660.73,8893.64,81.82,16.47,1.71,78.52,21.48,9.81
WL-y4-v2-r4,bz_nbr7008_075,weighted_loss,retail_y_4__retail_v_2__rolled_leftover_4,4,2,4,period_4,4,5,32807.3,175691.62,25338.27,135693.02,6208.47,33247.97,0.0,0.0,28.34,151.77,904.12,4841.8,803.87,4304.93,100.25,536.86,328.08,1756.95,0.0,0.0,0,13,13,6595.98,35323.19,3908.12,20929.0,2687.86,14394.19,29246.39,156622.02,14,7012.35,37552.96,True,7012.34,37552.9,3144.53,16839.77,3144.53,16839.77,77.23,21.37,1.39,59.25,40.75,13.36
WL-y4-v2-r4,bz_nbr7008_075,weighted_loss,retail_y_4__retail_v_2__rolled_leftover_4,4,2,4,period_5,5,6,45193.68,242023.91,37137.37,198880.27,5593.09,29952.45,0.0,0.0,33.5,179.4,1977.76,10591.42,1947.84,10431.19,29.92,160.23,451.94,2420.26,0.0,0.0,0,14,14,7012.35,37552.96,4508.52,24144.3,2503.83,13408.66,41645.89,223024.57,10,7540.94,40383.69,True,7540.93,40383.64,3019.19,16168.55,3019.19,16168.55,82.17,16.69,1.14,64.29,35.71,10.83
WL-y4-v2-r4,bz_nbr7008_095,weighted_loss,retail_y_4__retail_v_2__rolled_leftover_4,4,2,4,period_1,1,6,56463.16,305604.03,54118.11,292911.56,746.55,4040.66,0.0,0.0,43.56,235.77,990.28,5359.84,0.0,0.0,990.28,5359.84,564.64,3056.09,0.0,0.0,0,0,0,0.0,0.0,0.0,0.0,0.0,0.0,54118.11,292911.56,5,746.55,4040.66,True,746.55,4040.66,1598.48,8651.7,1598.48,8651.7,95.85,1.32,2.83,0.0,0.0,0.0
WL-y4-v2-r4,bz_nbr7008_095,weighted_loss,retail_y_4__retail_v_2__rolled_leftover_4,4,2,4,period_2,2,6,56058.86,303415.78,51009.76,276087.78,3477.01,18819.14,0.0,0.0,43.56,235.77,967.92,5238.82,0.0,0.0,967.92,5238.82,560.59,3034.17,0.0,0.0,0,5,5,746.55,4040.66,735.15,3978.96,11.4,61.7,51744.91,280066.74,5,3477.01,18819.14,True,3477.01,18819.14,1583.47,8570.46,1583.47,8570.46,90.99,6.2,2.8,98.47,1.53,1.42
WL-y4-v2-r4,bz_nbr7008_095,weighted_loss,retail_y_4__retail_v_2__rolled_leftover_4,4,2,4,period_3,3,7,66163.44,358106.31,62311.36,337257.12,2153.98,11658.31,4.23,22.89,50.99,275.98,981.22,5310.8,0.0,0.0,981.22,5310.8,661.64,3581.09,0.0,0.0,0,5,5,3477.01,18819.14,3467.26,18766.37,9.75,52.77,65778.62,356023.49,5,2153.98,11658.31,True,2153.98,11658.31,1707.83,9243.53,1707.83,9243.53,94.18,3.26,2.57,99.72,0.28,5.27
WL-y4-v2-r4,bz_nbr7008_095,weighted_loss,retail_y_4__retail_v_2__rolled_leftover_4,4,2,4,period_4,4,5,47012.83,254454.59,45134.99,244290.88,696.17,3767.99,0.0,0.0,36.46,197.34,675.07,3653.78,0.0,0.0,675.07,3653.78,470.14,2544.61,0.0,0.0,0,5,5,2153.98,11658.31,2077.02,11241.77,76.96,416.54,47212.01,255532.64,5,696.17,3767.99,True,696.17,3767.99,1258.63,6812.27,1258.63,6812.27,96.01,1.48,2.51,96.43,3.57,4.4
WL-y4-v2-r4,bz_nbr7008_095,weighted_loss,retail_y_4__retail_v_2__rolled_leftover_4,4,2,4,period_5,5,6,61612.41,333474.09,59818.12,323762.58,56.82,307.54,18.28,98.94,43.56,235.77,1059.49,5734.44,0.0,0.0,1059.49,5734.44,616.12,3334.72,0.0,0.0,0,5,5,696.17,3767.99,682.14,3692.05,14.03,75.94,60500.26,327454.63,2,56.82,307.54,True,56.82,307.54,1751.48,9479.81,1751.48,9479.81,97.09,0.09,2.82,97.98,2.02,1.13
WL-y4-v4-r2,bf_qcv_045,weighted_loss,retail_y_4__retail_v_4__rolled_leftover_2,4,4,2,period_1,1,40,311418.53,1612924.54,304651.66,1577666.63,129.73,629.13,4.84,25.6,137.46,708.19,3306.24,17309.09,0.0,0.0,3306.24,17309.09,3188.62,16586.03,0.0,0.0,0,0,0,0.0,0.0,0.0,0.0,0.0,0.0,304651.66,1577666.63,3,129.73,629.13,True,129.73,629.13,6637.16,34628.91,6637.16,34628.91,97.83,0.04,2.13,0.0,0.0,0.0
WL-y4-v4-r2,bf_qcv_045,weighted_loss,retail_y_4__retail_v_4__rolled_leftover_2,4,4,2,period_2,2,35,279613.9,1444015.0,273646.52,1412939.49,39.52,208.99,8.64,44.29,121.76,624.99,2964.15,15497.34,0.0,0.0,2964.15,15497.34,2833.36,14700.17,0.0,0.0,0,3,3,129.73,629.13,124.0,600.77,5.73,28.36,273770.52,1413540.26,1,39.52,208.99,True,39.52,208.99,5933.64,30895.15,5933.64,30895.15,97.87,0.01,2.12,95.58,4.42,0.05
WL-y4-v4-r2,bf_qcv_045,weighted_loss,retail_y_4__retail_v_4__rolled_leftover_2,4,4,2,period_3,3,44,347745.29,1802164.82,340395.9,1763808.99,0.0,0.0,4.54,23.4,150.76,776.7,3615.34,18929.23,0.0,0.0,3615.34,18929.23,3578.83,18626.94,0.0,0.0,0,1,1,39.52,208.99,36.36,192.28,3.16,16.71,340432.26,1764001.27,0,0.0,0.0,True,0.0,0.0,7352.63,38372.98,7352.63,38372.98,97.89,0.0,2.11,92.0,8.0,0.01
WL-y4-v4-r2,bf_qcv_045,weighted_loss,retail_y_4__retail_v_4__rolled_leftover_2,4,4,2,period_4,4,30,236017.25,1224955.06,230663.96,1196973.58,12.86,61.98,9.18,47.92,103.03,531.74,2812.05,14750.89,0.0,0.0,2812.05,14750.89,2416.22,12589.23,0.0,0.0,0,0,0,0.0,0.0,0.0,0.0,0.0,0.0,230663.96,1196973.58,1,12.86,61.98,True,12.86,61.98,5340.48,27919.78,5340.48,27919.78,97.73,0.01,2.26,0.0,0.0,0.0
WL-y4-v4-r2,bf_qcv_045,weighted_loss,retail_y_4__retail_v_4__rolled_leftover_2,4,4,2,period_5,5,51,375687.93,1941128.09,368354.3,1902984.8,32.65,168.7,4.17,20.23,176.58,907.44,3288.09,17153.63,0.0,0.0,3288.09,17153.63,3832.16,19893.41,0.0,0.0,0,1,1,12.86,61.98,10.32,49.74,2.54,12.24,368364.62,1903034.54,3,32.65,168.7,True,32.65,168.7,7303.54,37986.95,7303.54,37986.95,98.05,0.01,1.94,80.25,19.75,0.0
WL-y4-v4-r2,bf_sae1006_045,weighted_loss,retail_y_4__retail_v_4__rolled_leftover_2,4,4,2,period_1,1,49,398032.91,2032196.8,382001.42,1950352.82,487.65,2459.54,5.92,29.32,169.4,863.27,7353.64,37552.31,0.0,0.0,7353.64,37552.31,3890.34,19893.12,4124.47,21046.06,1,0,0,0.0,0.0,0.0,0.0,0.0,0.0,382001.42,1950352.82,8,4612.12,23505.6,True,4612.12,23505.6,11419.3,58338.02,11419.3,58338.02,95.97,1.16,2.87,0.0,0.0,0.0
WL-y4-v4-r2,bf_sae1006_045,weighted_loss,retail_y_4__retail_v_4__rolled_leftover_2,4,4,2,period_2,2,48,393643.96,2009388.29,380101.47,1940477.74,1041.16,5263.87,2.07,10.67,162.89,829.7,7624.1,38856.24,0.0,0.0,7624.1,38856.24,3859.93,19733.13,852.32,4216.81,1,8,8,4612.12,23505.6,4215.25,21482.89,396.87,2022.71,384316.72,1961960.63,6,1893.48,9480.68,True,1893.48,9480.68,12045.86,61452.45,12045.86,61452.45,96.56,0.48,2.96,91.4,8.6,1.1
WL-y4-v4-r2,bf_sae1006_045,weighted_loss,retail_y_4__retail_v_4__rolled_leftover_2,4,4,2,period_3,3,53,441435.92,2243129.51,425985.89,2164788.44,370.95,1835.26,17.38,86.56,185.62,941.56,8849.18,44903.29,0.0,0.0,8849.18,44903.29,4283.21,21801.78,1743.67,8772.5,2,6,6,1893.48,9480.68,1742.16,8731.73,151.32,748.96,427728.05,2173520.17,4,2114.62,10607.76,True,2114.62,10607.76,13486.71,68482.15,13486.71,68482.15,96.5,0.48,3.02,92.01,7.99,0.41
WL-y4-v4-r2,bf_sae1006_045,weighted_loss,retail_y_4__retail_v_4__rolled_leftover_2,4,4,2,period_4,4,37,297619.06,1518235.61,288293.49,1470747.18,1341.7,6693.83,2.15,10.64,126.56,644.84,4965.39,25377.51,0.0,0.0,4965.39,25377.51,2889.76,14761.56,0.0,0.0,0,4,4,2114.62,10607.76,2026.92,10162.84,87.7,444.92,290320.41,1480910.02,5,1341.7,6693.83,True,1341.7,6693.83,8071.56,41239.47,8071.56,41239.47,96.87,0.45,2.68,95.85,4.15,0.7
WL-y4-v4-r2,bf_sae1006_045,weighted_loss,retail_y_4__retail_v_4__rolled_leftover_2,4,4,2,period_5,5,62,489685.03,2488250.25,471218.17,2394965.89,1122.23,5560.93,7.36,37.22,218.21,1106.73,10058.69,50994.46,0.0,0.0,10058.69,50994.46,4638.29,23601.89,2422.11,11983.27,1,5,5,1341.7,6693.83,1231.52,6147.7,110.18,546.13,472449.69,2401113.59,8,3544.34,17544.2,True,3544.34,17544.2,15032.73,76286.43,15032.73,76286.43,96.23,0.72,3.05,91.79,8.21,0.26
WL-y4-v4-r2,bf_sae1006_050,weighted_loss,retail_y_4__retail_v_4__rolled_leftover_2,4,4,2,period_1,1,4,34397.98,177663.5,27000.0,139453.38,0.0,0.0,0.0,0.0,18.49,95.5,333.05,1720.18,0.0,0.0,333.05,1720.18,229.84,1187.11,6816.6,35207.33,2,0,0,0.0,0.0,0.0,0.0,0.0,0.0,27000.0,139453.38,2,6816.6,35207.33,True,6816.6,35207.33,581.38,3002.79,581.38,3002.79,78.49,19.82,1.69,0.0,0.0,0.0
WL-y4-v4-r2,bf_sae1006_050,weighted_loss,retail_y_4__retail_v_4__rolled_leftover_2,4,4,2,period_2,2,3,25477.17,131588.05,19203.23,99183.53,0.0,0.0,0.0,0.0,13.86,71.59,240.13,1240.26,0.0,0.0,240.13,1240.26,163.51,844.52,5856.45,30248.21,2,2,2,6816.6,35207.33,6673.85,34470.03,142.75,737.3,25877.08,133653.57,2,5856.45,30248.21,True,5856.45,30248.21,560.25,2893.67,560.25,2893.67,75.37,22.99,1.64,97.91,2.09,25.79
WL-y4-v4-r2,bf_sae1006_050,weighted_loss,retail_y_4__retail_v_4__rolled_leftover_2,4,4,2,period_3,3,3,25477.17,131588.05,23783.26,122839.11,210.81,1088.82,0.0,0.0,13.89,71.74,275.49,1422.89,0.0,0.0,275.49,1422.89,204.06,1053.96,989.66,5111.53,1,2,2,5856.45,30248.21,5636.76,29113.53,219.69,1134.69,29420.02,151952.64,2,1200.47,6200.36,True,1200.47,6200.35,713.13,3683.28,713.13,3683.28,93.35,4.71,1.94,96.25,3.75,19.16
WL-y4-v4-r2,bf_sae1006_050,weighted_loss,retail_y_4__retail_v_4__rolled_leftover_2,4,4,2,period_4,4,3,25639.93,132428.7,22399.22,115690.63,72.29,373.37,0.0,0.0,13.86,71.59,292.71,1511.83,0.0,0.0,292.71,1511.83,191.41,988.62,2670.43,13792.61,1,2,2,1200.47,6200.36,1174.77,6067.62,25.7,132.74,23573.99,121758.24,2,2742.72,14165.98,True,2742.72,14165.98,523.68,2704.78,523.68,2704.78,87.36,10.7,1.94,97.86,2.14,4.98
WL-y4-v4-r2,bf_sae1006_050,weighted_loss,retail_y_4__retail_v_4__rolled_leftover_2,4,4,2,period_5,5,4,35635.77,184056.61,34595.46,178683.48,323.92,1673.03,0.0,0.0,18.52,95.65,400.9,2070.62,0.0,0.0,400.9,2070.62,296.96,1533.78,0.0,0.0,0,2,2,2742.72,14165.98,2415.47,12475.76,327.25,1690.23,37010.93,191159.23,2,323.92,1673.03,True,323.92,1673.03,1043.63,5390.28,1043.63,5390.28,97.08,0.91,2.01,88.07,11.93,6.53
WL-y4-v4-r2,bz_nbr7008_043,weighted_loss,retail_y_4__retail_v_4__rolled_leftover_2,4,4,2,period_1,1,19,154311.26,873417.74,141553.77,802001.58,1117.8,6440.89,0.0,0.0,58.75,332.23,7704.36,42779.75,3837.8,20974.42,3866.56,21805.33,1540.61,8699.84,2335.98,13163.49,3,0,0,0.0,0.0,0.0,0.0,0.0,0.0,141553.77,802001.58,14,7291.58,40578.79,True,7291.58,40578.8,5465.92,30837.4,5465.92,30837.4,91.73,4.73,3.54,0.0,0.0,0.0
WL-y4-v4-r2,bz_nbr7008_043,weighted_loss,retail_y_4__retail_v_4__rolled_leftover_2,4,4,2,period_2,2,18,139371.71,807240.01,126687.77,733515.22,749.14,4384.88,0.1,0.55,61.88,358.36,6619.92,38283.42,1200.09,6558.76,5419.83,31724.66,1256.48,7242.58,3996.4,23454.9,2,14,14,7291.58,40578.79,5039.74,28255.52,2251.84,12323.27,131727.51,761770.74,9,5945.63,34398.54,True,5945.63,34398.54,8990.13,51649.42,8990.13,51649.42,90.9,4.27,4.83,69.12,30.88,3.83
WL-y4-v4-r2,bz_nbr7008_043,weighted_loss,retail_y_4__retail_v_4__rolled_leftover_2,4,4,2,period_3,3,19,155153.66,890665.52,139183.93,799629.85,1463.4,8177.39,0.0,0.0,62.97,361.64,6171.47,35258.96,897.45,4904.76,5274.02,30354.2,1429.1,8178.68,6842.78,39058.96,5,9,9,5945.63,34398.54,5334.52,31024.15,611.11,3374.39,144518.45,830654.0,10,9203.63,52141.11,True,9203.63,52141.11,7377.2,42268.91,7377.2,42268.91,89.71,5.93,4.36,89.72,10.28,3.69
WL-y4-v4-r2,bz_nbr7008_043,weighted_loss,retail_y_4__retail_v_4__rolled_leftover_2,4,4,2,period_4,4,14,119544.53,694551.61,105595.11,613444.0,636.99,3659.27,0.0,0.0,48.51,282.44,6362.28,36675.16,2252.96,12592.18,4109.32,24082.98,1048.31,6065.93,5853.3,34424.65,4,10,10,9203.63,52141.11,8514.75,48275.71,688.88,3865.41,114109.86,661719.71,10,8743.25,50676.09,True,8743.25,50676.1,5895.02,34296.76,5895.02,34296.76,88.33,7.31,4.35,92.52,7.48,7.46
WL-y4-v4-r2,bz_nbr7008_043,weighted_loss,retail_y_4__retail_v_4__rolled_leftover_2,4,4,2,period_5,5,23,185202.19,1065850.88,172903.01,995321.33,2316.38,13233.79,10.27,58.97,78.34,452.0,7298.76,42128.31,0.0,0.0,7298.76,42128.31,1755.24,10064.66,840.18,4591.77,1,10,10,8743.25,50676.09,7686.11,44743.77,1057.14,5932.32,180589.12,1040065.1,9,3156.56,17825.56,True,3156.56,17825.56,10199.75,58636.26,10199.75,58636.26,93.36,1.7,4.94,87.91,12.09,4.26
WL-y4-v4-r2,bz_nbr7008_075,weighted_loss,retail_y_4__retail_v_4__rolled_leftover_2,4,4,2,period_1,1,6,40506.16,216921.02,35966.98,192612.53,342.35,1833.37,1.57,8.41,33.55,179.67,1644.0,8804.05,1618.44,8667.17,25.56,136.88,383.73,2054.97,2133.99,11428.07,1,0,0,0.0,0.0,0.0,0.0,0.0,0.0,35966.98,192612.53,8,4094.78,21928.61,True,4094.78,21928.61,444.41,2379.93,444.41,2379.93,88.79,10.11,1.1,0.0,0.0,0.0
WL-y4-v4-r2,bz_nbr7008_075,weighted_loss,retail_y_4__retail_v_4__rolled_leftover_2,4,4,2,period_2,2,5,33562.15,179734.04,28666.17,153514.79,114.82,614.89,0.0,0.0,27.87,149.25,1167.17,6250.5,1137.62,6092.25,29.55,158.25,302.79,1621.52,3283.33,17583.09,2,8,8,4094.78,21928.61,2433.47,13031.86,1661.31,8896.75,31099.64,166546.66,6,4535.77,24290.23,True,4535.77,24290.23,2021.52,10825.77,2021.52,10825.77,85.41,13.51,1.07,59.43,40.57,7.82
WL-y4-v4-r2,bz_nbr7008_075,weighted_loss,retail_y_4__retail_v_4__rolled_leftover_2,4,4,2,period_3,3,5,34948.62,187158.95,32600.47,174583.99,693.66,3714.73,0.0,0.0,28.1,150.48,1276.89,6838.08,1247.34,6679.83,29.55,158.25,349.49,1871.61,0.0,0.0,0,6,6,4535.77,24290.23,3739.87,20027.98,795.9,4262.25,36340.34,194611.97,8,1941.0,10394.56,True,1941.0,10394.56,1203.04,6442.59,1203.04,6442.59,93.28,5.55,1.16,82.45,17.55,10.29
WL-y4-v4-r2,bz_nbr7008_075,weighted_loss,retail_y_4__retail_v_4__rolled_leftover_2,4,4,2,period_4,4,5,34590.71,185242.25,27996.69,149929.55,1264.37,6771.03,0.0,0.0,27.61,147.86,1947.01,10426.74,1928.75,10328.96,18.26,97.79,315.51,1689.64,3039.5,16277.31,1,8,8,1941.0,10394.56,1249.73,6692.63,691.27,3701.93,29246.42,156622.18,7,6232.62,33377.3,True,6232.62,33377.3,1052.65,5637.22,1052.65,5637.22,80.94,18.02,1.04,64.39,35.61,4.27
WL-y4-v4-r2,bz_nbr7008_075,weighted_loss,retail_y_4__retail_v_4__rolled_leftover_2,4,4,2,period_5,5,6,41122.19,220220.02,36522.43,195587.11,199.59,1068.86,0.92,4.93,33.71,180.53,1567.56,8394.69,1536.09,8226.16,31.47,168.53,387.12,2073.13,2410.84,12910.68,1,7,7,6232.62,33377.3,5123.44,27437.35,1109.18,5939.95,41645.87,223024.46,6,4146.52,22205.69,True,4146.52,22205.7,1562.4,8367.07,1562.4,8367.07,88.81,10.08,1.1,82.2,17.8,12.3
WL-y4-v4-r2,bz_nbr7008_095,weighted_loss,retail_y_4__retail_v_4__rolled_leftover_2,4,4,2,period_1,1,6,56463.16,305604.03,54118.11,292911.56,746.55,4040.66,0.0,0.0,43.56,235.77,990.28,5359.84,0.0,0.0,990.28,5359.84,564.64,3056.09,0.0,0.0,0,0,0,0.0,0.0,0.0,0.0,0.0,0.0,54118.11,292911.56,8,746.56,4040.72,True,746.55,4040.66,1598.48,8651.7,1598.48,8651.7,95.85,1.32,2.83,0.0,0.0,0.0
WL-y4-v4-r2,bz_nbr7008_095,weighted_loss,retail_y_4__retail_v_4__rolled_leftover_2,4,4,2,period_2,2,6,56058.86,303415.78,51013.57,276108.4,20.23,109.49,0.0,0.0,43.56,235.77,954.36,5165.43,0.0,0.0,954.36,5165.43,525.58,2844.68,3501.55,18951.96,2,8,8,746.56,4040.72,731.34,3958.34,15.22,82.38,51744.91,280066.74,4,3521.78,19061.46,True,3521.78,19061.45,1538.72,8328.26,1538.72,8328.26,91.0,6.28,2.72,97.96,2.04,1.41
WL-y4-v4-r2,bz_nbr7008_095,weighted_loss,retail_y_4__retail_v_4__rolled_leftover_2,4,4,2,period_3,3,7,66163.44,358106.31,62387.75,337670.58,154.13,834.22,0.0,0.0,50.99,275.98,927.96,5022.54,0.0,0.0,927.96,5022.54,641.63,3472.79,2000.96,10830.1,1,4,4,3521.78,19061.46,3390.86,18352.86,130.92,708.6,65778.61,356023.44,4,2155.09,11664.32,True,2155.09,11664.32,1751.5,9479.91,1751.5,9479.91,94.29,3.26,2.45,96.28,3.72,5.15
WL-y4-v4-r2,bz_nbr7008_095,weighted_loss,retail_y_4__retail_v_4__rolled_leftover_2,4,4,2,period_4,4,5,46608.53,252266.34,45168.85,244474.14,295.31,1598.35,0.0,0.0,36.46,197.34,641.81,3473.76,0.0,0.0,641.81,3473.76,466.09,2522.69,0.0,0.0,0,4,4,2155.09,11664.32,2043.15,11058.45,111.94,605.87,47212.0,255532.59,4,295.31,1598.35,True,295.31,1598.35,1256.3,6799.66,1256.3,6799.66,96.91,0.63,2.46,94.81,5.19,4.33
WL-y4-v4-r2,bz_nbr7008_095,weighted_loss,retail_y_4__retail_v_4__rolled_leftover_2,4,4,2,period_5,5,6,62288.01,337130.74,60213.88,325904.61,341.49,1848.3,0.0,0.0,43.56,235.77,1066.19,5770.7,0.0,0.0,1066.19,5770.7,622.87,3371.25,0.0,0.0,0,4,4,295.31,1598.35,286.38,1550.02,8.93,48.33,60500.26,327454.63,4,341.49,1848.3,True,341.49,1848.3,1741.55,9426.05,1741.55,9426.05,96.67,0.55,2.78,96.98,3.02,0.47
WL-y4-v4-r4,bf_qcv_045,weighted_loss,retail_y_4__retail_v_4__rolled_leftover_4,4,4,4,period_1,1,39,311567.28,1613755.03,304651.68,1577733.52,20.81,100.3,7.31,36.28,134.27,691.33,3565.45,18611.85,0.0,0.0,3565.45,18611.85,3187.77,16581.81,0.0,0.0,0,0,0,0.0,0.0,0.0,0.0,0.0,0.0,304651.68,1577733.52,1,20.81,100.3,True,20.81,100.3,6894.8,35921.27,6894.8,35921.27,97.78,0.01,2.21,0.0,0.0,0.0
WL-y4-v4-r4,bf_qcv_045,weighted_loss,retail_y_4__retail_v_4__rolled_leftover_4,4,4,4,period_2,2,35,279680.92,1444298.92,273752.22,1413427.67,8.19,43.43,3.32,17.29,121.76,624.99,2961.65,15483.78,0.0,0.0,2961.65,15483.78,2833.8,14701.91,0.0,0.0,0,1,1,20.81,100.3,18.27,88.06,2.54,12.24,273770.49,1413515.72,1,8.19,43.43,True,8.19,43.43,5923.07,30840.21,5923.07,30840.21,97.88,0.0,2.12,87.79,12.21,0.01
WL-y4-v4-r4,bf_qcv_045,weighted_loss,retail_y_4__retail_v_4__rolled_leftover_4,4,4,4,period_3,3,45,347789.89,1802390.68,340425.57,1763962.12,12.75,61.45,2.96,14.92,154.15,794.62,3615.15,18928.18,0.0,0.0,3615.15,18928.18,3579.24,18629.02,0.0,0.0,0,1,1,8.19,43.43,6.65,35.26,1.54,8.17,340432.22,1763997.39,2,12.75,61.45,True,12.75,61.45,7353.04,38374.91,7353.04,38374.91,97.88,0.0,2.11,81.2,18.8,0.0
WL-y4-v4-r4,bf_qcv_045,weighted_loss,retail_y_4__retail_v_4__rolled_leftover_4,4,4,4,period_4,4,29,236324.43,1226565.0,230653.76,1196987.78,35.82,180.89,3.08,15.97,99.85,514.93,3115.63,16276.06,0.0,0.0,3115.63,16276.06,2416.34,12589.64,0.0,0.0,0,2,1,12.75,61.45,10.21,49.21,2.54,12.24,230663.97,1197036.99,3,35.82,180.89,True,35.82,180.89,5637.44,29408.84,5637.44,29408.84,97.6,0.02,2.38,80.08,19.92,0.0
WL-y4-v4-r4,bf_qcv_045,weighted_loss,retail_y_4__retail_v_4__rolled_leftover_4,4,4,4,period_5,5,49,375634.98,1940841.15,368333.58,1902863.5,9.57,50.61,4.05,20.56,170.12,873.23,3286.16,17143.39,0.0,0.0,3286.16,17143.39,3831.57,19890.24,0.0,0.0,0,3,3,35.82,180.89,31.09,156.6,4.73,24.29,368364.67,1903020.11,2,9.57,50.61,True,9.57,50.61,7296.63,37951.71,7296.63,37951.71,98.06,0.0,1.94,86.8,13.2,0.01
WL-y4-v4-r4,bf_sae1006_045,weighted_loss,retail_y_4__retail_v_4__rolled_leftover_4,4,4,4,period_1,1,47,396133.88,2015369.05,382001.42,1943627.82,379.26,1888.94,12.91,64.49,163.47,830.73,8055.09,40816.15,0.0,0.0,8055.09,40816.15,3728.39,18989.98,1793.25,9150.47,1,0,0,0.0,0.0,0.0,0.0,0.0,0.0,382001.42,1943627.82,5,2172.51,11039.41,True,2172.51,11039.41,11959.86,60701.35,11959.86,60701.35,96.43,0.55,3.02,0.0,0.0,0.0
WL-y4-v4-r4,bf_sae1006_045,weighted_loss,retail_y_4__retail_v_4__rolled_leftover_4,4,4,4,period_2,2,48,396455.72,2022998.42,382190.59,1950490.12,1136.84,5649.13,13.63,68.15,164.05,835.4,8250.37,42059.77,0.0,0.0,8250.37,42059.77,3919.83,20034.78,780.38,3860.89,1,5,5,2172.51,11039.41,2126.1,10803.32,46.41,236.09,384316.69,1961293.44,6,1917.22,9510.02,True,1917.22,9510.02,12394.29,63234.19,12394.29,63234.19,96.4,0.48,3.11,97.86,2.14,0.55
WL-y4-v4-r4,bf_sae1006_045,weighted_loss,retail_y_4__retail_v_4__rolled_leftover_4,4,4,4,period_3,3,54,439572.09,2247433.46,425946.9,2177815.57,1282.85,6351.31,6.38,31.93,181.87,928.04,7785.77,39939.82,0.0,0.0,7785.77,39939.82,4368.24,22366.37,0.0,0.0,0,6,6,1917.22,9510.02,1781.18,8836.29,136.04,673.73,427728.08,2186651.86,6,1282.86,6351.36,True,1282.85,6351.31,12478.3,63939.89,12478.3,63939.89,96.9,0.29,2.81,92.9,7.1,0.42
WL-y4-v4-r4,bf_sae1006_045,weighted_loss,retail_y_4__retail_v_4__rolled_leftover_4,4,4,4,period_4,4,37,301850.21,1540358.95,289057.56,1475203.12,1235.41,6130.95,0.49,2.48,127.71,650.52,5355.12,27357.87,0.0,0.0,5355.12,27357.87,2891.69,14775.94,3182.15,16237.65,1,6,6,1282.86,6351.36,1262.85,6251.99,20.01,99.37,290320.41,1481455.11,6,4417.56,22368.61,True,4417.56,22368.6,8395.02,42886.18,8395.02,42886.18,95.76,1.46,2.77,98.44,1.56,0.43
WL-y4-v4-r4,bf_sae1006_045,weighted_loss,retail_y_4__retail_v_4__rolled_leftover_4,4,4,4,period_5,5,59,484488.03,2478539.3,468168.32,2395340.21,2719.64,13466.2,14.79,74.59,197.4,1008.08,8529.95,43761.07,0.0,0.0,8529.95,43761.07,4857.8,24888.48,0.0,0.0,0,6,6,4417.56,22368.61,4281.38,21686.51,136.18,682.1,472449.7,2417026.72,4,2719.64,13466.2,True,2719.64,13466.2,13736.12,70414.32,13736.12,70414.32,96.63,0.56,2.81,96.92,3.08,0.91
WL-y4-v4-r4,bf_sae1006_050,weighted_loss,retail_y_4__retail_v_4__rolled_leftover_4,4,4,4,period_1,1,4,34397.98,177663.5,27000.0,139453.38,9.5,49.07,0.0,0.0,16.84,86.98,3069.0,15851.2,3069.0,15851.2,0.0,0.0,252.9,1306.21,4049.74,20916.66,2,0,0,0.0,0.0,0.0,0.0,0.0,0.0,27000.0,139453.38,7,7128.24,36816.93,True,7128.24,36816.93,269.74,1393.19,269.74,1393.19,78.49,20.72,0.78,0.0,0.0,0.0
WL-y4-v4-r4,bf_sae1006_050,weighted_loss,retail_y_4__retail_v_4__rolled_leftover_4,4,4,4,period_2,2,3,25477.17,131588.05,19247.9,99414.25,677.49,3499.2,0.0,0.0,12.66,65.39,2215.34,11442.1,2215.34,11442.1,0.0,0.0,186.16,961.51,3137.62,16205.62,2,7,7,7128.24,36816.93,6629.16,34239.21,499.08,2577.72,25877.06,133653.46,6,6030.45,31146.91,True,6030.45,31146.92,697.9,3604.62,697.9,3604.62,75.55,23.67,0.78,93.0,7.0,25.62
WL-y4-v4-r4,bf_sae1006_050,weighted_loss,retail_y_4__retail_v_4__rolled_leftover_4,4,4,4,period_3,3,3,25477.17,131588.05,23714.55,122484.23,467.47,2414.45,0.0,0.0,13.48,69.62,1069.37,5523.23,882.91,4560.18,186.46,963.05,212.3,1096.52,0.0,0.0,0,6,6,6030.45,31146.91,5705.49,29468.51,324.96,1678.4,29420.04,151952.74,3,1350.38,6974.63,True,1350.38,6974.63,737.2,3807.59,737.2,3807.59,93.08,5.3,1.62,94.61,5.39,19.39
WL-y4-v4-r4,bf_sae1006_050,weighted_loss,retail_y_4__retail_v_4__rolled_leftover_4,4,4,4,period_4,4,3,25477.17,131588.05,22326.29,115313.95,347.36,1794.09,0.0,0.0,12.62,65.18,2578.59,13318.26,2578.59,13318.26,0.0,0.0,212.3,1096.52,0.0,0.0,0,3,3,1350.38,6974.63,1247.69,6444.24,102.69,530.39,23573.98,121758.19,5,2925.95,15112.36,True,2925.95,15112.35,327.61,1692.09,327.61,1692.09,87.63,11.48,0.88,92.4,7.6,5.29
WL-y4-v4-r4,bf_sae1006_050,weighted_loss,retail_y_4__retail_v_4__rolled_leftover_4,4,4,4,period_5,5,4,36438.14,188200.81,34427.07,177813.75,1278.97,6605.8,0.0,0.0,18.52,95.65,409.93,2117.26,0.0,0.0,409.93,2117.26,303.64,1568.28,0.0,0.0,0,5,5,2925.95,15112.36,2583.87,13345.53,342.08,1766.82,37010.94,191159.28,5,1278.96,6605.75,True,1278.97,6605.8,1074.17,5548.01,1074.17,5548.01,94.48,3.51,2.01,88.31,11.69,6.98
WL-y4-v4-r4,bz_nbr7008_043,weighted_loss,retail_y_4__retail_v_4__rolled_leftover_4,4,4,4,period_1,1,18,152534.04,874419.56,141553.72,811243.62,2989.51,17338.09,20.75,114.26,59.37,340.0,6429.96,36920.73,1473.02,8756.06,4956.94,28164.67,1480.68,8462.57,0.0,0.0,0,0,0,0.0,0.0,0.0,0.0,0.0,0.0,141553.72,811243.62,7,4462.53,26094.15,True,4462.53,26094.15,6517.74,37081.5,6517.74,37081.5,92.8,2.93,4.27,0.0,0.0,0.0
WL-y4-v4-r4,bz_nbr7008_043,weighted_loss,retail_y_4__retail_v_4__rolled_leftover_4,4,4,4,period_2,2,18,137397.64,796389.91,127874.85,741101.48,1125.11,6385.03,18.87,109.83,62.35,361.65,7050.54,41130.35,0.0,0.0,7050.54,41130.35,1265.88,7301.34,0.0,0.0,0,7,7,4462.53,26094.15,3852.64,22469.92,609.89,3624.23,131727.49,763571.4,7,1125.12,6385.09,True,1125.11,6385.03,9007.53,52527.4,9007.53,52527.4,93.07,0.82,6.11,86.33,13.67,2.92
WL-y4-v4-r4,bz_nbr7008_043,weighted_loss,retail_y_4__retail_v_4__rolled_leftover_4,4,4,4,period_3,3,19,155712.6,893922.88,143405.74,822615.32,1088.65,6110.86,9.41,54.03,64.12,368.76,6490.13,37446.77,0.0,0.0,6490.13,37446.77,1467.33,8381.4,3187.16,18945.4,1,7,7,1125.12,6385.09,1112.7,6313.41,12.42,71.67,144518.44,828928.73,9,4275.81,25056.26,True,4275.81,25056.26,8043.41,46322.63,8043.41,46322.63,92.1,2.75,5.16,98.9,1.1,0.77
WL-y4-v4-r4,bz_nbr7008_043,weighted_loss,retail_y_4__retail_v_4__rolled_leftover_4,4,4,4,period_4,4,15,119491.08,689904.93,109909.47,634492.66,2521.47,14484.59,0.0,0.0,51.22,295.61,4754.95,27446.9,0.0,0.0,4754.95,27446.9,1119.69,6442.68,1134.24,6742.25,1,9,9,4275.81,25056.26,4200.39,24613.24,75.42,443.02,114109.86,659105.89,9,3655.71,21226.84,True,3655.71,21226.84,6001.28,34628.21,6001.28,34628.21,91.98,3.06,4.96,98.24,1.76,3.68
WL-y4-v4-r4,bz_nbr7008_043,weighted_loss,retail_y_4__retail_v_4__rolled_leftover_4,4,4,4,period_5,5,23,190699.24,1093588.73,177138.56,1016508.31,2155.44,12311.64,0.0,0.0,76.67,440.23,7773.63,44441.62,559.91,3060.03,7213.72,41381.59,1824.0,10426.96,1730.91,9459.8,1,9,9,3655.71,21226.84,3450.57,20036.01,205.14,1190.84,180589.13,1036544.32,9,4446.26,24831.48,True,4446.26,24831.47,9319.53,53439.62,9319.53,53439.62,92.89,2.33,4.78,94.39,5.61,1.91
WL-y4-v4-r4,bz_nbr7008_075,weighted_loss,retail_y_4__retail_v_4__rolled_leftover_4,4,4,4,period_1,1,6,40203.19,215298.54,35966.98,192612.53,682.21,3653.41,0.0,0.0,33.55,179.67,1644.04,8804.26,1617.79,8663.69,26.25,140.58,387.15,2073.29,1489.29,7975.54,1,0,0,0.0,0.0,0.0,0.0,0.0,0.0,35966.98,192612.53,11,3789.29,20292.63,True,3789.29,20292.64,446.95,2393.54,446.95,2393.54,89.46,9.43,1.11,0.0,0.0,0.0
WL-y4-v4-r4,bz_nbr7008_075,weighted_loss,retail_y_4__retail_v_4__rolled_leftover_4,4,4,4,period_2,2,5,33434.19,179048.78,28652.74,153442.87,0.0,0.0,6.2,33.2,27.87,149.25,1167.19,6250.61,1137.9,6093.75,29.29,156.86,301.56,1614.93,3278.61,17557.81,2,11,11,3789.29,20292.63,2446.89,13103.73,1342.4,7188.9,31099.63,166546.6,5,4416.51,23651.56,True,4416.51,23651.56,1707.32,9143.14,1707.32,9143.14,85.7,13.21,1.09,64.57,35.43,7.87
WL-y4-v4-r4,bz_nbr7008_075,weighted_loss,retail_y_4__retail_v_4__rolled_leftover_4,4,4,4,period_3,3,5,34980.67,187330.58,32729.34,175274.13,591.79,3169.19,6.97,37.33,28.1,150.48,1274.64,6826.03,1244.95,6667.03,29.69,159.0,349.81,1873.32,0.0,0.0,0,5,5,4416.51,23651.56,3611.0,19337.84,805.51,4313.72,36340.34,194611.97,6,1836.74,9836.22,True,1836.74,9836.22,1220.08,6533.85,1220.08,6533.85,93.56,5.25,1.19,81.76,18.24,9.94
WL-y4-v4-r4,bz_nbr7008_075,weighted_loss,retail_y_4__retail_v_4__rolled_leftover_4,4,4,4,period_4,4,5,33630.39,180099.48,28091.37,150436.59,3216.68,17226.16,0.0,0.0,27.61,147.86,1958.42,10487.85,1939.8,10388.13,18.62,99.71,336.31,1801.03,0.0,0.0,0,6,6,1836.74,9836.22,1155.05,6185.59,681.69,3650.63,29246.42,156622.18,7,5156.48,27614.29,True,5156.48,27614.29,1064.23,5699.23,1064.23,5699.23,83.53,15.33,1.14,62.89,37.11,3.95
WL-y4-v4-r4,bz_nbr7008_075,weighted_loss,retail_y_4__retail_v_4__rolled_leftover_4,4,4,4,period_5,5,6,42987.96,230211.7,37570.96,201202.26,3388.31,18145.28,0.0,0.0,33.71,180.53,1565.1,8381.52,1527.65,8180.96,37.45,200.55,429.88,2302.12,0.0,0.0,0,7,7,5156.48,27614.29,4074.92,21822.26,1081.56,5792.04,41645.88,223024.52,6,4915.96,26326.24,True,4915.96,26326.24,1582.6,8475.24,1582.6,8475.24,87.4,11.44,1.17,79.03,20.97,9.78
WL-y4-v4-r4,bz_nbr7008_095,weighted_loss,retail_y_4__retail_v_4__rolled_leftover_4,4,4,4,period_1,1,6,56463.16,305604.03,54118.12,292911.62,746.55,4040.66,0.0,0.0,43.56,235.77,990.28,5359.84,0.0,0.0,990.28,5359.84,564.64,3056.09,0.0,0.0,0,0,0,0.0,0.0,0.0,0.0,0.0,0.0,54118.12,292911.62,4,746.55,4040.66,True,746.55,4040.66,1598.48,8651.7,1598.48,8651.7,95.85,1.32,2.83,0.0,0.0,0.0
WL-y4-v4-r4,bz_nbr7008_095,weighted_loss,retail_y_4__retail_v_4__rolled_leftover_4,4,4,4,period_2,2,6,56058.86,303415.78,51007.31,276074.52,251.94,1363.61,0.0,0.0,43.56,235.77,951.34,5149.08,0.0,0.0,951.34,5149.08,527.82,2856.8,3276.87,17735.9,2,4,4,746.55,4040.66,737.62,3992.33,8.93,48.33,51744.93,280066.85,4,3528.81,19099.51,True,3528.81,19099.51,1531.65,8289.98,1531.65,8289.98,90.99,6.29,2.72,98.8,1.2,1.43
WL-y4-v4-r4,bz_nbr7008_095,weighted_loss,retail_y_4__retail_v_4__rolled_leftover_4,4,4,4,period_3,3,7,66163.44,358106.31,62310.37,337251.76,1068.71,5784.34,0.0,0.0,50.17,271.54,2072.53,11217.46,1455.04,7875.33,617.49,3342.13,661.64,3581.09,0.0,0.0,0,4,4,3528.81,19099.51,3468.26,18771.78,60.55,327.72,65778.63,356023.55,4,2523.75,13659.67,True,2523.75,13659.67,1389.85,7522.48,1389.85,7522.48,94.18,3.81,2.01,98.28,1.72,5.27
WL-y4-v4-r4,bz_nbr7008_095,weighted_loss,retail_y_4__retail_v_4__rolled_leftover_4,4,4,4,period_4,4,5,47012.83,254454.59,45158.08,244415.85,697.0,3772.48,0.0,0.0,36.46,197.34,651.16,3524.37,0.0,0.0,651.16,3524.37,470.14,2544.61,0.0,0.0,0,4,4,2523.75,13659.67,2053.93,11116.79,469.82,2542.88,47212.01,255532.64,7,697.01,3772.53,True,697.0,3772.48,1627.58,8809.2,1627.58,8809.2,96.05,1.48,2.46,81.38,18.62,4.35
WL-y4-v4-r4,bz_nbr7008_095,weighted_loss,retail_y_4__retail_v_4__rolled_leftover_4,4,4,4,period_5,5,6,62196.57,336635.83,59820.18,323773.73,642.43,3477.12,0.0,0.0,43.56,235.77,1068.42,5782.77,0.0,0.0,1068.42,5782.77,621.96,3366.33,0.0,0.0,0,7,7,697.01,3772.53,680.07,3680.84,16.94,91.69,60500.25,327454.58,3,642.44,3477.17,True,642.43,3477.12,1750.88,9476.56,1750.88,9476.56,96.18,1.03,2.79,97.57,2.43,1.12
