instance,period,period_number,coil_id,processed,used,coil_width,coil_weight,coil_ton_value,used_length,strip_count,strip_produced_weight,strip_leftover_weight,strip_retail_weight,strip_scrap_weight,strip_loss_weight,lateral_leftover_weight,lateral_leftover_retail_weight,lateral_leftover_scrap_weight,edge_trim_weight,rolled_leftover_weight,rolled_leftover_width,rolled_leftover_length,processed_scrap_weight
bf_qcv_045,period_1,1,10,0,1,1200.0,7342.89,4819.73,1727.82,2,7240.79,0.0,0.0,0.0,4.19,36.71,0.0,36.71,61.19,0.0,1200.0,0.0,0.0
bf_qcv_045,period_1,1,106,0,1,1000.0,8151.57,5288.27,2301.73,2,7830.26,0.0,0.0,0.0,3.4,236.4,0.0,236.4,81.52,0.0,1000.0,0.0,0.0
bf_qcv_045,period_1,1,107,0,1,1000.0,9312.83,5288.27,2629.63,2,9197.58,0.0,0.0,0.0,3.5,18.63,0.0,18.63,93.13,0.0,1000.0,0.0,0.0
bf_qcv_045,period_1,1,112,0,1,1000.0,7814.23,5288.27,2206.47,2,7716.96,0.0,0.0,0.0,3.5,15.63,0.0,15.63,78.14,0.0,1000.0,0.0,0.0
bf_qcv_045,period_1,1,114,0,1,1000.0,9764.95,5288.27,2757.29,2,9117.13,0.0,0.0,0.0,3.31,546.84,0.0,546.84,97.65,0.0,1000.0,0.0,0.0
bf_qcv_045,period_1,1,124,0,1,1000.0,6736.65,5288.27,1902.19,2,6652.25,0.0,0.0,0.0,3.5,13.47,0.0,13.47,67.37,0.0,1000.0,0.0,0.0
bf_qcv_045,period_1,1,134,0,1,1000.0,8206.06,5288.27,2317.11,2,7661.15,0.0,0.0,0.0,3.31,459.54,0.0,459.54,82.06,0.0,1000.0,0.0,0.0
bf_qcv_045,period_1,1,136,0,1,1000.0,9049.37,5288.27,2555.24,2,8448.8,0.0,0.0,0.0,3.31,506.76,0.0,506.76,90.49,0.0,1000.0,0.0,0.0
bf_qcv_045,period_1,1,142,0,1,1000.0,8859.15,5288.27,2501.52,2,8749.34,0.0,0.0,0.0,3.5,17.72,0.0,17.72,88.59,0.0,1000.0,0.0,0.0
bf_qcv_045,period_1,1,146,0,1,1000.0,8447.56,5288.27,2385.31,2,7886.71,0.0,0.0,0.0,3.31,473.06,0.0,473.06,84.48,0.0,1000.0,0.0,0.0
bf_qcv_045,period_1,1,157,0,1,1000.0,9296.83,5288.27,2625.11,2,8930.85,0.0,0.0,0.0,3.4,269.61,0.0,269.61,92.97,0.0,1000.0,0.0,0.0
bf_qcv_045,period_1,1,168,0,1,880.0,8196.89,5302.87,2630.14,2,8063.42,0.0,0.0,0.0,3.07,37.26,0.0,37.26,93.15,0.0,880.0,0.0,0.0
bf_qcv_045,period_1,1,175,0,1,880.0,7080.64,5302.87,2271.97,2,6964.93,0.0,0.0,0.0,3.07,32.18,0.0,32.18,80.46,0.0,880.0,0.0,0.0
bf_qcv_045,period_1,1,177,0,1,880.0,6898.96,5302.87,2213.67,2,6786.14,0.0,0.0,0.0,3.07,31.36,0.0,31.36,78.4,0.0,880.0,0.0,0.0
bf_qcv_045,period_1,1,180,0,1,880.0,8764.2,5302.87,2812.18,2,8651.57,0.0,0.0,0.0,3.08,9.96,0.0,9.96,99.59,0.0,880.0,0.0,0.0
bf_qcv_045,period_1,1,187,0,1,880.0,7216.06,5302.87,2315.42,2,7122.78,0.0,0.0,0.0,3.08,8.2,0.0,8.2,82.0,0.0,880.0,0.0,0.0
bf_qcv_045,period_1,1,190,0,1,880.0,5846.27,5302.87,1875.9,2,5750.08,0.12,0.0,0.12,3.07,26.57,0.0,26.57,66.43,0.0,880.0,0.0,0.0
bf_qcv_045,period_1,1,195,0,1,880.0,7009.32,5302.87,2249.09,2,6918.61,0.02,0.0,0.02,3.08,7.97,0.0,7.97,79.65,0.0,880.0,0.0,0.0
bf_qcv_045,period_1,1,196,0,1,880.0,7155.48,5302.87,2295.98,2,7062.96,0.0,0.0,0.0,3.08,8.13,0.0,8.13,81.31,0.0,880.0,0.0,0.0
bf_qcv_045,period_1,1,205,0,1,880.0,5940.79,5302.87,1906.23,2,5843.21,0.0,0.0,0.0,3.07,27.0,0.0,27.0,67.51,0.0,880.0,0.0,0.0
bf_qcv_045,period_1,1,207,0,1,880.0,7244.86,5302.87,2324.66,2,7151.22,0.0,0.0,0.0,3.08,8.23,0.0,8.23,82.33,0.0,880.0,0.0,0.0
bf_qcv_045,period_1,1,21,0,1,1200.0,7985.82,4819.73,1879.1,2,7875.15,0.0,0.0,0.0,4.19,39.93,0.0,39.93,66.55,0.0,1200.0,0.0,0.0
bf_qcv_045,period_1,1,210,0,1,880.0,7283.34,5302.87,2337.01,2,7189.22,0.0,0.0,0.0,3.08,8.28,0.0,8.28,82.77,0.0,880.0,0.0,0.0
bf_qcv_045,period_1,1,211,0,1,880.0,7672.4,5302.87,2461.85,2,7547.27,0.0,0.0,0.0,3.07,34.87,0.0,34.87,87.19,0.0,880.0,0.0,0.0
bf_qcv_045,period_1,1,215,0,1,880.0,7412.93,5302.87,2378.59,2,7317.19,0.0,0.0,0.0,3.08,8.42,0.0,8.42,84.24,0.0,880.0,0.0,0.0
bf_qcv_045,period_1,1,220,0,1,880.0,8484.8,5302.87,2722.52,2,8375.66,0.0,0.0,0.0,3.08,9.64,0.0,9.64,96.42,0.0,880.0,0.0,0.0
bf_qcv_045,period_1,1,222,0,1,880.0,7362.83,5302.87,2362.52,2,7267.72,0.0,0.0,0.0,3.08,8.37,0.0,8.37,83.67,0.0,880.0,0.0,0.0
bf_qcv_045,period_1,1,231,0,1,880.0,7039.14,5302.87,2258.65,2,6948.07,0.0,0.0,0.0,3.08,8.0,0.0,8.0,79.99,0.0,880.0,0.0,0.0
bf_qcv_045,period_1,1,234,0,1,880.0,8367.18,5302.87,2684.78,2,8231.0,0.0,0.0,0.0,3.07,38.03,0.0,38.03,95.08,0.0,880.0,0.0,0.0
bf_qcv_045,period_1,1,235,0,1,880.0,7326.77,5302.87,2350.95,2,7232.11,0.0,0.0,0.0,3.08,8.33,0.0,8.33,83.26,0.0,880.0,0.0,0.0
bf_qcv_045,period_1,1,248,0,1,880.0,8106.4,5302.87,2601.11,2,7974.37,0.0,0.0,0.0,3.07,36.85,0.0,36.85,92.12,0.0,880.0,0.0,0.0
bf_qcv_045,period_1,1,252,0,1,880.0,8352.17,5302.87,2679.97,2,8244.69,0.0,0.0,0.0,3.08,9.49,0.0,9.49,94.91,0.0,880.0,0.0,0.0
bf_qcv_045,period_1,1,32,0,1,1200.0,8255.11,4819.73,1942.47,2,8140.85,0.0,0.0,0.0,4.19,41.28,0.0,41.28,68.79,0.0,1200.0,0.0,0.0
bf_qcv_045,period_1,1,38,0,1,1200.0,5600.09,4819.73,1317.73,2,5521.23,0.0,0.0,0.0,4.19,28.0,0.0,28.0,46.67,0.0,1200.0,0.0,0.0
bf_qcv_045,period_1,1,4,0,1,1200.0,8025.79,4819.73,1888.51,2,7914.59,0.0,0.0,0.0,4.19,40.13,0.0,40.13,66.88,0.0,1200.0,0.0,0.0
bf_qcv_045,period_1,1,55,0,1,1200.0,7683.09,4819.73,1807.87,2,7574.2,2.26,0.0,2.26,4.19,38.42,0.0,38.42,64.03,0.0,1200.0,0.0,0.0
bf_qcv_045,period_1,1,66,0,1,1200.0,7909.62,4819.73,1861.17,2,7799.97,0.0,0.0,0.0,4.19,39.55,0.0,39.55,65.91,0.0,1200.0,0.0,0.0
bf_qcv_045,period_1,1,72,0,1,1200.0,8036.24,4819.73,1890.97,2,7924.9,0.0,0.0,0.0,4.19,40.18,0.0,40.18,66.97,0.0,1200.0,0.0,0.0
bf_qcv_045,period_1,1,74,0,1,1200.0,8054.77,4819.73,1895.33,2,7943.18,0.0,0.0,0.0,4.19,40.27,0.0,40.27,67.12,0.0,1200.0,0.0,0.0
bf_qcv_045,period_1,1,83,0,1,1200.0,7994.35,4819.73,1881.11,2,7883.57,0.0,0.0,0.0,4.19,39.97,0.0,39.97,66.62,0.0,1200.0,0.0,0.0
bf_qcv_045,period_2,2,107,0,1,1000.0,9312.83,5288.27,2629.63,2,8694.88,0.0,0.0,0.0,3.31,521.52,0.0,521.52,93.13,0.0,1000.0,0.0,0.0
bf_qcv_045,period_2,2,114,0,1,1000.0,9764.95,5288.27,2757.29,2,9644.27,0.0,0.0,0.0,3.5,19.53,0.0,19.53,97.65,0.0,1000.0,0.0,0.0
bf_qcv_045,period_2,2,119,0,1,1000.0,8730.4,5288.27,2465.17,2,8150.89,0.0,0.0,0.0,3.31,488.9,0.0,488.9,87.3,0.0,1000.0,0.0,0.0
bf_qcv_045,period_2,2,123,0,1,1000.0,8934.09,5288.27,2522.69,2,8823.38,0.0,0.0,0.0,3.5,17.87,0.0,17.87,89.34,0.0,1000.0,0.0,0.0
bf_qcv_045,period_2,2,139,0,1,1000.0,8472.39,5288.27,2392.32,2,8367.22,0.0,0.0,0.0,3.5,16.94,0.0,16.94,84.72,0.0,1000.0,0.0,0.0
bf_qcv_045,period_2,2,142,0,1,1000.0,8859.15,5288.27,2501.52,2,8510.24,0.0,0.0,0.0,3.4,256.92,0.0,256.92,88.59,0.0,1000.0,0.0,0.0
bf_qcv_045,period_2,2,146,0,1,1000.0,8447.56,5288.27,2385.31,2,7886.71,0.0,0.0,0.0,3.31,473.06,0.0,473.06,84.48,0.0,1000.0,0.0,0.0
bf_qcv_045,period_2,2,149,0,1,1000.0,8243.94,5288.27,2327.81,2,7696.53,0.0,0.0,0.0,3.31,461.66,0.0,461.66,82.44,0.0,1000.0,0.0,0.0
bf_qcv_045,period_2,2,165,0,1,1000.0,8589.81,5288.27,2425.47,2,8483.07,0.16,0.0,0.16,3.5,17.18,0.0,17.18,85.9,0.0,1000.0,0.0,0.0
bf_qcv_045,period_2,2,168,0,1,880.0,8196.89,5302.87,2630.14,2,8063.42,0.0,0.0,0.0,3.07,37.26,0.0,37.26,93.15,0.0,880.0,0.0,0.0
bf_qcv_045,period_2,2,178,0,1,880.0,7891.48,5302.87,2532.14,2,7789.76,0.0,0.0,0.0,3.08,8.97,0.0,8.97,89.68,0.0,880.0,0.0,0.0
bf_qcv_045,period_2,2,180,0,1,880.0,8764.2,5302.87,2812.18,2,8621.7,0.0,0.0,0.0,3.07,39.84,0.0,39.84,99.59,0.0,880.0,0.0,0.0
bf_qcv_045,period_2,2,192,0,1,880.0,7480.06,5302.87,2400.13,2,7383.48,0.0,0.0,0.0,3.08,8.5,0.0,8.5,85.0,0.0,880.0,0.0,0.0
bf_qcv_045,period_2,2,204,0,1,880.0,7616.07,5302.87,2443.77,2,7517.79,0.0,0.0,0.0,3.08,8.65,0.0,8.65,86.55,0.0,880.0,0.0,0.0
bf_qcv_045,period_2,2,211,0,1,880.0,7672.4,5302.87,2461.85,2,7573.42,0.0,0.0,0.0,3.08,8.72,0.0,8.72,87.19,0.0,880.0,0.0,0.0
bf_qcv_045,period_2,2,213,0,1,880.0,7338.81,5302.87,2354.81,2,7243.62,0.38,0.0,0.38,3.08,8.34,0.0,8.34,83.4,0.0,880.0,0.0,0.0
bf_qcv_045,period_2,2,220,0,1,880.0,8484.8,5302.87,2722.52,2,8375.66,0.0,0.0,0.0,3.08,9.64,0.0,9.64,96.42,0.0,880.0,0.0,0.0
bf_qcv_045,period_2,2,222,0,1,880.0,7362.83,5302.87,2362.52,2,7267.72,0.0,0.0,0.0,3.08,8.37,0.0,8.37,83.67,0.0,880.0,0.0,0.0
bf_qcv_045,period_2,2,225,0,1,880.0,7640.29,5302.87,2451.55,2,7515.67,0.0,0.0,0.0,3.07,34.73,0.0,34.73,86.82,0.0,880.0,0.0,0.0
bf_qcv_045,period_2,2,231,0,1,880.0,7039.14,5302.87,2258.64,2,6948.04,0.0,0.0,0.0,3.08,8.0,0.0,8.0,79.99,0.0,880.0,0.0,0.0
bf_qcv_045,period_2,2,235,0,1,880.0,7326.77,5302.87,2350.95,2,7232.11,0.0,0.0,0.0,3.08,8.33,0.0,8.33,83.26,0.0,880.0,0.0,0.0
bf_qcv_045,period_2,2,236,0,1,880.0,5494.68,5302.87,1763.08,2,5404.2,0.0,0.0,0.0,3.07,24.98,0.0,24.98,62.44,0.0,880.0,0.0,0.0
bf_qcv_045,period_2,2,248,0,1,880.0,8106.4,5302.87,2601.11,2,7974.37,0.0,0.0,0.0,3.07,36.85,0.0,36.85,92.12,0.0,880.0,0.0,0.0
bf_qcv_045,period_2,2,252,0,1,880.0,8352.17,5302.87,2679.97,2,8216.23,0.0,0.0,0.0,3.07,37.96,0.0,37.96,94.91,0.0,880.0,0.0,0.0
bf_qcv_045,period_2,2,253,0,1,880.0,7601.37,5302.87,2439.06,2,7503.28,0.0,0.0,0.0,3.08,8.64,0.0,8.64,86.38,0.0,880.0,0.0,0.0
bf_qcv_045,period_2,2,32,0,1,1200.0,8255.11,4819.73,1942.47,2,8140.85,0.0,0.0,0.0,4.19,41.28,0.0,41.28,68.79,0.0,1200.0,0.0,0.0
bf_qcv_045,period_2,2,4,0,1,1200.0,8025.79,4819.73,1888.51,2,7914.59,0.0,0.0,0.0,4.19,40.13,0.0,40.13,66.88,0.0,1200.0,0.0,0.0
bf_qcv_045,period_2,2,58,0,1,1200.0,6749.63,4819.73,1588.22,2,6655.43,0.02,0.0,0.02,4.19,33.75,0.0,33.75,56.25,0.0,1200.0,0.0,0.0
bf_qcv_045,period_2,2,60,0,1,1200.0,7644.47,4819.73,1798.78,2,7538.35,0.0,0.0,0.0,4.19,38.22,0.0,38.22,63.7,0.0,1200.0,0.0,0.0
bf_qcv_045,period_2,2,7,0,1,1200.0,8064.92,4819.73,1897.72,2,7953.19,0.0,0.0,0.0,4.19,40.32,0.0,40.32,67.21,0.0,1200.0,0.0,0.0
bf_qcv_045,period_2,2,72,0,1,1200.0,8036.24,4819.73,1890.97,2,7924.9,0.0,0.0,0.0,4.19,40.18,0.0,40.18,66.97,0.0,1200.0,0.0,0.0
bf_qcv_045,period_2,2,74,0,1,1200.0,8054.77,4819.73,1895.33,2,7943.18,0.0,0.0,0.0,4.19,40.27,0.0,40.27,67.12,0.0,1200.0,0.0,0.0
bf_qcv_045,period_2,2,76,0,1,1200.0,7537.46,4819.73,1773.6,2,7431.74,1.03,0.0,1.03,4.19,37.69,0.0,37.69,62.81,0.0,1200.0,0.0,0.0
bf_qcv_045,period_2,2,83,0,1,1200.0,7994.35,4819.73,1881.11,2,7883.57,0.0,0.0,0.0,4.19,39.97,0.0,39.97,66.62,0.0,1200.0,0.0,0.0
bf_qcv_045,period_2,2,87,0,1,1200.0,7602.58,4819.73,1788.93,2,7497.02,0.0,0.0,0.0,4.19,38.01,0.0,38.01,63.35,0.0,1200.0,0.0,0.0
bf_qcv_045,period_3,3,107,0,1,1000.0,9312.83,5288.27,2629.63,2,9197.58,0.0,0.0,0.0,3.5,18.63,0.0,18.63,93.13,0.0,1000.0,0.0,0.0
bf_qcv_045,period_3,3,114,0,1,1000.0,9764.95,5288.27,2757.29,2,9117.16,0.0,0.0,0.0,3.31,546.84,0.0,546.84,97.65,0.0,1000.0,0.0,0.0
bf_qcv_045,period_3,3,117,0,1,1000.0,7807.8,5288.27,2204.66,2,7499.89,0.0,0.0,0.0,3.4,226.43,0.0,226.43,78.08,0.0,1000.0,0.0,0.0
bf_qcv_045,period_3,3,119,0,1,1000.0,8730.4,5288.27,2465.17,2,8386.51,0.0,0.0,0.0,3.4,253.18,0.0,253.18,87.3,0.0,1000.0,0.0,0.0
bf_qcv_045,period_3,3,126,0,1,1000.0,9551.22,5288.27,2696.94,2,8917.53,0.0,0.0,0.0,3.31,534.87,0.0,534.87,95.51,0.0,1000.0,0.0,0.0
bf_qcv_045,period_3,3,131,0,1,1000.0,6620.06,5288.27,1869.28,2,6179.83,0.0,0.0,0.0,3.31,370.72,0.0,370.72,66.2,0.0,1000.0,0.0,0.0
bf_qcv_045,period_3,3,142,0,1,1000.0,8859.15,5288.27,2501.52,2,8510.24,0.0,0.0,0.0,3.4,256.92,0.0,256.92,88.59,0.0,1000.0,0.0,0.0
bf_qcv_045,period_3,3,157,0,1,1000.0,9296.83,5288.27,2625.11,2,9181.27,0.5,0.0,0.5,3.5,18.59,0.0,18.59,92.97,0.0,1000.0,0.0,0.0
bf_qcv_045,period_3,3,168,0,1,880.0,8196.89,5302.87,2630.14,2,8063.42,0.0,0.0,0.0,3.07,37.26,0.0,37.26,93.15,0.0,880.0,0.0,0.0
bf_qcv_045,period_3,3,176,0,1,880.0,7459.93,5302.87,2393.67,2,7338.18,0.0,0.0,0.0,3.07,33.91,0.0,33.91,84.77,0.0,880.0,0.0,0.0
bf_qcv_045,period_3,3,178,0,1,880.0,7891.48,5302.87,2532.14,2,7762.87,0.0,0.0,0.0,3.07,35.87,0.0,35.87,89.68,0.0,880.0,0.0,0.0
bf_qcv_045,period_3,3,180,0,1,880.0,8764.2,5302.87,2812.18,2,8621.7,0.0,0.0,0.0,3.07,39.84,0.0,39.84,99.59,0.0,880.0,0.0,0.0
bf_qcv_045,period_3,3,181,0,1,880.0,7321.08,5302.87,2349.12,2,7201.54,0.0,0.0,0.0,3.07,33.28,0.0,33.28,83.19,0.0,880.0,0.0,0.0
bf_qcv_045,period_3,3,184,0,1,880.0,7222.42,5302.87,2317.46,2,7129.06,0.0,0.0,0.0,3.08,8.21,0.0,8.21,82.07,0.0,880.0,0.0,0.0
bf_qcv_045,period_3,3,186,0,1,880.0,7381.95,5302.87,2368.65,2,7286.6,0.0,0.0,0.0,3.08,8.39,0.0,8.39,83.89,0.0,880.0,0.0,0.0
bf_qcv_045,period_3,3,196,0,1,880.0,7155.48,5302.87,2295.98,2,7062.96,0.0,0.0,0.0,3.08,8.13,0.0,8.13,81.31,0.0,880.0,0.0,0.0
bf_qcv_045,period_3,3,201,0,1,880.0,7136.52,5302.87,2289.9,2,7044.24,0.0,0.0,0.0,3.08,8.11,0.0,8.11,81.1,0.0,880.0,0.0,0.0
bf_qcv_045,period_3,3,203,0,1,880.0,7636.22,5302.87,2450.24,2,7537.65,0.0,0.0,0.0,3.08,8.68,0.0,8.68,86.78,0.0,880.0,0.0,0.0
bf_qcv_045,period_3,3,204,0,1,880.0,7616.07,5302.87,2443.77,2,7517.79,0.0,0.0,0.0,3.08,8.65,0.0,8.65,86.55,0.0,880.0,0.0,0.0
bf_qcv_045,period_3,3,208,0,1,880.0,7244.0,5302.87,2324.39,2,7150.37,0.0,0.0,0.0,3.08,8.23,0.0,8.23,82.32,0.0,880.0,0.0,0.0
bf_qcv_045,period_3,3,21,0,1,1200.0,7985.82,4819.73,1879.1,2,7875.1,0.04,0.0,0.04,4.19,39.93,0.0,39.93,66.55,0.0,1200.0,0.0,0.0
bf_qcv_045,period_3,3,211,0,1,880.0,7672.4,5302.87,2461.85,2,7547.27,0.0,0.0,0.0,3.07,34.87,0.0,34.87,87.19,0.0,880.0,0.0,0.0
bf_qcv_045,period_3,3,212,0,1,880.0,7547.31,5302.87,2421.71,2,7449.89,0.0,0.0,0.0,3.08,8.58,0.0,8.58,85.76,0.0,880.0,0.0,0.0
bf_qcv_045,period_3,3,213,0,1,880.0,7338.81,5302.87,2354.81,2,7244.0,0.0,0.0,0.0,3.08,8.34,0.0,8.34,83.4,0.0,880.0,0.0,0.0
bf_qcv_045,period_3,3,220,0,1,880.0,8484.8,5302.87,2722.52,2,8346.75,0.0,0.0,0.0,3.07,38.57,0.0,38.57,96.42,0.0,880.0,0.0,0.0
bf_qcv_045,period_3,3,225,0,1,880.0,7640.29,5302.87,2451.55,2,7541.71,0.0,0.0,0.0,3.08,8.68,0.0,8.68,86.82,0.0,880.0,0.0,0.0
bf_qcv_045,period_3,3,234,0,1,880.0,8367.18,5302.87,2684.78,2,8231.0,0.0,0.0,0.0,3.07,38.03,0.0,38.03,95.08,0.0,880.0,0.0,0.0
bf_qcv_045,period_3,3,239,0,1,880.0,7477.33,5302.87,2399.26,2,7380.74,0.04,0.0,0.04,3.08,8.5,0.0,8.5,84.97,0.0,880.0,0.0,0.0
bf_qcv_045,period_3,3,243,0,1,880.0,7486.51,5302.87,2402.2,2,7364.34,0.0,0.0,0.0,3.07,34.03,0.0,34.03,85.07,0.0,880.0,0.0,0.0
bf_qcv_045,period_3,3,248,0,1,880.0,8106.4,5302.87,2601.11,2,8001.99,0.0,0.0,0.0,3.08,9.21,0.0,9.21,92.12,0.0,880.0,0.0,0.0
bf_qcv_045,period_3,3,252,0,1,880.0,8352.17,5302.87,2679.97,2,8216.23,0.0,0.0,0.0,3.07,37.96,0.0,37.96,94.91,0.0,880.0,0.0,0.0
bf_qcv_045,period_3,3,253,0,1,880.0,7601.37,5302.87,2439.06,2,7477.37,0.0,0.0,0.0,3.07,34.55,0.0,34.55,86.38,0.0,880.0,0.0,0.0
bf_qcv_045,period_3,3,3,0,1,1200.0,7416.12,4819.73,1745.05,2,7313.05,0.0,0.0,0.0,4.19,37.08,0.0,37.08,61.8,0.0,1200.0,0.0,0.0
bf_qcv_045,period_3,3,31,0,1,1200.0,6545.91,4819.73,1540.29,2,6454.44,0.0,0.0,0.0,4.19,32.73,0.0,32.73,54.55,0.0,1200.0,0.0,0.0
bf_qcv_045,period_3,3,35,0,1,1200.0,7537.9,4819.73,1773.71,2,7433.2,0.0,0.0,0.0,4.19,37.69,0.0,37.69,62.82,0.0,1200.0,0.0,0.0
bf_qcv_045,period_3,3,4,0,1,1200.0,8025.79,4819.73,1888.51,2,7914.59,0.0,0.0,0.0,4.19,40.13,0.0,40.13,66.88,0.0,1200.0,0.0,0.0
bf_qcv_045,period_3,3,40,0,1,1200.0,7102.11,4819.73,1671.16,2,7003.22,0.0,0.0,0.0,4.19,35.51,0.0,35.51,59.18,0.0,1200.0,0.0,0.0
bf_qcv_045,period_3,3,48,0,1,1200.0,7701.29,4819.73,1812.15,2,7594.04,0.38,0.0,0.38,4.19,38.51,0.0,38.51,64.18,0.0,1200.0,0.0,0.0
bf_qcv_045,period_3,3,60,0,1,1200.0,7644.47,4819.73,1798.78,2,7538.35,0.0,0.0,0.0,4.19,38.22,0.0,38.22,63.7,0.0,1200.0,0.0,0.0
bf_qcv_045,period_3,3,7,0,1,1200.0,8064.92,4819.73,1897.72,2,7953.19,0.0,0.0,0.0,4.19,40.32,0.0,40.32,67.21,0.0,1200.0,0.0,0.0
bf_qcv_045,period_3,3,74,0,1,1200.0,8054.77,4819.73,1895.33,2,7943.18,0.0,0.0,0.0,4.19,40.27,0.0,40.27,67.12,0.0,1200.0,0.0,0.0
bf_qcv_045,period_3,3,83,0,1,1200.0,7994.35,4819.73,1881.11,2,7883.57,0.0,0.0,0.0,4.19,39.97,0.0,39.97,66.62,0.0,1200.0,0.0,0.0
bf_qcv_045,period_3,3,92,0,1,1000.0,8593.93,5288.27,2426.64,2,8487.3,0.0,0.0,0.0,3.5,17.19,0.0,17.19,85.94,0.0,1000.0,0.0,0.0
bf_qcv_045,period_3,3,97,0,1,1000.0,8067.01,5288.27,2277.85,2,7531.28,0.0,0.0,0.0,3.31,451.75,0.0,451.75,80.67,0.0,1000.0,0.0,0.0
bf_qcv_045,period_4,4,10,0,1,1200.0,7342.89,4819.73,1727.82,2,7240.79,0.0,0.0,0.0,4.19,36.71,0.0,36.71,61.19,0.0,1200.0,0.0,0.0
bf_qcv_045,period_4,4,107,0,1,1000.0,9312.83,5288.27,2629.63,2,8946.23,0.0,0.0,0.0,3.4,270.07,0.0,270.07,93.13,0.0,1000.0,0.0,0.0
bf_qcv_045,period_4,4,119,0,1,1000.0,8730.4,5288.27,2465.17,2,8622.14,0.0,0.0,0.0,3.5,17.46,0.0,17.46,87.3,0.0,1000.0,0.0,0.0
bf_qcv_045,period_4,4,123,0,1,1000.0,8934.09,5288.27,2522.69,2,8341.13,0.0,0.0,0.0,3.31,500.31,0.0,500.31,89.34,0.0,1000.0,0.0,0.0
bf_qcv_045,period_4,4,134,0,1,1000.0,8206.06,5288.27,2317.11,2,8104.09,0.0,0.0,0.0,3.5,16.41,0.0,16.41,82.06,0.0,1000.0,0.0,0.0
bf_qcv_045,period_4,4,142,0,1,1000.0,8859.15,5288.27,2501.52,2,8271.14,0.0,0.0,0.0,3.31,496.11,0.0,496.11,88.59,0.0,1000.0,0.0,0.0
bf_qcv_045,period_4,4,150,0,1,1000.0,8067.69,5288.27,2278.04,2,7531.91,0.0,0.0,0.0,3.31,451.79,0.0,451.79,80.68,0.0,1000.0,0.0,0.0
bf_qcv_045,period_4,4,152,0,1,1000.0,8106.44,5288.27,2288.98,2,8005.47,0.19,0.0,0.19,3.5,16.21,0.0,16.21,81.06,0.0,1000.0,0.0,0.0
bf_qcv_045,period_4,4,157,0,1,1000.0,9296.83,5288.27,2625.11,2,8679.93,0.0,0.0,0.0,3.31,520.62,0.0,520.62,92.97,0.0,1000.0,0.0,0.0
bf_qcv_045,period_4,4,168,0,1,880.0,8196.89,5302.87,2630.14,2,8091.35,0.0,0.0,0.0,3.08,9.31,0.0,9.31,93.15,0.0,880.0,0.0,0.0
bf_qcv_045,period_4,4,171,0,1,880.0,6277.12,5302.87,2014.14,2,6174.19,0.0,0.0,0.0,3.07,28.53,0.0,28.53,71.33,0.0,880.0,0.0,0.0
bf_qcv_045,period_4,4,176,0,1,880.0,7459.93,5302.87,2393.67,2,7363.6,0.0,0.0,0.0,3.08,8.48,0.0,8.48,84.77,0.0,880.0,0.0,0.0
bf_qcv_045,period_4,4,180,0,1,880.0,8764.2,5302.87,2812.18,2,8621.36,0.34,0.0,0.34,3.07,39.84,0.0,39.84,99.59,0.0,880.0,0.0,0.0
bf_qcv_045,period_4,4,181,0,1,880.0,7321.08,5302.87,2349.12,2,7226.43,0.06,0.0,0.06,3.08,8.32,0.0,8.32,83.19,0.0,880.0,0.0,0.0
bf_qcv_045,period_4,4,183,0,1,880.0,6152.16,5302.87,1974.05,2,6072.18,0.0,0.0,0.0,3.08,6.99,0.0,6.99,69.91,0.0,880.0,0.0,0.0
bf_qcv_045,period_4,4,186,0,1,880.0,7381.95,5302.87,2368.65,2,7261.44,0.0,0.0,0.0,3.07,33.55,0.0,33.55,83.89,0.0,880.0,0.0,0.0
bf_qcv_045,period_4,4,2,0,1,1200.0,6868.7,4819.73,1616.24,2,6772.92,0.0,0.0,0.0,4.19,34.34,0.0,34.34,57.24,0.0,1200.0,0.0,0.0
bf_qcv_045,period_4,4,204,0,1,880.0,7616.07,5302.87,2443.77,2,7517.79,0.0,0.0,0.0,3.08,8.65,0.0,8.65,86.55,0.0,880.0,0.0,0.0
bf_qcv_045,period_4,4,213,0,1,880.0,7338.81,5302.87,2354.81,2,7218.99,0.0,0.0,0.0,3.07,33.36,0.0,33.36,83.4,0.0,880.0,0.0,0.0
bf_qcv_045,period_4,4,220,0,1,880.0,8484.8,5302.87,2722.52,2,8375.66,0.0,0.0,0.0,3.08,9.64,0.0,9.64,96.42,0.0,880.0,0.0,0.0
bf_qcv_045,period_4,4,225,0,1,880.0,7640.29,5302.87,2451.55,2,7541.71,0.0,0.0,0.0,3.08,8.68,0.0,8.68,86.82,0.0,880.0,0.0,0.0
bf_qcv_045,period_4,4,247,0,1,880.0,6439.86,5302.87,2066.36,2,6334.34,0.0,0.0,0.0,3.07,29.27,0.0,29.27,73.18,0.0,880.0,0.0,0.0
bf_qcv_045,period_4,4,248,0,1,880.0,8106.4,5302.87,2601.11,2,8001.99,0.0,0.0,0.0,3.08,9.21,0.0,9.21,92.12,0.0,880.0,0.0,0.0
bf_qcv_045,period_4,4,252,0,1,880.0,8352.17,5302.87,2679.97,2,8244.69,0.0,0.0,0.0,3.08,9.49,0.0,9.49,94.91,0.0,880.0,0.0,0.0
bf_qcv_045,period_4,4,32,0,1,1200.0,8255.11,4819.73,1942.47,2,8140.85,0.0,0.0,0.0,4.19,41.28,0.0,41.28,68.79,0.0,1200.0,0.0,0.0
bf_qcv_045,period_4,4,6,0,1,1200.0,6801.92,4819.73,1600.53,2,6707.03,0.0,0.0,0.0,4.19,34.01,0.0,34.01,56.68,0.0,1200.0,0.0,0.0
bf_qcv_045,period_4,4,66,0,1,1200.0,7909.62,4819.73,1861.17,2,7799.97,0.0,0.0,0.0,4.19,39.55,0.0,39.55,65.91,0.0,1200.0,0.0,0.0
bf_qcv_045,period_4,4,72,0,1,1200.0,8036.24,4819.73,1890.97,2,7924.49,0.41,0.0,0.41,4.19,40.18,0.0,40.18,66.97,0.0,1200.0,0.0,0.0
bf_qcv_045,period_4,4,8,0,1,1200.0,7499.52,4819.73,1764.68,2,7395.33,0.0,0.0,0.0,4.19,37.5,0.0,37.5,62.5,0.0,1200.0,0.0,0.0
bf_qcv_045,period_4,4,90,0,1,1000.0,8237.15,5288.27,2325.89,2,8134.81,0.0,0.0,0.0,3.5,16.47,0.0,16.47,82.37,0.0,1000.0,0.0,0.0
bf_qcv_045,period_5,5,106,0,1,1000.0,8151.57,5288.27,2301.73,2,8050.25,0.0,0.0,0.0,3.5,16.3,0.0,16.3,81.52,0.0,1000.0,0.0,0.0
bf_qcv_045,period_5,5,112,0,1,1000.0,7814.23,5288.27,2206.47,2,7295.18,0.0,0.0,0.0,3.31,437.6,0.0,437.6,78.14,0.0,1000.0,0.0,0.0
bf_qcv_045,period_5,5,119,0,1,1000.0,8730.4,5288.27,2465.17,2,8622.14,0.0,0.0,0.0,3.5,17.46,0.0,17.46,87.3,0.0,1000.0,0.0,0.0
bf_qcv_045,period_5,5,123,0,1,1000.0,8934.09,5288.27,2522.69,2,8582.26,0.0,0.0,0.0,3.4,259.09,0.0,259.09,89.34,0.0,1000.0,0.0,0.0
bf_qcv_045,period_5,5,126,0,1,1000.0,9551.22,5288.27,2696.94,2,8917.53,0.0,0.0,0.0,3.31,534.87,0.0,534.87,95.51,0.0,1000.0,0.0,0.0
bf_qcv_045,period_5,5,142,0,1,1000.0,8859.15,5288.27,2501.52,2,8271.14,0.0,0.0,0.0,3.31,496.11,0.0,496.11,88.59,0.0,1000.0,0.0,0.0
bf_qcv_045,period_5,5,157,0,1,1000.0,9296.83,5288.27,2625.11,2,8930.85,0.0,0.0,0.0,3.4,269.61,0.0,269.61,92.97,0.0,1000.0,0.0,0.0
bf_qcv_045,period_5,5,161,0,1,1000.0,7071.34,5288.27,1996.71,2,6982.98,0.0,0.0,0.0,3.5,14.14,0.0,14.14,70.71,0.0,1000.0,0.0,0.0
bf_qcv_045,period_5,5,167,0,1,1000.0,8479.08,5288.27,2394.21,2,8144.37,0.62,0.0,0.62,3.4,245.89,0.0,245.89,84.79,0.0,1000.0,0.0,0.0
bf_qcv_045,period_5,5,168,0,1,880.0,8196.89,5302.87,2630.14,2,8090.96,0.39,0.0,0.39,3.08,9.31,0.0,9.31,93.15,0.0,880.0,0.0,0.0
bf_qcv_045,period_5,5,175,0,1,880.0,7080.64,5302.87,2271.97,2,6964.93,0.0,0.0,0.0,3.07,32.18,0.0,32.18,80.46,0.0,880.0,0.0,0.0
bf_qcv_045,period_5,5,176,0,1,880.0,7459.93,5302.87,2393.67,2,7363.6,0.0,0.0,0.0,3.08,8.48,0.0,8.48,84.77,0.0,880.0,0.0,0.0
bf_qcv_045,period_5,5,178,0,1,880.0,7891.48,5302.87,2532.14,2,7789.76,0.0,0.0,0.0,3.08,8.97,0.0,8.97,89.68,0.0,880.0,0.0,0.0
bf_qcv_045,period_5,5,180,0,1,880.0,8764.2,5302.87,2812.18,2,8651.57,0.0,0.0,0.0,3.08,9.96,0.0,9.96,99.59,0.0,880.0,0.0,0.0
bf_qcv_045,period_5,5,183,0,1,880.0,6152.16,5302.87,1974.05,2,6072.18,0.0,0.0,0.0,3.08,6.99,0.0,6.99,69.91,0.0,880.0,0.0,0.0
bf_qcv_045,period_5,5,193,0,1,880.0,7037.51,5302.87,2258.13,2,6922.48,0.0,0.0,0.0,3.07,31.99,0.0,31.99,79.97,0.0,880.0,0.0,0.0
bf_qcv_045,period_5,5,196,0,1,880.0,7155.48,5302.87,2295.98,2,7062.96,0.0,0.0,0.0,3.08,8.13,0.0,8.13,81.31,0.0,880.0,0.0,0.0
bf_qcv_045,period_5,5,204,0,1,880.0,7616.07,5302.87,2443.77,2,7491.18,0.66,0.0,0.66,3.07,34.62,0.0,34.62,86.55,0.0,880.0,0.0,0.0
bf_qcv_045,period_5,5,211,0,1,880.0,7672.4,5302.87,2461.85,2,7547.27,0.0,0.0,0.0,3.07,34.87,0.0,34.87,87.19,0.0,880.0,0.0,0.0
bf_qcv_045,period_5,5,220,0,1,880.0,8484.8,5302.87,2722.52,2,8375.66,0.0,0.0,0.0,3.08,9.64,0.0,9.64,96.42,0.0,880.0,0.0,0.0
bf_qcv_045,period_5,5,225,0,1,880.0,7640.29,5302.87,2451.55,2,7541.71,0.0,0.0,0.0,3.08,8.68,0.0,8.68,86.82,0.0,880.0,0.0,0.0
bf_qcv_045,period_5,5,229,0,1,880.0,7358.24,5302.87,2361.04,2,7263.18,0.0,0.0,0.0,3.08,8.36,0.0,8.36,83.62,0.0,880.0,0.0,0.0
bf_qcv_045,period_5,5,232,0,1,880.0,6921.4,5302.87,2220.87,2,6808.22,0.0,0.0,0.0,3.07,31.46,0.0,31.46,78.65,0.0,880.0,0.0,0.0
bf_qcv_045,period_5,5,234,0,1,880.0,8367.18,5302.87,2684.78,2,8259.51,0.0,0.0,0.0,3.08,9.51,0.0,9.51,95.08,0.0,880.0,0.0,0.0
bf_qcv_045,period_5,5,235,0,1,880.0,7326.77,5302.87,2350.95,2,7207.14,0.0,0.0,0.0,3.07,33.3,0.0,33.3,83.26,0.0,880.0,0.0,0.0
bf_qcv_045,period_5,5,239,0,1,880.0,7477.33,5302.87,2399.26,2,7380.79,0.0,0.0,0.0,3.08,8.5,0.0,8.5,84.97,0.0,880.0,0.0,0.0
bf_qcv_045,period_5,5,242,0,1,880.0,7237.94,5302.87,2322.44,2,7119.72,0.0,0.0,0.0,3.07,32.9,0.0,32.9,82.25,0.0,880.0,0.0,0.0
bf_qcv_045,period_5,5,243,0,1,880.0,7486.51,5302.87,2402.2,2,7389.85,0.0,0.0,0.0,3.08,8.51,0.0,8.51,85.07,0.0,880.0,0.0,0.0
bf_qcv_045,period_5,5,246,0,1,880.0,6562.76,5302.87,2105.8,2,6455.29,0.0,0.0,0.0,3.07,29.83,0.0,29.83,74.58,0.0,880.0,0.0,0.0
bf_qcv_045,period_5,5,248,0,1,880.0,8106.4,5302.87,2601.11,2,8001.99,0.0,0.0,0.0,3.08,9.21,0.0,9.21,92.12,0.0,880.0,0.0,0.0
bf_qcv_045,period_5,5,249,0,1,880.0,7169.03,5302.87,2300.33,2,7051.91,0.0,0.0,0.0,3.07,32.59,0.0,32.59,81.47,0.0,880.0,0.0,0.0
bf_qcv_045,period_5,5,251,0,1,880.0,7522.41,5302.87,2413.72,2,7399.67,0.0,0.0,0.0,3.07,34.19,0.0,34.19,85.48,0.0,880.0,0.0,0.0
bf_qcv_045,period_5,5,252,0,1,880.0,8352.17,5302.87,2679.97,2,8244.69,0.0,0.0,0.0,3.08,9.49,0.0,9.49,94.91,0.0,880.0,0.0,0.0
bf_qcv_045,period_5,5,28,0,1,1200.0,7226.67,4819.73,1700.47,2,7126.12,0.0,0.0,0.0,4.19,36.13,0.0,36.13,60.22,0.0,1200.0,0.0,0.0
bf_qcv_045,period_5,5,33,0,1,1200.0,6955.6,4819.73,1636.69,2,6858.51,0.15,0.0,0.15,4.19,34.78,0.0,34.78,57.96,0.0,1200.0,0.0,0.0
bf_qcv_045,period_5,5,47,0,1,1200.0,6644.17,4819.73,1563.41,2,6551.39,0.0,0.0,0.0,4.19,33.22,0.0,33.22,55.37,0.0,1200.0,0.0,0.0
bf_qcv_045,period_5,5,48,0,1,1200.0,7701.29,4819.73,1812.15,2,7594.41,0.0,0.0,0.0,4.19,38.51,0.0,38.51,64.18,0.0,1200.0,0.0,0.0
bf_qcv_045,period_5,5,49,0,1,1200.0,7204.33,4819.73,1695.22,2,7104.08,0.0,0.0,0.0,4.19,36.02,0.0,36.02,60.04,0.0,1200.0,0.0,0.0
bf_qcv_045,period_5,5,52,0,1,1200.0,6696.79,4819.73,1575.79,2,6603.31,0.0,0.0,0.0,4.19,33.48,0.0,33.48,55.81,0.0,1200.0,0.0,0.0
bf_qcv_045,period_5,5,54,0,1,1200.0,7391.03,4819.73,1739.15,2,7288.29,0.0,0.0,0.0,4.19,36.96,0.0,36.96,61.59,0.0,1200.0,0.0,0.0
bf_qcv_045,period_5,5,55,0,1,1200.0,7683.09,4819.73,1807.87,2,7576.08,0.38,0.0,0.38,4.19,38.42,0.0,38.42,64.03,0.0,1200.0,0.0,0.0
bf_qcv_045,period_5,5,56,0,1,1200.0,7613.64,4819.73,1791.53,2,7507.93,0.0,0.0,0.0,4.19,38.07,0.0,38.07,63.45,0.0,1200.0,0.0,0.0
bf_qcv_045,period_5,5,59,0,1,1200.0,7195.72,4819.73,1693.19,2,7095.58,0.0,0.0,0.0,4.19,35.98,0.0,35.98,59.96,0.0,1200.0,0.0,0.0
bf_qcv_045,period_5,5,65,0,1,1200.0,7530.92,4819.73,1772.06,2,7426.31,0.0,0.0,0.0,4.19,37.65,0.0,37.65,62.76,0.0,1200.0,0.0,0.0
bf_qcv_045,period_5,5,74,0,1,1200.0,8054.77,4819.73,1895.33,2,7943.18,0.0,0.0,0.0,4.19,40.27,0.0,40.27,67.12,0.0,1200.0,0.0,0.0
bf_qcv_045,period_5,5,8,0,1,1200.0,7499.52,4819.73,1764.68,2,7395.33,0.0,0.0,0.0,4.19,37.5,0.0,37.5,62.5,0.0,1200.0,0.0,0.0
bf_qcv_045,period_5,5,87,0,1,1200.0,7602.58,4819.73,1788.93,2,7497.02,0.0,0.0,0.0,4.19,38.01,0.0,38.01,63.35,0.0,1200.0,0.0,0.0
bf_qcv_045,period_5,5,96,0,1,1000.0,6688.34,5288.27,1888.56,2,6604.58,0.0,0.0,0.0,3.5,13.38,0.0,13.38,66.88,0.0,1000.0,0.0,0.0
bf_qcv_045,period_5,5,98,0,1,1000.0,8039.54,5288.27,2270.09,2,7939.57,0.0,0.0,0.0,3.5,16.08,0.0,16.08,80.4,0.0,1000.0,0.0,0.0
bf_sae1006_045,period_1,1,100,0,1,810.0,7717.17,5173.98,2689.52,1,7433.35,0.0,0.0,0.0,2.76,185.78,0.0,185.78,95.27,0.0,810.0,0.0,0.0
bf_sae1006_045,period_1,1,101,0,1,810.0,7228.14,5173.98,2519.09,1,7225.19,0.08,0.0,0.08,2.87,0.0,0.0,0.0,0.0,0.0,810.0,0.0,0.0
bf_sae1006_045,period_1,1,102,0,1,810.0,8652.32,5173.98,3015.43,1,8334.44,0.0,0.0,0.0,2.76,208.3,0.0,208.3,106.82,0.0,810.0,0.0,0.0
bf_sae1006_045,period_1,1,107,0,1,810.0,6724.82,5173.98,2343.68,1,6721.95,0.0,0.0,0.0,2.87,0.0,0.0,0.0,0.0,0.0,810.0,0.0,0.0
bf_sae1006_045,period_1,1,111,0,1,810.0,8429.71,5173.98,2937.85,1,8119.94,0.0,0.0,0.0,2.76,202.94,0.0,202.94,104.07,0.0,810.0,0.0,0.0
bf_sae1006_045,period_1,1,112,0,1,810.0,7772.61,5173.98,2708.85,1,7486.77,0.0,0.0,0.0,2.76,187.12,0.0,187.12,95.96,0.0,810.0,0.0,0.0
bf_sae1006_045,period_1,1,117,0,1,810.0,8397.97,5173.98,2926.79,1,8089.35,0.0,0.0,0.0,2.76,202.17,0.0,202.17,103.68,0.0,810.0,0.0,0.0
bf_sae1006_045,period_1,1,118,0,1,810.0,7935.17,5173.98,2765.5,1,7643.41,0.0,0.0,0.0,2.76,191.03,0.0,191.03,97.97,0.0,810.0,0.0,0.0
bf_sae1006_045,period_1,1,121,0,1,810.0,8058.98,5173.98,2808.65,1,7762.71,0.0,0.0,0.0,2.76,194.01,0.0,194.01,99.49,0.0,810.0,0.0,0.0
bf_sae1006_045,period_1,1,123,0,1,810.0,7976.6,5173.98,2779.94,1,7683.33,0.0,0.0,0.0,2.76,192.03,0.0,192.03,98.48,0.0,810.0,0.0,0.0
bf_sae1006_045,period_1,1,140,0,1,810.0,8199.01,5173.98,2857.45,1,7897.64,0.0,0.0,0.0,2.76,197.38,0.0,197.38,101.22,0.0,810.0,0.0,0.0
bf_sae1006_045,period_1,1,142,0,1,810.0,7935.07,5173.98,2765.46,1,7643.31,0.0,0.0,0.0,2.76,191.03,0.0,191.03,97.96,0.0,810.0,0.0,0.0
bf_sae1006_045,period_1,1,144,0,1,810.0,8560.72,5173.98,2983.51,1,8246.18,0.0,0.0,0.0,2.76,206.09,0.0,206.09,105.69,0.0,810.0,0.0,0.0
bf_sae1006_045,period_1,1,145,0,1,810.0,8343.94,5173.98,2907.96,1,8037.29,0.0,0.0,0.0,2.76,200.87,0.0,200.87,103.01,0.0,810.0,0.0,0.0
bf_sae1006_045,period_1,1,147,0,1,810.0,7787.62,5173.98,2714.08,1,7501.23,0.0,0.0,0.0,2.76,187.48,0.0,187.48,96.14,0.0,810.0,0.0,0.0
bf_sae1006_045,period_1,1,148,0,1,810.0,7556.09,5173.98,2633.39,1,7278.13,0.0,0.0,0.0,2.76,181.91,0.0,181.91,93.29,0.0,810.0,0.0,0.0
bf_sae1006_045,period_1,1,149,0,1,810.0,8069.45,5173.98,2812.3,1,7772.8,0.0,0.0,0.0,2.76,194.26,0.0,194.26,99.62,0.0,810.0,0.0,0.0
bf_sae1006_045,period_1,1,15,0,1,1100.0,7529.54,4947.45,1932.32,2,6776.65,639.53,639.53,0.0,3.84,41.07,0.0,41.07,68.45,0.0,1100.0,0.0,0.0
bf_sae1006_045,period_1,1,158,0,1,810.0,8164.37,5173.98,2845.38,1,7864.26,0.0,0.0,0.0,2.76,196.55,0.0,196.55,100.79,0.0,810.0,0.0,0.0
bf_sae1006_045,period_1,1,160,0,1,810.0,8253.99,5173.98,2876.61,1,7950.62,0.0,0.0,0.0,2.76,198.71,0.0,198.71,101.9,0.0,810.0,0.0,0.0
bf_sae1006_045,period_1,1,175,0,1,810.0,7775.96,5173.98,2710.01,1,7490.0,0.0,0.0,0.0,2.76,187.2,0.0,187.2,96.0,0.0,810.0,0.0,0.0
bf_sae1006_045,period_1,1,179,0,1,810.0,6535.22,5173.98,2277.6,1,6532.35,0.0,0.0,0.0,2.87,0.0,0.0,0.0,0.0,0.0,810.0,0.0,0.0
bf_sae1006_045,period_1,1,184,0,1,810.0,8492.56,5173.98,2959.76,1,8180.5,0.0,0.0,0.0,2.76,204.45,0.0,204.45,104.85,0.0,810.0,0.0,0.0
bf_sae1006_045,period_1,1,194,0,1,810.0,6902.77,5173.98,2405.7,1,6648.61,0.0,0.0,0.0,2.76,166.18,0.0,166.18,85.22,0.0,810.0,0.0,0.0
bf_sae1006_045,period_1,1,197,0,1,810.0,8068.21,5173.98,2811.87,1,7771.6,0.0,0.0,0.0,2.76,194.23,0.0,194.23,99.61,0.0,810.0,0.0,0.0
bf_sae1006_045,period_1,1,198,0,1,810.0,8265.6,5173.98,2880.66,1,7961.8,0.0,0.0,0.0,2.76,198.99,0.0,198.99,102.04,0.0,810.0,0.0,0.0
bf_sae1006_045,period_1,1,200,0,1,810.0,7507.24,5173.98,2616.36,1,7231.06,0.0,0.0,0.0,2.76,180.73,0.0,180.73,92.68,0.0,810.0,0.0,0.0
bf_sae1006_045,period_1,1,202,0,1,810.0,7892.67,5173.98,2750.69,1,7601.22,1.24,0.0,1.24,2.76,190.01,0.0,190.01,97.44,0.0,810.0,0.0,0.0
bf_sae1006_045,period_1,1,217,0,1,1250.0,9684.03,5102.73,2187.0,2,9547.96,0.0,0.0,0.0,4.37,54.23,0.0,54.23,77.47,0.0,1250.0,0.0,0.0
bf_sae1006_045,period_1,1,223,0,1,1250.0,9182.36,5102.73,2073.7,2,9053.11,0.0,0.0,0.0,4.37,51.42,0.0,51.42,73.46,0.0,1250.0,0.0,0.0
bf_sae1006_045,period_1,1,226,0,1,1250.0,8877.12,5102.73,2004.77,2,8752.02,0.0,0.0,0.0,4.37,49.71,0.0,49.71,71.02,0.0,1250.0,0.0,0.0
bf_sae1006_045,period_1,1,227,0,1,1250.0,7857.2,5102.73,1774.44,2,7745.97,0.0,0.0,0.0,4.37,44.0,0.0,44.0,62.86,0.0,1250.0,0.0,0.0
bf_sae1006_045,period_1,1,237,0,1,1250.0,7919.28,5102.73,1788.46,2,7743.89,0.0,0.0,0.0,4.33,107.7,0.0,107.7,63.35,0.0,1250.0,0.0,0.0
bf_sae1006_045,period_1,1,242,0,1,1250.0,9035.47,5102.73,2040.53,3,8864.87,0.0,0.0,0.0,4.35,93.97,0.0,93.97,72.28,0.0,1250.0,0.0,0.0
bf_sae1006_045,period_1,1,243,0,1,1250.0,7001.03,5102.73,1581.08,2,6901.45,0.0,0.0,0.0,4.37,39.21,0.0,39.21,56.01,0.0,1250.0,0.0,0.0
bf_sae1006_045,period_1,1,266,0,1,1250.0,9615.49,5102.73,2171.52,3,9434.22,0.0,0.0,0.0,4.35,100.0,0.0,100.0,76.92,0.0,1250.0,0.0,0.0
bf_sae1006_045,period_1,1,267,0,1,1250.0,6326.83,5102.73,1428.82,3,4688.69,0.0,0.0,0.0,3.28,1584.24,1584.24,0.0,50.61,0.0,1250.0,0.0,0.0
bf_sae1006_045,period_1,1,275,0,1,1250.0,9385.4,5102.73,2119.56,3,9208.36,0.0,0.0,0.0,4.35,97.61,0.0,97.61,75.08,0.0,1250.0,0.0,0.0
bf_sae1006_045,period_1,1,279,0,1,1250.0,7994.22,5102.73,1805.38,2,7881.13,0.0,0.0,0.0,4.37,44.77,0.0,44.77,63.95,0.0,1250.0,0.0,0.0
bf_sae1006_045,period_1,1,280,0,1,1250.0,8040.48,5102.73,1815.83,2,7914.28,12.48,12.48,0.0,4.37,45.03,0.0,45.03,64.32,0.0,1250.0,0.0,0.0
bf_sae1006_045,period_1,1,281,0,1,1250.0,8735.5,5102.73,1972.79,2,8612.33,0.0,0.0,0.0,4.37,48.92,0.0,48.92,69.88,0.0,1250.0,0.0,0.0
bf_sae1006_045,period_1,1,294,0,1,1250.0,9812.88,5102.73,2216.1,2,9674.03,1.03,0.0,1.03,4.37,54.95,0.0,54.95,78.5,0.0,1250.0,0.0,0.0
bf_sae1006_045,period_1,1,44,0,1,1100.0,7996.82,4947.45,2052.23,2,7876.66,0.0,0.0,0.0,3.84,43.62,0.0,43.62,72.7,0.0,1100.0,0.0,0.0
bf_sae1006_045,period_1,1,47,0,1,1100.0,9577.17,4947.45,2457.8,3,9432.24,36.6,36.6,0.0,3.85,17.41,0.0,17.41,87.07,0.0,1100.0,0.0,0.0
bf_sae1006_045,period_1,1,48,0,1,1100.0,7123.23,4947.45,1828.04,2,7015.78,0.0,0.0,0.0,3.84,38.85,0.0,38.85,64.76,0.0,1100.0,0.0,0.0
bf_sae1006_045,period_1,1,65,0,1,1100.0,8113.0,4947.45,2082.05,2,5398.32,2349.56,2343.98,5.58,3.72,287.64,0.0,287.64,73.75,0.0,1100.0,0.0,0.0
bf_sae1006_045,period_1,1,67,0,1,1100.0,7518.5,4947.45,1929.48,2,7405.3,0.0,0.0,0.0,3.84,41.01,0.0,41.01,68.35,0.0,1100.0,0.0,0.0
bf_sae1006_045,period_1,1,73,0,1,1100.0,7750.95,4947.45,1989.14,3,7655.72,6.82,6.82,0.0,3.85,14.09,0.0,14.09,70.46,0.0,1100.0,0.0,0.0
bf_sae1006_045,period_1,1,98,0,1,810.0,8626.33,5173.98,3006.38,1,8309.4,0.0,0.0,0.0,2.76,207.67,0.0,207.67,106.5,0.0,810.0,0.0,0.0
bf_sae1006_045,period_2,2,102,0,1,810.0,8652.32,5173.98,3015.43,1,8334.44,0.0,0.0,0.0,2.76,208.3,0.0,208.3,106.82,0.0,810.0,0.0,0.0
bf_sae1006_045,period_2,2,107,0,1,810.0,6724.82,5173.98,2343.68,1,6721.35,0.6,0.0,0.6,2.87,0.0,0.0,0.0,0.0,0.0,810.0,0.0,0.0
bf_sae1006_045,period_2,2,111,0,1,810.0,8429.71,5173.98,2937.85,1,8119.94,0.0,0.0,0.0,2.76,202.94,0.0,202.94,104.07,0.0,810.0,0.0,0.0
bf_sae1006_045,period_2,2,112,0,1,810.0,7772.61,5173.98,2708.85,1,7486.77,0.0,0.0,0.0,2.76,187.12,0.0,187.12,95.96,0.0,810.0,0.0,0.0
bf_sae1006_045,period_2,2,115,0,1,810.0,7447.16,5173.98,2595.42,1,7173.17,0.0,0.0,0.0,2.76,179.28,0.0,179.28,91.94,0.0,810.0,0.0,0.0
bf_sae1006_045,period_2,2,117,0,1,810.0,8397.97,5173.98,2926.79,1,8089.35,0.0,0.0,0.0,2.76,202.17,0.0,202.17,103.68,0.0,810.0,0.0,0.0
bf_sae1006_045,period_2,2,121,0,1,810.0,8058.98,5173.98,2808.65,1,7762.71,0.0,0.0,0.0,2.76,194.01,0.0,194.01,99.49,0.0,810.0,0.0,0.0
bf_sae1006_045,period_2,2,123,0,1,810.0,7976.6,5173.98,2779.94,1,7683.33,0.0,0.0,0.0,2.76,192.03,0.0,192.03,98.48,0.0,810.0,0.0,0.0
bf_sae1006_045,period_2,2,127,0,1,810.0,7131.35,5173.98,2485.36,1,6868.86,0.0,0.0,0.0,2.76,171.68,0.0,171.68,88.04,0.0,810.0,0.0,0.0
bf_sae1006_045,period_2,2,129,0,1,810.0,7540.1,5173.98,2627.81,1,7262.73,0.0,0.0,0.0,2.76,181.52,0.0,181.52,93.09,0.0,810.0,0.0,0.0
bf_sae1006_045,period_2,2,137,0,1,810.0,8004.9,5173.98,2789.8,1,7710.6,0.0,0.0,0.0,2.76,192.71,0.0,192.71,98.83,0.0,810.0,0.0,0.0
bf_sae1006_045,period_2,2,140,0,1,810.0,8199.01,5173.98,2857.45,1,7897.64,0.0,0.0,0.0,2.76,197.38,0.0,197.38,101.22,0.0,810.0,0.0,0.0
bf_sae1006_045,period_2,2,142,0,1,810.0,7935.07,5173.98,2765.46,1,7643.31,0.0,0.0,0.0,2.76,191.03,0.0,191.03,97.96,0.0,810.0,0.0,0.0
bf_sae1006_045,period_2,2,143,0,1,810.0,7145.92,5173.98,2490.44,1,6882.9,0.0,0.0,0.0,2.76,172.03,0.0,172.03,88.22,0.0,810.0,0.0,0.0
bf_sae1006_045,period_2,2,144,0,1,810.0,8560.72,5173.98,2983.51,1,8246.18,0.0,0.0,0.0,2.76,206.09,0.0,206.09,105.69,0.0,810.0,0.0,0.0
bf_sae1006_045,period_2,2,145,0,1,810.0,8343.94,5173.98,2907.96,1,8037.29,0.0,0.0,0.0,2.76,200.87,0.0,200.87,103.01,0.0,810.0,0.0,0.0
bf_sae1006_045,period_2,2,147,0,1,810.0,7787.62,5173.98,2714.08,1,7501.23,0.0,0.0,0.0,2.76,187.48,0.0,187.48,96.14,0.0,810.0,0.0,0.0
bf_sae1006_045,period_2,2,149,0,1,810.0,8069.45,5173.98,2812.3,1,7772.8,0.0,0.0,0.0,2.76,194.26,0.0,194.26,99.62,0.0,810.0,0.0,0.0
bf_sae1006_045,period_2,2,151,0,1,810.0,7584.96,5173.98,2643.45,1,7305.95,0.0,0.0,0.0,2.76,182.6,0.0,182.6,93.64,0.0,810.0,0.0,0.0
bf_sae1006_045,period_2,2,152,0,1,810.0,7849.27,5173.98,2735.56,1,7560.64,0.0,0.0,0.0,2.76,188.96,0.0,188.96,96.9,0.0,810.0,0.0,0.0
bf_sae1006_045,period_2,2,155,0,1,810.0,5650.55,5173.98,1969.28,1,5647.68,0.0,0.0,0.0,2.87,0.0,0.0,0.0,0.0,0.0,810.0,0.0,0.0
bf_sae1006_045,period_2,2,160,0,1,810.0,8253.99,5173.98,2876.61,1,7950.62,0.0,0.0,0.0,2.76,198.71,0.0,198.71,101.9,0.0,810.0,0.0,0.0
bf_sae1006_045,period_2,2,170,0,1,810.0,7358.21,5173.98,2564.42,1,7087.46,0.0,0.0,0.0,2.76,177.14,0.0,177.14,90.84,0.0,810.0,0.0,0.0
bf_sae1006_045,period_2,2,172,0,1,810.0,6733.26,5173.98,2346.62,1,6485.27,0.0,0.0,0.0,2.76,162.1,0.0,162.1,83.13,0.0,810.0,0.0,0.0
bf_sae1006_045,period_2,2,175,0,1,810.0,7775.96,5173.98,2710.01,1,7490.0,0.0,0.0,0.0,2.76,187.2,0.0,187.2,96.0,0.0,810.0,0.0,0.0
bf_sae1006_045,period_2,2,184,0,1,810.0,8492.56,5173.98,2959.76,1,8180.5,0.0,0.0,0.0,2.76,204.45,0.0,204.45,104.85,0.0,810.0,0.0,0.0
bf_sae1006_045,period_2,2,193,0,1,810.0,6689.28,5173.98,2331.29,1,6686.41,0.0,0.0,0.0,2.87,0.0,0.0,0.0,0.0,0.0,810.0,0.0,0.0
bf_sae1006_045,period_2,2,197,0,1,810.0,8068.21,5173.98,2811.87,1,7771.6,0.0,0.0,0.0,2.76,194.23,0.0,194.23,99.61,0.0,810.0,0.0,0.0
bf_sae1006_045,period_2,2,198,0,1,810.0,8265.6,5173.98,2880.66,1,7961.8,0.0,0.0,0.0,2.76,198.99,0.0,198.99,102.04,0.0,810.0,0.0,0.0
bf_sae1006_045,period_2,2,202,0,1,810.0,7892.67,5173.98,2750.69,1,7602.46,0.0,0.0,0.0,2.76,190.01,0.0,190.01,97.44,0.0,810.0,0.0,0.0
bf_sae1006_045,period_2,2,212,0,1,1250.0,9144.93,5102.73,2065.25,2,9016.19,0.0,0.0,0.0,4.37,51.21,0.0,51.21,73.16,0.0,1250.0,0.0,0.0
bf_sae1006_045,period_2,2,213,0,1,1250.0,8397.3,5102.73,1896.41,2,8128.13,150.6,150.6,0.0,4.37,47.02,0.0,47.02,67.18,0.0,1250.0,0.0,0.0
bf_sae1006_045,period_2,2,214,0,1,1250.0,9647.75,5102.73,2178.81,2,9425.28,9.74,9.74,0.0,4.33,131.21,0.0,131.21,77.18,0.0,1250.0,0.0,0.0
bf_sae1006_045,period_2,2,22,0,1,1100.0,8563.79,4947.45,2197.74,2,8423.01,12.38,12.38,0.0,3.84,46.71,0.0,46.71,77.85,0.0,1100.0,0.0,0.0
bf_sae1006_045,period_2,2,225,0,1,1250.0,7228.64,5102.73,1632.48,3,7091.29,0.0,0.0,0.0,4.35,75.18,0.0,75.18,57.83,0.0,1250.0,0.0,0.0
bf_sae1006_045,period_2,2,227,0,1,1250.0,7857.2,5102.73,1774.44,2,7745.97,0.0,0.0,0.0,4.37,44.0,0.0,44.0,62.86,0.0,1250.0,0.0,0.0
bf_sae1006_045,period_2,2,235,0,1,1250.0,8203.19,5102.73,1852.57,2,8087.26,0.0,0.0,0.0,4.37,45.94,0.0,45.94,65.63,0.0,1250.0,0.0,0.0
bf_sae1006_045,period_2,2,250,0,1,1250.0,8444.41,5102.73,1907.05,2,8325.06,0.14,0.0,0.14,4.37,47.29,0.0,47.29,67.56,0.0,1250.0,0.0,0.0
bf_sae1006_045,period_2,2,254,0,1,1250.0,7007.66,5102.73,1582.58,3,6874.37,0.0,0.0,0.0,4.35,72.88,0.0,72.88,56.06,0.0,1250.0,0.0,0.0
bf_sae1006_045,period_2,2,268,0,1,1250.0,7734.29,5102.73,1746.68,2,7624.74,0.0,0.0,0.0,4.37,43.31,0.0,43.31,61.87,0.0,1250.0,0.0,0.0
bf_sae1006_045,period_2,2,271,0,1,1250.0,8715.91,5102.73,1968.36,2,8593.01,0.0,0.0,0.0,4.37,48.81,0.0,48.81,69.73,0.0,1250.0,0.0,0.0
bf_sae1006_045,period_2,2,277,0,1,1250.0,8687.72,5102.73,1962.0,3,8523.52,0.0,0.0,0.0,4.35,90.35,0.0,90.35,69.5,0.0,1250.0,0.0,0.0
bf_sae1006_045,period_2,2,284,0,1,1250.0,10148.17,5102.73,2291.82,2,9794.8,0.0,0.0,0.0,4.28,267.91,0.0,267.91,81.19,0.0,1250.0,0.0,0.0
bf_sae1006_045,period_2,2,293,0,1,1250.0,8419.48,5102.73,1901.42,2,8300.61,0.0,0.0,0.0,4.37,47.15,0.0,47.15,67.36,0.0,1250.0,0.0,0.0
bf_sae1006_045,period_2,2,47,0,1,1100.0,9577.17,4947.45,2457.8,2,9432.82,1.21,0.0,1.21,3.84,52.24,0.0,52.24,87.07,0.0,1100.0,0.0,0.0
bf_sae1006_045,period_2,2,5,0,1,1100.0,8444.41,4947.45,2167.1,3,8335.09,13.34,13.34,0.0,3.85,15.35,0.0,15.35,76.77,0.0,1100.0,0.0,0.0
bf_sae1006_045,period_2,2,9,0,1,1100.0,6373.95,4947.45,1635.76,2,4953.26,1133.04,1133.04,0.0,3.72,225.99,0.0,225.99,57.95,0.0,1100.0,0.0,0.0
bf_sae1006_045,period_2,2,90,0,1,1100.0,8097.48,4947.45,2078.07,2,7975.86,0.0,0.0,0.0,3.84,44.17,0.0,44.17,73.61,0.0,1100.0,0.0,0.0
bf_sae1006_045,period_2,2,98,0,1,810.0,8626.33,5173.98,3006.35,1,8309.32,0.0,0.0,0.0,2.76,207.67,0.0,207.67,106.5,0.0,810.0,0.0,0.0
bf_sae1006_045,period_2,2,298,1,1,550.0,639.53,4947.45,328.25,1,637.58,0.0,0.0,0.0,1.95,0.0,0.0,0.0,0.0,0.0,550.0,0.0,1.95
bf_sae1006_045,period_2,2,299,1,1,534.0,36.6,4947.45,19.35,1,34.71,0.0,0.0,0.0,1.89,0.0,0.0,0.0,0.0,0.0,534.0,0.0,1.89
bf_sae1006_045,period_2,2,300,1,1,325.0,2343.98,4947.45,2035.98,1,2342.83,0.0,0.0,0.0,1.15,0.0,0.0,0.0,0.0,0.0,325.0,0.0,1.15
bf_sae1006_045,period_2,2,301,1,1,277.0,6.82,4947.45,6.95,1,5.84,0.0,0.0,0.0,0.98,0.0,0.0,0.0,0.0,0.0,277.0,0.0,0.98
bf_sae1006_045,period_2,2,302,1,1,313.0,1584.24,5102.73,1428.82,1,1401.05,0.0,0.0,0.0,0.98,131.6,0.0,131.6,50.61,0.0,313.0,0.0,183.19
bf_sae1006_045,period_2,2,303,1,1,673.0,12.48,5102.73,5.23,1,10.1,0.0,0.0,0.0,2.38,0.0,0.0,0.0,0.0,0.0,673.0,0.0,2.38
bf_sae1006_045,period_3,3,11,0,1,1100.0,8385.95,4947.45,2152.1,2,7749.98,258.69,258.69,0.0,3.72,297.32,0.0,297.32,76.24,0.0,1100.0,0.0,0.0
bf_sae1006_045,period_3,3,111,0,1,810.0,8429.71,5173.98,2937.85,1,8119.94,0.0,0.0,0.0,2.76,202.94,0.0,202.94,104.07,0.0,810.0,0.0,0.0
bf_sae1006_045,period_3,3,112,0,1,810.0,7772.61,5173.98,2708.85,1,7769.74,0.0,0.0,0.0,2.87,0.0,0.0,0.0,0.0,0.0,810.0,0.0,0.0
bf_sae1006_045,period_3,3,115,0,1,810.0,7447.16,5173.98,2595.42,1,7173.17,0.0,0.0,0.0,2.76,179.28,0.0,179.28,91.94,0.0,810.0,0.0,0.0
bf_sae1006_045,period_3,3,117,0,1,810.0,8397.97,5173.98,2926.79,1,8089.35,0.0,0.0,0.0,2.76,202.17,0.0,202.17,103.68,0.0,810.0,0.0,0.0
bf_sae1006_045,period_3,3,118,0,1,810.0,7935.17,5173.98,2765.5,1,7643.41,0.0,0.0,0.0,2.76,191.03,0.0,191.03,97.97,0.0,810.0,0.0,0.0
bf_sae1006_045,period_3,3,121,0,1,810.0,8058.98,5173.98,2808.65,1,7762.71,0.0,0.0,0.0,2.76,194.01,0.0,194.01,99.49,0.0,810.0,0.0,0.0
bf_sae1006_045,period_3,3,123,0,1,810.0,7976.6,5173.98,2779.94,1,7683.33,0.0,0.0,0.0,2.76,192.03,0.0,192.03,98.48,0.0,810.0,0.0,0.0
bf_sae1006_045,period_3,3,138,0,1,810.0,7333.88,5173.98,2555.94,1,7064.02,0.0,0.0,0.0,2.76,176.56,0.0,176.56,90.54,0.0,810.0,0.0,0.0
bf_sae1006_045,period_3,3,140,0,1,810.0,8199.01,5173.98,2857.45,1,7897.64,0.0,0.0,0.0,2.76,197.38,0.0,197.38,101.22,0.0,810.0,0.0,0.0
bf_sae1006_045,period_3,3,142,0,1,810.0,7935.07,5173.98,2765.46,1,7643.31,0.0,0.0,0.0,2.76,191.03,0.0,191.03,97.96,0.0,810.0,0.0,0.0
bf_sae1006_045,period_3,3,144,0,1,810.0,8560.72,5173.98,2983.51,1,8246.18,0.0,0.0,0.0,2.76,206.09,0.0,206.09,105.69,0.0,810.0,0.0,0.0
bf_sae1006_045,period_3,3,145,0,1,810.0,8343.94,5173.98,2907.96,1,8037.29,0.0,0.0,0.0,2.76,200.87,0.0,200.87,103.01,0.0,810.0,0.0,0.0
bf_sae1006_045,period_3,3,146,0,1,810.0,6921.29,5173.98,2412.15,1,6666.45,0.0,0.0,0.0,2.76,166.62,0.0,166.62,85.45,0.0,810.0,0.0,0.0
bf_sae1006_045,period_3,3,147,0,1,810.0,7787.62,5173.98,2714.08,1,7501.23,0.0,0.0,0.0,2.76,187.48,0.0,187.48,96.14,0.0,810.0,0.0,0.0
bf_sae1006_045,period_3,3,148,0,1,810.0,7556.09,5173.98,2633.39,1,7278.13,0.0,0.0,0.0,2.76,181.91,0.0,181.91,93.29,0.0,810.0,0.0,0.0
bf_sae1006_045,period_3,3,149,0,1,810.0,8069.45,5173.98,2812.3,1,7772.8,0.0,0.0,0.0,2.76,194.26,0.0,194.26,99.62,0.0,810.0,0.0,0.0
bf_sae1006_045,period_3,3,152,0,1,810.0,7849.27,5173.98,2735.56,1,7560.64,0.0,0.0,0.0,2.76,188.96,0.0,188.96,96.9,0.0,810.0,0.0,0.0
bf_sae1006_045,period_3,3,158,0,1,810.0,8164.37,5173.98,2845.38,1,7864.26,0.0,0.0,0.0,2.76,196.55,0.0,196.55,100.79,0.0,810.0,0.0,0.0
bf_sae1006_045,period_3,3,16,0,1,1100.0,7453.22,4947.45,1912.73,2,7303.24,37.73,37.73,0.0,3.84,40.65,0.0,40.65,67.76,0.0,1100.0,0.0,0.0
bf_sae1006_045,period_3,3,160,0,1,810.0,8253.99,5173.98,2876.61,1,7950.62,0.0,0.0,0.0,2.76,198.71,0.0,198.71,101.9,0.0,810.0,0.0,0.0
bf_sae1006_045,period_3,3,169,0,1,810.0,7573.33,5173.98,2639.39,1,7294.75,0.0,0.0,0.0,2.76,182.32,0.0,182.32,93.5,0.0,810.0,0.0,0.0
bf_sae1006_045,period_3,3,175,0,1,810.0,7775.96,5173.98,2710.01,1,7490.0,0.0,0.0,0.0,2.76,187.2,0.0,187.2,96.0,0.0,810.0,0.0,0.0
bf_sae1006_045,period_3,3,18,0,1,1100.0,8202.76,4947.45,2105.09,3,8109.42,0.0,0.0,0.0,3.85,14.91,0.0,14.91,74.57,0.0,1100.0,0.0,0.0
bf_sae1006_045,period_3,3,184,0,1,810.0,8492.56,5173.98,2959.76,1,8180.5,0.0,0.0,0.0,2.76,204.45,0.0,204.45,104.85,0.0,810.0,0.0,0.0
bf_sae1006_045,period_3,3,189,0,1,810.0,6941.16,5173.98,2419.08,1,6685.6,0.0,0.0,0.0,2.76,167.1,0.0,167.1,85.69,0.0,810.0,0.0,0.0
bf_sae1006_045,period_3,3,191,0,1,810.0,7635.68,5173.98,2661.12,1,7354.83,0.0,0.0,0.0,2.76,183.82,0.0,183.82,94.27,0.0,810.0,0.0,0.0
bf_sae1006_045,period_3,3,197,0,1,810.0,8068.21,5173.98,2811.87,1,7771.6,0.0,0.0,0.0,2.76,194.23,0.0,194.23,99.61,0.0,810.0,0.0,0.0
bf_sae1006_045,period_3,3,198,0,1,810.0,8265.6,5173.98,2880.66,1,7961.8,0.0,0.0,0.0,2.76,198.99,0.0,198.99,102.04,0.0,810.0,0.0,0.0
bf_sae1006_045,period_3,3,200,0,1,810.0,7507.24,5173.98,2616.36,1,7504.37,0.0,0.0,0.0,2.87,0.0,0.0,0.0,0.0,0.0,810.0,0.0,0.0
bf_sae1006_045,period_3,3,202,0,1,810.0,7892.67,5173.98,2750.69,1,7602.46,0.0,0.0,0.0,2.76,190.01,0.0,190.01,97.44,0.0,810.0,0.0,0.0
bf_sae1006_045,period_3,3,211,0,1,1250.0,9821.87,5102.73,2218.13,2,9481.36,202.56,202.56,0.0,4.37,55.0,0.0,55.0,78.57,0.0,1250.0,0.0,0.0
bf_sae1006_045,period_3,3,217,0,1,1250.0,9684.03,5102.73,2187.0,3,9501.5,0.0,0.0,0.0,4.35,100.71,0.0,100.71,77.47,0.0,1250.0,0.0,0.0
bf_sae1006_045,period_3,3,218,0,1,1250.0,8856.9,5102.73,2000.2,2,8661.26,0.0,0.0,0.0,4.33,120.45,0.0,120.45,70.86,0.0,1250.0,0.0,0.0
bf_sae1006_045,period_3,3,224,0,1,1250.0,10008.67,5102.73,2260.31,2,9868.18,0.0,0.0,0.0,4.37,56.05,0.0,56.05,80.07,0.0,1250.0,0.0,0.0
bf_sae1006_045,period_3,3,236,0,1,1250.0,7641.28,5102.73,1725.67,2,7532.99,0.0,0.0,0.0,4.37,42.79,0.0,42.79,61.13,0.0,1250.0,0.0,0.0
bf_sae1006_045,period_3,3,238,0,1,1250.0,9038.83,5102.73,2041.29,2,8911.53,0.0,0.0,0.0,4.37,50.62,0.0,50.62,72.31,0.0,1250.0,0.0,0.0
bf_sae1006_045,period_3,3,246,0,1,1250.0,8883.53,5102.73,2006.22,2,8758.35,0.0,0.0,0.0,4.37,49.75,0.0,49.75,71.07,0.0,1250.0,0.0,0.0
bf_sae1006_045,period_3,3,262,0,1,1250.0,7919.18,5102.73,1788.43,2,7807.11,0.0,0.0,0.0,4.37,44.35,0.0,44.35,63.35,0.0,1250.0,0.0,0.0
bf_sae1006_045,period_3,3,267,0,1,1250.0,6326.83,5102.73,1428.82,2,6185.84,0.0,0.0,0.0,4.33,86.04,0.0,86.04,50.61,0.0,1250.0,0.0,0.0
bf_sae1006_045,period_3,3,282,0,1,1250.0,8050.2,5102.73,1818.02,2,7936.35,0.0,0.0,0.0,4.37,45.08,0.0,45.08,64.4,0.0,1250.0,0.0,0.0
bf_sae1006_045,period_3,3,283,0,1,1250.0,8647.53,5102.73,1952.92,2,8525.56,0.0,0.0,0.0,4.37,48.43,0.0,48.43,69.18,0.0,1250.0,0.0,0.0
bf_sae1006_045,period_3,3,288,0,1,1250.0,8061.05,5102.73,1820.47,2,7947.05,0.0,0.0,0.0,4.37,45.14,0.0,45.14,64.49,0.0,1250.0,0.0,0.0
bf_sae1006_045,period_3,3,290,0,1,1250.0,7556.8,5102.73,1706.59,2,7448.7,0.95,0.0,0.95,4.37,42.32,0.0,42.32,60.45,0.0,1250.0,0.0,0.0
bf_sae1006_045,period_3,3,296,0,1,1250.0,8219.87,5102.73,1856.34,2,8037.99,0.0,0.0,0.0,4.33,111.79,0.0,111.79,65.76,0.0,1250.0,0.0,0.0
bf_sae1006_045,period_3,3,31,0,1,1100.0,7451.48,4947.45,1912.28,3,7366.34,0.0,0.0,0.0,3.85,13.55,0.0,13.55,67.74,0.0,1100.0,0.0,0.0
bf_sae1006_045,period_3,3,39,0,1,1100.0,7936.64,4947.45,2036.79,2,7817.36,0.0,0.0,0.0,3.84,43.29,0.0,43.29,72.15,0.0,1100.0,0.0,0.0
bf_sae1006_045,period_3,3,44,0,1,1100.0,7996.82,4947.45,2052.23,3,7905.73,0.0,0.0,0.0,3.85,14.54,0.0,14.54,72.7,0.0,1100.0,0.0,0.0
bf_sae1006_045,period_3,3,49,0,1,1100.0,6958.36,4947.45,1785.73,2,6685.77,0.0,0.0,0.0,3.75,205.59,0.0,205.59,63.26,0.0,1100.0,0.0,0.0
bf_sae1006_045,period_3,3,61,0,1,1100.0,7665.46,4947.45,1967.2,3,7577.98,0.0,0.0,0.0,3.85,13.94,0.0,13.94,69.69,0.0,1100.0,0.0,0.0
bf_sae1006_045,period_3,3,70,0,1,1100.0,6773.12,4947.45,1738.19,2,6660.62,10.14,10.14,0.0,3.84,36.94,0.0,36.94,61.57,0.0,1100.0,0.0,0.0
bf_sae1006_045,period_3,3,83,0,1,1100.0,7264.83,4947.45,1864.38,2,7148.32,26.8,21.9,4.91,3.85,19.81,0.0,19.81,66.04,0.0,1100.0,0.0,0.0
bf_sae1006_045,period_3,3,9,0,1,1100.0,6373.95,4947.45,1635.76,2,6122.42,1.52,0.0,1.52,3.75,188.32,0.0,188.32,57.95,0.0,1100.0,0.0,0.0
bf_sae1006_045,period_3,3,97,0,1,810.0,7778.89,5173.98,2711.03,1,7492.82,0.0,0.0,0.0,2.76,187.27,0.0,187.27,96.04,0.0,810.0,0.0,0.0
bf_sae1006_045,period_3,3,98,0,1,810.0,8626.33,5173.98,3006.38,1,8309.4,0.0,0.0,0.0,2.76,207.67,0.0,207.67,106.5,0.0,810.0,0.0,0.0
bf_sae1006_045,period_3,3,298,1,1,277.0,13.34,4947.45,13.59,1,8.61,3.75,0.0,3.75,0.98,0.0,0.0,0.0,0.0,0.0,277.0,0.0,4.73
bf_sae1006_045,period_3,3,299,1,1,726.0,103.92,4947.45,40.41,1,101.35,0.0,0.0,0.0,2.57,0.0,0.0,0.0,0.0,0.0,726.0,0.0,2.57
bf_sae1006_045,period_3,3,300,1,1,325.0,1029.12,4947.45,893.89,1,1027.97,0.0,0.0,0.0,1.15,0.0,0.0,0.0,0.0,0.0,325.0,0.0,1.15
bf_sae1006_045,period_3,3,301,1,1,550.0,12.38,4947.45,6.35,1,10.43,0.0,0.0,0.0,1.95,0.0,0.0,0.0,0.0,0.0,550.0,0.0,1.95
bf_sae1006_045,period_3,3,302,1,1,560.0,150.6,5102.73,75.92,1,148.62,0.0,0.0,0.0,1.98,0.0,0.0,0.0,0.0,0.0,560.0,0.0,1.98
bf_sae1006_045,period_3,3,303,1,1,550.0,9.74,5102.73,5.0,1,7.79,0.0,0.0,0.0,1.95,0.0,0.0,0.0,0.0,0.0,550.0,0.0,1.95
bf_sae1006_045,period_4,4,101,0,1,810.0,7228.14,5173.98,2519.09,1,6962.13,0.0,0.0,0.0,2.76,174.01,0.0,174.01,89.24,0.0,810.0,0.0,0.0
bf_sae1006_045,period_4,4,102,0,1,810.0,8652.32,5173.98,3015.43,1,8334.44,0.0,0.0,0.0,2.76,208.3,0.0,208.3,106.82,0.0,810.0,0.0,0.0
bf_sae1006_045,period_4,4,111,0,1,810.0,8429.71,5173.98,2937.85,1,8119.94,0.0,0.0,0.0,2.76,202.94,0.0,202.94,104.07,0.0,810.0,0.0,0.0
bf_sae1006_045,period_4,4,115,0,1,810.0,7447.16,5173.98,2595.42,1,7173.17,0.0,0.0,0.0,2.76,179.28,0.0,179.28,91.94,0.0,810.0,0.0,0.0
bf_sae1006_045,period_4,4,118,0,1,810.0,7935.17,5173.98,2765.5,1,7643.41,0.0,0.0,0.0,2.76,191.03,0.0,191.03,97.97,0.0,810.0,0.0,0.0
bf_sae1006_045,period_4,4,123,0,1,810.0,7976.6,5173.98,2779.94,1,7683.33,0.0,0.0,0.0,2.76,192.03,0.0,192.03,98.48,0.0,810.0,0.0,0.0
bf_sae1006_045,period_4,4,140,0,1,810.0,8199.01,5173.98,2857.45,1,7897.64,0.0,0.0,0.0,2.76,197.38,0.0,197.38,101.22,0.0,810.0,0.0,0.0
bf_sae1006_045,period_4,4,149,0,1,810.0,8069.45,5173.98,2812.3,1,8066.58,0.0,0.0,0.0,2.87,0.0,0.0,0.0,0.0,0.0,810.0,0.0,0.0
bf_sae1006_045,period_4,4,158,0,1,810.0,8164.37,5173.98,2845.38,1,7864.26,0.0,0.0,0.0,2.76,196.55,0.0,196.55,100.79,0.0,810.0,0.0,0.0
bf_sae1006_045,period_4,4,160,0,1,810.0,8253.99,5173.98,2876.61,1,7950.62,0.0,0.0,0.0,2.76,198.71,0.0,198.71,101.9,0.0,810.0,0.0,0.0
bf_sae1006_045,period_4,4,169,0,1,810.0,7573.33,5173.98,2639.39,1,7570.46,0.0,0.0,0.0,2.87,0.0,0.0,0.0,0.0,0.0,810.0,0.0,0.0
bf_sae1006_045,period_4,4,175,0,1,810.0,7775.96,5173.98,2710.01,1,7490.0,0.0,0.0,0.0,2.76,187.2,0.0,187.2,96.0,0.0,810.0,0.0,0.0
bf_sae1006_045,period_4,4,177,0,1,810.0,7455.77,5173.98,2598.42,1,7181.47,0.0,0.0,0.0,2.76,179.49,0.0,179.49,92.05,0.0,810.0,0.0,0.0
bf_sae1006_045,period_4,4,197,0,1,810.0,8068.21,5173.98,2811.87,1,7771.6,0.0,0.0,0.0,2.76,194.23,0.0,194.23,99.61,0.0,810.0,0.0,0.0
bf_sae1006_045,period_4,4,198,0,1,810.0,8265.6,5173.98,2880.66,1,7961.8,0.0,0.0,0.0,2.76,198.99,0.0,198.99,102.04,0.0,810.0,0.0,0.0
bf_sae1006_045,period_4,4,20,0,1,1100.0,8632.48,4947.45,2215.37,2,8483.56,19.52,13.13,6.38,3.84,47.09,0.0,47.09,78.48,0.0,1100.0,0.0,0.0
bf_sae1006_045,period_4,4,202,0,1,810.0,7892.67,5173.98,2750.69,1,7602.46,0.0,0.0,0.0,2.76,190.01,0.0,190.01,97.44,0.0,810.0,0.0,0.0
bf_sae1006_045,period_4,4,214,0,1,1250.0,9647.75,5102.73,2178.81,2,9512.17,0.0,0.0,0.0,4.37,54.03,0.0,54.03,77.18,0.0,1250.0,0.0,0.0
bf_sae1006_045,period_4,4,217,0,1,1250.0,9684.03,5102.73,2187.0,2,9547.96,0.0,0.0,0.0,4.37,54.23,0.0,54.23,77.47,0.0,1250.0,0.0,0.0
bf_sae1006_045,period_4,4,227,0,1,1250.0,7857.2,5102.73,1774.44,2,7745.97,0.0,0.0,0.0,4.37,44.0,0.0,44.0,62.86,0.0,1250.0,0.0,0.0
bf_sae1006_045,period_4,4,235,0,1,1250.0,8203.19,5102.73,1852.57,2,8087.26,0.0,0.0,0.0,4.37,45.94,0.0,45.94,65.63,0.0,1250.0,0.0,0.0
bf_sae1006_045,period_4,4,242,0,1,1250.0,9035.47,5102.73,2040.53,2,8813.6,94.62,94.62,0.0,4.37,50.6,0.0,50.6,72.28,0.0,1250.0,0.0,0.0
bf_sae1006_045,period_4,4,243,0,1,1250.0,7001.03,5102.73,1581.08,3,6867.86,0.0,0.0,0.0,4.35,72.81,0.0,72.81,56.01,0.0,1250.0,0.0,0.0
bf_sae1006_045,period_4,4,267,0,1,1250.0,6326.83,5102.73,1428.82,3,6206.07,0.0,0.0,0.0,4.35,65.8,0.0,65.8,50.61,0.0,1250.0,0.0,0.0
bf_sae1006_045,period_4,4,268,0,1,1250.0,7734.29,5102.73,1746.68,4,7148.58,0.0,0.0,0.0,4.1,519.74,0.0,519.74,61.87,0.0,1250.0,0.0,0.0
bf_sae1006_045,period_4,4,27,0,1,1100.0,8403.41,4947.45,2156.58,2,8155.16,0.0,0.0,0.0,3.78,168.07,0.0,168.07,76.39,0.0,1100.0,0.0,0.0
bf_sae1006_045,period_4,4,275,0,1,1250.0,9385.4,5102.73,2119.56,2,9253.39,0.0,0.0,0.0,4.37,52.56,0.0,52.56,75.08,0.0,1250.0,0.0,0.0
bf_sae1006_045,period_4,4,294,0,1,1250.0,9812.88,5102.73,2216.1,2,9675.04,0.01,0.01,0.0,4.37,54.95,0.0,54.95,78.5,0.0,1250.0,0.0,0.0
bf_sae1006_045,period_4,4,297,0,1,1250.0,9101.03,5102.73,2055.34,2,8900.12,0.0,0.0,0.0,4.33,123.77,0.0,123.77,72.81,0.0,1250.0,0.0,0.0
bf_sae1006_045,period_4,4,50,0,1,1100.0,8837.22,4947.45,2267.91,2,8491.76,0.27,0.0,0.27,3.75,261.1,0.0,261.1,80.34,0.0,1100.0,0.0,0.0
bf_sae1006_045,period_4,4,6,0,1,1100.0,9176.13,4947.45,2354.88,2,9038.82,0.0,0.0,0.0,3.84,50.05,0.0,50.05,83.42,0.0,1100.0,0.0,0.0
bf_sae1006_045,period_4,4,60,0,1,1100.0,7266.21,4947.45,1864.74,3,7177.96,5.13,5.13,0.0,3.85,13.21,0.0,13.21,66.06,0.0,1100.0,0.0,0.0
bf_sae1006_045,period_4,4,71,0,1,1100.0,6805.29,4947.45,1746.45,2,6538.61,0.0,0.0,0.0,3.75,201.07,0.0,201.07,61.87,0.0,1100.0,0.0,0.0
bf_sae1006_045,period_4,4,9,0,1,1100.0,6373.95,4947.45,1635.76,2,4770.86,1315.44,1315.44,0.0,3.72,225.99,0.0,225.99,57.95,0.0,1100.0,0.0,0.0
bf_sae1006_045,period_4,4,97,0,1,810.0,7778.89,5173.98,2711.03,1,7492.82,0.0,0.0,0.0,2.76,187.27,0.0,187.27,96.04,0.0,810.0,0.0,0.0
bf_sae1006_045,period_4,4,98,0,1,810.0,8626.33,5173.98,3006.38,1,8309.4,0.0,0.0,0.0,2.76,207.67,0.0,207.67,106.5,0.0,810.0,0.0,0.0
bf_sae1006_045,period_4,4,99,0,1,810.0,6553.34,5173.98,2283.92,1,6311.9,0.0,0.0,0.0,2.76,157.77,0.0,157.77,80.91,0.0,810.0,0.0,0.0
bf_sae1006_045,period_4,4,298,1,1,726.0,252.23,4947.45,98.08,1,249.66,0.0,0.0,0.0,2.57,0.0,0.0,0.0,0.0,0.0,726.0,0.0,2.57
bf_sae1006_045,period_4,4,299,1,1,325.0,6.45,4947.45,5.6,1,5.3,0.0,0.0,0.0,1.15,0.0,0.0,0.0,0.0,0.0,325.0,0.0,1.15
bf_sae1006_045,period_4,4,300,1,1,550.0,37.73,4947.45,19.37,1,35.78,0.0,0.0,0.0,1.95,0.0,0.0,0.0,0.0,0.0,550.0,0.0,1.95
bf_sae1006_045,period_4,4,301,1,1,534.0,10.14,4947.45,5.36,1,8.25,0.0,0.0,0.0,1.89,0.0,0.0,0.0,0.0,0.0,534.0,0.0,1.89
bf_sae1006_045,period_4,4,302,1,1,810.0,21.9,4947.45,7.63,1,18.64,0.39,0.0,0.39,2.87,0.0,0.0,0.0,0.0,0.0,810.0,0.0,3.26
bf_sae1006_045,period_4,4,303,1,1,560.0,202.56,5102.73,102.11,1,200.58,0.0,0.0,0.0,1.98,0.0,0.0,0.0,0.0,0.0,560.0,0.0,1.98
bf_sae1006_045,period_5,5,102,0,1,810.0,8652.32,5173.98,3015.43,1,8334.44,0.0,0.0,0.0,2.76,208.3,0.0,208.3,106.82,0.0,810.0,0.0,0.0
bf_sae1006_045,period_5,5,111,0,1,810.0,8429.71,5173.98,2937.85,1,8119.94,0.0,0.0,0.0,2.76,202.94,0.0,202.94,104.07,0.0,810.0,0.0,0.0
bf_sae1006_045,period_5,5,113,0,1,810.0,6688.51,5173.98,2331.02,1,6442.15,0.0,0.0,0.0,2.76,161.02,0.0,161.02,82.57,0.0,810.0,0.0,0.0
bf_sae1006_045,period_5,5,117,0,1,810.0,8397.97,5173.98,2926.79,1,8089.35,0.0,0.0,0.0,2.76,202.17,0.0,202.17,103.68,0.0,810.0,0.0,0.0
bf_sae1006_045,period_5,5,121,0,1,810.0,8058.98,5173.98,2808.65,1,7762.71,0.0,0.0,0.0,2.76,194.01,0.0,194.01,99.49,0.0,810.0,0.0,0.0
bf_sae1006_045,period_5,5,123,0,1,810.0,7976.6,5173.98,2779.94,1,7683.33,0.0,0.0,0.0,2.76,192.03,0.0,192.03,98.48,0.0,810.0,0.0,0.0
bf_sae1006_045,period_5,5,129,0,1,810.0,7540.1,5173.98,2627.81,1,7537.23,0.0,0.0,0.0,2.87,0.0,0.0,0.0,0.0,0.0,810.0,0.0,0.0
bf_sae1006_045,period_5,5,134,0,1,810.0,7603.1,5173.98,2649.77,1,7323.43,0.0,0.0,0.0,2.76,183.04,0.0,183.04,93.87,0.0,810.0,0.0,0.0
bf_sae1006_045,period_5,5,137,0,1,810.0,8004.9,5173.98,2789.8,1,7710.6,0.0,0.0,0.0,2.76,192.71,0.0,192.71,98.83,0.0,810.0,0.0,0.0
bf_sae1006_045,period_5,5,140,0,1,810.0,8199.01,5173.98,2857.45,1,7897.64,0.0,0.0,0.0,2.76,197.38,0.0,197.38,101.22,0.0,810.0,0.0,0.0
bf_sae1006_045,period_5,5,142,0,1,810.0,7935.07,5173.98,2765.46,1,7643.31,0.0,0.0,0.0,2.76,191.03,0.0,191.03,97.96,0.0,810.0,0.0,0.0
bf_sae1006_045,period_5,5,144,0,1,810.0,8560.72,5173.98,2983.51,1,8246.18,0.0,0.0,0.0,2.76,206.09,0.0,206.09,105.69,0.0,810.0,0.0,0.0
bf_sae1006_045,period_5,5,145,0,1,810.0,8343.94,5173.98,2907.96,1,8037.29,0.0,0.0,0.0,2.76,200.87,0.0,200.87,103.01,0.0,810.0,0.0,0.0
bf_sae1006_045,period_5,5,147,0,1,810.0,7787.62,5173.98,2714.08,1,7501.23,0.0,0.0,0.0,2.76,187.48,0.0,187.48,96.14,0.0,810.0,0.0,0.0
bf_sae1006_045,period_5,5,148,0,1,810.0,7556.09,5173.98,2633.39,1,7278.13,0.0,0.0,0.0,2.76,181.91,0.0,181.91,93.29,0.0,810.0,0.0,0.0
bf_sae1006_045,period_5,5,149,0,1,810.0,8069.45,5173.98,2812.3,1,7772.8,0.0,0.0,0.0,2.76,194.26,0.0,194.26,99.62,0.0,810.0,0.0,0.0
bf_sae1006_045,period_5,5,151,0,1,810.0,7584.96,5173.98,2643.45,1,7305.95,0.0,0.0,0.0,2.76,182.6,0.0,182.6,93.64,0.0,810.0,0.0,0.0
bf_sae1006_045,period_5,5,152,0,1,810.0,7849.27,5173.98,2735.56,1,7560.64,0.0,0.0,0.0,2.76,188.96,0.0,188.96,96.9,0.0,810.0,0.0,0.0
bf_sae1006_045,period_5,5,157,0,1,810.0,7607.31,5173.98,2651.24,1,7327.49,0.0,0.0,0.0,2.76,183.14,0.0,183.14,93.92,0.0,810.0,0.0,0.0
bf_sae1006_045,period_5,5,158,0,1,810.0,8164.37,5173.98,2845.38,1,8161.5,0.0,0.0,0.0,2.87,0.0,0.0,0.0,0.0,0.0,810.0,0.0,0.0
bf_sae1006_045,period_5,5,160,0,1,810.0,8253.99,5173.98,2876.61,1,7950.62,0.0,0.0,0.0,2.76,198.71,0.0,198.71,101.9,0.0,810.0,0.0,0.0
bf_sae1006_045,period_5,5,169,0,1,810.0,7573.33,5173.98,2639.39,1,7294.75,0.0,0.0,0.0,2.76,182.32,0.0,182.32,93.5,0.0,810.0,0.0,0.0
bf_sae1006_045,period_5,5,175,0,1,810.0,7775.96,5173.98,2710.01,1,7490.0,0.0,0.0,0.0,2.76,187.2,0.0,187.2,96.0,0.0,810.0,0.0,0.0
bf_sae1006_045,period_5,5,176,0,1,810.0,6398.33,5173.98,2229.89,1,6162.54,0.0,0.0,0.0,2.76,154.03,0.0,154.03,78.99,0.0,810.0,0.0,0.0
bf_sae1006_045,period_5,5,184,0,1,810.0,8492.56,5173.98,2959.76,1,8180.5,0.0,0.0,0.0,2.76,204.45,0.0,204.45,104.85,0.0,810.0,0.0,0.0
bf_sae1006_045,period_5,5,190,0,1,810.0,7533.94,5173.98,2625.67,1,7256.79,0.0,0.0,0.0,2.76,181.37,0.0,181.37,93.01,0.0,810.0,0.0,0.0
bf_sae1006_045,period_5,5,191,0,1,810.0,7635.68,5173.98,2661.12,1,7354.83,0.0,0.0,0.0,2.76,183.82,0.0,183.82,94.27,0.0,810.0,0.0,0.0
bf_sae1006_045,period_5,5,197,0,1,810.0,8068.21,5173.98,2811.87,1,7771.6,0.0,0.0,0.0,2.76,194.23,0.0,194.23,99.61,0.0,810.0,0.0,0.0
bf_sae1006_045,period_5,5,198,0,1,810.0,8265.6,5173.98,2880.66,1,7961.8,0.0,0.0,0.0,2.76,198.99,0.0,198.99,102.04,0.0,810.0,0.0,0.0
bf_sae1006_045,period_5,5,199,0,1,810.0,6921.23,5173.98,2412.13,1,6666.4,0.0,0.0,0.0,2.76,166.62,0.0,166.62,85.45,0.0,810.0,0.0,0.0
bf_sae1006_045,period_5,5,20,0,1,1100.0,8632.48,4947.45,2215.37,2,8503.08,0.0,0.0,0.0,3.84,47.09,0.0,47.09,78.48,0.0,1100.0,0.0,0.0
bf_sae1006_045,period_5,5,201,0,1,810.0,7318.93,5173.98,2550.73,1,7049.61,0.0,0.0,0.0,2.76,176.2,0.0,176.2,90.36,0.0,810.0,0.0,0.0
bf_sae1006_045,period_5,5,202,0,1,810.0,7892.67,5173.98,2750.69,1,7602.46,0.0,0.0,0.0,2.76,190.01,0.0,190.01,97.44,0.0,810.0,0.0,0.0
bf_sae1006_045,period_5,5,210,0,1,1250.0,7495.07,5102.73,1692.65,3,7352.81,0.0,0.0,0.0,4.35,77.95,0.0,77.95,59.96,0.0,1250.0,0.0,0.0
bf_sae1006_045,period_5,5,216,0,1,1250.0,7680.18,5102.73,1734.46,3,7533.8,0.72,0.0,0.72,4.35,79.87,0.0,79.87,61.44,0.0,1250.0,0.0,0.0
bf_sae1006_045,period_5,5,224,0,1,1250.0,10008.67,5102.73,2260.31,2,9853.25,14.93,14.93,0.0,4.37,56.05,0.0,56.05,80.07,0.0,1250.0,0.0,0.0
bf_sae1006_045,period_5,5,234,0,1,1250.0,8361.78,5102.73,1888.39,2,8243.69,0.0,0.0,0.0,4.37,46.83,0.0,46.83,66.89,0.0,1250.0,0.0,0.0
bf_sae1006_045,period_5,5,236,0,1,1250.0,7641.28,5102.73,1725.67,2,7532.99,0.0,0.0,0.0,4.37,42.79,0.0,42.79,61.13,0.0,1250.0,0.0,0.0
bf_sae1006_045,period_5,5,241,0,1,1250.0,8487.48,5102.73,1916.78,2,8367.68,0.0,0.0,0.0,4.37,47.53,0.0,47.53,67.9,0.0,1250.0,0.0,0.0
bf_sae1006_045,period_5,5,243,0,1,1250.0,7001.03,5102.73,1581.08,3,6867.86,0.0,0.0,0.0,4.35,72.81,0.0,72.81,56.01,0.0,1250.0,0.0,0.0
bf_sae1006_045,period_5,5,246,0,1,1250.0,8883.53,5102.73,2006.22,2,8687.31,0.0,0.0,0.0,4.33,120.82,0.0,120.82,71.07,0.0,1250.0,0.0,0.0
bf_sae1006_045,period_5,5,247,0,1,1250.0,7762.56,5102.73,1753.06,2,7590.56,0.0,0.0,0.0,4.33,105.57,0.0,105.57,62.1,0.0,1250.0,0.0,0.0
bf_sae1006_045,period_5,5,256,0,1,1250.0,7386.26,5102.73,1668.08,3,7246.01,0.0,0.0,0.0,4.35,76.82,0.0,76.82,59.09,0.0,1250.0,0.0,0.0
bf_sae1006_045,period_5,5,27,0,1,1100.0,8403.41,4947.45,2156.58,2,8155.16,0.0,0.0,0.0,3.78,168.07,0.0,168.07,76.39,0.0,1100.0,0.0,0.0
bf_sae1006_045,period_5,5,275,0,1,1250.0,9385.4,5102.73,2119.56,3,9208.36,0.0,0.0,0.0,4.35,97.61,0.0,97.61,75.08,0.0,1250.0,0.0,0.0
bf_sae1006_045,period_5,5,277,0,1,1250.0,8687.72,5102.73,1962.0,2,8565.2,0.0,0.0,0.0,4.37,48.65,0.0,48.65,69.5,0.0,1250.0,0.0,0.0
bf_sae1006_045,period_5,5,279,0,1,1250.0,7994.22,5102.73,1805.38,2,7881.13,0.0,0.0,0.0,4.37,44.77,0.0,44.77,63.95,0.0,1250.0,0.0,0.0
bf_sae1006_045,period_5,5,283,0,1,1250.0,8647.53,5102.73,1952.92,2,8525.56,0.0,0.0,0.0,4.37,48.43,0.0,48.43,69.18,0.0,1250.0,0.0,0.0
bf_sae1006_045,period_5,5,286,0,1,1250.0,8130.01,5102.73,1836.05,2,8015.07,0.0,0.0,0.0,4.37,45.53,0.0,45.53,65.04,0.0,1250.0,0.0,0.0
bf_sae1006_045,period_5,5,287,0,1,1250.0,9413.5,5102.73,2125.9,3,9235.95,0.0,0.0,0.0,4.35,97.9,0.0,97.9,75.31,0.0,1250.0,0.0,0.0
bf_sae1006_045,period_5,5,296,0,1,1250.0,8219.87,5102.73,1856.34,2,8103.71,0.0,0.0,0.0,4.37,46.03,0.0,46.03,65.76,0.0,1250.0,0.0,0.0
bf_sae1006_045,period_5,5,35,0,1,1100.0,8790.23,4947.45,2255.85,2,8658.53,0.0,0.0,0.0,3.84,47.95,0.0,47.95,79.91,0.0,1100.0,0.0,0.0
bf_sae1006_045,period_5,5,46,0,1,1100.0,7271.97,4947.45,1866.22,2,7056.64,0.0,0.0,0.0,3.78,145.44,0.0,145.44,66.11,0.0,1100.0,0.0,0.0
bf_sae1006_045,period_5,5,61,0,1,1100.0,7665.46,4947.45,1967.2,2,7530.72,19.4,19.4,0.0,3.84,41.81,0.0,41.81,69.69,0.0,1100.0,0.0,0.0
bf_sae1006_045,period_5,5,70,0,1,1100.0,6773.12,4947.45,1738.19,2,4828.79,1638.9,1638.9,0.0,3.72,240.14,0.0,240.14,61.57,0.0,1100.0,0.0,0.0
bf_sae1006_045,period_5,5,74,0,1,1100.0,8166.24,4947.45,2095.71,3,8029.72,43.58,43.58,0.0,3.85,14.85,0.0,14.85,74.24,0.0,1100.0,0.0,0.0
bf_sae1006_045,period_5,5,78,0,1,1100.0,7904.94,4947.45,2028.66,2,7807.5,0.17,0.0,0.17,3.85,21.56,0.0,21.56,71.86,0.0,1100.0,0.0,0.0
bf_sae1006_045,period_5,5,89,0,1,1100.0,7602.23,4947.45,1950.97,2,7288.26,16.5,16.5,0.0,3.75,224.61,0.0,224.61,69.11,0.0,1100.0,0.0,0.0
bf_sae1006_045,period_5,5,9,0,1,1100.0,6373.95,4947.45,1635.76,2,6086.3,0.0,0.0,0.0,3.72,225.99,0.0,225.99,57.95,0.0,1100.0,0.0,0.0
bf_sae1006_045,period_5,5,97,0,1,810.0,7778.89,5173.98,2711.03,1,7492.82,0.0,0.0,0.0,2.76,187.27,0.0,187.27,96.04,0.0,810.0,0.0,0.0
bf_sae1006_045,period_5,5,98,0,1,810.0,8626.33,5173.98,3006.38,1,8309.4,0.0,0.0,0.0,2.76,207.67,0.0,207.67,106.5,0.0,810.0,0.0,0.0
bf_sae1006_045,period_5,5,298,1,1,726.0,292.18,4947.45,113.61,1,289.61,0.0,0.0,0.0,2.57,0.0,0.0,0.0,0.0,0.0,726.0,0.0,2.57
bf_sae1006_045,period_5,5,299,1,1,325.0,1023.25,4947.45,888.79,1,1022.1,0.0,0.0,0.0,1.15,0.0,0.0,0.0,0.0,0.0,325.0,0.0,1.15
bf_sae1006_045,period_5,5,300,1,1,534.0,13.13,4947.45,6.94,1,6.49,4.75,0.0,4.75,1.89,0.0,0.0,0.0,0.0,0.0,534.0,0.0,6.64
bf_sae1006_045,period_5,5,301,1,1,277.0,5.13,4947.45,5.23,1,4.15,0.0,0.0,0.0,0.98,0.0,0.0,0.0,0.0,0.0,277.0,0.0,0.98
bf_sae1006_045,period_5,5,302,1,1,673.0,94.62,5102.73,39.69,1,92.24,0.0,0.0,0.0,2.38,0.0,0.0,0.0,0.0,0.0,673.0,0.0,2.38
bf_sae1006_045,period_5,5,303,1,0,560.0,0.01,5102.73,0.0,0,0.0,0.0,0.0,0.0,0.0,0.0,0.0,0.0,0.0,0.0,560.0,0.0,0.01
bf_sae1006_050,period_1,1,1,0,1,1200.0,8758.05,5164.94,1854.26,4,7197.41,614.93,614.93,0.0,4.22,868.51,868.51,0.0,72.98,0.0,1200.0,0.0,0.0
bf_sae1006_050,period_1,1,3,0,1,1200.0,7815.78,5164.94,1654.76,4,4859.13,0.0,0.0,0.0,2.94,2888.58,2888.58,0.0,65.13,0.0,1200.0,0.0,0.0
bf_sae1006_050,period_1,1,5,0,1,1200.0,8920.81,5164.94,1888.72,6,7001.44,112.85,112.85,0.0,3.77,1728.41,1728.41,0.0,74.34,0.0,1200.0,0.0,0.0
bf_sae1006_050,period_1,1,6,0,1,1200.0,8903.34,5164.94,1885.02,4,7942.02,0.0,0.0,0.0,4.22,882.91,882.91,0.0,74.19,0.0,1200.0,0.0,0.0
bf_sae1006_050,period_2,2,1,0,1,1200.0,8758.05,5164.94,1854.26,3,7042.78,0.0,0.0,0.0,3.8,1638.49,1638.49,0.0,72.98,0.0,1200.0,0.0,0.0
bf_sae1006_050,period_2,2,3,0,1,1200.0,7815.78,5164.94,1654.76,3,5871.99,412.65,412.65,0.0,3.8,1462.2,1462.2,0.0,65.13,0.0,1200.0,0.0,0.0
bf_sae1006_050,period_2,2,6,0,1,1200.0,8903.34,5164.94,1885.02,5,6318.02,0.0,0.0,0.0,3.35,2507.77,2507.77,0.0,74.19,0.0,1200.0,0.0,0.0
bf_sae1006_050,period_2,2,10,1,1,430.0,112.85,5164.94,66.68,1,111.16,0.0,0.0,0.0,1.69,0.0,0.0,0.0,0.0,0.0,430.0,0.0,1.69
bf_sae1006_050,period_2,2,11,1,1,232.5,1728.41,5164.94,1888.72,2,1567.75,0.0,0.0,0.0,0.83,85.49,0.0,85.49,74.34,0.0,232.5,0.0,160.66
bf_sae1006_050,period_2,2,12,1,1,119.0,882.91,5164.94,1885.01,1,782.33,0.0,0.0,0.0,0.42,25.97,0.0,25.97,74.19,0.0,119.0,0.0,100.58
bf_sae1006_050,period_2,2,7,1,1,105.5,614.93,5164.94,1480.87,1,614.51,0.0,0.0,0.0,0.42,0.0,0.0,0.0,0.0,0.0,105.5,0.0,0.42
bf_sae1006_050,period_2,2,8,1,1,119.0,868.51,5164.94,1854.27,1,769.57,0.0,0.0,0.0,0.42,25.54,0.0,25.54,72.98,0.0,119.0,0.0,98.94
bf_sae1006_050,period_2,2,9,1,1,443.5,2888.58,5164.94,1654.76,1,2798.96,0.0,0.0,0.0,1.69,22.8,0.0,22.8,65.13,0.0,443.5,0.0,89.62
bf_sae1006_050,period_3,3,1,0,1,1200.0,8758.05,5164.94,1854.26,3,5965.21,1077.57,1077.57,0.0,3.8,1638.49,1638.49,0.0,72.98,0.0,1200.0,0.0,0.0
bf_sae1006_050,period_3,3,3,0,1,1200.0,7815.78,5164.94,1654.76,2,3485.68,0.0,0.0,0.0,2.11,4262.86,4262.86,0.0,65.13,0.0,1200.0,0.0,0.0
bf_sae1006_050,period_3,3,5,0,1,1200.0,8920.81,5164.94,1888.72,4,6499.25,1458.36,1458.36,0.0,4.22,884.65,884.65,0.0,74.34,0.0,1200.0,0.0,0.0
bf_sae1006_050,period_3,3,6,0,1,1200.0,8903.34,5164.94,1885.02,4,7799.77,142.25,142.25,0.0,4.22,882.91,882.91,0.0,74.19,0.0,1200.0,0.0,0.0
bf_sae1006_050,period_3,3,10,1,1,224.5,1462.2,5164.94,1654.76,2,1373.44,0.0,0.0,0.0,0.83,22.8,0.0,22.8,65.13,0.0,224.5,0.0,88.76
bf_sae1006_050,period_3,3,11,1,1,338.0,2507.77,5164.94,1885.02,3,2347.01,0.0,0.0,0.0,1.25,85.32,0.0,85.32,74.19,0.0,338.0,0.0,160.76
bf_sae1006_050,period_3,3,7,1,1,224.5,1638.49,5164.94,1854.27,2,1539.13,0.0,0.0,0.0,0.83,25.54,0.0,25.54,72.98,0.0,224.5,0.0,99.36
bf_sae1006_050,period_3,3,8,1,1,430.0,81.02,5164.94,47.87,1,79.33,0.0,0.0,0.0,1.69,0.0,0.0,0.0,0.0,0.0,430.0,0.0,1.69
bf_sae1006_050,period_3,3,9,1,1,105.5,331.63,5164.94,798.63,1,331.21,0.0,0.0,0.0,0.42,0.0,0.0,0.0,0.0,0.0,105.5,0.0,0.42
bf_sae1006_050,period_4,4,1,0,1,1200.0,8758.05,5164.94,1854.26,4,7795.42,16.92,16.92,0.0,4.22,868.51,868.51,0.0,72.98,0.0,1200.0,0.0,0.0
bf_sae1006_050,period_4,4,3,0,1,1200.0,7815.78,5164.94,1654.76,4,5825.58,1145.79,1145.79,0.0,4.22,775.06,775.06,0.0,65.13,0.0,1200.0,0.0,0.0
bf_sae1006_050,period_4,4,10,1,1,105.5,783.87,5164.94,1887.72,1,783.45,0.0,0.0,0.0,0.42,0.0,0.0,0.0,0.0,0.0,105.5,0.0,0.42
bf_sae1006_050,period_4,4,11,1,1,105.5,674.49,5164.94,1624.31,1,674.07,0.0,0.0,0.0,0.42,0.0,0.0,0.0,0.0,0.0,105.5,0.0,0.42
bf_sae1006_050,period_4,4,12,1,1,119.0,884.65,5164.94,1888.73,1,783.88,0.0,0.0,0.0,0.42,26.02,0.0,26.02,74.34,0.0,119.0,0.0,100.77
bf_sae1006_050,period_4,4,13,1,1,105.5,142.25,5164.94,342.57,1,141.83,0.0,0.0,0.0,0.42,0.0,0.0,0.0,0.0,0.0,105.5,0.0,0.42
bf_sae1006_050,period_4,4,14,1,1,119.0,882.91,5164.94,1885.01,1,782.33,0.0,0.0,0.0,0.42,25.97,0.0,25.97,74.19,0.0,119.0,0.0,100.58
bf_sae1006_050,period_4,4,7,1,1,430.0,1077.57,5164.94,636.68,1,1075.88,0.0,0.0,0.0,1.69,0.0,0.0,0.0,0.0,0.0,430.0,0.0,1.69
bf_sae1006_050,period_4,4,8,1,1,224.5,1638.49,5164.94,1854.27,2,1539.13,0.0,0.0,0.0,0.83,25.54,0.0,25.54,72.98,0.0,224.5,0.0,99.36
bf_sae1006_050,period_4,4,9,1,1,654.5,4262.86,5164.94,1654.77,3,4172.41,0.0,0.0,0.0,2.52,22.8,0.0,22.8,65.13,0.0,654.5,0.0,90.45
bf_sae1006_050,period_5,5,1,0,1,1200.0,8758.05,5164.94,1854.26,5,8572.61,9.29,9.29,0.0,4.63,98.53,0.0,98.53,72.98,0.0,1200.0,0.0,0.0
bf_sae1006_050,period_5,5,2,0,1,1200.0,9053.57,5164.94,1916.83,5,8871.64,0.0,0.0,0.0,4.63,101.85,0.0,101.85,75.45,0.0,1200.0,0.0,0.0
bf_sae1006_050,period_5,5,5,0,1,1200.0,8920.81,5164.94,1888.72,5,8741.48,0.0,0.0,0.0,4.63,100.36,0.0,100.36,74.34,0.0,1200.0,0.0,0.0
bf_sae1006_050,period_5,5,6,0,1,1200.0,8903.34,5164.94,1885.02,5,8213.81,510.54,510.54,0.0,4.63,100.16,0.0,100.16,74.19,0.0,1200.0,0.0,0.0
bf_sae1006_050,period_5,5,10,1,1,430.0,196.35,5164.94,116.01,1,194.66,0.0,0.0,0.0,1.69,0.0,0.0,0.0,0.0,0.0,430.0,0.0,1.69
bf_sae1006_050,period_5,5,11,1,1,430.0,8.46,5164.94,5.0,1,6.77,0.0,0.0,0.0,1.69,0.0,0.0,0.0,0.0,0.0,430.0,0.0,1.69
bf_sae1006_050,period_5,5,12,1,1,105.5,254.26,5164.94,612.31,1,253.84,0.0,0.0,0.0,0.42,0.0,0.0,0.0,0.0,0.0,105.5,0.0,0.42
bf_sae1006_050,period_5,5,13,1,1,105.5,686.72,5164.94,1653.76,1,686.3,0.0,0.0,0.0,0.42,0.0,0.0,0.0,0.0,0.0,105.5,0.0,0.42
bf_sae1006_050,period_5,5,14,1,1,119.0,775.06,5164.94,1654.75,1,686.72,0.0,0.0,0.0,0.42,22.8,0.0,22.8,65.13,0.0,119.0,0.0,88.34
bf_sae1006_050,period_5,5,7,1,1,430.0,8.46,5164.94,5.0,1,6.77,0.0,0.0,0.0,1.69,0.0,0.0,0.0,0.0,0.0,430.0,0.0,1.69
bf_sae1006_050,period_5,5,8,1,1,430.0,8.46,5164.94,5.0,1,6.77,0.0,0.0,0.0,1.69,0.0,0.0,0.0,0.0,0.0,430.0,0.0,1.69
bf_sae1006_050,period_5,5,9,1,1,119.0,868.51,5164.94,1854.27,1,769.57,0.0,0.0,0.0,0.42,25.54,0.0,25.54,72.98,0.0,119.0,0.0,98.94
bz_nbr7008_043,period_1,1,16,0,1,900.0,6057.05,5465.22,1988.73,1,5892.56,0.0,0.0,0.0,2.96,94.22,0.0,94.22,67.3,0.0,900.0,0.0,0.0
bz_nbr7008_043,period_1,1,19,0,1,900.0,5325.41,5465.22,1748.51,2,3512.46,479.31,471.29,8.02,2.28,1272.18,1272.18,0.0,59.17,0.0,900.0,0.0,0.0
bz_nbr7008_043,period_1,1,22,0,1,900.0,4577.23,5465.22,1502.85,1,3466.22,0.0,0.0,0.0,2.31,1057.85,1057.85,0.0,50.86,0.0,900.0,0.0,0.0
bz_nbr7008_043,period_1,1,26,0,1,900.0,7426.33,5465.22,2438.31,1,5625.2,0.0,0.0,0.0,2.31,1716.31,1716.31,0.0,82.51,0.0,900.0,0.0,0.0
bz_nbr7008_043,period_1,1,45,0,1,900.0,6951.6,5465.22,2282.44,1,6762.69,0.57,0.0,0.57,2.96,108.14,0.0,108.14,77.24,0.0,900.0,0.0,0.0
bz_nbr7008_043,period_1,1,47,0,1,1200.0,6515.67,5944.29,1604.48,3,5565.29,143.23,143.23,0.0,3.56,749.3,749.3,0.0,54.3,0.0,1200.0,0.0,0.0
bz_nbr7008_043,period_1,1,48,0,1,1200.0,7938.31,5944.29,1954.81,4,7802.01,0.0,0.0,0.0,3.99,66.15,0.0,66.15,66.15,0.0,1200.0,0.0,0.0
bz_nbr7008_043,period_1,1,51,0,1,1200.0,7580.63,5944.29,1866.73,2,7437.67,0.0,0.0,0.0,3.99,75.81,0.0,75.81,63.17,0.0,1200.0,0.0,0.0
bz_nbr7008_043,period_1,1,56,0,1,1200.0,8813.21,5944.29,2170.25,2,8177.83,0.0,0.0,0.0,3.77,558.17,0.0,558.17,73.44,0.0,1200.0,0.0,0.0
bz_nbr7008_043,period_1,1,57,0,1,1200.0,7291.92,5944.29,1795.63,2,7106.06,48.18,48.18,0.0,3.99,72.92,0.0,72.92,60.77,0.0,1200.0,0.0,0.0
bz_nbr7008_043,period_1,1,62,0,1,1200.0,8022.45,5944.29,1975.53,2,7871.39,0.0,0.0,0.0,3.99,80.22,0.0,80.22,66.85,0.0,1200.0,0.0,0.0
bz_nbr7008_043,period_1,1,68,0,1,1200.0,7331.37,5944.29,1805.35,2,6802.19,0.0,0.0,0.0,3.77,464.32,0.0,464.32,61.09,0.0,1200.0,0.0,0.0
bz_nbr7008_043,period_1,1,72,0,1,1200.0,8488.08,5944.29,2090.19,3,7284.92,315.35,315.35,0.0,3.64,813.44,813.44,0.0,70.73,0.0,1200.0,0.0,0.0
bz_nbr7008_043,period_1,1,78,0,1,1200.0,7641.03,5944.29,1881.6,2,7076.92,0.0,0.0,0.0,3.76,496.67,0.0,496.67,63.68,0.0,1200.0,0.0,0.0
bz_nbr7008_043,period_1,1,8,0,1,900.0,6168.47,5465.22,2025.31,1,4665.82,6.2,0.0,6.2,2.31,1425.6,1425.6,0.0,68.54,0.0,900.0,0.0,0.0
bz_nbr7008_043,period_1,1,82,0,1,1020.0,9316.86,5742.24,2699.14,2,9012.09,0.0,0.0,0.0,3.34,210.09,0.0,210.09,91.34,0.0,1020.0,0.0,0.0
bz_nbr7008_043,period_1,1,83,0,1,1020.0,12560.0,5742.24,3638.7,2,12150.31,0.0,0.0,0.0,3.34,283.22,0.0,283.22,123.14,0.0,1020.0,0.0,0.0
bz_nbr7008_043,period_1,1,86,0,1,1020.0,10910.47,5742.24,3160.82,2,10554.06,10.78,10.58,0.2,3.34,235.32,0.0,235.32,106.97,0.0,1020.0,0.0,0.0
bz_nbr7008_043,period_1,1,9,0,1,900.0,5999.95,5465.22,1969.98,1,5836.99,0.0,0.0,0.0,2.96,93.33,0.0,93.33,66.67,0.0,900.0,0.0,0.0
bz_nbr7008_043,period_1,1,98,0,1,1020.0,9244.46,5742.24,2678.17,2,8951.09,0.0,0.0,0.0,3.34,199.39,0.0,199.39,90.63,0.0,1020.0,0.0,0.0
bz_nbr7008_043,period_2,2,100,0,1,1020.0,10867.57,5742.24,3148.39,2,10523.28,0.0,0.0,0.0,3.34,234.4,0.0,234.4,106.54,0.0,1020.0,0.0,0.0
bz_nbr7008_043,period_2,2,11,0,1,900.0,5230.32,5465.22,1717.29,1,3961.11,0.0,0.0,0.0,2.31,1208.79,1208.79,0.0,58.11,0.0,900.0,0.0,0.0
bz_nbr7008_043,period_2,2,21,0,1,900.0,6096.57,5465.22,2001.7,1,4617.54,0.0,0.0,0.0,2.31,1408.99,1408.99,0.0,67.74,0.0,900.0,0.0,0.0
bz_nbr7008_043,period_2,2,25,0,1,900.0,6703.85,5465.22,2201.09,1,6522.12,0.0,0.0,0.0,2.96,104.28,0.0,104.28,74.49,0.0,900.0,0.0,0.0
bz_nbr7008_043,period_2,2,30,0,1,900.0,7880.35,5465.22,2587.38,1,5945.11,24.13,24.13,0.0,2.31,1821.24,1821.24,0.0,87.56,0.0,900.0,0.0,0.0
bz_nbr7008_043,period_2,2,33,0,1,900.0,6252.38,5465.22,2052.86,1,6066.8,15.88,15.88,0.0,2.96,97.26,0.0,97.26,69.47,0.0,900.0,0.0,0.0
bz_nbr7008_043,period_2,2,44,0,1,900.0,4606.0,5465.22,1512.3,1,4480.21,0.0,0.0,0.0,2.96,71.65,0.0,71.65,51.18,0.0,900.0,0.0,0.0
bz_nbr7008_043,period_2,2,46,0,1,900.0,7048.48,5465.22,2314.25,1,5338.87,0.0,0.0,0.0,2.31,1628.98,1628.98,0.0,78.32,0.0,900.0,0.0,0.0
bz_nbr7008_043,period_2,2,47,0,1,1200.0,6515.67,5944.29,1604.48,2,5225.09,591.94,591.94,0.0,3.63,640.71,640.71,0.0,54.3,0.0,1200.0,0.0,0.0
bz_nbr7008_043,period_2,2,51,0,1,1200.0,7580.63,5944.29,1866.73,2,6238.04,0.0,0.0,0.0,3.34,1276.07,1276.07,0.0,63.17,0.0,1200.0,0.0,0.0
bz_nbr7008_043,period_2,2,6,0,1,900.0,5206.75,5465.22,1709.55,2,4876.04,119.51,119.51,0.0,2.92,150.42,0.0,150.42,57.85,0.0,900.0,0.0,0.0
bz_nbr7008_043,period_2,2,64,0,1,1200.0,8804.41,5944.29,2168.08,2,6625.72,267.89,267.89,0.0,3.18,1834.25,1834.25,0.0,73.37,0.0,1200.0,0.0,0.0
bz_nbr7008_043,period_2,2,77,0,1,1200.0,9082.29,5944.29,2236.51,2,8885.55,26.25,26.25,0.0,3.99,90.82,0.0,90.82,75.69,0.0,1200.0,0.0,0.0
bz_nbr7008_043,period_2,2,78,0,1,1200.0,7641.03,5944.29,1881.6,2,7496.96,0.0,0.0,0.0,3.99,76.41,0.0,76.41,63.68,0.0,1200.0,0.0,0.0
bz_nbr7008_043,period_2,2,80,0,1,1200.0,6940.45,5944.29,1709.08,2,5433.5,0.0,0.0,0.0,3.18,1445.93,1445.93,0.0,57.84,0.0,1200.0,0.0,0.0
bz_nbr7008_043,period_2,2,84,0,1,1020.0,8460.46,5742.24,2451.04,2,8183.4,0.0,0.0,0.0,3.34,190.78,0.0,190.78,82.95,0.0,1020.0,0.0,0.0
bz_nbr7008_043,period_2,2,88,0,1,1020.0,10102.75,5742.24,2926.82,2,9772.56,0.0,0.0,0.0,3.34,227.81,0.0,227.81,99.05,0.0,1020.0,0.0,0.0
bz_nbr7008_043,period_2,2,95,0,1,1020.0,10624.15,5742.24,3077.87,2,10286.12,1.38,0.0,1.38,3.34,229.15,0.0,229.15,104.16,0.0,1020.0,0.0,0.0
bz_nbr7008_043,period_2,2,98,0,1,1020.0,9244.46,5742.24,2678.17,2,8858.84,83.19,83.19,0.0,3.34,208.45,0.0,208.45,90.63,0.0,1020.0,0.0,0.0
bz_nbr7008_043,period_2,2,109,1,1,208.0,1425.6,5465.22,2025.31,1,160.42,572.58,572.58,0.0,0.36,623.7,0.0,623.7,68.54,0.0,208.0,0.0,1265.18
bz_nbr7008_043,period_2,2,110,1,1,120.0,471.29,5465.22,1160.55,1,459.27,11.62,11.62,0.0,0.41,0.0,0.0,0.0,0.0,0.0,120.0,0.0,12.02
bz_nbr7008_043,period_2,2,111,1,1,215.0,1272.18,5465.22,1748.51,1,0.0,709.65,709.65,0.0,0.41,502.95,0.0,502.95,59.17,0.0,215.0,0.0,1272.18
bz_nbr7008_043,period_2,2,112,1,1,208.0,1057.85,5465.22,1502.86,1,609.89,0.0,0.0,0.0,0.41,396.69,0.0,396.69,50.86,0.0,208.0,0.0,447.96
bz_nbr7008_043,period_2,2,113,1,1,208.0,1716.31,5465.22,2438.31,1,0.0,882.55,882.55,0.0,0.36,750.89,0.0,750.89,82.51,0.0,208.0,0.0,1716.31
bz_nbr7008_043,period_2,2,114,1,1,258.0,143.23,5944.29,164.05,1,142.36,0.0,0.0,0.0,0.87,0.0,0.0,0.0,0.0,0.0,258.0,0.0,0.87
bz_nbr7008_043,period_2,2,115,1,1,138.0,749.3,5944.29,1604.48,1,651.16,0.0,0.0,0.0,0.41,43.44,0.0,43.44,54.3,0.0,138.0,0.0,98.14
bz_nbr7008_043,period_2,2,116,1,1,746.0,48.18,5944.29,19.08,1,45.66,0.0,0.0,0.0,2.52,0.0,0.0,0.0,0.0,0.0,746.0,0.0,2.52
bz_nbr7008_043,period_2,2,117,1,1,107.0,296.52,5944.29,818.89,1,296.16,0.0,0.0,0.0,0.36,0.0,0.0,0.0,0.0,0.0,107.0,0.0,0.36
bz_nbr7008_043,period_2,2,118,1,1,536.0,18.83,5944.29,10.38,1,17.02,0.0,0.0,0.0,1.81,0.0,0.0,0.0,0.0,0.0,536.0,0.0,1.81
bz_nbr7008_043,period_2,2,119,1,0,115.0,813.44,5944.29,0.0,0,0.0,0.0,0.0,0.0,0.0,0.0,0.0,0.0,0.0,0.0,115.0,0.0,813.44
bz_nbr7008_043,period_2,2,120,1,1,556.0,10.58,5742.24,5.62,1,8.7,0.0,0.0,0.0,1.88,0.0,0.0,0.0,0.0,0.0,556.0,0.0,1.88
bz_nbr7008_043,period_3,3,14,0,1,900.0,5459.02,5465.22,1792.38,1,5310.48,0.0,0.0,0.0,2.96,84.92,0.0,84.92,60.66,0.0,900.0,0.0,0.0
bz_nbr7008_043,period_3,3,19,0,1,900.0,5325.41,5465.22,1748.51,1,5180.43,0.0,0.0,0.0,2.96,82.84,0.0,82.84,59.17,0.0,900.0,0.0,0.0
bz_nbr7008_043,period_3,3,22,0,1,900.0,4577.23,5465.22,1502.85,1,4452.21,0.0,0.0,0.0,2.96,71.2,0.0,71.2,50.86,0.0,900.0,0.0,0.0
bz_nbr7008_043,period_3,3,24,0,1,900.0,6122.76,5465.22,2010.3,1,4637.38,0.0,0.0,0.0,2.31,1415.04,1415.04,0.0,68.03,0.0,900.0,0.0,0.0
bz_nbr7008_043,period_3,3,29,0,1,900.0,5573.98,5465.22,1830.12,1,4163.35,58.18,58.18,0.0,2.31,1288.21,1288.21,0.0,61.93,0.0,900.0,0.0,0.0
bz_nbr7008_043,period_3,3,39,0,1,900.0,5926.91,5465.22,1946.0,1,5765.33,0.56,0.0,0.56,2.96,92.2,0.0,92.2,65.85,0.0,900.0,0.0,0.0
bz_nbr7008_043,period_3,3,42,0,1,900.0,6107.69,5465.22,2005.36,2,5683.73,176.73,176.73,0.0,2.92,176.44,0.0,176.44,67.86,0.0,900.0,0.0,0.0
bz_nbr7008_043,period_3,3,44,0,1,900.0,4606.0,5465.22,1512.3,1,3488.02,0.0,0.0,0.0,2.31,1064.5,1064.5,0.0,51.18,0.0,900.0,0.0,0.0
bz_nbr7008_043,period_3,3,47,0,1,1200.0,6515.67,5944.29,1604.48,2,5763.91,53.12,53.12,0.0,3.63,640.71,640.71,0.0,54.3,0.0,1200.0,0.0,0.0
bz_nbr7008_043,period_3,3,50,0,1,1200.0,7063.03,5944.29,1739.27,2,6553.08,0.0,0.0,0.0,3.77,447.33,0.0,447.33,58.86,0.0,1200.0,0.0,0.0
bz_nbr7008_043,period_3,3,59,0,1,1200.0,8622.27,5944.29,2123.23,2,6750.93,0.0,0.0,0.0,3.18,1796.31,1796.31,0.0,71.85,0.0,1200.0,0.0,0.0
bz_nbr7008_043,period_3,3,60,0,1,1200.0,7215.41,5944.29,1776.79,2,7063.91,15.23,15.23,0.0,3.99,72.15,0.0,72.15,60.13,0.0,1200.0,0.0,0.0
bz_nbr7008_043,period_3,3,63,0,1,1200.0,7911.9,5944.29,1948.3,2,7762.86,0.0,0.0,0.0,3.99,79.12,0.0,79.12,65.93,0.0,1200.0,0.0,0.0
bz_nbr7008_043,period_3,3,72,0,1,1200.0,8488.08,5944.29,2090.19,2,7847.72,0.0,0.0,0.0,3.76,565.87,0.0,565.87,70.73,0.0,1200.0,0.0,0.0
bz_nbr7008_043,period_3,3,78,0,1,1200.0,7641.03,5944.29,1881.6,2,7496.96,0.0,0.0,0.0,3.99,76.41,0.0,76.41,63.68,0.0,1200.0,0.0,0.0
bz_nbr7008_043,period_3,3,83,0,1,1020.0,12560.0,5742.24,3638.7,2,12162.62,0.0,0.0,0.0,3.34,270.9,0.0,270.9,123.14,0.0,1020.0,0.0,0.0
bz_nbr7008_043,period_3,3,90,0,1,1020.0,10644.79,5742.24,3083.85,2,9806.57,0.15,0.0,0.15,3.18,730.52,0.0,730.52,104.36,0.0,1020.0,0.0,0.0
bz_nbr7008_043,period_3,3,91,0,1,1020.0,11863.88,5742.24,3437.03,2,11437.63,39.08,39.08,0.0,3.34,267.52,0.0,267.52,116.31,0.0,1020.0,0.0,0.0
bz_nbr7008_043,period_3,3,97,0,1,1020.0,8857.69,5742.24,2566.12,2,8566.48,9.97,9.97,0.0,3.34,191.05,0.0,191.05,86.84,0.0,1020.0,0.0,0.0
bz_nbr7008_043,period_3,3,99,0,1,1020.0,11479.18,5742.24,3325.58,2,11115.71,0.0,0.0,0.0,3.34,247.59,0.0,247.59,112.54,0.0,1020.0,0.0,0.0
bz_nbr7008_043,period_3,3,109,1,1,432.0,119.51,5465.22,81.75,1,118.05,0.0,0.0,0.0,1.46,0.0,0.0,0.0,0.0,0.0,432.0,0.0,1.46
bz_nbr7008_043,period_3,3,110,1,1,208.0,1208.79,5465.22,1717.29,1,0.0,621.47,621.47,0.0,0.36,528.85,0.0,528.85,58.11,0.0,208.0,0.0,1208.79
bz_nbr7008_043,period_3,3,111,1,0,208.0,1408.99,5465.22,0.0,0,0.0,0.0,0.0,0.0,0.0,0.0,0.0,0.0,0.0,0.0,208.0,0.0,1408.99
bz_nbr7008_043,period_3,3,112,1,1,682.0,24.13,5465.22,10.46,1,21.82,0.0,0.0,0.0,2.31,0.0,0.0,0.0,0.0,0.0,682.0,0.0,2.31
bz_nbr7008_043,period_3,3,113,1,0,208.0,1821.24,5465.22,0.0,0,0.0,0.0,0.0,0.0,0.0,0.0,0.0,0.0,0.0,0.0,208.0,0.0,1821.24
bz_nbr7008_043,period_3,3,114,1,1,876.0,15.88,5465.22,5.36,1,12.92,0.0,0.0,0.0,2.96,0.0,0.0,0.0,0.0,0.0,876.0,0.0,2.96
bz_nbr7008_043,period_3,3,115,1,1,208.0,1628.98,5465.22,2314.24,1,0.0,939.39,939.39,0.0,0.41,610.87,0.0,610.87,78.32,0.0,208.0,0.0,1628.98
bz_nbr7008_043,period_3,3,116,1,1,536.0,591.94,5944.29,326.34,1,590.13,0.0,0.0,0.0,1.81,0.0,0.0,0.0,0.0,0.0,536.0,0.0,1.81
bz_nbr7008_043,period_3,3,117,1,1,118.0,640.71,5944.29,1604.49,1,532.16,48.46,48.46,0.0,0.36,5.43,0.0,5.43,54.3,0.0,118.0,0.0,108.55
bz_nbr7008_043,period_3,3,118,1,1,202.0,1276.07,5944.29,1866.72,1,292.41,465.25,465.25,0.0,0.41,454.84,0.0,454.84,63.17,0.0,202.0,0.0,983.66
bz_nbr7008_043,period_3,3,119,1,1,258.0,267.89,5944.29,306.83,1,267.02,0.0,0.0,0.0,0.87,0.0,0.0,0.0,0.0,0.0,258.0,0.0,0.87
bz_nbr7008_043,period_3,3,120,1,1,250.0,1834.25,5944.29,2168.08,1,878.0,2.03,0.0,2.03,0.41,880.44,880.44,0.0,73.37,0.0,250.0,0.0,956.25
bz_nbr7008_043,period_3,3,121,1,1,746.0,26.25,5944.29,10.4,1,23.73,0.0,0.0,0.0,2.52,0.0,0.0,0.0,0.0,0.0,746.0,0.0,2.52
bz_nbr7008_043,period_3,3,122,1,1,250.0,1445.93,5944.29,1709.09,1,691.61,2.03,0.0,2.03,0.41,694.05,694.05,0.0,57.84,0.0,250.0,0.0,754.32
bz_nbr7008_043,period_3,3,123,1,1,555.0,83.19,5742.24,44.29,1,81.31,0.0,0.0,0.0,1.88,0.0,0.0,0.0,0.0,0.0,555.0,0.0,1.88
bz_nbr7008_043,period_4,4,102,0,1,1020.0,10704.7,5742.24,3101.21,2,10355.03,0.0,0.0,0.0,3.34,241.38,0.0,241.38,104.95,0.0,1020.0,0.0,0.0
bz_nbr7008_043,period_4,4,19,0,1,900.0,5325.41,5465.22,1748.51,1,5164.65,15.79,15.79,0.0,2.96,82.84,0.0,82.84,59.17,0.0,900.0,0.0,0.0
bz_nbr7008_043,period_4,4,29,0,1,900.0,5573.98,5465.22,1830.12,1,5422.38,0.0,0.0,0.0,2.96,86.71,0.0,86.71,61.93,0.0,900.0,0.0,0.0
bz_nbr7008_043,period_4,4,38,0,1,900.0,6246.97,5465.22,2051.09,1,4731.51,0.0,0.0,0.0,2.31,1443.74,1443.74,0.0,69.41,0.0,900.0,0.0,0.0
bz_nbr7008_043,period_4,4,44,0,1,900.0,4606.0,5465.22,1512.3,1,4480.21,0.0,0.0,0.0,2.96,71.65,0.0,71.65,51.18,0.0,900.0,0.0,0.0
bz_nbr7008_043,period_4,4,47,0,1,1200.0,6515.67,5944.29,1604.48,2,5240.74,576.29,576.29,0.0,3.63,640.71,640.71,0.0,54.3,0.0,1200.0,0.0,0.0
bz_nbr7008_043,period_4,4,53,0,1,1200.0,9660.37,5944.29,2378.86,2,9472.9,6.37,0.0,6.37,3.99,96.6,0.0,96.6,80.5,0.0,1200.0,0.0,0.0
bz_nbr7008_043,period_4,4,61,0,1,1200.0,8806.08,5944.29,2168.49,2,6889.01,5.91,5.91,0.0,3.18,1834.6,1834.6,0.0,73.38,0.0,1200.0,0.0,0.0
bz_nbr7008_043,period_4,4,64,0,1,1200.0,8804.41,5944.29,2168.08,2,8639.01,0.0,0.0,0.0,3.99,88.04,0.0,88.04,73.37,0.0,1200.0,0.0,0.0
bz_nbr7008_043,period_4,4,67,0,1,1200.0,9172.97,5944.29,2258.84,2,7182.31,0.0,0.0,0.0,3.18,1911.04,1911.04,0.0,76.44,0.0,1200.0,0.0,0.0
bz_nbr7008_043,period_4,4,73,0,1,1200.0,7191.58,5944.29,1770.92,2,6660.43,0.0,0.0,0.0,3.76,467.45,0.0,467.45,59.93,0.0,1200.0,0.0,0.0
bz_nbr7008_043,period_4,4,80,0,1,1200.0,6940.45,5944.29,1709.08,2,6439.28,0.0,0.0,0.0,3.77,439.56,0.0,439.56,57.84,0.0,1200.0,0.0,0.0
bz_nbr7008_043,period_4,4,84,0,1,1020.0,8460.46,5742.24,2451.04,2,8191.69,0.0,0.0,0.0,3.34,182.48,0.0,182.48,82.95,0.0,1020.0,0.0,0.0
bz_nbr7008_043,period_4,4,9,0,1,900.0,5999.95,5465.22,1969.98,1,4544.32,0.0,0.0,0.0,2.31,1386.66,1386.66,0.0,66.67,0.0,900.0,0.0,0.0
bz_nbr7008_043,period_4,4,94,0,1,1020.0,10296.48,5742.24,2982.95,2,9939.83,20.19,20.19,0.0,3.34,232.18,0.0,232.18,100.95,0.0,1020.0,0.0,0.0
bz_nbr7008_043,period_4,4,97,0,1,1020.0,8857.69,5742.24,2566.12,2,8551.13,25.33,19.13,6.2,3.34,191.05,0.0,191.05,86.84,0.0,1020.0,0.0,0.0
bz_nbr7008_043,period_4,4,109,1,0,208.0,1415.04,5465.22,0.0,0,0.0,0.0,0.0,0.0,0.0,0.0,0.0,0.0,0.0,0.0,208.0,0.0,1415.04
bz_nbr7008_043,period_4,4,110,1,1,682.0,58.18,5465.22,25.21,1,55.62,0.25,0.0,0.25,2.31,0.0,0.0,0.0,0.0,0.0,682.0,0.0,2.56
bz_nbr7008_043,period_4,4,111,1,0,208.0,1288.21,5465.22,0.0,0,0.0,0.0,0.0,0.0,0.0,0.0,0.0,0.0,0.0,0.0,208.0,0.0,1288.21
bz_nbr7008_043,period_4,4,112,1,1,432.0,176.73,5465.22,120.89,1,175.27,0.0,0.0,0.0,1.46,0.0,0.0,0.0,0.0,0.0,432.0,0.0,1.46
bz_nbr7008_043,period_4,4,113,1,0,208.0,1064.5,5465.22,0.0,0,0.0,0.0,0.0,0.0,0.0,0.0,0.0,0.0,0.0,0.0,208.0,0.0,1064.5
bz_nbr7008_043,period_4,4,114,1,1,536.0,53.12,5944.29,29.29,1,51.31,0.0,0.0,0.0,1.81,0.0,0.0,0.0,0.0,0.0,536.0,0.0,1.81
bz_nbr7008_043,period_4,4,115,1,1,118.0,640.71,5944.29,1604.49,1,333.04,247.58,247.58,0.0,0.36,5.43,0.0,5.43,54.3,0.0,118.0,0.0,307.67
bz_nbr7008_043,period_4,4,116,1,1,250.0,1796.31,5944.29,2123.24,2,1532.2,191.45,191.45,0.0,0.81,0.0,0.0,0.0,71.85,0.0,250.0,0.0,264.11
bz_nbr7008_043,period_4,4,117,1,1,746.0,15.23,5944.29,6.03,1,12.71,0.0,0.0,0.0,2.52,0.0,0.0,0.0,0.0,0.0,746.0,0.0,2.52
bz_nbr7008_043,period_4,4,118,1,1,555.0,39.08,5742.24,20.81,1,37.2,0.0,0.0,0.0,1.88,0.0,0.0,0.0,0.0,0.0,555.0,0.0,1.88
bz_nbr7008_043,period_4,4,119,1,1,556.0,9.97,5742.24,5.3,1,8.09,0.0,0.0,0.0,1.88,0.0,0.0,0.0,0.0,0.0,556.0,0.0,1.88
bz_nbr7008_043,period_5,5,1,0,1,900.0,5947.1,5465.22,1952.63,1,4490.99,13.28,13.28,0.0,2.31,1374.44,1374.44,0.0,66.08,0.0,900.0,0.0,0.0
bz_nbr7008_043,period_5,5,100,0,1,1020.0,10867.57,5742.24,3148.39,2,10523.28,0.0,0.0,0.0,3.34,234.4,0.0,234.4,106.54,0.0,1020.0,0.0,0.0
bz_nbr7008_043,period_5,5,102,0,1,1020.0,10704.7,5742.24,3101.21,2,10186.38,179.14,179.14,0.0,3.34,230.89,0.0,230.89,104.95,0.0,1020.0,0.0,0.0
bz_nbr7008_043,period_5,5,105,0,1,1020.0,9853.38,5742.24,2854.58,2,9540.91,0.0,0.0,0.0,3.34,212.52,0.0,212.52,96.6,0.0,1020.0,0.0,0.0
bz_nbr7008_043,period_5,5,107,0,1,1020.0,9639.61,5742.24,2792.65,2,9324.4,0.0,0.0,0.0,3.34,217.36,0.0,217.36,94.51,0.0,1020.0,0.0,0.0
bz_nbr7008_043,period_5,5,108,0,1,1020.0,11121.22,5742.24,3221.88,2,10768.98,0.0,0.0,0.0,3.34,239.87,0.0,239.87,109.03,0.0,1020.0,0.0,0.0
bz_nbr7008_043,period_5,5,16,0,1,900.0,6057.05,5465.22,1988.73,1,4587.59,0.0,0.0,0.0,2.31,1399.85,1399.85,0.0,67.3,0.0,900.0,0.0,0.0
bz_nbr7008_043,period_5,5,3,0,1,900.0,6188.66,5465.22,2031.94,1,4687.32,0.0,0.0,0.0,2.31,1430.27,1430.27,0.0,68.76,0.0,900.0,0.0,0.0
bz_nbr7008_043,period_5,5,30,0,1,900.0,7880.35,5465.22,2587.38,1,7667.24,0.0,0.0,0.0,2.96,122.58,0.0,122.58,87.56,0.0,900.0,0.0,0.0
bz_nbr7008_043,period_5,5,32,0,1,900.0,6276.23,5465.22,2060.69,1,6105.9,0.0,0.0,0.0,2.96,97.63,0.0,97.63,69.74,0.0,900.0,0.0,0.0
bz_nbr7008_043,period_5,5,42,0,1,900.0,6107.69,5465.22,2005.36,1,4625.96,0.0,0.0,0.0,2.31,1411.56,1411.56,0.0,67.86,0.0,900.0,0.0,0.0
bz_nbr7008_043,period_5,5,43,0,1,900.0,7210.13,5465.22,2367.32,1,7014.9,0.0,0.0,0.0,2.96,112.16,0.0,112.16,80.11,0.0,900.0,0.0,0.0
bz_nbr7008_043,period_5,5,49,0,1,1200.0,7914.68,5944.29,1948.99,2,6196.65,0.0,0.0,0.0,3.18,1648.89,1648.89,0.0,65.96,0.0,1200.0,0.0,0.0
bz_nbr7008_043,period_5,5,50,0,1,1200.0,7063.03,5944.29,1739.27,2,6862.45,67.1,67.1,0.0,3.99,70.63,0.0,70.63,58.86,0.0,1200.0,0.0,0.0
bz_nbr7008_043,period_5,5,52,0,1,1200.0,7307.11,5944.29,1799.37,2,7169.16,0.0,0.0,0.0,3.99,73.07,0.0,73.07,60.89,0.0,1200.0,0.0,0.0
bz_nbr7008_043,period_5,5,55,0,1,1200.0,9265.22,5944.29,2281.56,2,8220.09,53.21,53.21,0.0,3.63,911.08,911.08,0.0,77.21,0.0,1200.0,0.0,0.0
bz_nbr7008_043,period_5,5,58,0,1,1200.0,7788.84,5944.29,1918.0,2,7642.06,0.0,0.0,0.0,3.99,77.89,0.0,77.89,64.91,0.0,1200.0,0.0,0.0
bz_nbr7008_043,period_5,5,6,0,1,900.0,5206.75,5465.22,1709.55,2,4983.81,11.74,11.74,0.0,2.92,150.42,0.0,150.42,57.85,0.0,900.0,0.0,0.0
bz_nbr7008_043,period_5,5,73,0,1,1200.0,7191.58,5944.29,1770.92,2,5630.22,0.0,0.0,0.0,3.18,1498.25,1498.25,0.0,59.93,0.0,1200.0,0.0,0.0
bz_nbr7008_043,period_5,5,78,0,1,1200.0,7641.03,5944.29,1881.6,2,5956.24,26.05,26.05,0.0,3.18,1591.88,1591.88,0.0,63.68,0.0,1200.0,0.0,0.0
bz_nbr7008_043,period_5,5,79,0,1,1200.0,7062.24,5944.29,1739.07,2,6928.78,0.0,0.0,0.0,3.99,70.62,0.0,70.62,58.85,0.0,1200.0,0.0,0.0
bz_nbr7008_043,period_5,5,80,0,1,1200.0,6940.45,5944.29,1709.08,2,6439.28,0.0,0.0,0.0,3.77,439.56,0.0,439.56,57.84,0.0,1200.0,0.0,0.0
bz_nbr7008_043,period_5,5,95,0,1,1020.0,10624.15,5742.24,3077.87,2,10277.09,0.0,0.0,0.0,3.34,239.56,0.0,239.56,104.16,0.0,1020.0,0.0,0.0
bz_nbr7008_043,period_5,5,99,0,1,1020.0,11479.18,5742.24,3325.58,2,11004.42,100.03,100.03,0.0,3.34,258.84,0.0,258.84,112.54,0.0,1020.0,0.0,0.0
bz_nbr7008_043,period_5,5,109,1,1,208.0,1386.66,5465.22,1969.99,1,0.0,799.59,799.59,0.0,0.41,520.0,0.0,520.0,66.67,0.0,208.0,0.0,1386.66
bz_nbr7008_043,period_5,5,110,1,1,876.0,15.79,5465.22,5.33,1,11.36,1.46,0.0,1.46,2.96,0.0,0.0,0.0,0.0,0.0,876.0,0.0,4.43
bz_nbr7008_043,period_5,5,111,1,0,208.0,1443.74,5465.22,0.0,0,0.0,0.0,0.0,0.0,0.0,0.0,0.0,0.0,0.0,0.0,208.0,0.0,1443.74
bz_nbr7008_043,period_5,5,112,1,1,536.0,576.29,5944.29,317.71,1,574.48,0.0,0.0,0.0,1.81,0.0,0.0,0.0,0.0,0.0,536.0,0.0,1.81
bz_nbr7008_043,period_5,5,113,1,1,118.0,640.71,5944.29,1604.49,1,550.03,30.59,30.59,0.0,0.36,5.43,0.0,5.43,54.3,0.0,118.0,0.0,90.68
bz_nbr7008_043,period_5,5,114,1,1,258.0,5.91,5944.29,6.77,1,5.04,0.0,0.0,0.0,0.87,0.0,0.0,0.0,0.0,0.0,258.0,0.0,0.87
bz_nbr7008_043,period_5,5,115,1,1,250.0,1834.6,5944.29,2168.49,2,746.34,1014.06,1014.06,0.0,0.81,0.0,0.0,0.0,73.38,0.0,250.0,0.0,1088.26
bz_nbr7008_043,period_5,5,116,1,1,250.0,1911.04,5944.29,2258.85,2,1831.76,2.03,0.0,2.03,0.81,0.0,0.0,0.0,76.44,0.0,250.0,0.0,79.28
bz_nbr7008_043,period_5,5,117,1,0,682.0,0.0,5944.29,0.0,0,0.0,0.0,0.0,0.0,0.0,0.0,0.0,0.0,0.0,0.0,682.0,0.0,0.0
bz_nbr7008_043,period_5,5,118,1,1,555.0,20.19,5742.24,10.75,1,18.31,0.0,0.0,0.0,1.88,0.0,0.0,0.0,0.0,0.0,555.0,0.0,1.88
bz_nbr7008_043,period_5,5,119,1,1,432.0,19.13,5742.24,13.09,1,17.67,0.0,0.0,0.0,1.46,0.0,0.0,0.0,0.0,0.0,432.0,0.0,1.46
bz_nbr7008_075,period_1,1,1,0,1,1000.0,6006.21,5355.26,1017.57,5,3801.88,1784.41,1784.41,0.0,5.5,354.37,354.37,0.0,60.06,0.0,1000.0,0.0,0.0
bz_nbr7008_075,period_1,1,2,0,1,1000.0,6606.91,5355.26,1119.34,5,5909.99,228.95,228.95,0.0,5.49,396.41,396.41,0.0,66.07,0.0,1000.0,0.0,0.0
bz_nbr7008_075,period_1,1,3,0,1,1000.0,6948.64,5355.26,1177.24,2,6859.42,0.0,0.0,0.0,5.83,13.9,0.0,13.9,69.49,0.0,1000.0,0.0,0.0
bz_nbr7008_075,period_1,1,4,0,1,1000.0,7071.97,5355.26,1198.13,2,6529.05,0.0,0.0,0.0,5.45,466.75,466.75,0.0,70.72,0.0,1000.0,0.0,0.0
bz_nbr7008_075,period_1,1,7,0,1,1000.0,6173.57,5355.26,1045.92,2,6093.66,0.0,0.0,0.0,5.83,12.35,0.0,12.35,61.74,0.0,1000.0,0.0,0.0
bz_nbr7008_075,period_1,1,8,0,1,1000.0,7395.89,5355.26,1253.01,2,6772.97,55.37,55.37,0.0,5.45,488.13,488.13,0.0,73.96,0.0,1000.0,0.0,0.0
bz_nbr7008_075,period_2,2,1,0,1,1000.0,6006.21,5355.26,1017.57,2,5385.08,159.2,159.2,0.0,5.45,396.41,396.41,0.0,60.06,0.0,1000.0,0.0,0.0
bz_nbr7008_075,period_2,2,2,0,1,1000.0,6606.91,5355.26,1119.34,2,4940.93,1587.47,1587.47,0.0,5.84,6.61,0.0,6.61,66.07,0.0,1000.0,0.0,0.0
bz_nbr7008_075,period_2,2,5,0,1,1000.0,7567.23,5355.26,1282.04,3,6457.37,0.0,0.0,0.0,5.04,1029.14,1029.14,0.0,75.67,0.0,1000.0,0.0,0.0
bz_nbr7008_075,period_2,2,7,0,1,1000.0,6173.57,5355.26,1045.92,2,4647.37,1051.55,1051.55,0.0,5.45,407.46,407.46,0.0,61.74,0.0,1000.0,0.0,0.0
bz_nbr7008_075,period_2,2,9,0,1,1000.0,7560.04,5355.26,1280.82,2,7457.67,5.82,0.0,5.82,5.83,15.12,0.0,15.12,75.6,0.0,1000.0,0.0,0.0
bz_nbr7008_075,period_2,2,12,1,1,495.0,1247.14,5355.26,426.85,4,904.89,191.03,191.03,0.0,2.57,123.45,123.45,0.0,25.19,0.0,495.0,0.0,342.25
bz_nbr7008_075,period_2,2,13,1,1,180.0,536.14,5355.26,504.63,1,535.08,0.0,0.0,0.0,1.06,0.0,0.0,0.0,0.0,0.0,180.0,0.0,1.06
bz_nbr7008_075,period_2,2,14,1,1,38.0,1.12,5355.26,4.99,1,0.0,0.9,0.0,0.9,0.22,0.0,0.0,0.0,0.0,0.0,38.0,0.0,1.12
bz_nbr7008_075,period_2,2,15,1,1,59.0,354.37,5355.26,1017.58,1,0.0,228.01,228.01,0.0,0.22,66.07,0.0,66.07,60.06,0.0,59.0,0.0,354.37
bz_nbr7008_075,period_2,2,16,1,1,494.0,20.72,5355.26,7.11,1,17.8,0.0,0.0,0.0,2.92,0.0,0.0,0.0,0.0,0.0,494.0,0.0,2.92
bz_nbr7008_075,period_2,2,17,1,1,38.0,208.23,5355.26,928.38,1,0.0,208.01,208.01,0.0,0.22,0.0,0.0,0.0,0.0,0.0,38.0,0.0,208.23
bz_nbr7008_075,period_2,2,18,1,1,60.0,396.41,5355.26,1119.33,1,153.12,97.72,97.72,0.0,0.22,79.28,0.0,79.28,66.07,0.0,60.0,0.0,243.29
bz_nbr7008_075,period_2,2,19,1,1,66.0,466.75,5355.26,1198.13,1,268.51,0.0,0.0,0.0,0.22,127.3,0.0,127.3,70.72,0.0,66.0,0.0,198.24
bz_nbr7008_075,period_2,2,20,1,1,744.0,55.37,5355.26,12.61,1,50.98,0.0,0.0,0.0,4.39,0.0,0.0,0.0,0.0,0.0,744.0,0.0,4.39
bz_nbr7008_075,period_2,2,21,1,1,66.0,488.13,5355.26,1253.01,1,280.82,0.0,0.0,0.0,0.22,133.13,0.0,133.13,73.96,0.0,66.0,0.0,207.31
bz_nbr7008_075,period_3,3,1,0,1,1000.0,6006.21,5355.26,1017.57,2,5913.72,14.58,14.58,0.0,5.83,12.01,0.0,12.01,60.06,0.0,1000.0,0.0,0.0
bz_nbr7008_075,period_3,3,2,0,1,1000.0,6606.91,5355.26,1119.34,3,5631.95,5.31,5.31,0.0,5.04,898.54,898.54,0.0,66.07,0.0,1000.0,0.0,0.0
bz_nbr7008_075,period_3,3,3,0,1,1000.0,6948.64,5355.26,1177.24,5,5693.46,763.28,763.28,0.0,5.49,416.92,416.92,0.0,69.49,0.0,1000.0,0.0,0.0
bz_nbr7008_075,period_3,3,4,0,1,1000.0,7071.97,5355.26,1198.13,2,5313.89,1215.16,1215.16,0.0,5.45,466.75,466.75,0.0,70.72,0.0,1000.0,0.0,0.0
bz_nbr7008_075,period_3,3,6,0,1,1000.0,7251.61,5355.26,1228.57,2,6695.03,0.0,0.0,0.0,5.45,478.61,478.61,0.0,72.52,0.0,1000.0,0.0,0.0
bz_nbr7008_075,period_3,3,7,0,1,1000.0,6173.57,5355.26,1045.92,2,3396.95,2702.87,2702.87,0.0,5.84,6.17,0.0,6.17,61.74,0.0,1000.0,0.0,0.0
bz_nbr7008_075,period_3,3,12,1,1,180.0,137.25,5355.26,129.18,1,136.19,0.0,0.0,0.0,1.06,0.0,0.0,0.0,0.0,0.0,180.0,0.0,1.06
bz_nbr7008_075,period_3,3,13,1,1,744.0,21.96,5355.26,5.0,1,17.57,0.0,0.0,0.0,4.39,0.0,0.0,0.0,0.0,0.0,744.0,0.0,4.39
bz_nbr7008_075,period_3,3,14,1,1,66.0,396.41,5355.26,1017.57,1,50.13,177.88,177.88,0.0,0.22,108.11,0.0,108.11,60.06,0.0,66.0,0.0,346.28
bz_nbr7008_075,period_3,3,15,1,1,495.0,1587.47,5355.26,543.33,1,1584.55,0.0,0.0,0.0,2.92,0.0,0.0,0.0,0.0,0.0,495.0,0.0,2.92
bz_nbr7008_075,period_3,3,16,1,1,136.0,1029.14,5355.26,1282.03,3,859.75,2.24,0.0,2.24,0.67,90.81,0.0,90.81,75.67,0.0,136.0,0.0,169.39
bz_nbr7008_075,period_3,3,17,1,1,744.0,1051.55,5355.26,239.45,1,1047.16,0.0,0.0,0.0,4.39,0.0,0.0,0.0,0.0,0.0,744.0,0.0,4.39
bz_nbr7008_075,period_3,3,18,1,1,66.0,407.46,5355.26,1045.94,1,0.0,234.37,234.37,0.0,0.22,111.13,0.0,111.13,61.74,0.0,66.0,0.0,407.46
bz_nbr7008_075,period_4,4,1,0,1,1000.0,6006.21,5355.26,1017.57,2,4291.2,1643.1,1643.1,0.0,5.84,6.01,0.0,6.01,60.06,0.0,1000.0,0.0,0.0
bz_nbr7008_075,period_4,4,2,0,1,1000.0,6606.91,5355.26,1119.34,2,6521.8,0.0,0.0,0.0,5.83,13.21,0.0,13.21,66.07,0.0,1000.0,0.0,0.0
bz_nbr7008_075,period_4,4,3,0,1,1000.0,6948.64,5355.26,1177.24,3,5871.81,57.29,57.29,0.0,5.04,945.02,945.02,0.0,69.49,0.0,1000.0,0.0,0.0
bz_nbr7008_075,period_4,4,4,0,1,1000.0,7071.97,5355.26,1198.13,2,5257.15,1271.89,1271.89,0.0,5.45,466.75,466.75,0.0,70.72,0.0,1000.0,0.0,0.0
bz_nbr7008_075,period_4,4,7,0,1,1000.0,6173.57,5355.26,1045.92,2,3227.68,2471.25,2471.25,0.0,5.45,407.46,407.46,0.0,61.74,0.0,1000.0,0.0,0.0
bz_nbr7008_075,period_4,4,12,1,1,494.0,14.58,5355.26,5.0,1,11.66,0.0,0.0,0.0,2.92,0.0,0.0,0.0,0.0,0.0,494.0,0.0,2.92
bz_nbr7008_075,period_4,4,13,1,1,180.0,5.31,5355.26,5.0,1,4.25,0.0,0.0,0.0,1.06,0.0,0.0,0.0,0.0,0.0,180.0,0.0,1.06
bz_nbr7008_075,period_4,4,14,1,0,136.0,898.54,5355.26,0.0,0,0.0,0.0,0.0,0.0,0.0,0.0,0.0,0.0,0.0,0.0,136.0,0.0,898.54
bz_nbr7008_075,period_4,4,15,1,1,180.0,122.84,5355.26,115.62,1,121.78,0.0,0.0,0.0,1.06,0.0,0.0,0.0,0.0,0.0,180.0,0.0,1.06
bz_nbr7008_075,period_4,4,16,1,1,494.0,112.79,5355.26,38.68,1,109.87,0.0,0.0,0.0,2.92,0.0,0.0,0.0,0.0,0.0,494.0,0.0,2.92
bz_nbr7008_075,period_4,4,17,1,1,38.0,263.82,5355.26,1176.22,1,0.0,263.6,263.6,0.0,0.22,0.0,0.0,0.0,0.0,0.0,38.0,0.0,263.82
bz_nbr7008_075,period_4,4,18,1,1,38.0,263.82,5355.26,1176.22,1,0.0,263.6,263.6,0.0,0.22,0.0,0.0,0.0,0.0,0.0,38.0,0.0,263.82
bz_nbr7008_075,period_4,4,19,1,1,60.0,416.92,5355.26,1177.24,1,113.24,150.58,150.58,0.0,0.22,83.38,0.0,83.38,69.49,0.0,60.0,0.0,303.68
bz_nbr7008_075,period_4,4,20,1,1,744.0,1215.16,5355.26,276.71,1,1210.77,0.0,0.0,0.0,4.39,0.0,0.0,0.0,0.0,0.0,744.0,0.0,4.39
bz_nbr7008_075,period_4,4,21,1,1,66.0,466.75,5355.26,1198.13,1,267.39,1.12,0.0,1.12,0.22,127.3,0.0,127.3,70.72,0.0,66.0,0.0,199.36
bz_nbr7008_075,period_4,4,22,1,1,66.0,478.61,5355.26,1228.58,1,274.22,1.12,0.0,1.12,0.22,130.53,0.0,130.53,72.52,0.0,66.0,0.0,204.39
bz_nbr7008_075,period_4,4,23,1,1,495.0,2702.87,5355.26,925.09,5,1963.6,621.81,621.81,0.0,2.8,60.06,0.0,60.06,54.6,0.0,495.0,0.0,739.27
bz_nbr7008_075,period_5,5,1,0,1,1000.0,6006.21,5355.26,1017.57,3,2526.75,2603.51,2603.51,0.0,5.05,810.84,810.84,0.0,60.06,0.0,1000.0,0.0,0.0
bz_nbr7008_075,period_5,5,11,0,1,1000.0,7895.06,5355.26,1337.58,2,7794.49,0.0,0.0,0.0,5.83,15.79,0.0,15.79,78.95,0.0,1000.0,0.0,0.0
bz_nbr7008_075,period_5,5,2,0,1,1000.0,6606.91,5355.26,1119.34,3,5390.72,246.54,246.54,0.0,5.04,898.54,898.54,0.0,66.07,0.0,1000.0,0.0,0.0
bz_nbr7008_075,period_5,5,4,0,1,1000.0,7071.97,5355.26,1198.13,2,6529.05,0.0,0.0,0.0,5.45,466.75,466.75,0.0,70.72,0.0,1000.0,0.0,0.0
bz_nbr7008_075,period_5,5,7,0,1,1000.0,6173.57,5355.26,1045.92,2,5668.2,30.73,30.73,0.0,5.45,407.46,407.46,0.0,61.74,0.0,1000.0,0.0,0.0
bz_nbr7008_075,period_5,5,9,0,1,1000.0,7560.04,5355.26,1280.82,2,7435.24,28.25,28.25,0.0,5.83,15.12,0.0,15.12,75.6,0.0,1000.0,0.0,0.0
bz_nbr7008_075,period_5,5,12,1,1,495.0,1597.19,5355.26,546.66,1,1594.27,0.0,0.0,0.0,2.92,0.0,0.0,0.0,0.0,0.0,495.0,0.0,2.92
bz_nbr7008_075,period_5,5,13,1,1,494.0,45.91,5355.26,15.75,1,42.99,0.0,0.0,0.0,2.92,0.0,0.0,0.0,0.0,0.0,494.0,0.0,2.92
bz_nbr7008_075,period_5,5,14,1,1,180.0,57.29,5355.26,53.92,1,56.23,0.0,0.0,0.0,1.06,0.0,0.0,0.0,0.0,0.0,180.0,0.0,1.06
bz_nbr7008_075,period_5,5,15,1,1,136.0,945.02,5355.26,1177.24,3,601.75,189.73,189.73,0.0,0.67,83.38,0.0,83.38,69.49,0.0,136.0,0.0,343.27
bz_nbr7008_075,period_5,5,16,1,1,180.0,1271.89,5355.26,1197.13,1,1270.83,0.0,0.0,0.0,1.06,0.0,0.0,0.0,0.0,0.0,180.0,0.0,1.06
bz_nbr7008_075,period_5,5,17,1,1,66.0,466.75,5355.26,1198.13,1,268.51,0.0,0.0,0.0,0.22,127.3,0.0,127.3,70.72,0.0,66.0,0.0,198.24
bz_nbr7008_075,period_5,5,18,1,1,744.0,2471.25,5355.26,562.74,1,2466.86,0.0,0.0,0.0,4.39,0.0,0.0,0.0,0.0,0.0,744.0,0.0,4.39
bz_nbr7008_075,period_5,5,19,1,1,66.0,407.46,5355.26,1045.94,1,0.0,234.37,234.37,0.0,0.22,111.13,0.0,111.13,61.74,0.0,66.0,0.0,407.46
bz_nbr7008_095,period_1,1,10,0,1,1000.0,8416.52,5412.45,1125.73,3,8324.95,0.0,0.0,0.0,7.4,0.0,0.0,0.0,84.17,0.0,1000.0,0.0,0.0
bz_nbr7008_095,period_1,1,11,0,1,1000.0,10148.98,5412.45,1357.45,3,10040.09,0.0,0.0,0.0,7.4,0.0,0.0,0.0,101.49,0.0,1000.0,0.0,0.0
bz_nbr7008_095,period_1,1,3,0,1,1000.0,11126.31,5412.45,1488.17,5,9111.33,6.12,6.12,0.0,6.13,1891.47,1891.47,0.0,111.26,0.0,1000.0,0.0,0.0
bz_nbr7008_095,period_1,1,4,0,1,1000.0,9000.68,5412.45,1203.86,4,8724.93,34.45,34.45,0.0,7.28,144.01,0.0,144.01,90.01,0.0,1000.0,0.0,0.0
bz_nbr7008_095,period_1,1,6,0,1,1000.0,9450.33,5412.45,1264.0,3,9316.71,31.72,31.72,0.0,7.4,0.0,0.0,0.0,94.5,0.0,1000.0,0.0,0.0
bz_nbr7008_095,period_1,1,8,0,1,1000.0,10079.29,5412.45,1348.13,3,8600.12,101.93,101.93,0.0,6.46,1269.99,1269.99,0.0,100.79,0.0,1000.0,0.0,0.0
bz_nbr7008_095,period_2,2,10,0,1,1000.0,8416.52,5412.45,1125.73,4,7484.31,706.1,706.1,0.0,7.28,134.66,0.0,134.66,84.17,0.0,1000.0,0.0,0.0
bz_nbr7008_095,period_2,2,2,0,1,1000.0,9411.76,5412.45,1258.85,4,6901.0,622.42,622.42,0.0,5.98,1788.23,1788.23,0.0,94.12,0.0,1000.0,0.0,0.0
bz_nbr7008_095,period_2,2,4,0,1,1000.0,9000.68,5412.45,1203.86,3,7762.65,7.48,7.48,0.0,6.46,1134.09,1134.09,0.0,90.01,0.0,1000.0,0.0,0.0
bz_nbr7008_095,period_2,2,5,0,1,1000.0,9700.28,5412.45,1297.44,3,7781.19,1814.69,1814.69,0.0,7.4,0.0,0.0,0.0,97.0,0.0,1000.0,0.0,0.0
bz_nbr7008_095,period_2,2,6,0,1,1000.0,9450.33,5412.45,1264.0,3,9348.42,0.0,0.0,0.0,7.4,0.0,0.0,0.0,94.5,0.0,1000.0,0.0,0.0
bz_nbr7008_095,period_2,2,8,0,1,1000.0,10079.29,5412.45,1348.13,3,9971.1,0.0,0.0,0.0,7.4,0.0,0.0,0.0,100.79,0.0,1000.0,0.0,0.0
bz_nbr7008_095,period_2,2,12,1,1,110.0,6.12,5412.45,7.44,1,5.3,0.0,0.0,0.0,0.82,0.0,0.0,0.0,0.0,0.0,110.0,0.0,0.82
bz_nbr7008_095,period_2,2,13,1,1,170.0,1891.47,5412.45,1488.17,1,1223.07,0.0,0.0,0.0,0.82,556.31,0.0,556.31,111.26,0.0,170.0,0.0,668.4
bz_nbr7008_095,period_2,2,14,1,1,200.0,34.45,5412.45,23.04,1,32.95,0.0,0.0,0.0,1.5,0.0,0.0,0.0,0.0,0.0,200.0,0.0,1.5
bz_nbr7008_095,period_2,2,15,1,1,330.0,31.72,5412.45,12.86,1,29.25,0.0,0.0,0.0,2.47,0.0,0.0,0.0,0.0,0.0,330.0,0.0,2.47
bz_nbr7008_095,period_2,2,16,1,1,554.0,101.93,5412.45,24.61,1,97.79,0.0,0.0,0.0,4.14,0.0,0.0,0.0,0.0,0.0,554.0,0.0,4.14
bz_nbr7008_095,period_2,2,17,1,1,126.0,1269.99,5412.45,1348.13,1,1107.9,0.0,0.0,0.0,0.82,60.48,0.0,60.48,100.79,0.0,126.0,0.0,162.09
bz_nbr7008_095,period_3,3,1,0,1,1000.0,10104.58,5412.45,1351.51,3,9842.29,153.85,153.85,0.0,7.4,0.0,0.0,0.0,101.05,0.0,1000.0,0.0,0.0
bz_nbr7008_095,period_3,3,10,0,1,1000.0,8416.52,5412.45,1125.73,4,8146.5,43.91,43.91,0.0,7.28,134.66,0.0,134.66,84.17,0.0,1000.0,0.0,0.0
bz_nbr7008_095,period_3,3,2,0,1,1000.0,9411.76,5412.45,1258.85,3,8971.69,0.0,0.0,0.0,7.13,338.82,0.0,338.82,94.12,0.0,1000.0,0.0,0.0
bz_nbr7008_095,period_3,3,4,0,1,1000.0,9000.68,5412.45,1203.86,3,8903.27,0.0,0.0,0.0,7.4,0.0,0.0,0.0,90.01,0.0,1000.0,0.0,0.0
bz_nbr7008_095,period_3,3,5,0,1,1000.0,9700.28,5412.45,1297.44,3,6850.53,1524.05,1524.05,0.0,6.46,1222.24,1222.24,0.0,97.0,0.0,1000.0,0.0,0.0
bz_nbr7008_095,period_3,3,6,0,1,1000.0,9450.33,5412.45,1264.0,3,9348.42,0.0,0.0,0.0,7.4,0.0,0.0,0.0,94.5,0.0,1000.0,0.0,0.0
bz_nbr7008_095,period_3,3,8,0,1,1000.0,10079.29,5412.45,1348.13,3,8661.76,0.0,0.0,0.0,6.43,1310.31,1310.31,0.0,100.79,0.0,1000.0,0.0,0.0
bz_nbr7008_095,period_3,3,12,1,1,200.0,622.42,5412.45,416.25,1,620.92,0.0,0.0,0.0,1.5,0.0,0.0,0.0,0.0,0.0,200.0,0.0,1.5
bz_nbr7008_095,period_3,3,13,1,1,190.0,1788.23,5412.45,1258.84,1,1034.47,0.0,0.0,0.0,0.82,658.82,0.0,658.82,94.12,0.0,190.0,0.0,753.76
bz_nbr7008_095,period_3,3,14,1,1,200.0,7.48,5412.45,5.0,1,5.98,0.0,0.0,0.0,1.5,0.0,0.0,0.0,0.0,0.0,200.0,0.0,1.5
bz_nbr7008_095,period_3,3,15,1,1,126.0,1134.09,5412.45,1203.87,1,989.26,0.0,0.0,0.0,0.82,54.0,0.0,54.0,90.01,0.0,126.0,0.0,144.83
bz_nbr7008_095,period_3,3,16,1,1,330.0,1814.69,5412.45,735.51,2,1702.39,0.0,0.0,0.0,2.32,54.99,0.0,54.99,54.99,0.0,330.0,0.0,112.3
bz_nbr7008_095,period_3,3,17,1,1,554.0,247.09,5412.45,59.66,1,242.95,0.0,0.0,0.0,4.14,0.0,0.0,0.0,0.0,0.0,554.0,0.0,4.14
bz_nbr7008_095,period_3,3,18,1,1,110.0,459.01,5412.45,558.12,1,458.19,0.0,0.0,0.0,0.82,0.0,0.0,0.0,0.0,0.0,110.0,0.0,0.82
bz_nbr7008_095,period_4,4,10,0,1,1000.0,8416.52,5412.45,1125.73,3,6797.43,467.98,467.98,0.0,6.46,1060.48,1060.48,0.0,84.17,0.0,1000.0,0.0,0.0
bz_nbr7008_095,period_4,4,2,0,1,1000.0,9411.76,5412.45,1258.85,4,9122.15,0.0,0.0,0.0,7.25,188.24,0.0,188.24,94.12,0.0,1000.0,0.0,0.0
bz_nbr7008_095,period_4,4,4,0,1,1000.0,9000.68,5412.45,1203.86,3,8903.27,0.0,0.0,0.0,7.4,0.0,0.0,0.0,90.01,0.0,1000.0,0.0,0.0
bz_nbr7008_095,period_4,4,5,0,1,1000.0,9700.28,5412.45,1297.44,3,9246.93,0.0,0.0,0.0,7.13,349.21,0.0,349.21,97.0,0.0,1000.0,0.0,0.0
bz_nbr7008_095,period_4,4,6,0,1,1000.0,9450.33,5412.45,1264.0,3,9312.66,35.76,35.76,0.0,7.4,0.0,0.0,0.0,94.5,0.0,1000.0,0.0,0.0
bz_nbr7008_095,period_4,4,12,1,1,330.0,153.85,5412.45,62.36,1,151.38,0.0,0.0,0.0,2.47,0.0,0.0,0.0,0.0,0.0,330.0,0.0,2.47
bz_nbr7008_095,period_4,4,13,1,1,554.0,1330.11,5412.45,321.13,2,1268.53,0.0,0.0,0.0,3.96,33.61,0.0,33.61,24.01,0.0,554.0,0.0,61.58
bz_nbr7008_095,period_4,4,14,1,1,110.0,193.93,5412.45,235.81,1,193.11,0.0,0.0,0.0,0.82,0.0,0.0,0.0,0.0,0.0,110.0,0.0,0.82
bz_nbr7008_095,period_4,4,15,1,1,126.0,1222.24,5412.45,1297.44,1,1066.21,0.0,0.0,0.0,0.82,58.2,0.0,58.2,97.0,0.0,126.0,0.0,156.03
bz_nbr7008_095,period_4,4,16,1,1,130.0,1310.31,5412.45,1348.13,1,1107.9,0.0,0.0,0.0,0.82,100.79,0.0,100.79,100.79,0.0,130.0,0.0,202.41
bz_nbr7008_095,period_4,4,17,1,1,200.0,43.91,5412.45,29.37,1,42.41,0.0,0.0,0.0,1.5,0.0,0.0,0.0,0.0,0.0,200.0,0.0,1.5
bz_nbr7008_095,period_5,5,2,0,1,1000.0,9411.76,5412.45,1258.85,4,9110.12,49.65,49.65,0.0,7.28,150.59,0.0,150.59,94.12,0.0,1000.0,0.0,0.0
bz_nbr7008_095,period_5,5,3,0,1,1000.0,11126.31,5412.45,1488.17,3,10893.88,113.76,113.76,0.0,7.4,0.0,0.0,0.0,111.26,0.0,1000.0,0.0,0.0
bz_nbr7008_095,period_5,5,4,0,1,1000.0,9000.68,5412.45,1203.86,4,8320.07,43.6,43.6,0.0,6.95,540.04,0.0,540.04,90.01,0.0,1000.0,0.0,0.0
bz_nbr7008_095,period_5,5,5,0,1,1000.0,9700.28,5412.45,1297.44,4,9440.79,0.0,0.0,0.0,7.28,155.2,0.0,155.2,97.0,0.0,1000.0,0.0,0.0
bz_nbr7008_095,period_5,5,7,0,1,1000.0,11315.34,5412.45,1513.45,3,11194.78,0.0,0.0,0.0,7.4,0.0,0.0,0.0,113.15,0.0,1000.0,0.0,0.0
bz_nbr7008_095,period_5,5,9,0,1,1000.0,10904.98,5412.45,1458.57,4,10120.8,449.78,449.78,0.0,7.25,218.1,0.0,218.1,109.05,0.0,1000.0,0.0,0.0
bz_nbr7008_095,period_5,5,12,1,1,330.0,35.76,5412.45,14.49,1,33.29,0.0,0.0,0.0,2.47,0.0,0.0,0.0,0.0,0.0,330.0,0.0,2.47
bz_nbr7008_095,period_5,5,13,1,1,554.0,338.55,5412.45,81.74,1,334.41,0.0,0.0,0.0,4.14,0.0,0.0,0.0,0.0,0.0,554.0,0.0,4.14
bz_nbr7008_095,period_5,5,14,1,1,200.0,38.11,5412.45,25.49,1,36.61,0.0,0.0,0.0,1.5,0.0,0.0,0.0,0.0,0.0,200.0,0.0,1.5
bz_nbr7008_095,period_5,5,15,1,1,110.0,91.32,5412.45,111.04,1,90.5,0.0,0.0,0.0,0.82,0.0,0.0,0.0,0.0,0.0,110.0,0.0,0.82
bz_nbr7008_095,period_5,5,16,1,1,126.0,1060.48,5412.45,1125.73,1,924.99,0.0,0.0,0.0,0.82,50.5,0.0,50.5,84.17,0.0,126.0,0.0,135.49
