instance,period,period_number,coil_id,processed,used,coil_width,coil_weight,coil_ton_value,used_length,strip_count,strip_produced_weight,strip_leftover_weight,strip_retail_weight,strip_scrap_weight,strip_loss_weight,lateral_leftover_weight,lateral_leftover_retail_weight,lateral_leftover_scrap_weight,edge_trim_weight,rolled_leftover_weight,rolled_leftover_width,rolled_leftover_length,processed_scrap_weight
bf_qcv_045,period_1,1,107,0,1,1000.0,9312.83,5288.27,2629.63,2,8946.23,0.0,0.0,0.0,3.4,270.07,0.0,270.07,93.13,0.0,1000.0,0.0,0.0
bf_qcv_045,period_1,1,111,0,1,1000.0,6331.64,5288.27,1787.84,2,6252.16,0.0,0.0,0.0,3.5,12.66,0.0,12.66,63.32,0.0,1000.0,0.0,0.0
bf_qcv_045,period_1,1,114,0,1,1000.0,9764.95,5288.27,2757.29,2,9117.16,0.0,0.0,0.0,3.31,546.84,0.0,546.84,97.65,0.0,1000.0,0.0,0.0
bf_qcv_045,period_1,1,123,0,1,1000.0,8934.09,5288.27,2522.69,2,8582.26,0.0,0.0,0.0,3.4,259.09,0.0,259.09,89.34,0.0,1000.0,0.0,0.0
bf_qcv_045,period_1,1,126,0,1,1000.0,9551.22,5288.27,2696.94,2,9432.26,0.85,0.0,0.85,3.5,19.1,0.0,19.1,95.51,0.0,1000.0,0.0,0.0
bf_qcv_045,period_1,1,133,0,1,1000.0,7002.69,5288.27,1977.32,2,6726.18,0.0,0.0,0.0,3.4,203.08,0.0,203.08,70.03,0.0,1000.0,0.0,0.0
bf_qcv_045,period_1,1,136,0,1,1000.0,9049.37,5288.27,2555.24,2,8693.04,0.0,0.0,0.0,3.4,262.43,0.0,262.43,90.49,0.0,1000.0,0.0,0.0
bf_qcv_045,period_1,1,14,0,1,1200.0,5632.4,4819.73,1325.33,2,5553.11,0.0,0.0,0.0,4.19,28.16,0.0,28.16,46.94,0.0,1200.0,0.0,0.0
bf_qcv_045,period_1,1,142,0,1,1000.0,8859.15,5288.27,2501.52,2,8271.14,0.0,0.0,0.0,3.31,496.11,0.0,496.11,88.59,0.0,1000.0,0.0,0.0
bf_qcv_045,period_1,1,168,0,1,880.0,8196.89,5302.87,2630.14,2,8063.42,0.0,0.0,0.0,3.07,37.26,0.0,37.26,93.15,0.0,880.0,0.0,0.0
bf_qcv_045,period_1,1,177,0,1,880.0,6898.96,5302.87,2213.67,2,6809.65,0.0,0.0,0.0,3.08,7.84,0.0,7.84,78.4,0.0,880.0,0.0,0.0
bf_qcv_045,period_1,1,180,0,1,880.0,8764.2,5302.87,2812.18,2,8651.57,0.0,0.0,0.0,3.08,9.96,0.0,9.96,99.59,0.0,880.0,0.0,0.0
bf_qcv_045,period_1,1,189,0,1,880.0,6306.56,5302.87,2023.59,2,6224.65,0.0,0.0,0.0,3.08,7.17,0.0,7.17,71.67,0.0,880.0,0.0,0.0
bf_qcv_045,period_1,1,195,0,1,880.0,7009.32,5302.87,2249.09,2,6918.63,0.0,0.0,0.0,3.08,7.97,0.0,7.97,79.65,0.0,880.0,0.0,0.0
bf_qcv_045,period_1,1,196,0,1,880.0,7155.48,5302.87,2295.98,2,7038.4,0.17,0.0,0.17,3.07,32.52,0.0,32.52,81.31,0.0,880.0,0.0,0.0
bf_qcv_045,period_1,1,198,0,1,880.0,6995.92,5302.87,2244.79,2,6905.39,0.0,0.0,0.0,3.08,7.95,0.0,7.95,79.5,0.0,880.0,0.0,0.0
bf_qcv_045,period_1,1,202,0,1,880.0,7276.38,5302.87,2334.78,2,7182.35,0.0,0.0,0.0,3.08,8.27,0.0,8.27,82.69,0.0,880.0,0.0,0.0
bf_qcv_045,period_1,1,203,0,1,880.0,7636.22,5302.87,2450.24,2,7536.98,0.71,0.0,0.71,3.08,8.68,0.0,8.68,86.78,0.0,880.0,0.0,0.0
bf_qcv_045,period_1,1,204,0,1,880.0,7616.07,5302.87,2443.77,2,7517.79,0.0,0.0,0.0,3.08,8.65,0.0,8.65,86.55,0.0,880.0,0.0,0.0
bf_qcv_045,period_1,1,211,0,1,880.0,7672.4,5302.87,2461.85,2,7573.42,0.0,0.0,0.0,3.08,8.72,0.0,8.72,87.19,0.0,880.0,0.0,0.0
bf_qcv_045,period_1,1,220,0,1,880.0,8484.8,5302.87,2722.52,2,8375.66,0.0,0.0,0.0,3.08,9.64,0.0,9.64,96.42,0.0,880.0,0.0,0.0
bf_qcv_045,period_1,1,224,0,1,880.0,6564.84,5302.87,2106.46,2,6457.33,0.0,0.0,0.0,3.07,29.84,0.0,29.84,74.6,0.0,880.0,0.0,0.0
bf_qcv_045,period_1,1,225,0,1,880.0,7640.29,5302.87,2451.55,2,7541.71,0.0,0.0,0.0,3.08,8.68,0.0,8.68,86.82,0.0,880.0,0.0,0.0
bf_qcv_045,period_1,1,226,0,1,880.0,6934.29,5302.87,2225.01,2,6820.9,0.0,0.0,0.0,3.07,31.52,0.0,31.52,78.8,0.0,880.0,0.0,0.0
bf_qcv_045,period_1,1,234,0,1,880.0,8367.18,5302.87,2684.78,2,8231.0,0.0,0.0,0.0,3.07,38.03,0.0,38.03,95.08,0.0,880.0,0.0,0.0
bf_qcv_045,period_1,1,240,0,1,880.0,6343.95,5302.87,2035.59,2,6239.96,0.0,0.0,0.0,3.07,28.84,0.0,28.84,72.09,0.0,880.0,0.0,0.0
bf_qcv_045,period_1,1,247,0,1,880.0,6439.86,5302.87,2066.36,2,6334.34,0.0,0.0,0.0,3.07,29.27,0.0,29.27,73.18,0.0,880.0,0.0,0.0
bf_qcv_045,period_1,1,248,0,1,880.0,8106.4,5302.87,2601.11,2,7974.37,0.0,0.0,0.0,3.07,36.85,0.0,36.85,92.12,0.0,880.0,0.0,0.0
bf_qcv_045,period_1,1,252,0,1,880.0,8352.17,5302.87,2679.97,2,8244.69,0.0,0.0,0.0,3.08,9.49,0.0,9.49,94.91,0.0,880.0,0.0,0.0
bf_qcv_045,period_1,1,32,0,1,1200.0,8255.11,4819.73,1942.47,2,8138.8,2.05,0.0,2.05,4.19,41.28,0.0,41.28,68.79,0.0,1200.0,0.0,0.0
bf_qcv_045,period_1,1,4,0,1,1200.0,8025.79,4819.73,1888.51,2,7914.59,0.0,0.0,0.0,4.19,40.13,0.0,40.13,66.88,0.0,1200.0,0.0,0.0
bf_qcv_045,period_1,1,48,0,1,1200.0,7701.29,4819.73,1812.15,2,7593.6,0.81,0.0,0.81,4.19,38.51,0.0,38.51,64.18,0.0,1200.0,0.0,0.0
bf_qcv_045,period_1,1,66,0,1,1200.0,7909.62,4819.73,1861.17,2,7799.97,0.0,0.0,0.0,4.19,39.55,0.0,39.55,65.91,0.0,1200.0,0.0,0.0
bf_qcv_045,period_1,1,7,0,1,1200.0,8064.92,4819.73,1897.72,2,7953.19,0.0,0.0,0.0,4.19,40.32,0.0,40.32,67.21,0.0,1200.0,0.0,0.0
bf_qcv_045,period_1,1,71,0,1,1200.0,7216.71,4819.73,1698.13,2,7116.29,0.0,0.0,0.0,4.19,36.08,0.0,36.08,60.14,0.0,1200.0,0.0,0.0
bf_qcv_045,period_1,1,72,0,1,1200.0,8036.24,4819.73,1890.97,2,7924.9,0.0,0.0,0.0,4.19,40.18,0.0,40.18,66.97,0.0,1200.0,0.0,0.0
bf_qcv_045,period_1,1,74,0,1,1200.0,8054.77,4819.73,1895.33,2,7943.18,0.0,0.0,0.0,4.19,40.27,0.0,40.27,67.12,0.0,1200.0,0.0,0.0
bf_qcv_045,period_1,1,83,0,1,1200.0,7994.35,4819.73,1881.11,2,7883.57,0.0,0.0,0.0,4.19,39.97,0.0,39.97,66.62,0.0,1200.0,0.0,0.0
bf_qcv_045,period_1,1,90,0,1,1000.0,8237.15,5288.27,2325.89,2,7912.5,0.0,0.0,0.0,3.4,238.88,0.0,238.88,82.37,0.0,1000.0,0.0,0.0
bf_qcv_045,period_1,1,92,0,1,1000.0,8593.93,5288.27,2426.64,2,8255.36,0.0,0.0,0.0,3.4,249.22,0.0,249.22,85.94,0.0,1000.0,0.0,0.0
bf_qcv_045,period_2,2,107,0,1,1000.0,9312.83,5288.27,2629.63,2,8946.23,0.0,0.0,0.0,3.4,270.07,0.0,270.07,93.13,0.0,1000.0,0.0,0.0
bf_qcv_045,period_2,2,114,0,1,1000.0,9764.95,5288.27,2757.29,2,9117.16,0.0,0.0,0.0,3.31,546.84,0.0,546.84,97.65,0.0,1000.0,0.0,0.0
bf_qcv_045,period_2,2,126,0,1,1000.0,9551.22,5288.27,2696.94,2,8917.53,0.0,0.0,0.0,3.31,534.87,0.0,534.87,95.51,0.0,1000.0,0.0,0.0
bf_qcv_045,period_2,2,132,0,1,1000.0,7888.72,5288.27,2227.51,2,7364.76,0.0,0.0,0.0,3.31,441.77,0.0,441.77,78.89,0.0,1000.0,0.0,0.0
bf_qcv_045,period_2,2,136,0,1,1000.0,9049.37,5288.27,2555.24,2,8935.02,2.25,0.0,2.25,3.5,18.1,0.0,18.1,90.49,0.0,1000.0,0.0,0.0
bf_qcv_045,period_2,2,146,0,1,1000.0,8447.56,5288.27,2385.31,2,8342.69,0.0,0.0,0.0,3.5,16.9,0.0,16.9,84.48,0.0,1000.0,0.0,0.0
bf_qcv_045,period_2,2,153,0,1,1000.0,7302.2,5288.27,2061.89,2,6816.95,0.0,0.0,0.0,3.31,408.92,0.0,408.92,73.02,0.0,1000.0,0.0,0.0
bf_qcv_045,period_2,2,157,0,1,1000.0,9296.83,5288.27,2625.11,2,9181.77,0.0,0.0,0.0,3.5,18.59,0.0,18.59,92.97,0.0,1000.0,0.0,0.0
bf_qcv_045,period_2,2,163,0,1,1000.0,8742.76,5288.27,2468.66,2,8634.35,0.0,0.0,0.0,3.5,17.49,0.0,17.49,87.43,0.0,1000.0,0.0,0.0
bf_qcv_045,period_2,2,168,0,1,880.0,8196.89,5302.87,2630.14,2,8091.35,0.0,0.0,0.0,3.08,9.31,0.0,9.31,93.15,0.0,880.0,0.0,0.0
bf_qcv_045,period_2,2,178,0,1,880.0,7891.48,5302.87,2532.14,2,7789.76,0.0,0.0,0.0,3.08,8.97,0.0,8.97,89.68,0.0,880.0,0.0,0.0
bf_qcv_045,period_2,2,180,0,1,880.0,8764.2,5302.87,2812.18,2,8621.7,0.0,0.0,0.0,3.07,39.84,0.0,39.84,99.59,0.0,880.0,0.0,0.0
bf_qcv_045,period_2,2,192,0,1,880.0,7480.06,5302.87,2400.13,2,7357.99,0.0,0.0,0.0,3.07,34.0,0.0,34.0,85.0,0.0,880.0,0.0,0.0
bf_qcv_045,period_2,2,200,0,1,880.0,6102.49,5302.87,1958.11,2,6002.27,0.07,0.0,0.07,3.07,27.74,0.0,27.74,69.35,0.0,880.0,0.0,0.0
bf_qcv_045,period_2,2,203,0,1,880.0,7636.22,5302.87,2450.24,2,7537.69,0.0,0.0,0.0,3.08,8.68,0.0,8.68,86.78,0.0,880.0,0.0,0.0
bf_qcv_045,period_2,2,204,0,1,880.0,7616.07,5302.87,2443.77,2,7491.84,0.0,0.0,0.0,3.07,34.62,0.0,34.62,86.55,0.0,880.0,0.0,0.0
bf_qcv_045,period_2,2,211,0,1,880.0,7672.4,5302.87,2461.85,2,7573.42,0.0,0.0,0.0,3.08,8.72,0.0,8.72,87.19,0.0,880.0,0.0,0.0
bf_qcv_045,period_2,2,220,0,1,880.0,8484.8,5302.87,2722.52,2,8346.75,0.0,0.0,0.0,3.07,38.57,0.0,38.57,96.42,0.0,880.0,0.0,0.0
bf_qcv_045,period_2,2,225,0,1,880.0,7640.29,5302.87,2451.55,2,7540.62,1.09,0.0,1.09,3.08,8.68,0.0,8.68,86.82,0.0,880.0,0.0,0.0
bf_qcv_045,period_2,2,229,0,1,880.0,7358.24,5302.87,2361.04,2,7263.18,0.0,0.0,0.0,3.08,8.36,0.0,8.36,83.62,0.0,880.0,0.0,0.0
bf_qcv_045,period_2,2,232,0,1,880.0,6921.4,5302.87,2220.87,2,6831.8,0.0,0.0,0.0,3.08,7.87,0.0,7.87,78.65,0.0,880.0,0.0,0.0
bf_qcv_045,period_2,2,243,0,1,880.0,7486.51,5302.87,2402.2,2,7389.85,0.0,0.0,0.0,3.08,8.51,0.0,8.51,85.07,0.0,880.0,0.0,0.0
bf_qcv_045,period_2,2,245,0,1,880.0,6659.53,5302.87,2136.85,2,6573.21,0.0,0.0,0.0,3.08,7.57,0.0,7.57,75.68,0.0,880.0,0.0,0.0
bf_qcv_045,period_2,2,248,0,1,880.0,8106.4,5302.87,2601.11,2,7974.37,0.0,0.0,0.0,3.07,36.85,0.0,36.85,92.12,0.0,880.0,0.0,0.0
bf_qcv_045,period_2,2,252,0,1,880.0,8352.17,5302.87,2679.97,2,8244.69,0.0,0.0,0.0,3.08,9.49,0.0,9.49,94.91,0.0,880.0,0.0,0.0
bf_qcv_045,period_2,2,3,0,1,1200.0,7416.12,4819.73,1745.05,2,7312.76,0.29,0.0,0.29,4.19,37.08,0.0,37.08,61.8,0.0,1200.0,0.0,0.0
bf_qcv_045,period_2,2,32,0,1,1200.0,8255.11,4819.73,1942.47,2,8140.85,0.0,0.0,0.0,4.19,41.28,0.0,41.28,68.79,0.0,1200.0,0.0,0.0
bf_qcv_045,period_2,2,4,0,1,1200.0,8025.79,4819.73,1888.51,2,7914.59,0.0,0.0,0.0,4.19,40.13,0.0,40.13,66.88,0.0,1200.0,0.0,0.0
bf_qcv_045,period_2,2,41,0,1,1200.0,7479.34,4819.73,1759.93,2,7375.42,0.0,0.0,0.0,4.19,37.4,0.0,37.4,62.33,0.0,1200.0,0.0,0.0
bf_qcv_045,period_2,2,65,0,1,1200.0,7530.92,4819.73,1772.06,2,7426.31,0.0,0.0,0.0,4.19,37.65,0.0,37.65,62.76,0.0,1200.0,0.0,0.0
bf_qcv_045,period_2,2,7,0,1,1200.0,8064.92,4819.73,1897.72,2,7953.19,0.0,0.0,0.0,4.19,40.32,0.0,40.32,67.21,0.0,1200.0,0.0,0.0
bf_qcv_045,period_2,2,72,0,1,1200.0,8036.24,4819.73,1890.97,2,7924.9,0.0,0.0,0.0,4.19,40.18,0.0,40.18,66.97,0.0,1200.0,0.0,0.0
bf_qcv_045,period_2,2,74,0,1,1200.0,8054.77,4819.73,1895.33,2,7943.18,0.0,0.0,0.0,4.19,40.27,0.0,40.27,67.12,0.0,1200.0,0.0,0.0
bf_qcv_045,period_2,2,8,0,1,1200.0,7499.52,4819.73,1764.68,2,7395.33,0.0,0.0,0.0,4.19,37.5,0.0,37.5,62.5,0.0,1200.0,0.0,0.0
bf_qcv_045,period_2,2,87,0,1,1200.0,7602.58,4819.73,1788.93,2,7497.02,0.0,0.0,0.0,4.19,38.01,0.0,38.01,63.35,0.0,1200.0,0.0,0.0
bf_qcv_045,period_3,3,107,0,1,1000.0,9312.83,5288.27,2629.63,2,8946.19,0.0,0.0,0.0,3.4,270.07,0.0,270.07,93.13,0.0,1000.0,0.0,0.0
bf_qcv_045,period_3,3,109,0,1,1000.0,8036.79,5288.27,2269.32,2,7503.05,0.0,0.0,0.0,3.31,450.06,0.0,450.06,80.37,0.0,1000.0,0.0,0.0
bf_qcv_045,period_3,3,114,0,1,1000.0,9764.95,5288.27,2757.29,2,9380.71,0.0,0.0,0.0,3.4,283.18,0.0,283.18,97.65,0.0,1000.0,0.0,0.0
bf_qcv_045,period_3,3,120,0,1,1000.0,8424.14,5288.27,2378.68,2,8092.14,0.0,0.0,0.0,3.4,244.3,0.0,244.3,84.24,0.0,1000.0,0.0,0.0
bf_qcv_045,period_3,3,135,0,1,1000.0,7114.63,5288.27,2008.93,2,6641.76,0.0,0.0,0.0,3.31,398.42,0.0,398.42,71.15,0.0,1000.0,0.0,0.0
bf_qcv_045,period_3,3,136,0,1,1000.0,9049.37,5288.27,2555.24,2,8936.98,0.3,0.0,0.3,3.5,18.1,0.0,18.1,90.49,0.0,1000.0,0.0,0.0
bf_qcv_045,period_3,3,142,0,1,1000.0,8859.15,5288.27,2501.52,2,8271.08,0.0,0.0,0.0,3.31,496.11,0.0,496.11,88.59,0.0,1000.0,0.0,0.0
bf_qcv_045,period_3,3,157,0,1,1000.0,9296.83,5288.27,2625.11,2,8930.85,0.0,0.0,0.0,3.4,269.61,0.0,269.61,92.97,0.0,1000.0,0.0,0.0
bf_qcv_045,period_3,3,165,0,1,1000.0,8589.81,5288.27,2425.47,2,8251.4,0.0,0.0,0.0,3.4,249.1,0.0,249.1,85.9,0.0,1000.0,0.0,0.0
bf_qcv_045,period_3,3,166,0,1,1000.0,8158.41,5288.27,2303.66,2,8057.01,0.0,0.0,0.0,3.5,16.32,0.0,16.32,81.58,0.0,1000.0,0.0,0.0
bf_qcv_045,period_3,3,168,0,1,880.0,8196.89,5302.87,2630.14,2,8063.42,0.0,0.0,0.0,3.07,37.26,0.0,37.26,93.15,0.0,880.0,0.0,0.0
bf_qcv_045,period_3,3,176,0,1,880.0,7459.93,5302.87,2393.67,2,7363.13,0.47,0.0,0.47,3.08,8.48,0.0,8.48,84.77,0.0,880.0,0.0,0.0
bf_qcv_045,period_3,3,178,0,1,880.0,7891.48,5302.87,2532.14,2,7762.87,0.0,0.0,0.0,3.07,35.87,0.0,35.87,89.68,0.0,880.0,0.0,0.0
bf_qcv_045,period_3,3,180,0,1,880.0,8764.2,5302.87,2812.18,2,8621.7,0.0,0.0,0.0,3.07,39.84,0.0,39.84,99.59,0.0,880.0,0.0,0.0
bf_qcv_045,period_3,3,192,0,1,880.0,7480.06,5302.87,2400.13,2,7383.48,0.0,0.0,0.0,3.08,8.5,0.0,8.5,85.0,0.0,880.0,0.0,0.0
bf_qcv_045,period_3,3,196,0,1,880.0,7155.48,5302.87,2295.98,2,7038.58,0.0,0.0,0.0,3.07,32.52,0.0,32.52,81.31,0.0,880.0,0.0,0.0
bf_qcv_045,period_3,3,202,0,1,880.0,7276.38,5302.87,2334.78,2,7157.55,0.0,0.0,0.0,3.07,33.07,0.0,33.07,82.69,0.0,880.0,0.0,0.0
bf_qcv_045,period_3,3,203,0,1,880.0,7636.22,5302.87,2450.24,2,7537.69,0.0,0.0,0.0,3.08,8.68,0.0,8.68,86.78,0.0,880.0,0.0,0.0
bf_qcv_045,period_3,3,210,0,1,880.0,7283.34,5302.87,2337.01,2,7188.78,0.44,0.0,0.44,3.08,8.28,0.0,8.28,82.77,0.0,880.0,0.0,0.0
bf_qcv_045,period_3,3,212,0,1,880.0,7547.31,5302.87,2421.71,2,7449.89,0.0,0.0,0.0,3.08,8.58,0.0,8.58,85.76,0.0,880.0,0.0,0.0
bf_qcv_045,period_3,3,215,0,1,880.0,7412.93,5302.87,2378.59,2,7317.19,0.0,0.0,0.0,3.08,8.42,0.0,8.42,84.24,0.0,880.0,0.0,0.0
bf_qcv_045,period_3,3,220,0,1,880.0,8484.8,5302.87,2722.52,2,8346.75,0.0,0.0,0.0,3.07,38.57,0.0,38.57,96.42,0.0,880.0,0.0,0.0
bf_qcv_045,period_3,3,222,0,1,880.0,7362.83,5302.87,2362.52,2,7242.63,0.0,0.0,0.0,3.07,33.47,0.0,33.47,83.67,0.0,880.0,0.0,0.0
bf_qcv_045,period_3,3,225,0,1,880.0,7640.29,5302.87,2451.55,2,7515.67,0.0,0.0,0.0,3.07,34.73,0.0,34.73,86.82,0.0,880.0,0.0,0.0
bf_qcv_045,period_3,3,229,0,1,880.0,7358.24,5302.87,2361.04,2,7263.18,0.0,0.0,0.0,3.08,8.36,0.0,8.36,83.62,0.0,880.0,0.0,0.0
bf_qcv_045,period_3,3,234,0,1,880.0,8367.18,5302.87,2684.78,2,8231.0,0.0,0.0,0.0,3.07,38.03,0.0,38.03,95.08,0.0,880.0,0.0,0.0
bf_qcv_045,period_3,3,239,0,1,880.0,7477.33,5302.87,2399.26,2,7380.79,0.0,0.0,0.0,3.08,8.5,0.0,8.5,84.97,0.0,880.0,0.0,0.0
bf_qcv_045,period_3,3,242,0,1,880.0,7237.94,5302.87,2322.44,2,7144.39,0.0,0.0,0.0,3.08,8.22,0.0,8.22,82.25,0.0,880.0,0.0,0.0
bf_qcv_045,period_3,3,243,0,1,880.0,7486.51,5302.87,2402.2,2,7389.85,0.0,0.0,0.0,3.08,8.51,0.0,8.51,85.07,0.0,880.0,0.0,0.0
bf_qcv_045,period_3,3,248,0,1,880.0,8106.4,5302.87,2601.11,2,7974.37,0.0,0.0,0.0,3.07,36.85,0.0,36.85,92.12,0.0,880.0,0.0,0.0
bf_qcv_045,period_3,3,251,0,1,880.0,7522.41,5302.87,2413.72,2,7425.3,0.0,0.0,0.0,3.08,8.55,0.0,8.55,85.48,0.0,880.0,0.0,0.0
bf_qcv_045,period_3,3,252,0,1,880.0,8352.17,5302.87,2679.97,2,8216.23,0.0,0.0,0.0,3.07,37.96,0.0,37.96,94.91,0.0,880.0,0.0,0.0
bf_qcv_045,period_3,3,253,0,1,880.0,7601.37,5302.87,2439.06,2,7503.28,0.0,0.0,0.0,3.08,8.64,0.0,8.64,86.38,0.0,880.0,0.0,0.0
bf_qcv_045,period_3,3,32,0,1,1200.0,8255.11,4819.73,1942.47,2,8137.8,3.05,0.0,3.05,4.19,41.28,0.0,41.28,68.79,0.0,1200.0,0.0,0.0
bf_qcv_045,period_3,3,35,0,1,1200.0,7537.9,4819.73,1773.71,2,7433.2,0.0,0.0,0.0,4.19,37.69,0.0,37.69,62.82,0.0,1200.0,0.0,0.0
bf_qcv_045,period_3,3,37,0,1,1200.0,7110.47,4819.73,1673.13,2,7011.47,0.0,0.0,0.0,4.19,35.55,0.0,35.55,59.25,0.0,1200.0,0.0,0.0
bf_qcv_045,period_3,3,55,0,1,1200.0,7683.09,4819.73,1807.87,2,7576.46,0.0,0.0,0.0,4.19,38.42,0.0,38.42,64.03,0.0,1200.0,0.0,0.0
bf_qcv_045,period_3,3,59,0,1,1200.0,7195.72,4819.73,1693.19,2,7095.58,0.0,0.0,0.0,4.19,35.98,0.0,35.98,59.96,0.0,1200.0,0.0,0.0
bf_qcv_045,period_3,3,65,0,1,1200.0,7530.92,4819.73,1772.06,2,7426.31,0.0,0.0,0.0,4.19,37.65,0.0,37.65,62.76,0.0,1200.0,0.0,0.0
bf_qcv_045,period_3,3,68,0,1,1200.0,7663.96,4819.73,1803.37,2,7557.55,0.03,0.0,0.03,4.19,38.32,0.0,38.32,63.87,0.0,1200.0,0.0,0.0
bf_qcv_045,period_3,3,7,0,1,1200.0,8064.92,4819.73,1897.72,2,7953.19,0.0,0.0,0.0,4.19,40.32,0.0,40.32,67.21,0.0,1200.0,0.0,0.0
bf_qcv_045,period_3,3,76,0,1,1200.0,7537.46,4819.73,1773.6,2,7432.77,0.0,0.0,0.0,4.19,37.69,0.0,37.69,62.81,0.0,1200.0,0.0,0.0
bf_qcv_045,period_3,3,8,0,1,1200.0,7499.52,4819.73,1764.68,2,7395.33,0.0,0.0,0.0,4.19,37.5,0.0,37.5,62.5,0.0,1200.0,0.0,0.0
bf_qcv_045,period_3,3,83,0,1,1200.0,7994.35,4819.73,1881.11,2,7883.57,0.0,0.0,0.0,4.19,39.97,0.0,39.97,66.62,0.0,1200.0,0.0,0.0
bf_qcv_045,period_4,4,114,0,1,1000.0,9764.95,5288.27,2757.29,2,9117.16,0.0,0.0,0.0,3.31,546.84,0.0,546.84,97.65,0.0,1000.0,0.0,0.0
bf_qcv_045,period_4,4,125,0,1,1000.0,8294.8,5288.27,2342.17,2,7744.04,0.0,0.0,0.0,3.31,464.51,0.0,464.51,82.95,0.0,1000.0,0.0,0.0
bf_qcv_045,period_4,4,136,0,1,1000.0,9049.37,5288.27,2555.24,2,8448.8,0.0,0.0,0.0,3.31,506.76,0.0,506.76,90.49,0.0,1000.0,0.0,0.0
bf_qcv_045,period_4,4,142,0,1,1000.0,8859.15,5288.27,2501.52,2,8749.34,0.0,0.0,0.0,3.5,17.72,0.0,17.72,88.59,0.0,1000.0,0.0,0.0
bf_qcv_045,period_4,4,146,0,1,1000.0,8447.56,5288.27,2385.31,2,8114.7,0.0,0.0,0.0,3.4,244.98,0.0,244.98,84.48,0.0,1000.0,0.0,0.0
bf_qcv_045,period_4,4,149,0,1,1000.0,8243.94,5288.27,2327.81,2,8141.51,0.0,0.0,0.0,3.5,16.49,0.0,16.49,82.44,0.0,1000.0,0.0,0.0
bf_qcv_045,period_4,4,162,0,1,1000.0,8451.68,5288.27,2386.45,2,8346.04,0.67,0.0,0.67,3.5,16.9,0.0,16.9,84.52,0.0,1000.0,0.0,0.0
bf_qcv_045,period_4,4,166,0,1,1000.0,8158.41,5288.27,2303.66,2,8057.01,0.0,0.0,0.0,3.5,16.32,0.0,16.32,81.58,0.0,1000.0,0.0,0.0
bf_qcv_045,period_4,4,167,0,1,1000.0,8479.08,5288.27,2394.21,2,7916.15,0.0,0.0,0.0,3.31,474.83,0.0,474.83,84.79,0.0,1000.0,0.0,0.0
bf_qcv_045,period_4,4,174,0,1,880.0,7125.05,5302.87,2286.22,2,7008.63,0.0,0.0,0.0,3.07,32.39,0.0,32.39,80.97,0.0,880.0,0.0,0.0
bf_qcv_045,period_4,4,176,0,1,880.0,7459.93,5302.87,2393.67,2,7363.41,0.2,0.0,0.2,3.08,8.48,0.0,8.48,84.77,0.0,880.0,0.0,0.0
bf_qcv_045,period_4,4,178,0,1,880.0,7891.48,5302.87,2532.14,2,7789.76,0.0,0.0,0.0,3.08,8.97,0.0,8.97,89.68,0.0,880.0,0.0,0.0
bf_qcv_045,period_4,4,180,0,1,880.0,8764.2,5302.87,2812.18,2,8651.57,0.0,0.0,0.0,3.08,9.96,0.0,9.96,99.59,0.0,880.0,0.0,0.0
bf_qcv_045,period_4,4,188,0,1,880.0,6839.82,5302.87,2194.7,2,6751.24,0.0,0.0,0.0,3.08,7.77,0.0,7.77,77.73,0.0,880.0,0.0,0.0
bf_qcv_045,period_4,4,203,0,1,880.0,7636.22,5302.87,2450.24,2,7537.69,0.0,0.0,0.0,3.08,8.68,0.0,8.68,86.78,0.0,880.0,0.0,0.0
bf_qcv_045,period_4,4,21,0,1,1200.0,7985.82,4819.73,1879.1,2,7875.15,0.0,0.0,0.0,4.19,39.93,0.0,39.93,66.55,0.0,1200.0,0.0,0.0
bf_qcv_045,period_4,4,211,0,1,880.0,7672.4,5302.87,2461.85,2,7573.42,0.0,0.0,0.0,3.08,8.72,0.0,8.72,87.19,0.0,880.0,0.0,0.0
bf_qcv_045,period_4,4,213,0,1,880.0,7338.81,5302.87,2354.81,2,7218.99,0.0,0.0,0.0,3.07,33.36,0.0,33.36,83.4,0.0,880.0,0.0,0.0
bf_qcv_045,period_4,4,227,0,1,880.0,6147.43,5302.87,1972.53,2,6046.56,0.0,0.0,0.0,3.07,27.94,0.0,27.94,69.86,0.0,880.0,0.0,0.0
bf_qcv_045,period_4,4,229,0,1,880.0,7358.24,5302.87,2361.04,2,7263.18,0.0,0.0,0.0,3.08,8.36,0.0,8.36,83.62,0.0,880.0,0.0,0.0
bf_qcv_045,period_4,4,242,0,1,880.0,7237.94,5302.87,2322.44,2,7119.72,0.0,0.0,0.0,3.07,32.9,0.0,32.9,82.25,0.0,880.0,0.0,0.0
bf_qcv_045,period_4,4,248,0,1,880.0,8106.4,5302.87,2601.11,2,8001.99,0.0,0.0,0.0,3.08,9.21,0.0,9.21,92.12,0.0,880.0,0.0,0.0
bf_qcv_045,period_4,4,252,0,1,880.0,8352.17,5302.87,2679.97,2,8216.23,0.0,0.0,0.0,3.07,37.96,0.0,37.96,94.91,0.0,880.0,0.0,0.0
bf_qcv_045,period_4,4,253,0,1,880.0,7601.37,5302.87,2439.06,2,7503.28,0.0,0.0,0.0,3.08,8.64,0.0,8.64,86.38,0.0,880.0,0.0,0.0
bf_qcv_045,period_4,4,3,0,1,1200.0,7416.12,4819.73,1745.05,2,7313.05,0.0,0.0,0.0,4.19,37.08,0.0,37.08,61.8,0.0,1200.0,0.0,0.0
bf_qcv_045,period_4,4,31,0,1,1200.0,6545.91,4819.73,1540.29,2,6454.44,0.0,0.0,0.0,4.19,32.73,0.0,32.73,54.55,0.0,1200.0,0.0,0.0
bf_qcv_045,period_4,4,56,0,1,1200.0,7613.64,4819.73,1791.53,2,7507.93,0.0,0.0,0.0,4.19,38.07,0.0,38.07,63.45,0.0,1200.0,0.0,0.0
bf_qcv_045,period_4,4,60,0,1,1200.0,7644.47,4819.73,1798.78,2,7538.35,0.0,0.0,0.0,4.19,38.22,0.0,38.22,63.7,0.0,1200.0,0.0,0.0
bf_qcv_045,period_4,4,66,0,1,1200.0,7909.62,4819.73,1861.17,2,7797.48,2.49,0.0,2.49,4.19,39.55,0.0,39.55,65.91,0.0,1200.0,0.0,0.0
bf_qcv_045,period_4,4,87,0,1,1200.0,7602.58,4819.73,1788.93,2,7497.02,0.0,0.0,0.0,4.19,38.01,0.0,38.01,63.35,0.0,1200.0,0.0,0.0
bf_qcv_045,period_5,5,108,0,1,1000.0,7971.78,5288.27,2250.96,2,7657.48,0.0,0.0,0.0,3.4,231.18,0.0,231.18,79.72,0.0,1000.0,0.0,0.0
bf_qcv_045,period_5,5,111,0,1,1000.0,6331.64,5288.27,1787.84,2,5910.44,0.0,0.0,0.0,3.31,354.57,0.0,354.57,63.32,0.0,1000.0,0.0,0.0
bf_qcv_045,period_5,5,114,0,1,1000.0,9764.95,5288.27,2757.29,2,9644.27,0.0,0.0,0.0,3.5,19.53,0.0,19.53,97.65,0.0,1000.0,0.0,0.0
bf_qcv_045,period_5,5,124,0,1,1000.0,6736.65,5288.27,1902.2,2,6470.52,0.0,0.0,0.0,3.4,195.36,0.0,195.36,67.37,0.0,1000.0,0.0,0.0
bf_qcv_045,period_5,5,136,0,1,1000.0,9049.37,5288.27,2555.24,2,8937.28,0.0,0.0,0.0,3.5,18.1,0.0,18.1,90.49,0.0,1000.0,0.0,0.0
bf_qcv_045,period_5,5,139,0,1,1000.0,8472.39,5288.27,2392.32,2,8138.56,0.0,0.0,0.0,3.4,245.7,0.0,245.7,84.72,0.0,1000.0,0.0,0.0
bf_qcv_045,period_5,5,157,0,1,1000.0,9296.83,5288.27,2625.11,2,8679.93,0.0,0.0,0.0,3.31,520.62,0.0,520.62,92.97,0.0,1000.0,0.0,0.0
bf_qcv_045,period_5,5,163,0,1,1000.0,8742.76,5288.27,2468.66,2,8634.35,0.0,0.0,0.0,3.5,17.49,0.0,17.49,87.43,0.0,1000.0,0.0,0.0
bf_qcv_045,period_5,5,165,0,1,1000.0,8589.81,5288.27,2425.47,2,8482.76,0.47,0.0,0.47,3.5,17.18,0.0,17.18,85.9,0.0,1000.0,0.0,0.0
bf_qcv_045,period_5,5,170,0,1,880.0,6370.68,5302.87,2044.16,2,6287.97,0.0,0.0,0.0,3.08,7.24,0.0,7.24,72.39,0.0,880.0,0.0,0.0
bf_qcv_045,period_5,5,173,0,1,880.0,6836.88,5302.87,2193.75,2,6725.04,0.0,0.0,0.0,3.07,31.08,0.0,31.08,77.69,0.0,880.0,0.0,0.0
bf_qcv_045,period_5,5,176,0,1,880.0,7459.93,5302.87,2393.67,2,7360.88,2.72,0.0,2.72,3.08,8.48,0.0,8.48,84.77,0.0,880.0,0.0,0.0
bf_qcv_045,period_5,5,177,0,1,880.0,6898.96,5302.87,2213.67,2,6809.65,0.0,0.0,0.0,3.08,7.84,0.0,7.84,78.4,0.0,880.0,0.0,0.0
bf_qcv_045,period_5,5,178,0,1,880.0,7891.48,5302.87,2532.14,2,7789.76,0.0,0.0,0.0,3.08,8.97,0.0,8.97,89.68,0.0,880.0,0.0,0.0
bf_qcv_045,period_5,5,18,0,1,1200.0,7183.87,4819.73,1690.4,2,7083.89,0.0,0.0,0.0,4.19,35.92,0.0,35.92,59.87,0.0,1200.0,0.0,0.0
bf_qcv_045,period_5,5,186,0,1,880.0,7381.95,5302.87,2368.65,2,7261.42,0.03,0.0,0.03,3.07,33.55,0.0,33.55,83.89,0.0,880.0,0.0,0.0
bf_qcv_045,period_5,5,192,0,1,880.0,7480.06,5302.87,2400.13,2,7357.99,0.0,0.0,0.0,3.07,34.0,0.0,34.0,85.0,0.0,880.0,0.0,0.0
bf_qcv_045,period_5,5,203,0,1,880.0,7636.22,5302.87,2450.24,2,7537.69,0.0,0.0,0.0,3.08,8.68,0.0,8.68,86.78,0.0,880.0,0.0,0.0
bf_qcv_045,period_5,5,204,0,1,880.0,7616.07,5302.87,2443.77,2,7491.84,0.0,0.0,0.0,3.07,34.62,0.0,34.62,86.55,0.0,880.0,0.0,0.0
bf_qcv_045,period_5,5,211,0,1,880.0,7672.4,5302.87,2461.85,2,7573.42,0.0,0.0,0.0,3.08,8.72,0.0,8.72,87.19,0.0,880.0,0.0,0.0
bf_qcv_045,period_5,5,212,0,1,880.0,7547.31,5302.87,2421.71,2,7449.89,0.0,0.0,0.0,3.08,8.58,0.0,8.58,85.76,0.0,880.0,0.0,0.0
bf_qcv_045,period_5,5,213,0,1,880.0,7338.81,5302.87,2354.81,2,7218.99,0.0,0.0,0.0,3.07,33.36,0.0,33.36,83.4,0.0,880.0,0.0,0.0
bf_qcv_045,period_5,5,215,0,1,880.0,7412.93,5302.87,2378.59,2,7317.19,0.0,0.0,0.0,3.08,8.42,0.0,8.42,84.24,0.0,880.0,0.0,0.0
bf_qcv_045,period_5,5,217,0,1,880.0,6726.83,5302.87,2158.44,2,6639.67,0.0,0.0,0.0,3.08,7.64,0.0,7.64,76.44,0.0,880.0,0.0,0.0
bf_qcv_045,period_5,5,222,0,1,880.0,7362.83,5302.87,2362.52,2,7242.63,0.0,0.0,0.0,3.07,33.47,0.0,33.47,83.67,0.0,880.0,0.0,0.0
bf_qcv_045,period_5,5,224,0,1,880.0,6564.84,5302.87,2106.46,2,6457.33,0.0,0.0,0.0,3.07,29.84,0.0,29.84,74.6,0.0,880.0,0.0,0.0
bf_qcv_045,period_5,5,225,0,1,880.0,7640.29,5302.87,2451.55,2,7541.71,0.0,0.0,0.0,3.08,8.68,0.0,8.68,86.82,0.0,880.0,0.0,0.0
bf_qcv_045,period_5,5,229,0,1,880.0,7358.24,5302.87,2361.04,2,7263.18,0.0,0.0,0.0,3.08,8.36,0.0,8.36,83.62,0.0,880.0,0.0,0.0
bf_qcv_045,period_5,5,23,0,1,1200.0,7012.03,4819.73,1649.97,2,6914.34,0.0,0.0,0.0,4.19,35.06,0.0,35.06,58.43,0.0,1200.0,0.0,0.0
bf_qcv_045,period_5,5,230,0,1,880.0,6386.78,5302.87,2049.33,2,6303.87,0.0,0.0,0.0,3.08,7.26,0.0,7.26,72.58,0.0,880.0,0.0,0.0
bf_qcv_045,period_5,5,239,0,1,880.0,7477.33,5302.87,2399.26,2,7355.31,0.0,0.0,0.0,3.07,33.99,0.0,33.99,84.97,0.0,880.0,0.0,0.0
bf_qcv_045,period_5,5,241,0,1,880.0,6810.95,5302.87,2185.43,2,6722.74,0.0,0.0,0.0,3.08,7.74,0.0,7.74,77.4,0.0,880.0,0.0,0.0
bf_qcv_045,period_5,5,243,0,1,880.0,7486.51,5302.87,2402.2,2,7389.85,0.0,0.0,0.0,3.08,8.51,0.0,8.51,85.07,0.0,880.0,0.0,0.0
bf_qcv_045,period_5,5,246,0,1,880.0,6562.76,5302.87,2105.8,2,6455.29,0.0,0.0,0.0,3.07,29.83,0.0,29.83,74.58,0.0,880.0,0.0,0.0
bf_qcv_045,period_5,5,251,0,1,880.0,7522.41,5302.87,2413.72,2,7399.67,0.0,0.0,0.0,3.07,34.19,0.0,34.19,85.48,0.0,880.0,0.0,0.0
bf_qcv_045,period_5,5,253,0,1,880.0,7601.37,5302.87,2439.06,2,7503.28,0.0,0.0,0.0,3.08,8.64,0.0,8.64,86.38,0.0,880.0,0.0,0.0
bf_qcv_045,period_5,5,26,0,1,1200.0,7042.26,4819.73,1657.08,2,6942.38,1.79,0.0,1.79,4.19,35.21,0.0,35.21,58.69,0.0,1200.0,0.0,0.0
bf_qcv_045,period_5,5,3,0,1,1200.0,7416.12,4819.73,1745.05,2,7313.05,0.0,0.0,0.0,4.19,37.08,0.0,37.08,61.8,0.0,1200.0,0.0,0.0
bf_qcv_045,period_5,5,32,0,1,1200.0,8255.11,4819.73,1942.47,2,8140.85,0.0,0.0,0.0,4.19,41.28,0.0,41.28,68.79,0.0,1200.0,0.0,0.0
bf_qcv_045,period_5,5,43,0,1,1200.0,6884.45,4819.73,1619.95,2,6788.46,0.0,0.0,0.0,4.19,34.42,0.0,34.42,57.37,0.0,1200.0,0.0,0.0
bf_qcv_045,period_5,5,44,0,1,1200.0,6755.28,4819.73,1589.55,2,6661.02,0.0,0.0,0.0,4.19,33.78,0.0,33.78,56.29,0.0,1200.0,0.0,0.0
bf_qcv_045,period_5,5,51,0,1,1200.0,7190.72,4819.73,1692.01,2,7090.65,0.0,0.0,0.0,4.19,35.95,0.0,35.95,59.92,0.0,1200.0,0.0,0.0
bf_qcv_045,period_5,5,59,0,1,1200.0,7195.72,4819.73,1693.19,2,7095.58,0.0,0.0,0.0,4.19,35.98,0.0,35.98,59.96,0.0,1200.0,0.0,0.0
bf_qcv_045,period_5,5,66,0,1,1200.0,7909.62,4819.73,1861.17,2,7799.97,0.0,0.0,0.0,4.19,39.55,0.0,39.55,65.91,0.0,1200.0,0.0,0.0
bf_qcv_045,period_5,5,7,0,1,1200.0,8064.92,4819.73,1897.72,2,7953.19,0.0,0.0,0.0,4.19,40.32,0.0,40.32,67.21,0.0,1200.0,0.0,0.0
bf_qcv_045,period_5,5,8,0,1,1200.0,7499.52,4819.73,1764.68,2,7395.33,0.0,0.0,0.0,4.19,37.5,0.0,37.5,62.5,0.0,1200.0,0.0,0.0
bf_qcv_045,period_5,5,83,0,1,1200.0,7994.35,4819.73,1881.11,2,7883.57,0.0,0.0,0.0,4.19,39.97,0.0,39.97,66.62,0.0,1200.0,0.0,0.0
bf_qcv_045,period_5,5,89,0,1,1200.0,6596.02,4819.73,1552.08,2,6503.88,0.0,0.0,0.0,4.19,32.98,0.0,32.98,54.97,0.0,1200.0,0.0,0.0
bf_qcv_045,period_5,5,92,0,1,1000.0,8593.93,5288.27,2426.64,2,8255.36,0.0,0.0,0.0,3.4,249.22,0.0,249.22,85.94,0.0,1000.0,0.0,0.0
bf_qcv_045,period_5,5,97,0,1,1000.0,8067.01,5288.27,2277.85,2,7531.28,0.0,0.0,0.0,3.31,451.75,0.0,451.75,80.67,0.0,1000.0,0.0,0.0
bf_sae1006_045,period_1,1,100,0,1,810.0,7717.17,5173.98,2689.52,1,7433.35,0.0,0.0,0.0,2.76,185.78,0.0,185.78,95.27,0.0,810.0,0.0,0.0
bf_sae1006_045,period_1,1,102,0,1,810.0,8652.32,5173.98,3015.43,1,8334.44,0.0,0.0,0.0,2.76,208.3,0.0,208.3,106.82,0.0,810.0,0.0,0.0
bf_sae1006_045,period_1,1,105,0,1,810.0,6672.55,5173.98,2325.46,1,6666.74,2.94,0.0,2.94,2.87,0.0,0.0,0.0,0.0,0.0,810.0,0.0,0.0
bf_sae1006_045,period_1,1,11,0,1,1100.0,8385.95,4947.45,2152.1,2,8058.03,0.17,0.0,0.17,3.75,247.77,0.0,247.77,76.24,0.0,1100.0,0.0,0.0
bf_sae1006_045,period_1,1,111,0,1,810.0,8429.71,5173.98,2937.85,1,8119.94,0.0,0.0,0.0,2.76,202.94,0.0,202.94,104.07,0.0,810.0,0.0,0.0
bf_sae1006_045,period_1,1,112,0,1,810.0,7772.61,5173.98,2708.85,1,7486.77,0.0,0.0,0.0,2.76,187.12,0.0,187.12,95.96,0.0,810.0,0.0,0.0
bf_sae1006_045,period_1,1,117,0,1,810.0,8397.97,5173.98,2926.79,1,8089.35,0.0,0.0,0.0,2.76,202.17,0.0,202.17,103.68,0.0,810.0,0.0,0.0
bf_sae1006_045,period_1,1,119,0,1,810.0,6764.98,5173.98,2357.67,1,6762.11,0.0,0.0,0.0,2.87,0.0,0.0,0.0,0.0,0.0,810.0,0.0,0.0
bf_sae1006_045,period_1,1,12,0,1,1100.0,8142.55,4947.45,2089.63,3,8049.87,0.0,0.0,0.0,3.85,14.8,0.0,14.8,74.02,0.0,1100.0,0.0,0.0
bf_sae1006_045,period_1,1,120,0,1,810.0,5882.02,5173.98,2049.95,1,5665.03,0.0,0.0,0.0,2.76,141.6,0.0,141.6,72.62,0.0,810.0,0.0,0.0
bf_sae1006_045,period_1,1,123,0,1,810.0,7976.6,5173.98,2779.94,1,7683.33,0.0,0.0,0.0,2.76,192.03,0.0,192.03,98.48,0.0,810.0,0.0,0.0
bf_sae1006_045,period_1,1,130,0,1,810.0,6340.2,5173.98,2209.63,1,6106.53,0.0,0.0,0.0,2.76,152.63,0.0,152.63,78.27,0.0,810.0,0.0,0.0
bf_sae1006_045,period_1,1,134,0,1,810.0,7603.1,5173.98,2649.77,1,7323.43,0.0,0.0,0.0,2.76,183.04,0.0,183.04,93.87,0.0,810.0,0.0,0.0
bf_sae1006_045,period_1,1,137,0,1,810.0,8004.9,5173.98,2789.8,1,7710.6,0.0,0.0,0.0,2.76,192.71,0.0,192.71,98.83,0.0,810.0,0.0,0.0
bf_sae1006_045,period_1,1,142,0,1,810.0,7935.07,5173.98,2765.46,1,7643.31,0.0,0.0,0.0,2.76,191.03,0.0,191.03,97.96,0.0,810.0,0.0,0.0
bf_sae1006_045,period_1,1,144,0,1,810.0,8560.72,5173.98,2983.51,1,8246.18,0.0,0.0,0.0,2.76,206.09,0.0,206.09,105.69,0.0,810.0,0.0,0.0
bf_sae1006_045,period_1,1,145,0,1,810.0,8343.94,5173.98,2907.96,1,8037.29,0.0,0.0,0.0,2.76,200.87,0.0,200.87,103.01,0.0,810.0,0.0,0.0
bf_sae1006_045,period_1,1,147,0,1,810.0,7787.62,5173.98,2714.08,1,7501.23,0.0,0.0,0.0,2.76,187.48,0.0,187.48,96.14,0.0,810.0,0.0,0.0
bf_sae1006_045,period_1,1,152,0,1,810.0,7849.27,5173.98,2735.56,1,7560.64,0.0,0.0,0.0,2.76,188.96,0.0,188.96,96.9,0.0,810.0,0.0,0.0
bf_sae1006_045,period_1,1,158,0,1,810.0,8164.37,5173.98,2845.38,1,7864.26,0.0,0.0,0.0,2.76,196.55,0.0,196.55,100.79,0.0,810.0,0.0,0.0
bf_sae1006_045,period_1,1,160,0,1,810.0,8253.99,5173.98,2876.61,1,7950.62,0.0,0.0,0.0,2.76,198.71,0.0,198.71,101.9,0.0,810.0,0.0,0.0
bf_sae1006_045,period_1,1,174,0,1,810.0,7053.51,5173.98,2458.23,1,7050.64,0.0,0.0,0.0,2.87,0.0,0.0,0.0,0.0,0.0,810.0,0.0,0.0
bf_sae1006_045,period_1,1,175,0,1,810.0,7775.96,5173.98,2710.01,1,7490.0,0.0,0.0,0.0,2.76,187.2,0.0,187.2,96.0,0.0,810.0,0.0,0.0
bf_sae1006_045,period_1,1,177,0,1,810.0,7455.77,5173.98,2598.42,1,7181.47,0.0,0.0,0.0,2.76,179.49,0.0,179.49,92.05,0.0,810.0,0.0,0.0
bf_sae1006_045,period_1,1,184,0,1,810.0,8492.56,5173.98,2959.76,1,8180.5,0.0,0.0,0.0,2.76,204.45,0.0,204.45,104.85,0.0,810.0,0.0,0.0
bf_sae1006_045,period_1,1,191,0,1,810.0,7635.68,5173.98,2661.12,1,7354.83,0.0,0.0,0.0,2.76,183.82,0.0,183.82,94.27,0.0,810.0,0.0,0.0
bf_sae1006_045,period_1,1,202,0,1,810.0,7892.67,5173.98,2750.69,1,7602.46,0.0,0.0,0.0,2.76,190.01,0.0,190.01,97.44,0.0,810.0,0.0,0.0
bf_sae1006_045,period_1,1,211,0,1,1250.0,9821.87,5102.73,2218.13,2,9683.45,0.47,0.0,0.47,4.37,55.0,0.0,55.0,78.57,0.0,1250.0,0.0,0.0
bf_sae1006_045,period_1,1,212,0,1,1250.0,9144.93,5102.73,2065.25,3,8972.31,0.01,0.0,0.01,4.35,95.11,0.0,95.11,73.16,0.0,1250.0,0.0,0.0
bf_sae1006_045,period_1,1,214,0,1,1250.0,9647.75,5102.73,2178.81,2,9512.17,0.0,0.0,0.0,4.37,54.03,0.0,54.03,77.18,0.0,1250.0,0.0,0.0
bf_sae1006_045,period_1,1,217,0,1,1250.0,9684.03,5102.73,2187.0,2,9547.96,0.0,0.0,0.0,4.37,54.23,0.0,54.23,77.47,0.0,1250.0,0.0,0.0
bf_sae1006_045,period_1,1,224,0,1,1250.0,10008.67,5102.73,2260.31,2,9788.15,0.0,0.0,0.0,4.33,136.12,0.0,136.12,80.07,0.0,1250.0,0.0,0.0
bf_sae1006_045,period_1,1,242,0,1,1250.0,9035.47,5102.73,2040.53,2,8908.22,0.0,0.0,0.0,4.37,50.6,0.0,50.6,72.28,0.0,1250.0,0.0,0.0
bf_sae1006_045,period_1,1,252,0,1,1250.0,7644.01,5102.73,1726.29,2,7474.57,0.0,0.0,0.0,4.33,103.96,0.0,103.96,61.15,0.0,1250.0,0.0,0.0
bf_sae1006_045,period_1,1,266,0,1,1250.0,9615.49,5102.73,2171.52,2,9480.35,0.0,0.0,0.0,4.37,53.85,0.0,53.85,76.92,0.0,1250.0,0.0,0.0
bf_sae1006_045,period_1,1,267,0,1,1250.0,6326.83,5102.73,1428.82,3,5826.73,0.0,0.0,0.0,4.08,445.41,0.0,445.41,50.61,0.0,1250.0,0.0,0.0
bf_sae1006_045,period_1,1,284,0,1,1250.0,10148.17,5102.73,2291.82,2,10005.79,0.0,0.0,0.0,4.37,56.83,0.0,56.83,81.19,0.0,1250.0,0.0,0.0
bf_sae1006_045,period_1,1,285,0,1,1250.0,9136.09,5102.73,2063.25,3,8963.64,0.0,0.0,0.0,4.35,95.02,0.0,95.02,73.09,0.0,1250.0,0.0,0.0
bf_sae1006_045,period_1,1,287,0,1,1250.0,9413.5,5102.73,2125.9,2,9281.11,0.0,0.0,0.0,4.37,52.72,0.0,52.72,75.31,0.0,1250.0,0.0,0.0
bf_sae1006_045,period_1,1,29,0,1,1100.0,8012.92,4947.45,2056.37,2,7890.18,2.35,0.0,2.35,3.84,43.71,0.0,43.71,72.84,0.0,1100.0,0.0,0.0
bf_sae1006_045,period_1,1,294,0,1,1250.0,9812.88,5102.73,2216.1,2,9675.06,0.0,0.0,0.0,4.37,54.95,0.0,54.95,78.5,0.0,1250.0,0.0,0.0
bf_sae1006_045,period_1,1,48,0,1,1100.0,7123.23,4947.45,1828.04,2,6825.72,190.06,190.06,0.0,3.84,38.85,0.0,38.85,64.76,0.0,1100.0,0.0,0.0
bf_sae1006_045,period_1,1,64,0,1,1100.0,7268.8,4947.45,1865.4,2,7053.56,0.0,0.0,0.0,3.78,145.38,0.0,145.38,66.08,0.0,1100.0,0.0,0.0
bf_sae1006_045,period_1,1,65,0,1,1100.0,8113.0,4947.45,2082.05,2,7042.15,705.73,700.16,5.58,3.72,287.64,0.0,287.64,73.75,0.0,1100.0,0.0,0.0
bf_sae1006_045,period_1,1,8,0,1,1100.0,9609.36,4947.45,2466.06,3,9495.34,5.33,5.33,0.0,3.85,17.47,0.0,17.47,87.36,0.0,1100.0,0.0,0.0
bf_sae1006_045,period_1,1,91,0,1,1100.0,7929.97,4947.45,2035.08,2,7619.84,0.0,0.0,0.0,3.75,234.29,0.0,234.29,72.09,0.0,1100.0,0.0,0.0
bf_sae1006_045,period_1,1,97,0,1,810.0,7778.89,5173.98,2711.03,1,7492.82,0.0,0.0,0.0,2.76,187.27,0.0,187.27,96.04,0.0,810.0,0.0,0.0
bf_sae1006_045,period_1,1,98,0,1,810.0,8626.33,5173.98,3006.38,1,8309.4,0.0,0.0,0.0,2.76,207.67,0.0,207.67,106.5,0.0,810.0,0.0,0.0
bf_sae1006_045,period_2,2,100,0,1,810.0,7717.17,5173.98,2689.52,1,7433.35,0.0,0.0,0.0,2.76,185.78,0.0,185.78,95.27,0.0,810.0,0.0,0.0
bf_sae1006_045,period_2,2,102,0,1,810.0,8652.32,5173.98,3015.43,1,8334.44,0.0,0.0,0.0,2.76,208.3,0.0,208.3,106.82,0.0,810.0,0.0,0.0
bf_sae1006_045,period_2,2,110,0,1,810.0,7340.58,5173.98,2558.28,1,7070.47,0.0,0.0,0.0,2.76,176.72,0.0,176.72,90.62,0.0,810.0,0.0,0.0
bf_sae1006_045,period_2,2,111,0,1,810.0,8429.71,5173.98,2937.85,1,8119.94,0.0,0.0,0.0,2.76,202.94,0.0,202.94,104.07,0.0,810.0,0.0,0.0
bf_sae1006_045,period_2,2,112,0,1,810.0,7772.61,5173.98,2708.85,1,7486.77,0.0,0.0,0.0,2.76,187.12,0.0,187.12,95.96,0.0,810.0,0.0,0.0
bf_sae1006_045,period_2,2,117,0,1,810.0,8397.97,5173.98,2926.79,1,8089.35,0.0,0.0,0.0,2.76,202.17,0.0,202.17,103.68,0.0,810.0,0.0,0.0
bf_sae1006_045,period_2,2,121,0,1,810.0,8058.98,5173.98,2808.65,1,7762.71,0.0,0.0,0.0,2.76,194.01,0.0,194.01,99.49,0.0,810.0,0.0,0.0
bf_sae1006_045,period_2,2,132,0,1,810.0,7183.39,5173.98,2503.5,1,6919.01,0.0,0.0,0.0,2.76,172.93,0.0,172.93,88.68,0.0,810.0,0.0,0.0
bf_sae1006_045,period_2,2,142,0,1,810.0,7935.07,5173.98,2765.46,1,7643.31,0.0,0.0,0.0,2.76,191.03,0.0,191.03,97.96,0.0,810.0,0.0,0.0
bf_sae1006_045,period_2,2,144,0,1,810.0,8560.72,5173.98,2983.51,1,8246.18,0.0,0.0,0.0,2.76,206.09,0.0,206.09,105.69,0.0,810.0,0.0,0.0
bf_sae1006_045,period_2,2,147,0,1,810.0,7787.62,5173.98,2714.08,1,7501.23,0.0,0.0,0.0,2.76,187.48,0.0,187.48,96.14,0.0,810.0,0.0,0.0
bf_sae1006_045,period_2,2,149,0,1,810.0,8069.45,5173.98,2812.3,1,7772.8,0.0,0.0,0.0,2.76,194.26,0.0,194.26,99.62,0.0,810.0,0.0,0.0
bf_sae1006_045,period_2,2,152,0,1,810.0,7849.27,5173.98,2735.56,1,7560.64,0.0,0.0,0.0,2.76,188.96,0.0,188.96,96.9,0.0,810.0,0.0,0.0
bf_sae1006_045,period_2,2,155,0,1,810.0,5650.55,5173.98,1969.28,1,5441.99,0.0,0.0,0.0,2.76,136.03,0.0,136.03,69.76,0.0,810.0,0.0,0.0
bf_sae1006_045,period_2,2,158,0,1,810.0,8164.37,5173.98,2845.38,1,7864.26,0.0,0.0,0.0,2.76,196.55,0.0,196.55,100.79,0.0,810.0,0.0,0.0
bf_sae1006_045,period_2,2,159,0,1,810.0,7150.59,5173.98,2492.06,1,6887.4,0.0,0.0,0.0,2.76,172.14,0.0,172.14,88.28,0.0,810.0,0.0,0.0
bf_sae1006_045,period_2,2,160,0,1,810.0,8253.99,5173.98,2876.61,1,7950.62,0.0,0.0,0.0,2.76,198.71,0.0,198.71,101.9,0.0,810.0,0.0,0.0
bf_sae1006_045,period_2,2,161,0,1,810.0,6118.4,5173.98,2132.33,1,6115.53,0.0,0.0,0.0,2.87,0.0,0.0,0.0,0.0,0.0,810.0,0.0,0.0
bf_sae1006_045,period_2,2,164,0,1,810.0,7370.61,5173.98,2568.74,1,7099.41,0.0,0.0,0.0,2.76,177.44,0.0,177.44,91.0,0.0,810.0,0.0,0.0
bf_sae1006_045,period_2,2,166,0,1,810.0,5630.53,5173.98,1962.31,1,5623.85,3.81,0.0,3.81,2.87,0.0,0.0,0.0,0.0,0.0,810.0,0.0,0.0
bf_sae1006_045,period_2,2,175,0,1,810.0,7775.96,5173.98,2710.01,1,7490.0,0.0,0.0,0.0,2.76,187.2,0.0,187.2,96.0,0.0,810.0,0.0,0.0
bf_sae1006_045,period_2,2,183,0,1,810.0,6247.75,5173.98,2177.41,1,6017.44,0.0,0.0,0.0,2.76,150.41,0.0,150.41,77.13,0.0,810.0,0.0,0.0
bf_sae1006_045,period_2,2,184,0,1,810.0,8492.56,5173.98,2959.76,1,8180.5,0.0,0.0,0.0,2.76,204.45,0.0,204.45,104.85,0.0,810.0,0.0,0.0
bf_sae1006_045,period_2,2,193,0,1,810.0,6689.28,5173.98,2331.29,1,6442.89,0.0,0.0,0.0,2.76,161.04,0.0,161.04,82.58,0.0,810.0,0.0,0.0
bf_sae1006_045,period_2,2,197,0,1,810.0,8068.21,5173.98,2811.87,1,7771.6,0.0,0.0,0.0,2.76,194.23,0.0,194.23,99.61,0.0,810.0,0.0,0.0
bf_sae1006_045,period_2,2,198,0,1,810.0,8265.6,5173.98,2880.66,1,7961.8,0.0,0.0,0.0,2.76,198.99,0.0,198.99,102.04,0.0,810.0,0.0,0.0
bf_sae1006_045,period_2,2,201,0,1,810.0,7318.93,5173.98,2550.73,1,7316.06,0.0,0.0,0.0,2.87,0.0,0.0,0.0,0.0,0.0,810.0,0.0,0.0
bf_sae1006_045,period_2,2,202,0,1,810.0,7892.67,5173.98,2750.69,1,7602.46,0.0,0.0,0.0,2.76,190.01,0.0,190.01,97.44,0.0,810.0,0.0,0.0
bf_sae1006_045,period_2,2,205,0,1,1250.0,7053.94,5102.73,1593.03,2,6807.01,0.0,0.0,0.0,4.28,186.22,0.0,186.22,56.43,0.0,1250.0,0.0,0.0
bf_sae1006_045,period_2,2,212,0,1,1250.0,9144.93,5102.73,2065.25,2,8901.59,114.6,114.6,0.0,4.37,51.21,0.0,51.21,73.16,0.0,1250.0,0.0,0.0
bf_sae1006_045,period_2,2,224,0,1,1250.0,10008.67,5102.73,2260.31,2,9788.15,0.0,0.0,0.0,4.33,136.12,0.0,136.12,80.07,0.0,1250.0,0.0,0.0
bf_sae1006_045,period_2,2,225,0,1,1250.0,7228.64,5102.73,1632.48,2,7125.96,0.0,0.0,0.0,4.37,40.48,0.0,40.48,57.83,0.0,1250.0,0.0,0.0
bf_sae1006_045,period_2,2,231,0,1,1250.0,8444.78,5102.73,1907.13,2,8325.52,0.05,0.0,0.05,4.37,47.29,0.0,47.29,67.56,0.0,1250.0,0.0,0.0
bf_sae1006_045,period_2,2,235,0,1,1250.0,8203.19,5102.73,1852.57,2,8087.26,0.0,0.0,0.0,4.37,45.94,0.0,45.94,65.63,0.0,1250.0,0.0,0.0
bf_sae1006_045,period_2,2,253,0,1,1250.0,8940.67,5102.73,2019.12,2,8814.71,0.0,0.0,0.0,4.37,50.07,0.0,50.07,71.53,0.0,1250.0,0.0,0.0
bf_sae1006_045,period_2,2,254,0,1,1250.0,7007.66,5102.73,1582.58,2,4812.62,0.0,0.0,0.0,3.04,2135.93,2135.93,0.0,56.06,0.0,1250.0,0.0,0.0
bf_sae1006_045,period_2,2,258,0,1,1250.0,8443.83,5102.73,1906.92,2,8324.63,0.0,0.0,0.0,4.37,47.29,0.0,47.29,67.55,0.0,1250.0,0.0,0.0
bf_sae1006_045,period_2,2,275,0,1,1250.0,9385.4,5102.73,2119.56,2,9178.34,0.0,0.0,0.0,4.33,127.64,0.0,127.64,75.08,0.0,1250.0,0.0,0.0
bf_sae1006_045,period_2,2,276,0,1,1250.0,8617.82,5102.73,1946.21,2,8496.25,0.0,0.0,0.0,4.37,48.26,0.0,48.26,68.94,0.0,1250.0,0.0,0.0
bf_sae1006_045,period_2,2,284,0,1,1250.0,10148.17,5102.73,2291.82,2,9924.64,0.0,0.0,0.0,4.33,138.02,0.0,138.02,81.19,0.0,1250.0,0.0,0.0
bf_sae1006_045,period_2,2,289,0,1,1250.0,6691.16,5102.73,1511.1,2,6456.71,0.0,0.0,0.0,4.28,176.65,0.0,176.65,53.53,0.0,1250.0,0.0,0.0
bf_sae1006_045,period_2,2,290,0,1,1250.0,7556.8,5102.73,1706.59,2,7449.66,0.0,0.0,0.0,4.37,42.32,0.0,42.32,60.45,0.0,1250.0,0.0,0.0
bf_sae1006_045,period_2,2,50,0,1,1100.0,8837.22,4947.45,2267.91,2,8489.25,2.79,0.0,2.79,3.75,261.1,0.0,261.1,80.34,0.0,1100.0,0.0,0.0
bf_sae1006_045,period_2,2,52,0,1,1100.0,8414.3,4947.45,2159.37,3,8318.65,0.0,0.0,0.0,3.85,15.3,0.0,15.3,76.49,0.0,1100.0,0.0,0.0
bf_sae1006_045,period_2,2,6,0,1,1100.0,9176.13,4947.45,2354.88,2,8807.14,10.71,10.71,0.0,3.75,271.11,0.0,271.11,83.42,0.0,1100.0,0.0,0.0
bf_sae1006_045,period_2,2,62,0,1,1100.0,8247.04,4947.45,2116.45,3,7742.05,411.17,411.17,0.0,3.85,14.99,0.0,14.99,74.97,0.0,1100.0,0.0,0.0
bf_sae1006_045,period_2,2,75,0,1,1100.0,9088.48,4947.45,2332.39,2,8733.59,0.0,0.0,0.0,3.75,268.52,0.0,268.52,82.62,0.0,1100.0,0.0,0.0
bf_sae1006_045,period_2,2,8,0,1,1100.0,9609.36,4947.45,2466.06,2,9454.06,11.68,11.68,0.0,3.84,52.41,0.0,52.41,87.36,0.0,1100.0,0.0,0.0
bf_sae1006_045,period_2,2,9,0,1,1100.0,6373.95,4947.45,1635.76,2,5475.25,611.05,611.05,0.0,3.72,225.99,0.0,225.99,57.95,0.0,1100.0,0.0,0.0
bf_sae1006_045,period_2,2,98,0,1,810.0,8626.33,5173.98,3006.38,1,8309.4,0.0,0.0,0.0,2.76,207.67,0.0,207.67,106.5,0.0,810.0,0.0,0.0
bf_sae1006_045,period_2,2,298,1,1,277.0,5.33,4947.45,5.43,1,4.35,0.0,0.0,0.0,0.98,0.0,0.0,0.0,0.0,0.0,277.0,0.0,0.98
bf_sae1006_045,period_2,2,299,1,1,550.0,190.06,4947.45,97.55,1,188.11,0.0,0.0,0.0,1.95,0.0,0.0,0.0,0.0,0.0,550.0,0.0,1.95
bf_sae1006_045,period_2,2,300,1,1,325.0,700.16,4947.45,608.16,1,595.77,0.0,0.0,0.0,0.98,81.86,0.0,81.86,21.54,0.0,325.0,0.0,104.39
bf_sae1006_045,period_3,3,11,0,1,1100.0,8385.95,4947.45,2152.1,2,8258.66,1.47,0.0,1.47,3.84,45.74,0.0,45.74,76.24,0.0,1100.0,0.0,0.0
bf_sae1006_045,period_3,3,111,0,1,810.0,8429.71,5173.98,2937.85,1,8119.94,0.0,0.0,0.0,2.76,202.94,0.0,202.94,104.07,0.0,810.0,0.0,0.0
bf_sae1006_045,period_3,3,113,0,1,810.0,6688.51,5173.98,2331.02,1,6685.17,0.47,0.0,0.47,2.87,0.0,0.0,0.0,-0.0,0.0,810.0,0.0,0.0
bf_sae1006_045,period_3,3,117,0,1,810.0,8397.97,5173.98,2926.79,1,8089.35,0.0,0.0,0.0,2.76,202.17,0.0,202.17,103.68,0.0,810.0,0.0,0.0
bf_sae1006_045,period_3,3,118,0,1,810.0,7935.17,5173.98,2765.5,1,7643.41,0.0,0.0,0.0,2.76,191.03,0.0,191.03,97.97,0.0,810.0,0.0,0.0
bf_sae1006_045,period_3,3,121,0,1,810.0,8058.98,5173.98,2808.65,1,7762.71,0.0,0.0,0.0,2.76,194.01,0.0,194.01,99.49,0.0,810.0,0.0,0.0
bf_sae1006_045,period_3,3,122,0,1,810.0,7016.7,5173.98,2445.4,1,7013.83,0.0,0.0,0.0,2.87,0.0,0.0,0.0,0.0,0.0,810.0,0.0,0.0
bf_sae1006_045,period_3,3,123,0,1,810.0,7976.6,5173.98,2779.94,1,7683.33,0.0,0.0,0.0,2.76,192.03,0.0,192.03,98.48,0.0,810.0,0.0,0.0
bf_sae1006_045,period_3,3,137,0,1,810.0,8004.9,5173.98,2789.8,1,7710.6,0.0,0.0,0.0,2.76,192.71,0.0,192.71,98.83,0.0,810.0,0.0,0.0
bf_sae1006_045,period_3,3,140,0,1,810.0,8199.01,5173.98,2857.45,1,7897.64,0.0,0.0,0.0,2.76,197.38,0.0,197.38,101.22,0.0,810.0,0.0,0.0
bf_sae1006_045,period_3,3,141,0,1,810.0,7180.11,5173.98,2502.35,1,6915.85,0.0,0.0,0.0,2.76,172.85,0.0,172.85,88.64,0.0,810.0,0.0,0.0
bf_sae1006_045,period_3,3,142,0,1,810.0,7935.07,5173.98,2765.46,1,7643.31,0.0,0.0,0.0,2.76,191.03,0.0,191.03,97.96,0.0,810.0,0.0,0.0
bf_sae1006_045,period_3,3,145,0,1,810.0,8343.94,5173.98,2907.96,1,8037.29,0.0,0.0,0.0,2.76,200.87,0.0,200.87,103.01,0.0,810.0,0.0,0.0
bf_sae1006_045,period_3,3,147,0,1,810.0,7787.62,5173.98,2714.08,1,7501.23,0.0,0.0,0.0,2.76,187.48,0.0,187.48,96.14,0.0,810.0,0.0,0.0
bf_sae1006_045,period_3,3,149,0,1,810.0,8069.45,5173.98,2812.3,1,7772.8,0.0,0.0,0.0,2.76,194.26,0.0,194.26,99.62,0.0,810.0,0.0,0.0
bf_sae1006_045,period_3,3,15,0,1,1100.0,7529.54,4947.45,1932.32,2,7234.88,0.0,0.0,0.0,3.75,222.46,0.0,222.46,68.45,0.0,1100.0,0.0,0.0
bf_sae1006_045,period_3,3,152,0,1,810.0,7849.27,5173.98,2735.56,1,7560.64,0.0,0.0,0.0,2.76,188.96,0.0,188.96,96.9,0.0,810.0,0.0,0.0
bf_sae1006_045,period_3,3,158,0,1,810.0,8164.37,5173.98,2845.38,1,7864.26,0.0,0.0,0.0,2.76,196.55,0.0,196.55,100.79,0.0,810.0,0.0,0.0
bf_sae1006_045,period_3,3,160,0,1,810.0,8253.99,5173.98,2876.61,1,7950.62,0.0,0.0,0.0,2.76,198.71,0.0,198.71,101.9,0.0,810.0,0.0,0.0
bf_sae1006_045,period_3,3,169,0,1,810.0,7573.33,5173.98,2639.39,1,7294.75,0.0,0.0,0.0,2.76,182.32,0.0,182.32,93.5,0.0,810.0,0.0,0.0
bf_sae1006_045,period_3,3,175,0,1,810.0,7775.96,5173.98,2710.01,1,7490.0,0.0,0.0,0.0,2.76,187.2,0.0,187.2,96.0,0.0,810.0,0.0,0.0
bf_sae1006_045,period_3,3,184,0,1,810.0,8492.56,5173.98,2959.76,1,8180.5,0.0,0.0,0.0,2.76,204.45,0.0,204.45,104.85,0.0,810.0,0.0,0.0
bf_sae1006_045,period_3,3,194,0,1,810.0,6902.77,5173.98,2405.7,1,6899.9,0.0,0.0,0.0,2.87,0.0,0.0,0.0,0.0,0.0,810.0,0.0,0.0
bf_sae1006_045,period_3,3,197,0,1,810.0,8068.21,5173.98,2811.87,1,7771.6,0.0,0.0,0.0,2.76,194.23,0.0,194.23,99.61,0.0,810.0,0.0,0.0
bf_sae1006_045,period_3,3,2,0,1,1100.0,7975.28,4947.45,2046.71,2,7663.4,0.0,0.0,0.0,3.75,235.63,0.0,235.63,72.5,0.0,1100.0,0.0,0.0
bf_sae1006_045,period_3,3,201,0,1,810.0,7318.93,5173.98,2550.73,1,7049.61,0.0,0.0,0.0,2.76,176.2,0.0,176.2,90.36,0.0,810.0,0.0,0.0
bf_sae1006_045,period_3,3,202,0,1,810.0,7892.67,5173.98,2750.69,1,7602.46,0.0,0.0,0.0,2.76,190.01,0.0,190.01,97.44,0.0,810.0,0.0,0.0
bf_sae1006_045,period_3,3,204,0,1,810.0,6419.76,5173.98,2237.36,1,6183.19,0.0,0.0,0.0,2.76,154.55,0.0,154.55,79.26,0.0,810.0,0.0,0.0
bf_sae1006_045,period_3,3,206,0,1,1250.0,8574.99,5102.73,1936.54,2,8454.0,0.0,0.0,0.0,4.37,48.02,0.0,48.02,68.6,0.0,1250.0,0.0,0.0
bf_sae1006_045,period_3,3,21,0,1,1100.0,8163.38,4947.45,2094.98,2,6957.12,838.9,838.9,0.0,3.72,289.43,0.0,289.43,74.21,0.0,1100.0,0.0,0.0
bf_sae1006_045,period_3,3,211,0,1,1250.0,9821.87,5102.73,2218.13,2,9683.92,0.0,0.0,0.0,4.37,55.0,0.0,55.0,78.57,0.0,1250.0,0.0,0.0
bf_sae1006_045,period_3,3,214,0,1,1250.0,9647.75,5102.73,2178.81,2,9512.17,0.0,0.0,0.0,4.37,54.03,0.0,54.03,77.18,0.0,1250.0,0.0,0.0
bf_sae1006_045,period_3,3,217,0,1,1250.0,9684.03,5102.73,2187.0,2,9547.96,0.0,0.0,0.0,4.37,54.23,0.0,54.23,77.47,0.0,1250.0,0.0,0.0
bf_sae1006_045,period_3,3,224,0,1,1250.0,10008.67,5102.73,2260.31,2,9868.18,0.0,0.0,0.0,4.37,56.05,0.0,56.05,80.07,0.0,1250.0,0.0,0.0
bf_sae1006_045,period_3,3,239,0,1,1250.0,8824.97,5102.73,1992.99,2,8700.58,0.0,0.0,0.0,4.37,49.42,0.0,49.42,70.6,0.0,1250.0,0.0,0.0
bf_sae1006_045,period_3,3,242,0,1,1250.0,9035.47,5102.73,2040.53,2,8835.97,0.0,0.0,0.0,4.33,122.88,0.0,122.88,72.28,0.0,1250.0,0.0,0.0
bf_sae1006_045,period_3,3,243,0,1,1250.0,7001.03,5102.73,1581.08,3,6867.86,0.0,0.0,0.0,4.35,72.81,0.0,72.81,56.01,0.0,1250.0,0.0,0.0
bf_sae1006_045,period_3,3,266,0,1,1250.0,9615.49,5102.73,2171.52,2,9480.35,0.0,0.0,0.0,4.37,53.85,0.0,53.85,76.92,0.0,1250.0,0.0,0.0
bf_sae1006_045,period_3,3,269,0,1,1250.0,8888.97,5102.73,2007.45,3,8621.43,99.64,99.64,0.0,4.35,92.45,0.0,92.45,71.11,0.0,1250.0,0.0,0.0
bf_sae1006_045,period_3,3,275,0,1,1250.0,9385.4,5102.73,2119.56,2,9253.39,0.0,0.0,0.0,4.37,52.56,0.0,52.56,75.08,0.0,1250.0,0.0,0.0
bf_sae1006_045,period_3,3,282,0,1,1250.0,8050.2,5102.73,1818.02,3,7897.73,0.0,0.0,0.0,4.35,83.72,0.0,83.72,64.4,0.0,1250.0,0.0,0.0
bf_sae1006_045,period_3,3,284,0,1,1250.0,10148.17,5102.73,2291.82,2,9912.94,92.85,92.85,0.0,4.37,56.83,0.0,56.83,81.19,0.0,1250.0,0.0,0.0
bf_sae1006_045,period_3,3,30,0,1,1100.0,8931.91,4947.45,2292.21,2,8668.29,0.0,0.0,0.0,3.78,178.64,0.0,178.64,81.2,0.0,1100.0,0.0,0.0
bf_sae1006_045,period_3,3,36,0,1,1100.0,8573.73,4947.45,2200.29,2,8445.18,0.0,0.0,0.0,3.84,46.77,0.0,46.77,77.94,0.0,1100.0,0.0,0.0
bf_sae1006_045,period_3,3,38,0,1,1100.0,8953.94,4947.45,2297.86,2,8819.86,0.0,0.0,0.0,3.84,48.84,0.0,48.84,81.4,0.0,1100.0,0.0,0.0
bf_sae1006_045,period_3,3,50,0,1,1100.0,8837.22,4947.45,2267.91,2,8701.7,3.14,0.0,3.14,3.84,48.2,0.0,48.2,80.34,0.0,1100.0,0.0,0.0
bf_sae1006_045,period_3,3,58,0,1,1100.0,8692.29,4947.45,2230.71,2,8352.71,0.0,0.0,0.0,3.75,256.82,0.0,256.82,79.02,0.0,1100.0,0.0,0.0
bf_sae1006_045,period_3,3,75,0,1,1100.0,9088.48,4947.45,2332.39,2,8733.59,0.0,0.0,0.0,3.75,268.52,0.0,268.52,82.62,0.0,1100.0,0.0,0.0
bf_sae1006_045,period_3,3,77,0,1,1100.0,7793.33,4947.45,2000.01,2,7488.48,0.0,0.0,0.0,3.75,230.26,0.0,230.26,70.85,0.0,1100.0,0.0,0.0
bf_sae1006_045,period_3,3,83,0,1,1100.0,7264.83,4947.45,1864.38,2,6975.9,4.5,0.0,4.5,3.75,214.64,0.0,214.64,66.04,0.0,1100.0,0.0,0.0
bf_sae1006_045,period_3,3,90,0,1,1100.0,8097.48,4947.45,2078.07,2,7771.21,9.67,9.67,0.0,3.75,239.24,0.0,239.24,73.61,0.0,1100.0,0.0,0.0
bf_sae1006_045,period_3,3,97,0,1,810.0,7778.89,5173.98,2711.03,1,7492.82,0.0,0.0,0.0,2.76,187.27,0.0,187.27,96.04,0.0,810.0,0.0,0.0
bf_sae1006_045,period_3,3,98,0,1,810.0,8626.33,5173.98,3006.38,1,8309.4,0.0,0.0,0.0,2.76,207.67,0.0,207.67,106.5,0.0,810.0,0.0,0.0
bf_sae1006_045,period_3,3,298,1,1,277.0,10.71,4947.45,10.91,1,9.73,0.0,0.0,0.0,0.98,0.0,0.0,0.0,0.0,0.0,277.0,0.0,0.98
bf_sae1006_045,period_3,3,299,1,1,550.0,11.68,4947.45,5.99,1,9.73,0.0,0.0,0.0,1.95,0.0,0.0,0.0,0.0,0.0,550.0,0.0,1.95
bf_sae1006_045,period_3,3,300,1,1,726.0,103.92,4947.45,40.41,1,101.35,0.0,0.0,0.0,2.57,0.0,0.0,0.0,0.0,0.0,726.0,0.0,2.57
bf_sae1006_045,period_3,3,301,1,1,325.0,507.13,4947.45,440.49,1,431.25,0.0,0.0,0.0,0.98,59.3,0.0,59.3,15.6,0.0,325.0,0.0,75.88
bf_sae1006_045,period_3,3,302,1,1,534.0,411.17,4947.45,217.36,1,409.28,0.0,0.0,0.0,1.89,0.0,0.0,0.0,0.0,0.0,534.0,0.0,1.89
bf_sae1006_045,period_3,3,303,1,1,673.0,114.6,5102.73,48.07,1,112.22,0.0,0.0,0.0,2.38,0.0,0.0,0.0,0.0,0.0,673.0,0.0,2.38
bf_sae1006_045,period_3,3,304,1,1,381.0,2135.93,5102.73,1582.58,1,1820.84,0.0,0.0,0.0,1.15,257.88,0.0,257.88,56.06,0.0,381.0,0.0,315.09
bf_sae1006_045,period_4,4,102,0,1,810.0,8652.32,5173.98,3015.43,1,8334.44,0.0,0.0,0.0,2.76,208.3,0.0,208.3,106.82,0.0,810.0,0.0,0.0
bf_sae1006_045,period_4,4,111,0,1,810.0,8429.71,5173.98,2937.85,1,8119.94,0.0,0.0,0.0,2.76,202.94,0.0,202.94,104.07,0.0,810.0,0.0,0.0
bf_sae1006_045,period_4,4,117,0,1,810.0,8397.97,5173.98,2926.79,1,8089.35,0.0,0.0,0.0,2.76,202.17,0.0,202.17,103.68,0.0,810.0,0.0,0.0
bf_sae1006_045,period_4,4,121,0,1,810.0,8058.98,5173.98,2808.65,1,8056.11,0.0,0.0,0.0,2.87,0.0,0.0,0.0,0.0,0.0,810.0,0.0,0.0
bf_sae1006_045,period_4,4,123,0,1,810.0,7976.6,5173.98,2779.94,1,7683.33,0.0,0.0,0.0,2.76,192.03,0.0,192.03,98.48,0.0,810.0,0.0,0.0
bf_sae1006_045,period_4,4,13,0,1,1100.0,7426.82,4947.45,1905.95,2,7136.13,0.0,0.0,0.0,3.75,219.43,0.0,219.43,67.52,0.0,1100.0,0.0,0.0
bf_sae1006_045,period_4,4,134,0,1,810.0,7603.1,5173.98,2649.77,1,7599.57,0.66,0.0,0.66,2.87,0.0,0.0,0.0,0.0,0.0,810.0,0.0,0.0
bf_sae1006_045,period_4,4,137,0,1,810.0,8004.9,5173.98,2789.8,1,7710.6,0.0,0.0,0.0,2.76,192.71,0.0,192.71,98.83,0.0,810.0,0.0,0.0
bf_sae1006_045,period_4,4,14,0,1,1100.0,7755.17,4947.45,1990.22,2,7451.71,0.09,0.0,0.09,3.75,229.13,0.0,229.13,70.5,0.0,1100.0,0.0,0.0
bf_sae1006_045,period_4,4,140,0,1,810.0,8199.01,5173.98,2857.45,1,7897.64,0.0,0.0,0.0,2.76,197.38,0.0,197.38,101.22,0.0,810.0,0.0,0.0
bf_sae1006_045,period_4,4,144,0,1,810.0,8560.72,5173.98,2983.51,1,8246.18,0.0,0.0,0.0,2.76,206.09,0.0,206.09,105.69,0.0,810.0,0.0,0.0
bf_sae1006_045,period_4,4,145,0,1,810.0,8343.94,5173.98,2907.96,1,8037.29,0.0,0.0,0.0,2.76,200.87,0.0,200.87,103.01,0.0,810.0,0.0,0.0
bf_sae1006_045,period_4,4,158,0,1,810.0,8164.37,5173.98,2845.38,1,7864.26,0.0,0.0,0.0,2.76,196.55,0.0,196.55,100.79,0.0,810.0,0.0,0.0
bf_sae1006_045,period_4,4,160,0,1,810.0,8253.99,5173.98,2876.61,1,7950.62,0.0,0.0,0.0,2.76,198.71,0.0,198.71,101.9,0.0,810.0,0.0,0.0
bf_sae1006_045,period_4,4,184,0,1,810.0,8492.56,5173.98,2959.76,1,8180.5,0.0,0.0,0.0,2.76,204.45,0.0,204.45,104.85,0.0,810.0,0.0,0.0
bf_sae1006_045,period_4,4,197,0,1,810.0,8068.21,5173.98,2811.87,1,7771.6,0.0,0.0,0.0,2.76,194.23,0.0,194.23,99.61,0.0,810.0,0.0,0.0
bf_sae1006_045,period_4,4,198,0,1,810.0,8265.6,5173.98,2880.66,1,7961.8,0.0,0.0,0.0,2.76,198.99,0.0,198.99,102.04,0.0,810.0,0.0,0.0
bf_sae1006_045,period_4,4,208,0,1,1250.0,7208.74,5102.73,1627.99,2,7048.7,0.0,0.0,0.0,4.33,98.04,0.0,98.04,57.67,0.0,1250.0,0.0,0.0
bf_sae1006_045,period_4,4,211,0,1,1250.0,9821.87,5102.73,2218.13,2,9683.92,0.0,0.0,0.0,4.37,55.0,0.0,55.0,78.57,0.0,1250.0,0.0,0.0
bf_sae1006_045,period_4,4,222,0,1,1250.0,7241.9,5102.73,1635.48,2,7081.14,0.0,0.0,0.0,4.33,98.49,0.0,98.49,57.94,0.0,1250.0,0.0,0.0
bf_sae1006_045,period_4,4,224,0,1,1250.0,10008.67,5102.73,2260.31,2,9801.27,66.91,66.91,0.0,4.37,56.05,0.0,56.05,80.07,0.0,1250.0,0.0,0.0
bf_sae1006_045,period_4,4,225,0,1,1250.0,7228.64,5102.73,1632.48,2,7068.17,0.0,0.0,0.0,4.33,98.31,0.0,98.31,57.83,0.0,1250.0,0.0,0.0
bf_sae1006_045,period_4,4,24,0,1,1100.0,7263.44,4947.45,1864.03,2,6203.81,732.36,732.36,0.0,3.72,257.52,0.0,257.52,66.03,0.0,1100.0,0.0,0.0
bf_sae1006_045,period_4,4,253,0,1,1250.0,8940.67,5102.73,2019.12,2,8814.71,0.0,0.0,0.0,4.37,50.07,0.0,50.07,71.53,0.0,1250.0,0.0,0.0
bf_sae1006_045,period_4,4,270,0,1,1250.0,8233.36,5102.73,1859.39,2,8117.02,0.0,0.0,0.0,4.37,46.11,0.0,46.11,65.87,0.0,1250.0,0.0,0.0
bf_sae1006_045,period_4,4,283,0,1,1250.0,8647.53,5102.73,1952.92,2,8525.56,0.0,0.0,0.0,4.37,48.43,0.0,48.43,69.18,0.0,1250.0,0.0,0.0
bf_sae1006_045,period_4,4,284,0,1,1250.0,10148.17,5102.73,2291.82,2,10005.79,0.0,0.0,0.0,4.37,56.83,0.0,56.83,81.19,0.0,1250.0,0.0,0.0
bf_sae1006_045,period_4,4,296,0,1,1250.0,8219.87,5102.73,1856.34,2,8103.71,0.0,0.0,0.0,4.37,46.03,0.0,46.03,65.76,0.0,1250.0,0.0,0.0
bf_sae1006_045,period_4,4,33,0,1,1100.0,7759.86,4947.45,1991.42,2,7456.3,0.0,0.0,0.0,3.75,229.27,0.0,229.27,70.54,0.0,1100.0,0.0,0.0
bf_sae1006_045,period_4,4,40,0,1,1100.0,8460.11,4947.45,2171.13,3,8363.96,0.0,0.0,0.0,3.85,15.38,0.0,15.38,76.91,0.0,1100.0,0.0,0.0
bf_sae1006_045,period_4,4,49,0,1,1100.0,6958.36,4947.45,1785.73,2,6775.35,77.96,77.96,0.0,3.84,37.95,0.0,37.95,63.26,0.0,1100.0,0.0,0.0
bf_sae1006_045,period_4,4,6,0,1,1100.0,9176.13,4947.45,2354.88,2,8817.85,0.0,0.0,0.0,3.75,271.11,0.0,271.11,83.42,0.0,1100.0,0.0,0.0
bf_sae1006_045,period_4,4,84,0,1,1100.0,8331.32,4947.45,2138.08,2,8003.04,2.64,0.0,2.64,3.75,246.15,0.0,246.15,75.74,0.0,1100.0,0.0,0.0
bf_sae1006_045,period_4,4,95,0,1,1100.0,8314.41,4947.45,2133.74,3,8219.85,0.0,0.0,0.0,3.85,15.12,0.0,15.12,75.59,0.0,1100.0,0.0,0.0
bf_sae1006_045,period_4,4,96,0,1,1100.0,9069.31,4947.45,2327.47,2,8801.69,0.0,0.0,0.0,3.78,181.39,0.0,181.39,82.45,0.0,1100.0,0.0,0.0
bf_sae1006_045,period_4,4,98,0,1,810.0,8626.33,5173.98,3006.38,1,8309.4,0.0,0.0,0.0,2.76,207.67,0.0,207.67,106.5,0.0,810.0,0.0,0.0
bf_sae1006_045,period_4,4,298,1,1,726.0,105.34,4947.45,40.96,1,102.77,0.0,0.0,0.0,2.57,0.0,0.0,0.0,0.0,0.0,726.0,0.0,2.57
bf_sae1006_045,period_4,4,299,1,1,325.0,733.56,4947.45,637.17,1,729.0,3.4,0.0,3.4,1.15,0.0,0.0,0.0,0.0,0.0,325.0,0.0,4.56
bf_sae1006_045,period_4,4,300,1,1,277.0,9.67,4947.45,9.85,1,8.69,0.0,0.0,0.0,0.98,0.0,0.0,0.0,0.0,0.0,277.0,0.0,0.98
bf_sae1006_045,period_4,4,301,1,1,673.0,99.64,5102.73,41.79,1,96.72,0.53,0.0,0.53,2.38,0.0,0.0,0.0,0.0,0.0,673.0,0.0,2.92
bf_sae1006_045,period_4,4,302,1,1,560.0,92.85,5102.73,46.81,1,90.87,0.0,0.0,0.0,1.98,0.0,0.0,0.0,0.0,0.0,560.0,0.0,1.98
bf_sae1006_045,period_5,5,100,0,1,810.0,7717.17,5173.98,2689.52,1,7433.35,0.0,0.0,0.0,2.76,185.78,0.0,185.78,95.27,0.0,810.0,0.0,0.0
bf_sae1006_045,period_5,5,102,0,1,810.0,8652.32,5173.98,3015.43,1,8334.44,0.0,0.0,0.0,2.76,208.3,0.0,208.3,106.82,0.0,810.0,0.0,0.0
bf_sae1006_045,period_5,5,104,0,1,810.0,6501.97,5173.98,2266.01,1,6262.41,0.0,0.0,0.0,2.76,156.53,0.0,156.53,80.27,0.0,810.0,0.0,0.0
bf_sae1006_045,period_5,5,112,0,1,810.0,7772.61,5173.98,2708.85,1,7769.74,0.0,0.0,0.0,2.87,0.0,0.0,0.0,-0.0,0.0,810.0,0.0,0.0
bf_sae1006_045,period_5,5,114,0,1,810.0,6460.31,5173.98,2251.49,1,6222.26,0.0,0.0,0.0,2.76,155.53,0.0,155.53,79.76,0.0,810.0,0.0,0.0
bf_sae1006_045,period_5,5,118,0,1,810.0,7935.17,5173.98,2765.5,1,7643.41,0.0,0.0,0.0,2.76,191.03,0.0,191.03,97.97,0.0,810.0,0.0,0.0
bf_sae1006_045,period_5,5,121,0,1,810.0,8058.98,5173.98,2808.65,1,7762.71,0.0,0.0,0.0,2.76,194.01,0.0,194.01,99.49,0.0,810.0,0.0,0.0
bf_sae1006_045,period_5,5,123,0,1,810.0,7976.6,5173.98,2779.94,1,7683.33,0.0,0.0,0.0,2.76,192.03,0.0,192.03,98.48,0.0,810.0,0.0,0.0
bf_sae1006_045,period_5,5,129,0,1,810.0,7540.1,5173.98,2627.81,1,7262.73,0.0,0.0,0.0,2.76,181.52,0.0,181.52,93.09,0.0,810.0,0.0,0.0
bf_sae1006_045,period_5,5,134,0,1,810.0,7603.1,5173.98,2649.77,1,7323.43,0.0,0.0,0.0,2.76,183.04,0.0,183.04,93.87,0.0,810.0,0.0,0.0
bf_sae1006_045,period_5,5,137,0,1,810.0,8004.9,5173.98,2789.8,1,7710.6,0.0,0.0,0.0,2.76,192.71,0.0,192.71,98.83,0.0,810.0,0.0,0.0
bf_sae1006_045,period_5,5,138,0,1,810.0,7333.88,5173.98,2555.94,1,7329.97,1.04,0.0,1.04,2.87,0.0,0.0,0.0,0.0,0.0,810.0,0.0,0.0
bf_sae1006_045,period_5,5,140,0,1,810.0,8199.01,5173.98,2857.45,1,7897.64,0.0,0.0,0.0,2.76,197.38,0.0,197.38,101.22,0.0,810.0,0.0,0.0
bf_sae1006_045,period_5,5,142,0,1,810.0,7935.07,5173.98,2765.46,1,7643.31,0.0,0.0,0.0,2.76,191.03,0.0,191.03,97.96,0.0,810.0,0.0,0.0
bf_sae1006_045,period_5,5,144,0,1,810.0,8560.72,5173.98,2983.51,1,8246.18,0.0,0.0,0.0,2.76,206.09,0.0,206.09,105.69,0.0,810.0,0.0,0.0
bf_sae1006_045,period_5,5,145,0,1,810.0,8343.94,5173.98,2907.96,1,8037.29,0.0,0.0,0.0,2.76,200.87,0.0,200.87,103.01,0.0,810.0,0.0,0.0
bf_sae1006_045,period_5,5,147,0,1,810.0,7787.62,5173.98,2714.08,1,7501.23,0.0,0.0,0.0,2.76,187.48,0.0,187.48,96.14,0.0,810.0,0.0,0.0
bf_sae1006_045,period_5,5,148,0,1,810.0,7556.09,5173.98,2633.39,1,7278.13,0.0,0.0,0.0,2.76,181.91,0.0,181.91,93.29,0.0,810.0,0.0,0.0
bf_sae1006_045,period_5,5,149,0,1,810.0,8069.45,5173.98,2812.3,1,7772.8,0.0,0.0,0.0,2.76,194.26,0.0,194.26,99.62,0.0,810.0,0.0,0.0
bf_sae1006_045,period_5,5,15,0,1,1100.0,7529.54,4947.45,1932.32,2,4493.74,2696.67,2696.67,0.0,3.72,266.96,0.0,266.96,68.45,0.0,1100.0,0.0,0.0
bf_sae1006_045,period_5,5,152,0,1,810.0,7849.27,5173.98,2735.56,1,7560.64,0.0,0.0,0.0,2.76,188.96,0.0,188.96,96.9,0.0,810.0,0.0,0.0
bf_sae1006_045,period_5,5,158,0,1,810.0,8164.37,5173.98,2845.38,1,7864.26,0.0,0.0,0.0,2.76,196.55,0.0,196.55,100.79,0.0,810.0,0.0,0.0
bf_sae1006_045,period_5,5,160,0,1,810.0,8253.99,5173.98,2876.61,1,7950.62,0.0,0.0,0.0,2.76,198.71,0.0,198.71,101.9,0.0,810.0,0.0,0.0
bf_sae1006_045,period_5,5,164,0,1,810.0,7370.61,5173.98,2568.74,1,7099.41,0.0,0.0,0.0,2.76,177.44,0.0,177.44,91.0,0.0,810.0,0.0,0.0
bf_sae1006_045,period_5,5,175,0,1,810.0,7775.96,5173.98,2710.01,1,7490.0,0.0,0.0,0.0,2.76,187.2,0.0,187.2,96.0,0.0,810.0,0.0,0.0
bf_sae1006_045,period_5,5,184,0,1,810.0,8492.56,5173.98,2959.76,1,8180.5,0.0,0.0,0.0,2.76,204.45,0.0,204.45,104.85,0.0,810.0,0.0,0.0
bf_sae1006_045,period_5,5,186,0,1,810.0,6601.33,5173.98,2300.64,1,6358.15,0.0,0.0,0.0,2.76,158.92,0.0,158.92,81.5,0.0,810.0,0.0,0.0
bf_sae1006_045,period_5,5,191,0,1,810.0,7635.68,5173.98,2661.12,1,7354.83,0.0,0.0,0.0,2.76,183.82,0.0,183.82,94.27,0.0,810.0,0.0,0.0
bf_sae1006_045,period_5,5,197,0,1,810.0,8068.21,5173.98,2811.87,1,7771.6,0.0,0.0,0.0,2.76,194.23,0.0,194.23,99.61,0.0,810.0,0.0,0.0
bf_sae1006_045,period_5,5,198,0,1,810.0,8265.6,5173.98,2880.66,1,7961.8,0.0,0.0,0.0,2.76,198.99,0.0,198.99,102.04,0.0,810.0,0.0,0.0
bf_sae1006_045,period_5,5,199,0,1,810.0,6921.23,5173.98,2412.13,1,6666.4,0.0,0.0,0.0,2.76,166.62,0.0,166.62,85.45,0.0,810.0,0.0,0.0
bf_sae1006_045,period_5,5,202,0,1,810.0,7892.67,5173.98,2750.69,1,7602.46,0.0,0.0,0.0,2.76,190.01,0.0,190.01,97.44,0.0,810.0,0.0,0.0
bf_sae1006_045,period_5,5,204,0,1,810.0,6419.76,5173.98,2237.36,1,6416.89,0.0,0.0,0.0,2.87,0.0,0.0,0.0,0.0,0.0,810.0,0.0,0.0
bf_sae1006_045,period_5,5,21,0,1,1100.0,8163.38,4947.45,2094.98,2,7922.12,0.0,0.0,0.0,3.78,163.27,0.0,163.27,74.21,0.0,1100.0,0.0,0.0
bf_sae1006_045,period_5,5,212,0,1,1250.0,9144.93,5102.73,2065.25,3,8972.32,0.0,0.0,0.0,4.35,95.11,0.0,95.11,73.16,0.0,1250.0,0.0,0.0
bf_sae1006_045,period_5,5,215,0,1,1250.0,8469.02,5102.73,1912.61,2,8349.47,0.0,0.0,0.0,4.37,47.43,0.0,47.43,67.75,0.0,1250.0,0.0,0.0
bf_sae1006_045,period_5,5,223,0,1,1250.0,9182.36,5102.73,2073.7,3,9009.06,0.0,0.0,0.0,4.35,95.5,0.0,95.5,73.46,0.0,1250.0,0.0,0.0
bf_sae1006_045,period_5,5,233,0,1,1250.0,8631.29,5102.73,1949.25,2,8509.54,0.0,0.0,0.0,4.37,48.34,0.0,48.34,69.05,0.0,1250.0,0.0,0.0
bf_sae1006_045,period_5,5,236,0,1,1250.0,7641.28,5102.73,1725.67,2,7532.99,0.0,0.0,0.0,4.37,42.79,0.0,42.79,61.13,0.0,1250.0,0.0,0.0
bf_sae1006_045,period_5,5,253,0,1,1250.0,8940.67,5102.73,2019.12,3,8771.82,0.0,0.0,0.0,4.35,92.98,0.0,92.98,71.53,0.0,1250.0,0.0,0.0
bf_sae1006_045,period_5,5,254,0,1,1250.0,7007.66,5102.73,1582.58,2,6907.99,0.0,0.0,0.0,4.37,39.24,0.0,39.24,56.06,0.0,1250.0,0.0,0.0
bf_sae1006_045,period_5,5,260,0,1,1250.0,8080.82,5102.73,1824.94,2,7966.55,0.0,0.0,0.0,4.37,45.25,0.0,45.25,64.65,0.0,1250.0,0.0,0.0
bf_sae1006_045,period_5,5,261,0,1,1250.0,9249.69,5102.73,2088.91,2,9045.56,0.0,0.0,0.0,4.33,125.8,0.0,125.8,74.0,0.0,1250.0,0.0,0.0
bf_sae1006_045,period_5,5,269,0,1,1250.0,8888.97,5102.73,2007.45,3,8721.07,0.0,0.0,0.0,4.35,92.45,0.0,92.45,71.11,0.0,1250.0,0.0,0.0
bf_sae1006_045,period_5,5,275,0,1,1250.0,9385.4,5102.73,2119.56,2,9253.39,0.0,0.0,0.0,4.37,52.56,0.0,52.56,75.08,0.0,1250.0,0.0,0.0
bf_sae1006_045,period_5,5,283,0,1,1250.0,8647.53,5102.73,1952.92,2,8525.56,0.0,0.0,0.0,4.37,48.43,0.0,48.43,69.18,0.0,1250.0,0.0,0.0
bf_sae1006_045,period_5,5,284,0,1,1250.0,10148.17,5102.73,2291.82,2,10005.79,0.0,0.0,0.0,4.37,56.83,0.0,56.83,81.19,0.0,1250.0,0.0,0.0
bf_sae1006_045,period_5,5,285,0,1,1250.0,9136.09,5102.73,2063.25,2,8934.42,0.0,0.0,0.0,4.33,124.25,0.0,124.25,73.09,0.0,1250.0,0.0,0.0
bf_sae1006_045,period_5,5,286,0,1,1250.0,8130.01,5102.73,1836.05,2,7951.96,63.11,63.11,0.0,4.37,45.53,0.0,45.53,65.04,0.0,1250.0,0.0,0.0
bf_sae1006_045,period_5,5,287,0,1,1250.0,9413.5,5102.73,2125.9,3,9235.95,0.0,0.0,0.0,4.35,97.9,0.0,97.9,75.31,0.0,1250.0,0.0,0.0
bf_sae1006_045,period_5,5,49,0,1,1100.0,6958.36,4947.45,1785.73,2,6685.77,0.0,0.0,0.0,3.75,205.59,0.0,205.59,63.26,0.0,1100.0,0.0,0.0
bf_sae1006_045,period_5,5,55,0,1,1100.0,7209.37,4947.45,1850.15,2,7100.67,0.0,0.0,0.0,3.84,39.32,0.0,39.32,65.54,0.0,1100.0,0.0,0.0
bf_sae1006_045,period_5,5,65,0,1,1100.0,8113.0,4947.45,2082.05,2,7990.5,0.66,0.0,0.66,3.84,44.25,0.0,44.25,73.75,0.0,1100.0,0.0,0.0
bf_sae1006_045,period_5,5,69,0,1,1100.0,8103.78,4947.45,2079.68,2,7952.2,29.87,29.87,0.0,3.84,44.2,0.0,44.2,73.67,0.0,1100.0,0.0,0.0
bf_sae1006_045,period_5,5,71,0,1,1100.0,6805.29,4947.45,1746.45,2,6530.14,8.47,5.69,2.78,3.75,201.07,0.0,201.07,61.87,0.0,1100.0,0.0,0.0
bf_sae1006_045,period_5,5,87,0,1,1100.0,8238.16,4947.45,2114.17,3,8144.44,0.0,0.0,0.0,3.85,14.98,0.0,14.98,74.89,0.0,1100.0,0.0,0.0
bf_sae1006_045,period_5,5,9,0,1,1100.0,6373.95,4947.45,1635.76,2,6123.94,0.0,0.0,0.0,3.75,188.32,0.0,188.32,57.95,0.0,1100.0,0.0,0.0
bf_sae1006_045,period_5,5,90,0,1,1100.0,8097.48,4947.45,2078.07,2,7733.05,0.0,0.0,0.0,3.72,287.09,0.0,287.09,73.61,0.0,1100.0,0.0,0.0
bf_sae1006_045,period_5,5,95,0,1,1100.0,8314.41,4947.45,2133.74,2,8068.75,0.0,0.0,0.0,3.78,166.29,0.0,166.29,75.59,0.0,1100.0,0.0,0.0
bf_sae1006_045,period_5,5,97,0,1,810.0,7778.89,5173.98,2711.03,1,7492.82,0.0,0.0,0.0,2.76,187.27,0.0,187.27,96.04,0.0,810.0,0.0,0.0
bf_sae1006_045,period_5,5,98,0,1,810.0,8626.33,5173.98,3006.38,1,8309.4,0.0,0.0,0.0,2.76,207.67,0.0,207.67,106.5,0.0,810.0,0.0,0.0
bf_sae1006_045,period_5,5,298,1,1,726.0,732.36,4947.45,284.77,1,675.29,1.22,0.0,1.22,2.38,43.38,0.0,43.38,10.09,0.0,726.0,0.0,57.07
bf_sae1006_045,period_5,5,299,1,1,550.0,77.96,4947.45,40.01,1,76.01,0.0,0.0,0.0,1.95,0.0,0.0,0.0,0.0,0.0,550.0,0.0,1.95
bf_sae1006_045,period_5,5,300,1,1,560.0,66.91,5102.73,33.73,1,64.93,0.0,0.0,0.0,1.98,0.0,0.0,0.0,0.0,0.0,560.0,0.0,1.98
bf_sae1006_050,period_1,1,1,0,1,1200.0,8758.05,5164.94,1854.26,4,7812.34,0.0,0.0,0.0,4.22,868.51,868.51,0.0,72.98,0.0,1200.0,0.0,0.0
bf_sae1006_050,period_1,1,3,0,1,1200.0,7815.78,5164.94,1654.76,2,3485.68,0.0,0.0,0.0,2.11,4262.86,4262.86,0.0,65.13,0.0,1200.0,0.0,0.0
bf_sae1006_050,period_1,1,5,0,1,1200.0,8920.81,5164.94,1888.72,7,7898.17,0.0,0.0,0.0,4.18,944.12,944.12,0.0,74.34,0.0,1200.0,0.0,0.0
bf_sae1006_050,period_1,1,6,0,1,1200.0,8903.34,5164.94,1885.02,4,7803.8,138.21,138.21,0.0,4.22,882.91,882.91,0.0,74.19,0.0,1200.0,0.0,0.0
bf_sae1006_050,period_2,2,1,0,1,1200.0,8758.05,5164.94,1854.26,4,7731.32,81.02,81.02,0.0,4.22,868.51,868.51,0.0,72.98,0.0,1200.0,0.0,0.0
bf_sae1006_050,period_2,2,3,0,1,1200.0,7815.78,5164.94,1654.76,4,6971.37,0.0,0.0,0.0,4.22,775.06,775.06,0.0,65.13,0.0,1200.0,0.0,0.0
bf_sae1006_050,period_2,2,6,0,1,1200.0,8903.34,5164.94,1885.02,3,4530.1,223.25,223.25,0.0,2.52,4073.28,4073.28,0.0,74.19,0.0,1200.0,0.0,0.0
bf_sae1006_050,period_2,2,10,1,1,430.0,112.85,5164.94,66.68,1,111.16,0.0,0.0,0.0,1.69,0.0,0.0,0.0,0.0,0.0,430.0,0.0,1.69
bf_sae1006_050,period_2,2,11,1,1,105.5,25.36,5164.94,61.07,1,24.94,0.0,0.0,0.0,0.42,0.0,0.0,0.0,0.0,0.0,105.5,0.0,0.42
bf_sae1006_050,period_2,2,12,1,1,119.0,882.91,5164.94,1885.01,1,782.33,0.0,0.0,0.0,0.42,25.97,0.0,25.97,74.19,0.0,119.0,0.0,100.58
bf_sae1006_050,period_2,2,7,1,1,119.0,868.51,5164.94,1854.27,1,769.57,0.0,0.0,0.0,0.42,25.54,0.0,25.54,72.98,0.0,119.0,0.0,98.94
bf_sae1006_050,period_2,2,8,1,1,654.5,4262.86,5164.94,1654.77,3,4172.41,0.0,0.0,0.0,2.52,22.8,0.0,22.8,65.13,0.0,654.5,0.0,90.45
bf_sae1006_050,period_2,2,9,1,1,127.0,944.12,5164.94,1888.72,1,783.87,0.0,0.0,0.0,0.42,85.49,0.0,85.49,74.34,0.0,127.0,0.0,160.25
bf_sae1006_050,period_3,3,1,0,1,1200.0,8758.05,5164.94,1651.05,5,7291.0,349.89,349.89,0.0,4.63,87.73,0.0,87.73,64.99,959.81,1200.0,203.21,0.0
bf_sae1006_050,period_3,3,3,0,1,1200.0,7815.78,5164.94,1654.76,5,7658.09,0.0,0.0,0.0,4.63,87.93,0.0,87.93,65.13,0.0,1200.0,0.0,0.0
bf_sae1006_050,period_3,3,5,0,1,1200.0,8920.81,5164.94,1888.72,5,8741.48,0.0,0.0,0.0,4.63,100.36,0.0,100.36,74.34,0.0,1200.0,0.0,0.0
bf_sae1006_050,period_3,3,10,1,1,105.5,223.25,5164.94,537.63,1,222.83,0.0,0.0,0.0,0.42,0.0,0.0,0.0,0.0,0.0,105.5,0.0,0.42
bf_sae1006_050,period_3,3,11,1,1,549.0,4073.28,5164.94,1885.02,2,3971.01,0.0,0.0,0.0,2.11,25.97,0.0,25.97,74.19,0.0,549.0,0.0,102.27
bf_sae1006_050,period_3,3,7,1,1,430.0,81.02,5164.94,47.87,1,79.33,0.0,0.0,0.0,1.69,0.0,0.0,0.0,0.0,0.0,430.0,0.0,1.69
bf_sae1006_050,period_3,3,8,1,1,119.0,868.51,5164.94,1854.27,1,769.57,0.0,0.0,0.0,0.42,25.54,0.0,25.54,72.98,0.0,119.0,0.0,98.94
bf_sae1006_050,period_3,3,9,1,1,119.0,775.06,5164.94,1654.75,1,686.72,0.0,0.0,0.0,0.42,22.8,0.0,22.8,65.13,0.0,119.0,0.0,88.34
bf_sae1006_050,period_4,4,1,0,1,1200.0,8758.05,5164.94,1854.26,4,7812.34,0.0,0.0,0.0,4.22,868.51,868.51,0.0,72.98,0.0,1200.0,0.0,0.0
bf_sae1006_050,period_4,4,3,0,1,1200.0,7815.78,5164.94,1654.76,4,6751.33,220.04,220.04,0.0,4.22,775.06,775.06,0.0,65.13,0.0,1200.0,0.0,0.0
bf_sae1006_050,period_4,4,6,0,1,1200.0,8903.34,5164.94,1885.02,7,7724.46,158.23,158.23,0.0,4.18,942.27,942.27,0.0,74.19,0.0,1200.0,0.0,0.0
bf_sae1006_050,period_4,4,7,1,1,105.5,349.89,5164.94,842.6,1,349.47,0.0,0.0,0.0,0.42,0.0,0.0,0.0,0.0,0.0,105.5,0.0,0.42
bf_sae1006_050,period_4,4,8,1,1,1200.0,959.81,5164.94,203.21,5,936.38,0.0,0.0,0.0,4.63,10.8,0.0,10.8,8.0,0.0,1200.0,0.0,23.43
bf_sae1006_050,period_5,5,1,0,1,1200.0,8758.05,5164.94,1854.26,5,8581.91,0.0,0.0,0.0,4.63,98.53,0.0,98.53,72.98,0.0,1200.0,0.0,0.0
bf_sae1006_050,period_5,5,2,0,1,1200.0,9053.57,5164.94,1916.83,5,8871.64,0.0,0.0,0.0,4.63,101.85,0.0,101.85,75.45,0.0,1200.0,0.0,0.0
bf_sae1006_050,period_5,5,5,0,1,1200.0,8920.81,5164.94,1888.72,5,8732.18,9.3,9.3,0.0,4.63,100.36,0.0,100.36,74.34,0.0,1200.0,0.0,0.0
bf_sae1006_050,period_5,5,6,0,1,1200.0,8903.34,5164.94,1885.02,5,8210.43,513.93,513.93,0.0,4.63,100.16,0.0,100.16,74.19,0.0,1200.0,0.0,0.0
bf_sae1006_050,period_5,5,10,1,1,105.5,158.23,5164.94,381.05,1,157.81,0.0,0.0,0.0,0.42,0.0,0.0,0.0,0.0,0.0,105.5,0.0,0.42
bf_sae1006_050,period_5,5,11,1,1,127.0,942.27,5164.94,1885.02,1,782.34,0.0,0.0,0.0,0.42,85.32,0.0,85.32,74.19,0.0,127.0,0.0,159.93
bf_sae1006_050,period_5,5,7,1,1,119.0,868.51,5164.94,1854.27,1,769.57,0.0,0.0,0.0,0.42,25.54,0.0,25.54,72.98,0.0,119.0,0.0,98.94
bf_sae1006_050,period_5,5,8,1,1,430.0,220.04,5164.94,130.01,1,218.35,0.0,0.0,0.0,1.69,0.0,0.0,0.0,0.0,0.0,430.0,0.0,1.69
bf_sae1006_050,period_5,5,9,1,1,119.0,775.06,5164.94,1654.75,1,686.72,0.0,0.0,0.0,0.42,22.8,0.0,22.8,65.13,0.0,119.0,0.0,88.34
bz_nbr7008_043,period_1,1,10,0,1,900.0,5633.16,5465.22,1849.55,1,4233.29,33.08,33.08,0.0,2.31,1301.89,1301.89,0.0,62.59,0.0,900.0,0.0,0.0
bz_nbr7008_043,period_1,1,108,0,1,1020.0,11121.22,5742.24,3221.88,2,10758.08,0.0,0.0,0.0,3.34,250.77,0.0,250.77,109.03,0.0,1020.0,0.0,0.0
bz_nbr7008_043,period_1,1,11,0,1,900.0,5230.32,5465.22,1717.29,2,4489.14,238.64,238.64,0.0,2.75,441.67,0.0,441.67,58.11,0.0,900.0,0.0,0.0
bz_nbr7008_043,period_1,1,17,0,1,900.0,7313.56,5465.22,2401.28,3,5334.26,124.26,124.26,0.0,2.27,1771.51,1771.51,0.0,81.26,0.0,900.0,0.0,0.0
bz_nbr7008_043,period_1,1,18,0,1,900.0,6104.8,5465.22,2004.41,1,5939.04,0.0,0.0,0.0,2.96,94.96,0.0,94.96,67.83,0.0,900.0,0.0,0.0
bz_nbr7008_043,period_1,1,22,0,1,900.0,4577.23,5465.22,1502.85,1,3757.02,34.47,34.47,0.0,2.52,732.36,732.36,0.0,50.86,0.0,900.0,0.0,0.0
bz_nbr7008_043,period_1,1,25,0,1,900.0,6703.85,5465.22,2201.09,1,6522.12,0.0,0.0,0.0,2.96,104.28,0.0,104.28,74.49,0.0,900.0,0.0,0.0
bz_nbr7008_043,period_1,1,26,0,1,900.0,7426.33,5465.22,2438.31,1,5625.2,0.0,0.0,0.0,2.31,1716.31,1716.31,0.0,82.51,0.0,900.0,0.0,0.0
bz_nbr7008_043,period_1,1,36,0,1,900.0,5907.96,5465.22,1939.78,1,4474.61,0.0,0.0,0.0,2.31,1365.4,1365.4,0.0,65.64,0.0,900.0,0.0,0.0
bz_nbr7008_043,period_1,1,38,0,1,900.0,6246.97,5465.22,2051.09,1,6031.08,46.34,46.34,0.0,2.96,97.18,0.0,97.18,69.41,0.0,900.0,0.0,0.0
bz_nbr7008_043,period_1,1,43,0,1,900.0,7210.13,5465.22,2367.32,1,5461.37,0.0,0.0,0.0,2.31,1666.34,1666.34,0.0,80.11,0.0,900.0,0.0,0.0
bz_nbr7008_043,period_1,1,47,0,1,1200.0,6515.67,5944.29,1604.48,2,5100.76,0.0,0.0,0.0,3.18,1357.43,1357.43,0.0,54.3,0.0,1200.0,0.0,0.0
bz_nbr7008_043,period_1,1,50,0,1,1200.0,7063.03,5944.29,1739.27,2,6535.43,0.0,0.0,0.0,3.76,464.98,0.0,464.98,58.86,0.0,1200.0,0.0,0.0
bz_nbr7008_043,period_1,1,64,0,1,1200.0,8804.41,5944.29,2168.08,2,8639.01,0.0,0.0,0.0,3.99,88.04,0.0,88.04,73.37,0.0,1200.0,0.0,0.0
bz_nbr7008_043,period_1,1,7,0,1,900.0,7226.15,5465.22,2372.58,2,6931.53,2.65,0.0,2.65,2.92,208.76,0.0,208.76,80.29,0.0,900.0,0.0,0.0
bz_nbr7008_043,period_1,1,71,0,1,1200.0,7965.55,5944.29,1961.51,2,7815.53,0.0,0.0,0.0,3.99,79.66,0.0,79.66,66.38,0.0,1200.0,0.0,0.0
bz_nbr7008_043,period_1,1,76,0,1,1200.0,7790.32,5944.29,1918.36,3,7139.19,510.81,510.81,0.0,3.99,71.41,0.0,71.41,64.92,0.0,1200.0,0.0,0.0
bz_nbr7008_043,period_1,1,80,0,1,1200.0,6940.45,5944.29,1709.08,2,5433.5,0.0,0.0,0.0,3.18,1445.93,1445.93,0.0,57.84,0.0,1200.0,0.0,0.0
bz_nbr7008_043,period_1,1,88,0,1,1020.0,10102.75,5742.24,2926.82,2,9782.46,0.0,0.0,0.0,3.34,217.9,0.0,217.9,99.05,0.0,1020.0,0.0,0.0
bz_nbr7008_043,period_1,1,92,0,1,1020.0,10807.05,5742.24,3130.86,2,10435.42,18.65,18.65,0.0,3.34,243.69,0.0,243.69,105.95,0.0,1020.0,0.0,0.0
bz_nbr7008_043,period_1,1,99,0,1,1020.0,11479.18,5742.24,3325.58,2,11115.71,0.0,0.0,0.0,3.34,247.59,0.0,247.59,112.54,0.0,1020.0,0.0,0.0
bz_nbr7008_043,period_2,2,1,0,1,900.0,5947.1,5465.22,1952.63,1,5785.55,0.0,0.0,0.0,2.96,92.51,0.0,92.51,66.08,0.0,900.0,0.0,0.0
bz_nbr7008_043,period_2,2,14,0,1,900.0,5459.02,5465.22,1792.38,1,5310.48,0.0,0.0,0.0,2.96,84.92,0.0,84.92,60.66,0.0,900.0,0.0,0.0
bz_nbr7008_043,period_2,2,21,0,1,900.0,6096.57,5465.22,2001.7,1,5931.03,0.0,0.0,0.0,2.96,94.84,0.0,94.84,67.74,0.0,900.0,0.0,0.0
bz_nbr7008_043,period_2,2,26,0,1,900.0,7426.33,5465.22,2438.31,2,7074.43,51.92,51.92,0.0,2.92,214.54,0.0,214.54,82.51,0.0,900.0,0.0,0.0
bz_nbr7008_043,period_2,2,31,0,1,900.0,6304.62,5465.22,2070.01,1,4775.19,0.0,0.0,0.0,2.31,1457.07,1457.07,0.0,70.05,0.0,900.0,0.0,0.0
bz_nbr7008_043,period_2,2,35,0,1,900.0,6177.02,5465.22,2028.12,1,4665.45,13.05,13.05,0.0,2.31,1427.58,1427.58,0.0,68.63,0.0,900.0,0.0,0.0
bz_nbr7008_043,period_2,2,43,0,1,900.0,7210.13,5465.22,2367.32,1,5461.37,0.0,0.0,0.0,2.31,1666.34,1666.34,0.0,80.11,0.0,900.0,0.0,0.0
bz_nbr7008_043,period_2,2,49,0,1,1200.0,7914.68,5944.29,1948.99,2,6196.65,0.0,0.0,0.0,3.18,1648.89,1648.89,0.0,65.96,0.0,1200.0,0.0,0.0
bz_nbr7008_043,period_2,2,50,0,1,1200.0,7063.03,5944.29,1739.27,2,5806.0,0.0,0.0,0.0,3.34,1194.83,1194.83,0.0,58.86,0.0,1200.0,0.0,0.0
bz_nbr7008_043,period_2,2,63,0,1,1200.0,7911.9,5944.29,1948.3,2,7762.86,0.0,0.0,0.0,3.99,79.12,0.0,79.12,65.93,0.0,1200.0,0.0,0.0
bz_nbr7008_043,period_2,2,64,0,1,1200.0,8804.41,5944.29,2168.08,2,8639.01,0.0,0.0,0.0,3.99,88.04,0.0,88.04,73.37,0.0,1200.0,0.0,0.0
bz_nbr7008_043,period_2,2,65,0,1,1200.0,8585.18,5944.29,2114.1,2,7966.14,0.0,0.0,0.0,3.77,543.73,0.0,543.73,71.54,0.0,1200.0,0.0,0.0
bz_nbr7008_043,period_2,2,66,0,1,1200.0,7923.29,5944.29,1951.11,2,6031.55,171.84,171.84,0.0,3.18,1650.69,1650.69,0.0,66.03,0.0,1200.0,0.0,0.0
bz_nbr7008_043,period_2,2,72,0,1,1200.0,8488.08,5944.29,2090.19,2,6978.11,0.0,0.0,0.0,3.34,1435.9,1435.9,0.0,70.73,0.0,1200.0,0.0,0.0
bz_nbr7008_043,period_2,2,79,0,1,1200.0,7062.24,5944.29,1739.07,2,6534.7,0.0,0.0,0.0,3.76,464.93,0.0,464.93,58.85,0.0,1200.0,0.0,0.0
bz_nbr7008_043,period_2,2,80,0,1,1200.0,6940.45,5944.29,1709.08,2,4967.42,1229.08,1229.08,0.0,3.63,682.48,682.48,0.0,57.84,0.0,1200.0,0.0,0.0
bz_nbr7008_043,period_2,2,84,0,1,1020.0,8460.46,5742.24,2451.04,2,8153.8,29.6,29.6,0.0,3.34,190.78,0.0,190.78,82.95,0.0,1020.0,0.0,0.0
bz_nbr7008_043,period_2,2,88,0,1,1020.0,10102.75,5742.24,2926.82,2,9771.21,11.24,11.24,0.0,3.34,217.9,0.0,217.9,99.05,0.0,1020.0,0.0,0.0
bz_nbr7008_043,period_2,2,99,0,1,1020.0,11479.18,5742.24,3325.58,2,11115.71,0.0,0.0,0.0,3.34,247.59,0.0,247.59,112.54,0.0,1020.0,0.0,0.0
bz_nbr7008_043,period_2,2,109,1,1,682.0,33.08,5465.22,14.33,1,30.77,0.0,0.0,0.0,2.31,0.0,0.0,0.0,0.0,0.0,682.0,0.0,2.31
bz_nbr7008_043,period_2,2,110,1,1,208.0,1301.89,5465.22,1849.56,1,0.0,750.68,750.68,0.0,0.41,488.21,0.0,488.21,62.59,0.0,208.0,0.0,1301.89
bz_nbr7008_043,period_2,2,111,1,1,258.0,27.17,5465.22,31.12,1,26.3,0.0,0.0,0.0,0.87,0.0,0.0,0.0,0.0,0.0,258.0,0.0,0.87
bz_nbr7008_043,period_2,2,112,1,1,556.0,211.46,5465.22,112.39,1,209.58,0.0,0.0,0.0,1.88,0.0,0.0,0.0,0.0,0.0,556.0,0.0,1.88
bz_nbr7008_043,period_2,2,113,1,1,120.0,122.23,5465.22,300.99,1,0.0,108.63,108.63,0.0,0.36,3.06,0.0,3.06,10.19,0.0,120.0,0.0,122.23
bz_nbr7008_043,period_2,2,114,1,1,120.0,2.03,5465.22,5.0,1,0.0,1.62,0.0,1.62,0.41,0.0,0.0,0.0,0.0,0.0,120.0,0.0,2.03
bz_nbr7008_043,period_2,2,115,1,1,218.0,1771.51,5465.22,2401.29,1,0.0,869.14,869.14,0.0,0.36,820.75,0.0,820.75,81.26,0.0,218.0,0.0,1771.51
bz_nbr7008_043,period_2,2,116,1,1,746.0,34.47,5465.22,13.65,1,23.77,8.18,0.0,8.18,2.52,0.0,0.0,0.0,0.0,0.0,746.0,0.0,10.7
bz_nbr7008_043,period_2,2,117,1,0,144.0,732.36,5465.22,0.0,0,0.0,0.0,0.0,0.0,0.0,0.0,0.0,0.0,0.0,0.0,144.0,0.0,732.36
bz_nbr7008_043,period_2,2,118,1,0,208.0,1716.31,5465.22,0.0,0,0.0,0.0,0.0,0.0,0.0,0.0,0.0,0.0,0.0,0.0,208.0,0.0,1716.31
bz_nbr7008_043,period_2,2,119,1,1,208.0,1365.4,5465.22,1939.78,1,0.0,702.03,702.03,0.0,0.36,597.36,0.0,597.36,65.64,0.0,208.0,0.0,1365.4
bz_nbr7008_043,period_2,2,120,1,1,876.0,46.34,5465.22,15.63,1,42.07,1.3,0.0,1.3,2.96,0.0,0.0,0.0,0.0,0.0,876.0,0.0,4.27
bz_nbr7008_043,period_2,2,121,1,0,208.0,1666.34,5465.22,0.0,0,0.0,0.0,0.0,0.0,0.0,0.0,0.0,0.0,0.0,0.0,208.0,0.0,1666.34
bz_nbr7008_043,period_2,2,122,1,1,250.0,1357.43,5944.29,1604.48,2,555.68,676.1,676.1,0.0,0.77,70.59,0.0,70.59,54.3,0.0,250.0,0.0,801.75
bz_nbr7008_043,period_2,2,123,1,1,107.0,234.3,5944.29,647.06,1,233.94,0.0,0.0,0.0,0.36,0.0,0.0,0.0,0.0,0.0,107.0,0.0,0.36
bz_nbr7008_043,period_2,2,124,1,1,536.0,276.5,5944.29,152.44,1,274.69,0.0,0.0,0.0,1.81,0.0,0.0,0.0,0.0,0.0,536.0,0.0,1.81
bz_nbr7008_043,period_2,2,125,1,1,250.0,1445.93,5944.29,1709.09,2,1387.28,0.0,0.0,0.0,0.81,0.0,0.0,0.0,57.84,0.0,250.0,0.0,58.65
bz_nbr7008_043,period_2,2,126,1,1,555.0,18.65,5742.24,9.93,1,16.77,0.0,0.0,0.0,1.88,0.0,0.0,0.0,0.0,0.0,555.0,0.0,1.88
bz_nbr7008_043,period_3,3,104,0,1,1020.0,10108.27,5742.24,2928.42,2,9786.05,1.76,0.0,1.76,3.34,218.02,0.0,218.02,99.1,0.0,1020.0,0.0,0.0
bz_nbr7008_043,period_3,3,105,0,1,1020.0,9853.38,5742.24,2854.58,2,9298.51,49.27,49.27,0.0,3.28,405.73,0.0,405.73,96.6,0.0,1020.0,0.0,0.0
bz_nbr7008_043,period_3,3,12,0,1,900.0,6783.42,5465.22,2227.22,1,6599.56,0.0,0.0,0.0,2.96,105.52,0.0,105.52,75.37,0.0,900.0,0.0,0.0
bz_nbr7008_043,period_3,3,17,0,1,900.0,7313.56,5465.22,2401.28,1,7106.91,8.66,0.0,8.66,2.96,113.77,0.0,113.77,81.26,0.0,900.0,0.0,0.0
bz_nbr7008_043,period_3,3,21,0,1,900.0,6096.57,5465.22,2001.7,2,5718.68,131.1,131.1,0.0,2.92,176.12,0.0,176.12,67.74,0.0,900.0,0.0,0.0
bz_nbr7008_043,period_3,3,28,0,1,900.0,6098.97,5465.22,2002.49,1,4619.36,0.0,0.0,0.0,2.31,1409.54,1409.54,0.0,67.77,0.0,900.0,0.0,0.0
bz_nbr7008_043,period_3,3,30,0,1,900.0,7880.35,5465.22,2587.38,1,5967.95,1.3,0.0,1.3,2.31,1821.24,1821.24,0.0,87.56,0.0,900.0,0.0,0.0
bz_nbr7008_043,period_3,3,32,0,1,900.0,6276.23,5465.22,2060.69,1,4753.68,0.0,0.0,0.0,2.31,1450.51,1450.51,0.0,69.74,0.0,900.0,0.0,0.0
bz_nbr7008_043,period_3,3,33,0,1,900.0,6252.38,5465.22,2052.86,1,4735.61,0.0,0.0,0.0,2.31,1444.99,1444.99,0.0,69.47,0.0,900.0,0.0,0.0
bz_nbr7008_043,period_3,3,43,0,1,900.0,7210.13,5465.22,2367.32,1,7014.9,0.0,0.0,0.0,2.96,112.16,0.0,112.16,80.11,0.0,900.0,0.0,0.0
bz_nbr7008_043,period_3,3,51,0,1,1200.0,7580.63,5944.29,1866.73,2,7033.58,0.0,0.0,0.0,3.77,480.11,0.0,480.11,63.17,0.0,1200.0,0.0,0.0
bz_nbr7008_043,period_3,3,68,0,1,1200.0,7331.37,5944.29,1805.35,2,6789.97,0.0,0.0,0.0,3.76,476.54,0.0,476.54,61.09,0.0,1200.0,0.0,0.0
bz_nbr7008_043,period_3,3,75,0,1,1200.0,8068.01,5944.29,1986.74,2,7916.11,0.0,0.0,0.0,3.99,80.68,0.0,80.68,67.23,0.0,1200.0,0.0,0.0
bz_nbr7008_043,period_3,3,80,0,1,1200.0,6940.45,5944.29,1709.08,2,5433.5,0.0,0.0,0.0,3.18,1445.93,1445.93,0.0,57.84,0.0,1200.0,0.0,0.0
bz_nbr7008_043,period_3,3,82,0,1,1020.0,9316.86,5742.24,2699.14,2,9012.09,0.0,0.0,0.0,3.34,210.09,0.0,210.09,91.34,0.0,1020.0,0.0,0.0
bz_nbr7008_043,period_3,3,83,0,1,1020.0,12560.0,5742.24,3638.7,2,12291.27,68.31,68.31,0.0,3.4,73.88,0.0,73.88,123.14,0.0,1020.0,0.0,0.0
bz_nbr7008_043,period_3,3,84,0,1,1020.0,8460.46,5742.24,2451.04,2,8174.01,9.39,9.39,0.0,3.34,190.78,0.0,190.78,82.95,0.0,1020.0,0.0,0.0
bz_nbr7008_043,period_3,3,94,0,1,1020.0,10296.48,5742.24,2982.95,2,9970.11,0.0,0.0,0.0,3.34,222.08,-0.0,222.08,100.95,0.0,1020.0,0.0,0.0
bz_nbr7008_043,period_3,3,97,0,1,1020.0,8857.69,5742.24,2566.12,2,8405.92,161.86,161.86,0.0,3.34,199.73,0.0,199.73,86.84,0.0,1020.0,0.0,0.0
bz_nbr7008_043,period_3,3,109,1,1,432.0,51.92,5465.22,35.51,1,50.46,0.0,0.0,0.0,1.46,0.0,0.0,0.0,0.0,0.0,432.0,0.0,1.46
bz_nbr7008_043,period_3,3,110,1,0,208.0,1457.07,5465.22,0.0,0,0.0,0.0,0.0,0.0,0.0,0.0,0.0,0.0,0.0,0.0,208.0,0.0,1457.07
bz_nbr7008_043,period_3,3,111,1,1,682.0,13.05,5465.22,5.65,1,10.74,0.0,0.0,0.0,2.31,0.0,0.0,0.0,0.0,0.0,682.0,0.0,2.31
bz_nbr7008_043,period_3,3,112,1,0,208.0,1427.58,5465.22,0.0,0,0.0,0.0,0.0,0.0,0.0,0.0,0.0,0.0,0.0,0.0,208.0,0.0,1427.58
bz_nbr7008_043,period_3,3,113,1,0,208.0,1666.34,5465.22,0.0,0,0.0,0.0,0.0,0.0,0.0,0.0,0.0,0.0,0.0,0.0,208.0,0.0,1666.34
bz_nbr7008_043,period_3,3,114,1,1,250.0,1648.89,5944.29,1948.98,2,1070.09,512.03,510.0,2.03,0.81,0.0,0.0,0.0,65.96,0.0,250.0,0.0,578.8
bz_nbr7008_043,period_3,3,115,1,0,203.0,1194.83,5944.29,0.0,0,0.0,0.0,0.0,0.0,0.0,0.0,0.0,0.0,0.0,0.0,203.0,0.0,1194.83
bz_nbr7008_043,period_3,3,116,1,1,258.0,171.84,5944.29,196.82,1,170.97,0.0,0.0,0.0,0.87,0.0,0.0,0.0,0.0,0.0,258.0,0.0,0.87
bz_nbr7008_043,period_3,3,117,1,1,250.0,1650.69,5944.29,1951.11,2,791.93,791.93,791.93,0.0,0.81,0.0,0.0,0.0,66.03,0.0,250.0,0.0,858.76
bz_nbr7008_043,period_3,3,118,1,0,203.0,1435.9,5944.29,0.0,0,0.0,0.0,0.0,0.0,0.0,0.0,0.0,0.0,0.0,0.0,203.0,0.0,1435.9
bz_nbr7008_043,period_3,3,119,1,1,536.0,1229.08,5944.29,677.6,1,1227.27,0.0,0.0,0.0,1.81,0.0,0.0,0.0,0.0,0.0,536.0,0.0,1.81
bz_nbr7008_043,period_3,3,120,1,1,118.0,682.48,5944.29,1709.09,1,532.16,86.34,86.34,0.0,0.36,5.78,0.0,5.78,57.84,0.0,118.0,0.0,150.32
bz_nbr7008_043,period_3,3,121,1,1,555.0,29.6,5742.24,15.76,1,27.72,0.0,0.0,0.0,1.88,0.0,0.0,0.0,0.0,0.0,555.0,0.0,1.88
bz_nbr7008_043,period_3,3,122,1,1,556.0,11.24,5742.24,5.97,1,9.36,0.0,0.0,0.0,1.88,0.0,0.0,0.0,0.0,0.0,556.0,0.0,1.88
bz_nbr7008_043,period_4,4,106,0,1,1020.0,10894.26,5742.24,3156.13,2,10390.25,148.21,148.21,0.0,3.34,245.65,0.0,245.65,106.81,0.0,1020.0,0.0,0.0
bz_nbr7008_043,period_4,4,14,0,1,900.0,5459.02,5465.22,1792.38,1,5307.67,2.81,0.0,2.81,2.96,84.92,0.0,84.92,60.66,0.0,900.0,0.0,0.0
bz_nbr7008_043,period_4,4,15,0,1,900.0,5455.81,5465.22,1791.32,1,5307.36,0.0,0.0,0.0,2.96,84.87,0.0,84.87,60.62,0.0,900.0,0.0,0.0
bz_nbr7008_043,period_4,4,22,0,1,900.0,4577.23,5465.22,1502.85,1,4452.21,0.0,0.0,0.0,2.96,71.2,0.0,71.2,50.86,0.0,900.0,0.0,0.0
bz_nbr7008_043,period_4,4,36,0,1,900.0,5907.96,5465.22,1939.78,1,4474.61,0.0,0.0,0.0,2.31,1365.4,1365.4,0.0,65.64,0.0,900.0,0.0,0.0
bz_nbr7008_043,period_4,4,51,0,1,1200.0,7580.63,5944.29,1866.73,2,6238.04,0.0,0.0,0.0,3.34,1276.07,1276.07,0.0,63.17,0.0,1200.0,0.0,0.0
bz_nbr7008_043,period_4,4,55,0,1,1200.0,9265.22,5944.29,2281.56,2,9091.37,0.0,0.0,0.0,3.99,92.65,0.0,92.65,77.21,0.0,1200.0,0.0,0.0
bz_nbr7008_043,period_4,4,65,0,1,1200.0,8585.18,5944.29,2114.1,2,6721.88,0.0,0.0,0.0,3.18,1788.58,1788.58,0.0,71.54,0.0,1200.0,0.0,0.0
bz_nbr7008_043,period_4,4,67,0,1,1200.0,9172.97,5944.29,2258.84,2,8984.84,15.97,15.97,0.0,3.99,91.73,0.0,91.73,76.44,0.0,1200.0,0.0,0.0
bz_nbr7008_043,period_4,4,73,0,1,1200.0,7191.58,5944.29,1770.92,2,6660.43,0.0,0.0,0.0,3.76,467.45,0.0,467.45,59.93,0.0,1200.0,0.0,0.0
bz_nbr7008_043,period_4,4,79,0,1,1200.0,7062.24,5944.29,1739.07,2,5244.59,1060.71,1060.71,0.0,3.63,694.45,694.45,0.0,58.85,0.0,1200.0,0.0,0.0
bz_nbr7008_043,period_4,4,80,0,1,1200.0,6940.45,5944.29,1709.08,2,6439.28,0.0,0.0,0.0,3.77,439.56,0.0,439.56,57.84,0.0,1200.0,0.0,0.0
bz_nbr7008_043,period_4,4,84,0,1,1020.0,8460.46,5742.24,2451.04,2,7641.41,152.3,152.3,0.0,3.18,580.62,0.0,580.62,82.95,0.0,1020.0,0.0,0.0
bz_nbr7008_043,period_4,4,88,0,1,1020.0,10102.75,5742.24,2926.82,2,9772.56,0.0,0.0,0.0,3.34,227.81,0.0,227.81,99.05,0.0,1020.0,0.0,0.0
bz_nbr7008_043,period_4,4,9,0,1,900.0,5999.95,5465.22,1969.98,1,4538.79,5.53,0.0,5.53,2.31,1386.66,1386.66,0.0,66.67,0.0,900.0,0.0,0.0
bz_nbr7008_043,period_4,4,96,0,1,1020.0,11013.89,5742.24,3190.78,2,10571.3,93.72,93.72,0.0,3.34,237.55,0.0,237.55,107.98,0.0,1020.0,0.0,0.0
bz_nbr7008_043,period_4,4,109,1,1,432.0,123.79,5465.22,84.68,1,122.33,0.0,0.0,0.0,1.46,0.0,0.0,0.0,0.0,0.0,432.0,0.0,1.46
bz_nbr7008_043,period_4,4,110,1,1,432.0,7.31,5465.22,5.0,1,5.85,0.0,0.0,0.0,1.46,0.0,0.0,0.0,0.0,0.0,432.0,0.0,1.46
bz_nbr7008_043,period_4,4,111,1,1,208.0,1409.54,5465.22,2002.49,1,333.04,391.7,391.7,0.0,0.36,616.67,0.0,616.67,67.77,0.0,208.0,0.0,1076.5
bz_nbr7008_043,period_4,4,112,1,1,208.0,1821.24,5465.22,2587.38,1,0.0,1050.31,1050.31,0.0,0.41,682.96,0.0,682.96,87.56,0.0,208.0,0.0,1821.24
bz_nbr7008_043,period_4,4,113,1,1,208.0,1450.51,5465.22,2060.7,1,144.92,691.51,691.51,0.0,0.41,543.94,0.0,543.94,69.74,0.0,208.0,0.0,1305.59
bz_nbr7008_043,period_4,4,114,1,1,208.0,1444.99,5465.22,2052.86,1,0.0,833.24,833.24,0.0,0.41,541.87,0.0,541.87,69.47,0.0,208.0,0.0,1444.99
bz_nbr7008_043,period_4,4,115,1,1,250.0,1445.93,5944.29,1709.09,2,1387.28,0.0,0.0,0.0,0.81,0.0,0.0,0.0,57.84,0.0,250.0,0.0,58.65
bz_nbr7008_043,period_4,4,116,1,1,258.0,26.95,5742.24,30.87,1,26.08,0.0,0.0,0.0,0.87,0.0,0.0,0.0,0.0,0.0,258.0,0.0,0.87
bz_nbr7008_043,period_4,4,117,1,1,746.0,41.36,5742.24,16.38,1,38.84,0.0,0.0,0.0,2.52,0.0,0.0,0.0,0.0,0.0,746.0,0.0,2.52
bz_nbr7008_043,period_4,4,118,1,1,555.0,9.39,5742.24,5.0,1,7.51,0.0,0.0,0.0,1.88,0.0,0.0,0.0,0.0,0.0,555.0,0.0,1.88
bz_nbr7008_043,period_4,4,119,1,1,555.0,161.86,5742.24,86.18,1,159.98,0.0,0.0,0.0,1.88,0.0,0.0,0.0,0.0,0.0,555.0,0.0,1.88
bz_nbr7008_043,period_4,4,120,1,1,536.0,49.27,5742.24,27.16,1,47.46,0.0,0.0,0.0,1.81,0.0,0.0,0.0,0.0,0.0,536.0,0.0,1.81
bz_nbr7008_043,period_5,5,104,0,1,1020.0,10108.27,5742.24,2928.42,2,9777.9,0.0,0.0,0.0,3.34,227.93,0.0,227.93,99.1,0.0,1020.0,0.0,0.0
bz_nbr7008_043,period_5,5,108,0,1,1020.0,11121.22,5742.24,3221.88,2,10692.59,65.49,65.49,0.0,3.34,250.77,0.0,250.77,109.03,0.0,1020.0,0.0,0.0
bz_nbr7008_043,period_5,5,17,0,1,900.0,7313.56,5465.22,2401.28,1,6999.86,115.71,115.71,0.0,2.96,113.77,0.0,113.77,81.26,0.0,900.0,0.0,0.0
bz_nbr7008_043,period_5,5,22,0,1,900.0,4577.23,5465.22,1502.85,1,2810.61,15.22,15.22,0.0,1.88,1698.66,1698.66,0.0,50.86,0.0,900.0,0.0,0.0
bz_nbr7008_043,period_5,5,27,0,1,900.0,6973.57,5465.22,2289.65,1,6784.64,0.0,0.0,0.0,2.96,108.48,0.0,108.48,77.48,0.0,900.0,0.0,0.0
bz_nbr7008_043,period_5,5,35,0,1,900.0,6177.02,5465.22,2028.12,1,4678.5,0.0,0.0,0.0,2.31,1427.58,1427.58,0.0,68.63,0.0,900.0,0.0,0.0
bz_nbr7008_043,period_5,5,43,0,1,900.0,7210.13,5465.22,2367.32,1,7014.9,0.0,0.0,0.0,2.96,112.16,0.0,112.16,80.11,0.0,900.0,0.0,0.0
bz_nbr7008_043,period_5,5,44,0,1,900.0,4606.0,5465.22,1512.3,1,3488.02,0.0,0.0,0.0,2.31,1064.5,1064.5,0.0,51.18,0.0,900.0,0.0,0.0
bz_nbr7008_043,period_5,5,54,0,1,1200.0,8989.13,5944.29,2213.57,2,8341.14,0.0,0.0,0.0,3.77,569.31,0.0,569.31,74.91,0.0,1200.0,0.0,0.0
bz_nbr7008_043,period_5,5,57,0,1,1200.0,7291.92,5944.29,1795.63,2,7154.25,0.0,0.0,0.0,3.99,72.92,0.0,72.92,60.77,0.0,1200.0,0.0,0.0
bz_nbr7008_043,period_5,5,62,0,1,1200.0,8022.45,5944.29,1975.53,2,7390.12,53.61,53.61,0.0,3.77,508.09,0.0,508.09,66.85,0.0,1200.0,0.0,0.0
bz_nbr7008_043,period_5,5,68,0,1,1200.0,7331.37,5944.29,1805.35,2,7192.98,0.0,0.0,0.0,3.99,73.31,0.0,73.31,61.09,0.0,1200.0,0.0,0.0
bz_nbr7008_043,period_5,5,69,0,1,1200.0,8726.3,5944.29,2148.85,2,8097.15,0.0,0.0,0.0,3.77,552.67,0.0,552.67,72.72,0.0,1200.0,0.0,0.0
bz_nbr7008_043,period_5,5,70,0,1,1200.0,8707.53,5944.29,2144.23,2,7735.67,39.43,39.43,0.0,3.63,856.24,856.24,0.0,72.56,0.0,1200.0,0.0,0.0
bz_nbr7008_043,period_5,5,73,0,1,1200.0,7191.58,5944.29,1770.92,2,5630.22,0.0,0.0,0.0,3.18,1498.25,1498.25,0.0,59.93,0.0,1200.0,0.0,0.0
bz_nbr7008_043,period_5,5,75,0,1,1200.0,8068.01,5944.29,1986.74,2,6639.32,0.0,0.0,0.0,3.34,1358.12,1358.12,0.0,67.23,0.0,1200.0,0.0,0.0
bz_nbr7008_043,period_5,5,76,0,1,1200.0,7790.32,5944.29,1918.36,2,7228.24,0.0,0.0,0.0,3.77,493.39,0.0,493.39,64.92,0.0,1200.0,0.0,0.0
bz_nbr7008_043,period_5,5,79,0,1,1200.0,7062.24,5944.29,1739.07,2,6552.34,0.0,0.0,0.0,3.77,447.28,0.0,447.28,58.85,0.0,1200.0,0.0,0.0
bz_nbr7008_043,period_5,5,83,0,1,1020.0,12560.0,5742.24,3638.7,2,12164.1,195.48,194.06,1.42,3.4,73.88,0.0,73.88,123.14,0.0,1020.0,0.0,0.0
bz_nbr7008_043,period_5,5,88,0,1,1020.0,10102.75,5742.24,2926.82,2,9782.46,0.0,0.0,0.0,3.34,217.9,0.0,217.9,99.05,0.0,1020.0,0.0,0.0
bz_nbr7008_043,period_5,5,89,0,1,1020.0,11111.48,5742.24,3219.06,2,10759.54,0.0,0.0,0.0,3.34,239.66,0.0,239.66,108.94,0.0,1020.0,0.0,0.0
bz_nbr7008_043,period_5,5,91,0,1,1020.0,11863.88,5742.24,3437.03,2,10513.86,962.84,962.84,0.0,3.34,267.52,0.0,267.52,116.31,0.0,1020.0,0.0,0.0
bz_nbr7008_043,period_5,5,97,0,1,1020.0,8857.69,5742.24,2566.12,2,8576.46,0.0,0.0,0.0,3.34,191.05,0.0,191.05,86.84,0.0,1020.0,0.0,0.0
bz_nbr7008_043,period_5,5,109,1,1,208.0,1386.66,5465.22,1969.99,1,0.0,799.59,799.59,0.0,0.41,520.0,0.0,520.0,66.67,0.0,208.0,0.0,1386.66
bz_nbr7008_043,period_5,5,110,1,1,208.0,1365.4,5465.22,1939.78,1,104.22,683.1,683.1,0.0,0.41,512.03,0.0,512.03,65.64,0.0,208.0,0.0,1261.18
bz_nbr7008_043,period_5,5,111,1,1,202.0,1276.07,5944.29,1866.72,1,757.66,0.0,0.0,0.0,0.41,454.84,0.0,454.84,63.17,0.0,202.0,0.0,518.41
bz_nbr7008_043,period_5,5,112,1,1,250.0,1788.58,5944.29,2114.1,2,1716.22,0.0,0.0,0.0,0.81,0.0,0.0,0.0,71.54,0.0,250.0,0.0,72.36
bz_nbr7008_043,period_5,5,113,1,1,746.0,15.97,5944.29,6.33,1,13.45,0.0,0.0,0.0,2.52,0.0,0.0,0.0,0.0,0.0,746.0,0.0,2.52
bz_nbr7008_043,period_5,5,114,1,1,536.0,1060.71,5944.29,584.77,1,1058.9,0.0,0.0,0.0,1.81,0.0,0.0,0.0,0.0,0.0,536.0,0.0,1.81
bz_nbr7008_043,period_5,5,115,1,1,118.0,694.45,5944.29,1739.06,1,550.03,79.32,79.32,0.0,0.36,5.89,0.0,5.89,58.85,0.0,118.0,0.0,144.42
bz_nbr7008_043,period_5,5,116,1,1,258.0,152.3,5742.24,174.44,1,147.06,4.37,0.0,4.37,0.87,0.0,0.0,0.0,0.0,0.0,258.0,0.0,5.24
bz_nbr7008_043,period_5,5,117,1,1,432.0,19.69,5742.24,13.47,1,18.23,0.0,0.0,0.0,1.46,0.0,0.0,0.0,0.0,0.0,432.0,0.0,1.46
bz_nbr7008_043,period_5,5,118,1,1,556.0,74.03,5742.24,39.35,1,72.15,0.0,0.0,0.0,1.88,0.0,0.0,0.0,0.0,0.0,556.0,0.0,1.88
bz_nbr7008_043,period_5,5,119,1,1,555.0,148.21,5742.24,78.91,1,146.33,0.0,0.0,0.0,1.88,0.0,0.0,0.0,0.0,0.0,555.0,0.0,1.88
bz_nbr7008_075,period_1,1,1,0,1,1000.0,6006.21,5355.26,1017.57,2,4687.16,1247.14,1247.14,0.0,5.84,6.01,0.0,6.01,60.06,0.0,1000.0,0.0,0.0
bz_nbr7008_075,period_1,1,2,0,1,1000.0,6606.91,5355.26,1119.34,2,6521.8,0.0,0.0,0.0,5.83,13.21,0.0,13.21,66.07,0.0,1000.0,0.0,0.0
bz_nbr7008_075,period_1,1,3,0,1,1000.0,6948.64,5355.26,1177.24,2,6707.31,152.11,152.11,0.0,5.83,13.9,0.0,13.9,69.49,0.0,1000.0,0.0,0.0
bz_nbr7008_075,period_1,1,4,0,1,1000.0,7071.97,5355.26,1198.13,2,6529.05,0.0,0.0,0.0,5.45,466.75,466.75,0.0,70.72,0.0,1000.0,0.0,0.0
bz_nbr7008_075,period_1,1,7,0,1,1000.0,6173.57,5355.26,1045.92,6,5564.9,220.37,220.37,0.0,5.54,321.03,321.03,0.0,61.74,0.0,1000.0,0.0,0.0
bz_nbr7008_075,period_1,1,8,0,1,1000.0,7395.89,5355.26,1253.01,3,5956.75,103.04,103.04,0.0,4.84,1257.3,1257.3,0.0,73.96,0.0,1000.0,0.0,0.0
bz_nbr7008_075,period_2,2,1,0,1,1000.0,6006.21,5355.26,1017.57,2,5544.28,0.0,0.0,0.0,5.45,396.41,396.41,0.0,60.06,0.0,1000.0,0.0,0.0
bz_nbr7008_075,period_2,2,10,0,1,1000.0,7523.85,5355.26,1274.69,2,7378.4,49.33,49.33,0.0,5.83,15.05,0.0,15.05,75.24,0.0,1000.0,0.0,0.0
bz_nbr7008_075,period_2,2,11,0,1,1000.0,7895.06,5355.26,1337.58,3,6719.84,17.5,17.5,0.0,5.04,1073.73,1073.73,0.0,78.95,0.0,1000.0,0.0,0.0
bz_nbr7008_075,period_2,2,2,0,1,1000.0,6606.91,5355.26,1119.34,2,4703.41,1395.92,1395.92,0.0,5.45,436.06,436.06,0.0,66.07,0.0,1000.0,0.0,0.0
bz_nbr7008_075,period_2,2,7,0,1,1000.0,6173.57,5355.26,1045.92,2,4726.86,1372.97,1372.97,0.0,5.84,6.17,0.0,6.17,61.74,0.0,1000.0,0.0,0.0
bz_nbr7008_075,period_2,2,12,1,1,495.0,1247.14,5355.26,426.85,2,904.89,0.0,0.0,0.0,2.12,314.93,314.93,0.0,25.19,0.0,495.0,0.0,342.25
bz_nbr7008_075,period_2,2,13,1,1,494.0,152.11,5355.26,52.17,1,149.19,0.0,0.0,0.0,2.92,0.0,0.0,0.0,0.0,0.0,494.0,0.0,2.92
bz_nbr7008_075,period_2,2,14,1,1,66.0,466.75,5355.26,1198.13,1,0.0,268.51,268.51,0.0,0.22,127.3,0.0,127.3,70.72,0.0,66.0,0.0,466.75
bz_nbr7008_075,period_2,2,15,1,1,180.0,220.37,5355.26,207.42,1,219.31,0.0,0.0,0.0,1.06,0.0,0.0,0.0,0.0,0.0,180.0,0.0,1.06
bz_nbr7008_075,period_2,2,16,1,1,52.0,321.03,5355.26,1045.94,1,234.37,0.0,0.0,0.0,0.22,24.69,0.0,24.69,61.74,0.0,52.0,0.0,86.66
bz_nbr7008_075,period_2,2,17,1,1,744.0,55.37,5355.26,12.61,1,50.98,0.0,0.0,0.0,4.39,0.0,0.0,0.0,0.0,0.0,744.0,0.0,4.39
bz_nbr7008_075,period_2,2,18,1,1,38.0,47.66,5355.26,212.49,1,0.0,47.44,47.44,0.0,0.22,0.0,0.0,0.0,0.0,0.0,38.0,0.0,47.66
bz_nbr7008_075,period_2,2,19,1,1,170.0,1257.3,5355.26,1253.01,3,468.08,374.38,374.38,0.0,0.67,340.21,340.21,0.0,73.96,0.0,170.0,0.0,789.22
bz_nbr7008_075,period_3,3,1,0,1,1000.0,6006.21,5355.26,1017.57,2,5907.66,20.64,20.64,0.0,5.83,12.01,0.0,12.01,60.06,0.0,1000.0,0.0,0.0
bz_nbr7008_075,period_3,3,2,0,1,1000.0,6606.91,5355.26,1119.34,5,5940.91,0.0,0.0,0.0,5.31,594.62,594.62,0.0,66.07,0.0,1000.0,0.0,0.0
bz_nbr7008_075,period_3,3,3,0,1,1000.0,6948.64,5355.26,1177.24,2,6272.62,142.47,142.47,0.0,5.45,458.61,458.61,0.0,69.49,0.0,1000.0,0.0,0.0
bz_nbr7008_075,period_3,3,4,0,1,1000.0,7071.97,5355.26,1198.13,1,3490.64,0.0,0.0,0.0,2.92,3507.7,3507.7,0.0,70.72,0.0,1000.0,0.0,0.0
bz_nbr7008_075,period_3,3,6,0,1,1000.0,7251.61,5355.26,1228.57,1,5390.81,0.0,0.0,0.0,4.39,1783.9,1783.9,0.0,72.52,0.0,1000.0,0.0,0.0
bz_nbr7008_075,period_3,3,7,0,1,1000.0,6173.57,5355.26,1045.92,2,6093.66,0.0,0.0,0.0,5.83,12.35,0.0,12.35,61.74,0.0,1000.0,0.0,0.0
bz_nbr7008_075,period_3,3,12,1,1,66.0,396.41,5355.26,1017.57,1,226.89,1.12,0.0,1.12,0.22,108.11,0.0,108.11,60.06,0.0,66.0,0.0,169.52
bz_nbr7008_075,period_3,3,13,1,1,744.0,1395.92,5355.26,317.87,3,985.84,347.71,346.58,1.12,4.21,39.4,0.0,39.4,18.76,0.0,744.0,0.0,410.08
bz_nbr7008_075,period_3,3,14,1,1,66.0,436.06,5355.26,1119.35,1,249.72,1.12,0.0,1.12,0.22,118.93,0.0,118.93,66.07,0.0,66.0,0.0,186.34
bz_nbr7008_075,period_3,3,15,1,1,495.0,1372.97,5355.26,469.92,1,1355.44,14.61,0.0,14.61,2.92,0.0,0.0,0.0,0.0,0.0,495.0,0.0,17.53
bz_nbr7008_075,period_3,3,16,1,1,494.0,49.33,5355.26,16.92,1,46.41,0.0,0.0,0.0,2.92,0.0,0.0,0.0,0.0,0.0,494.0,0.0,2.92
bz_nbr7008_075,period_3,3,17,1,1,180.0,17.5,5355.26,16.47,1,16.44,0.0,0.0,0.0,1.06,0.0,0.0,0.0,0.0,0.0,180.0,0.0,1.06
bz_nbr7008_075,period_3,3,18,1,1,136.0,1073.73,5355.26,1337.58,3,363.32,536.05,534.92,1.12,0.67,94.74,0.0,94.74,78.95,0.0,136.0,0.0,710.41
bz_nbr7008_075,period_4,4,1,0,1,1000.0,6006.21,5355.26,1017.57,2,4337.11,1597.19,1597.19,0.0,5.84,6.01,0.0,6.01,60.06,0.0,1000.0,0.0,0.0
bz_nbr7008_075,period_4,4,2,0,1,1000.0,6606.91,5355.26,1119.34,2,6521.8,0.0,0.0,0.0,5.83,13.21,0.0,13.21,66.07,0.0,1000.0,0.0,0.0
bz_nbr7008_075,period_4,4,3,0,1,1000.0,6948.64,5355.26,1177.24,2,5749.72,665.37,665.37,0.0,5.45,458.61,458.61,0.0,69.49,0.0,1000.0,0.0,0.0
bz_nbr7008_075,period_4,4,4,0,1,1000.0,7071.97,5355.26,1198.13,1,3490.64,0.0,0.0,0.0,2.92,3507.7,3507.7,0.0,70.72,0.0,1000.0,0.0,0.0
bz_nbr7008_075,period_4,4,7,0,1,1000.0,6173.57,5355.26,1045.92,2,4492.57,1206.35,1206.35,0.0,5.45,407.46,407.46,0.0,61.74,0.0,1000.0,0.0,0.0
bz_nbr7008_075,period_4,4,12,1,1,494.0,20.64,5355.26,7.08,1,14.71,3.02,0.0,3.02,2.92,0.0,0.0,0.0,0.0,0.0,494.0,0.0,5.93
bz_nbr7008_075,period_4,4,13,1,0,90.0,594.62,5355.26,0.0,0,0.0,0.0,0.0,0.0,0.0,0.0,0.0,0.0,0.0,0.0,90.0,0.0,594.62
bz_nbr7008_075,period_4,4,14,1,1,180.0,83.8,5355.26,78.87,1,82.74,0.0,0.0,0.0,1.06,0.0,0.0,0.0,0.0,0.0,180.0,0.0,1.06
bz_nbr7008_075,period_4,4,15,1,1,744.0,58.67,5355.26,13.36,1,54.28,0.0,0.0,0.0,4.39,0.0,0.0,0.0,0.0,0.0,744.0,0.0,4.39
bz_nbr7008_075,period_4,4,16,1,1,66.0,458.61,5355.26,1177.24,1,0.0,263.82,263.82,0.0,0.22,125.08,0.0,125.08,69.49,0.0,66.0,0.0,458.61
bz_nbr7008_075,period_4,4,17,1,1,496.0,3507.7,5355.26,1198.13,5,2923.3,426.02,426.02,0.0,2.8,84.86,0.0,84.86,70.72,0.0,496.0,0.0,584.4
bz_nbr7008_075,period_4,4,18,1,1,246.0,1783.9,5355.26,1228.57,2,1579.57,0.0,0.0,0.0,1.29,130.53,0.0,130.53,72.52,0.0,246.0,0.0,204.33
bz_nbr7008_075,period_5,5,1,0,1,1000.0,6006.21,5355.26,1017.57,2,5913.72,14.58,14.58,0.0,5.83,12.01,0.0,12.01,60.06,0.0,1000.0,0.0,0.0
bz_nbr7008_075,period_5,5,10,0,1,1000.0,7523.85,5355.26,1274.69,1,5593.35,0.0,0.0,0.0,4.39,1850.87,1850.87,0.0,75.24,0.0,1000.0,0.0,0.0
bz_nbr7008_075,period_5,5,2,0,1,1000.0,6606.91,5355.26,1119.34,2,5221.81,1306.59,1306.59,0.0,5.84,6.61,0.0,6.61,66.07,0.0,1000.0,0.0,0.0
bz_nbr7008_075,period_5,5,3,0,1,1000.0,6948.64,5355.26,1177.24,3,5764.73,164.37,164.37,0.0,5.04,945.02,945.02,0.0,69.49,0.0,1000.0,0.0,0.0
bz_nbr7008_075,period_5,5,7,0,1,1000.0,6173.57,5355.26,1045.92,2,6093.66,0.0,0.0,0.0,5.83,12.35,0.0,12.35,61.74,0.0,1000.0,0.0,0.0
bz_nbr7008_075,period_5,5,8,0,1,1000.0,7395.89,5355.26,1253.01,2,6624.29,204.06,204.06,0.0,5.45,488.13,488.13,0.0,73.96,0.0,1000.0,0.0,0.0
bz_nbr7008_075,period_5,5,12,1,1,495.0,1597.19,5355.26,546.66,3,1280.73,1.12,0.0,1.12,2.35,280.72,280.72,0.0,32.27,0.0,495.0,0.0,316.46
bz_nbr7008_075,period_5,5,13,1,1,180.0,643.41,5355.26,605.59,1,642.35,0.0,0.0,0.0,1.06,0.0,0.0,0.0,0.0,0.0,180.0,0.0,1.06
bz_nbr7008_075,period_5,5,14,1,1,744.0,21.96,5355.26,5.0,1,17.57,0.0,0.0,0.0,4.39,0.0,0.0,0.0,0.0,0.0,744.0,0.0,4.39
bz_nbr7008_075,period_5,5,15,1,1,66.0,458.61,5355.26,1177.24,1,0.0,263.82,263.82,0.0,0.22,125.08,0.0,125.08,69.49,0.0,66.0,0.0,458.61
bz_nbr7008_075,period_5,5,16,1,1,496.0,3507.7,5355.26,1198.13,5,3059.53,289.79,288.67,1.12,2.8,84.86,0.0,84.86,70.72,0.0,496.0,0.0,448.17
bz_nbr7008_075,period_5,5,17,1,1,180.0,5.31,5355.26,5.0,1,4.25,0.0,0.0,0.0,1.06,0.0,0.0,0.0,0.0,0.0,180.0,0.0,1.06
bz_nbr7008_075,period_5,5,18,1,1,744.0,1201.04,5355.26,273.49,1,1196.65,0.0,0.0,0.0,4.39,0.0,0.0,0.0,0.0,0.0,744.0,0.0,4.39
bz_nbr7008_075,period_5,5,19,1,1,66.0,407.46,5355.26,1045.94,1,233.25,1.12,0.0,1.12,0.22,111.13,0.0,111.13,61.74,0.0,66.0,0.0,174.21
bz_nbr7008_095,period_1,1,10,0,1,1000.0,8416.52,5412.45,1125.73,3,8324.95,0.0,0.0,0.0,7.4,0.0,0.0,0.0,84.17,0.0,1000.0,0.0,0.0
bz_nbr7008_095,period_1,1,11,0,1,1000.0,10148.98,5412.45,1357.45,3,10008.37,31.72,31.72,0.0,7.4,0.0,0.0,0.0,101.49,0.0,1000.0,0.0,0.0
bz_nbr7008_095,period_1,1,3,0,1,1000.0,11126.31,5412.45,1488.17,5,9076.87,40.57,40.57,0.0,6.13,1891.47,1891.47,0.0,111.26,0.0,1000.0,0.0,0.0
bz_nbr7008_095,period_1,1,4,0,1,1000.0,9000.68,5412.45,1203.86,4,8759.38,0.0,0.0,0.0,7.28,144.01,0.0,144.01,90.01,0.0,1000.0,0.0,0.0
bz_nbr7008_095,period_1,1,6,0,1,1000.0,9450.33,5412.45,1264.0,3,9348.42,0.0,0.0,0.0,7.4,0.0,0.0,0.0,94.5,0.0,1000.0,0.0,0.0
bz_nbr7008_095,period_1,1,8,0,1,1000.0,10079.29,5412.45,1348.13,3,8600.12,101.93,101.93,0.0,6.46,1269.99,1269.99,0.0,100.79,0.0,1000.0,0.0,0.0
bz_nbr7008_095,period_2,2,10,0,1,1000.0,8416.52,5412.45,1125.73,3,8324.95,0.0,0.0,0.0,7.4,0.0,0.0,0.0,84.17,0.0,1000.0,0.0,0.0
bz_nbr7008_095,period_2,2,2,0,1,1000.0,9411.76,5412.45,1258.85,3,9310.24,0.0,0.0,0.0,7.4,0.0,0.0,0.0,94.12,0.0,1000.0,0.0,0.0
bz_nbr7008_095,period_2,2,4,0,1,1000.0,9000.68,5412.45,1203.86,2,6780.88,0.0,0.0,0.0,5.64,2124.16,2124.16,0.0,90.01,0.0,1000.0,0.0,0.0
bz_nbr7008_095,period_2,2,5,0,1,1000.0,9700.28,5412.45,1297.44,3,9465.51,130.36,130.36,0.0,7.4,0.0,0.0,0.0,97.0,0.0,1000.0,0.0,0.0
bz_nbr7008_095,period_2,2,6,0,1,1000.0,9450.33,5412.45,1264.0,2,6300.09,819.82,819.82,0.0,5.64,2230.28,2230.28,0.0,94.5,0.0,1000.0,0.0,0.0
bz_nbr7008_095,period_2,2,7,0,1,1000.0,11315.34,5412.45,1513.45,5,9067.0,205.45,205.45,0.0,6.13,1923.61,1923.61,0.0,113.15,0.0,1000.0,0.0,0.0
bz_nbr7008_095,period_2,2,12,1,1,200.0,34.45,5412.45,23.04,1,32.95,0.0,0.0,0.0,1.5,0.0,0.0,0.0,0.0,0.0,200.0,0.0,1.5
bz_nbr7008_095,period_2,2,13,1,1,110.0,6.12,5412.45,7.44,1,5.3,0.0,0.0,0.0,0.82,0.0,0.0,0.0,0.0,0.0,110.0,0.0,0.82
bz_nbr7008_095,period_2,2,14,1,1,170.0,1891.47,5412.45,1488.17,1,1223.07,0.0,0.0,0.0,0.82,556.31,0.0,556.31,111.26,0.0,170.0,0.0,668.4
bz_nbr7008_095,period_2,2,15,1,1,554.0,101.93,5412.45,24.61,1,97.79,0.0,0.0,0.0,4.14,0.0,0.0,0.0,0.0,0.0,554.0,0.0,4.14
bz_nbr7008_095,period_2,2,16,1,1,126.0,1269.99,5412.45,1348.13,1,1107.9,0.0,0.0,0.0,0.82,60.48,0.0,60.48,100.79,0.0,126.0,0.0,162.09
bz_nbr7008_095,period_2,2,17,1,1,330.0,31.72,5412.45,12.86,1,29.25,0.0,0.0,0.0,2.47,0.0,0.0,0.0,0.0,0.0,330.0,0.0,2.47
bz_nbr7008_095,period_3,3,10,0,1,1000.0,8416.52,5412.45,1125.73,3,7244.7,20.71,20.71,0.0,6.46,1060.48,1060.48,0.0,84.17,0.0,1000.0,0.0,0.0
bz_nbr7008_095,period_3,3,2,0,1,1000.0,9411.76,5412.45,1258.85,3,6585.03,1540.27,1540.27,0.0,6.46,1185.88,1185.88,0.0,94.12,0.0,1000.0,0.0,0.0
bz_nbr7008_095,period_3,3,4,0,1,1000.0,9000.68,5412.45,1203.86,3,7301.44,468.68,468.68,0.0,6.46,1134.09,1134.09,0.0,90.01,0.0,1000.0,0.0,0.0
bz_nbr7008_095,period_3,3,5,0,1,1000.0,9700.28,5412.45,1297.44,3,9595.88,0.0,0.0,0.0,7.4,0.0,0.0,0.0,97.0,0.0,1000.0,0.0,0.0
bz_nbr7008_095,period_3,3,6,0,1,1000.0,9450.33,5412.45,1264.0,3,6823.78,69.51,69.51,0.0,5.46,2457.09,2457.09,0.0,94.5,0.0,1000.0,0.0,0.0
bz_nbr7008_095,period_3,3,7,0,1,1000.0,11315.34,5412.45,1513.45,3,11182.45,12.34,12.34,0.0,7.4,0.0,0.0,0.0,113.15,0.0,1000.0,0.0,0.0
bz_nbr7008_095,period_3,3,9,0,1,1000.0,10904.98,5412.45,1458.57,3,10788.53,0.0,0.0,0.0,7.4,0.0,0.0,0.0,109.05,0.0,1000.0,0.0,0.0
bz_nbr7008_095,period_3,3,12,1,1,236.0,2124.16,5412.45,1203.86,2,1978.5,0.0,0.0,0.0,1.64,54.0,0.0,54.0,90.01,0.0,236.0,0.0,145.66
bz_nbr7008_095,period_3,3,13,1,1,330.0,130.36,5412.45,52.84,1,127.89,0.0,0.0,0.0,2.47,0.0,0.0,0.0,0.0,0.0,330.0,0.0,2.47
bz_nbr7008_095,period_3,3,14,1,1,554.0,819.82,5412.45,197.93,1,815.68,0.0,0.0,0.0,4.14,0.0,0.0,0.0,0.0,0.0,554.0,0.0,4.14
bz_nbr7008_095,period_3,3,15,1,1,236.0,2230.28,5412.45,1264.01,1,1888.57,0.0,0.0,0.0,1.5,245.71,0.0,245.71,94.5,0.0,236.0,0.0,341.71
bz_nbr7008_095,period_3,3,16,1,1,200.0,97.95,5412.45,65.51,1,96.45,0.0,0.0,0.0,1.5,0.0,0.0,0.0,0.0,0.0,200.0,0.0,1.5
bz_nbr7008_095,period_3,3,17,1,1,110.0,103.38,5412.45,125.7,1,102.56,0.0,0.0,0.0,0.82,0.0,0.0,0.0,0.0,0.0,110.0,0.0,0.82
bz_nbr7008_095,period_3,3,18,1,1,110.0,4.11,5412.45,5.0,1,3.29,0.0,0.0,0.0,0.82,0.0,0.0,0.0,0.0,0.0,110.0,0.0,0.82
bz_nbr7008_095,period_3,3,19,1,1,170.0,1923.61,5412.45,1513.46,1,1243.87,0.0,0.0,0.0,0.82,565.77,0.0,565.77,113.15,0.0,170.0,0.0,679.74
bz_nbr7008_095,period_4,4,10,0,1,1000.0,8416.52,5412.45,1125.73,3,6804.09,461.32,461.32,0.0,6.46,1060.48,1060.48,0.0,84.17,0.0,1000.0,0.0,0.0
bz_nbr7008_095,period_4,4,2,0,1,1000.0,9411.76,5412.45,1258.85,3,9285.57,24.67,24.67,0.0,7.4,0.0,0.0,0.0,94.12,0.0,1000.0,0.0,0.0
bz_nbr7008_095,period_4,4,4,0,1,1000.0,9000.68,5412.45,1203.86,3,8903.27,0.0,0.0,0.0,7.4,0.0,0.0,0.0,90.01,0.0,1000.0,0.0,0.0
bz_nbr7008_095,period_4,4,5,0,1,1000.0,9700.28,5412.45,1297.44,2,7251.37,57.01,57.01,0.0,5.64,2289.27,2289.27,0.0,97.0,0.0,1000.0,0.0,0.0
bz_nbr7008_095,period_4,4,6,0,1,1000.0,9450.33,5412.45,1264.0,3,8099.0,21.85,21.85,0.0,6.43,1228.54,1228.54,0.0,94.5,0.0,1000.0,0.0,0.0
bz_nbr7008_095,period_4,4,12,1,1,554.0,1494.56,5412.45,360.83,2,1425.85,0.0,0.0,0.0,3.96,37.77,0.0,37.77,26.98,0.0,554.0,0.0,68.71
bz_nbr7008_095,period_4,4,13,1,1,200.0,45.71,5412.45,30.57,1,44.21,0.0,0.0,0.0,1.5,0.0,0.0,0.0,0.0,0.0,200.0,0.0,1.5
bz_nbr7008_095,period_4,4,14,1,1,126.0,1185.88,5412.45,1258.84,1,1034.47,0.0,0.0,0.0,0.82,56.47,0.0,56.47,94.12,0.0,126.0,0.0,151.41
bz_nbr7008_095,period_4,4,15,1,1,110.0,468.68,5412.45,569.88,1,467.86,0.0,0.0,0.0,0.82,0.0,0.0,0.0,0.0,0.0,110.0,0.0,0.82
bz_nbr7008_095,period_4,4,16,1,1,126.0,1134.09,5412.45,1203.87,1,989.26,0.0,0.0,0.0,0.82,54.0,0.0,54.0,90.01,0.0,126.0,0.0,144.83
bz_nbr7008_095,period_4,4,17,1,1,330.0,69.51,5412.45,28.17,1,67.04,0.0,0.0,0.0,2.47,0.0,0.0,0.0,0.0,0.0,330.0,0.0,2.47
bz_nbr7008_095,period_4,4,18,1,1,260.0,2457.09,5412.45,1264.01,1,1888.57,0.0,0.0,0.0,1.5,472.52,0.0,472.52,94.5,0.0,260.0,0.0,568.52
bz_nbr7008_095,period_4,4,19,1,1,330.0,12.34,5412.45,5.0,1,9.87,0.0,0.0,0.0,2.47,0.0,0.0,0.0,0.0,0.0,330.0,0.0,2.47
bz_nbr7008_095,period_4,4,20,1,1,554.0,20.71,5412.45,5.0,1,16.57,0.0,0.0,0.0,4.14,0.0,0.0,0.0,0.0,0.0,554.0,0.0,4.14
bz_nbr7008_095,period_4,4,21,1,1,126.0,1060.48,5412.45,1125.73,1,924.99,0.0,0.0,0.0,0.82,50.5,0.0,50.5,84.17,0.0,126.0,0.0,135.49
bz_nbr7008_095,period_5,5,10,0,1,1000.0,8416.52,5412.45,1125.73,4,8112.44,44.34,44.34,0.0,7.25,168.33,0.0,168.33,84.17,0.0,1000.0,0.0,0.0
bz_nbr7008_095,period_5,5,2,0,1,1000.0,9411.76,5412.45,1258.85,3,9310.24,0.0,0.0,0.0,7.4,0.0,0.0,0.0,94.12,0.0,1000.0,0.0,0.0
bz_nbr7008_095,period_5,5,4,0,1,1000.0,9000.68,5412.45,1203.86,4,8686.14,73.24,73.24,0.0,7.28,144.01,0.0,144.01,90.01,0.0,1000.0,0.0,0.0
bz_nbr7008_095,period_5,5,6,0,1,1000.0,9450.33,5412.45,1264.0,4,9159.57,0.0,0.0,0.0,7.25,189.01,0.0,189.01,94.5,0.0,1000.0,0.0,0.0
bz_nbr7008_095,period_5,5,7,0,1,1000.0,11315.34,5412.45,1513.45,3,11194.78,0.0,0.0,0.0,7.4,0.0,0.0,0.0,113.15,0.0,1000.0,0.0,0.0
bz_nbr7008_095,period_5,5,8,0,1,1000.0,10079.29,5412.45,1348.13,3,9587.8,20.71,20.71,0.0,7.13,362.85,0.0,362.85,100.79,0.0,1000.0,0.0,0.0
bz_nbr7008_095,period_5,5,12,1,1,330.0,12.34,5412.45,5.0,1,9.87,0.0,0.0,0.0,2.47,0.0,0.0,0.0,0.0,0.0,330.0,0.0,2.47
bz_nbr7008_095,period_5,5,13,1,1,330.0,12.34,5412.45,5.0,1,9.87,0.0,0.0,0.0,2.47,0.0,0.0,0.0,0.0,0.0,330.0,0.0,2.47
bz_nbr7008_095,period_5,5,14,1,1,200.0,57.01,5412.45,38.13,1,51.54,3.97,0.0,3.97,1.5,0.0,0.0,0.0,0.0,0.0,200.0,0.0,5.47
bz_nbr7008_095,period_5,5,15,1,1,236.0,2289.27,5412.45,1297.44,1,1938.56,0.0,0.0,0.0,1.5,252.21,0.0,252.21,97.0,0.0,236.0,0.0,350.71
bz_nbr7008_095,period_5,5,16,1,1,330.0,21.85,5412.45,8.86,1,19.38,0.0,0.0,0.0,2.47,0.0,0.0,0.0,0.0,0.0,330.0,0.0,2.47
bz_nbr7008_095,period_5,5,17,1,1,130.0,1228.54,5412.45,1264.0,1,1038.71,0.0,0.0,0.0,0.82,94.5,0.0,94.5,94.5,0.0,130.0,0.0,189.83
bz_nbr7008_095,period_5,5,18,1,1,554.0,355.12,5412.45,85.74,1,350.98,0.0,0.0,0.0,4.14,0.0,0.0,0.0,0.0,0.0,554.0,0.0,4.14
bz_nbr7008_095,period_5,5,19,1,1,110.0,106.2,5412.45,129.13,1,105.38,0.0,0.0,0.0,0.82,0.0,0.0,0.0,0.0,0.0,110.0,0.0,0.82
bz_nbr7008_095,period_5,5,20,1,1,126.0,1060.48,5412.45,1125.73,1,924.99,0.0,0.0,0.0,0.82,50.5,0.0,50.5,84.17,0.0,126.0,0.0,135.49
