instance,period,period_number,coil_id,processed,used,coil_width,coil_weight,coil_ton_value,used_length,strip_count,strip_produced_weight,strip_leftover_weight,strip_retail_weight,strip_scrap_weight,strip_loss_weight,lateral_leftover_weight,lateral_leftover_retail_weight,lateral_leftover_scrap_weight,edge_trim_weight,rolled_leftover_weight,rolled_leftover_width,rolled_leftover_length,processed_scrap_weight
bf_qcv_045,period_1,1,107,0,1,1000.0,9312.83,5288.27,2629.63,2,8694.88,0.0,0.0,0.0,3.31,521.52,0.0,521.52,93.13,0.0,1000.0,0.0,0.0
bf_qcv_045,period_1,1,108,0,1,1000.0,7971.78,5288.27,2250.96,2,7872.62,0.0,0.0,0.0,3.5,15.94,0.0,15.94,79.72,0.0,1000.0,0.0,0.0
bf_qcv_045,period_1,1,121,0,1,1000.0,8454.77,5288.27,2387.34,2,8121.63,0.0,0.0,0.0,3.4,245.19,0.0,245.19,84.55,0.0,1000.0,0.0,0.0
bf_qcv_045,period_1,1,146,0,1,1000.0,8447.56,5288.27,2385.31,2,8342.69,0.0,0.0,0.0,3.5,16.9,0.0,16.9,84.48,0.0,1000.0,0.0,0.0
bf_qcv_045,period_1,1,157,0,1,1000.0,9296.83,5288.27,2625.11,2,8679.93,0.0,0.0,0.0,3.31,520.62,0.0,520.62,92.97,0.0,1000.0,0.0,0.0
bf_qcv_045,period_1,1,160,0,1,1000.0,8349.41,5288.27,2357.59,2,8245.72,0.0,0.0,0.0,3.5,16.7,0.0,16.7,83.49,0.0,1000.0,0.0,0.0
bf_qcv_045,period_1,1,162,0,1,1000.0,8451.68,5288.27,2386.47,2,8118.66,0.0,0.0,0.0,3.4,245.1,0.0,245.1,84.52,0.0,1000.0,0.0,0.0
bf_qcv_045,period_1,1,165,0,1,1000.0,8589.81,5288.27,2425.47,2,8019.57,0.0,0.0,0.0,3.31,481.03,0.0,481.03,85.9,0.0,1000.0,0.0,0.0
bf_qcv_045,period_1,1,167,0,1,1000.0,8479.08,5288.27,2394.21,2,7916.15,0.0,0.0,0.0,3.31,474.83,0.0,474.83,84.79,0.0,1000.0,0.0,0.0
bf_qcv_045,period_1,1,174,0,1,880.0,7125.05,5302.87,2286.22,2,7008.63,0.0,0.0,0.0,3.07,32.39,0.0,32.39,80.97,0.0,880.0,0.0,0.0
bf_qcv_045,period_1,1,176,0,1,880.0,7459.93,5302.87,2393.67,2,7363.6,0.0,0.0,0.0,3.08,8.48,0.0,8.48,84.77,0.0,880.0,0.0,0.0
bf_qcv_045,period_1,1,178,0,1,880.0,7891.48,5302.87,2532.14,2,7789.76,0.0,0.0,0.0,3.08,8.97,0.0,8.97,89.68,0.0,880.0,0.0,0.0
bf_qcv_045,period_1,1,179,0,1,880.0,6707.65,5302.87,2152.29,2,6620.73,0.0,0.0,0.0,3.08,7.62,0.0,7.62,76.22,0.0,880.0,0.0,0.0
bf_qcv_045,period_1,1,200,0,1,880.0,6102.49,5302.87,1958.11,2,5999.17,3.16,0.0,3.16,3.07,27.74,0.0,27.74,69.35,0.0,880.0,0.0,0.0
bf_qcv_045,period_1,1,202,0,1,880.0,7276.38,5302.87,2334.78,2,7182.35,0.0,0.0,0.0,3.08,8.27,0.0,8.27,82.69,0.0,880.0,0.0,0.0
bf_qcv_045,period_1,1,203,0,1,880.0,7636.22,5302.87,2450.24,2,7537.69,0.0,0.0,0.0,3.08,8.68,0.0,8.68,86.78,0.0,880.0,0.0,0.0
bf_qcv_045,period_1,1,209,0,1,880.0,7244.87,5302.87,2324.67,2,7151.23,0.0,0.0,0.0,3.08,8.23,0.0,8.23,82.33,0.0,880.0,0.0,0.0
bf_qcv_045,period_1,1,210,0,1,880.0,7283.34,5302.87,2337.01,2,7189.22,0.0,0.0,0.0,3.08,8.28,0.0,8.28,82.77,0.0,880.0,0.0,0.0
bf_qcv_045,period_1,1,212,0,1,880.0,7547.31,5302.87,2421.71,2,7449.89,0.0,0.0,0.0,3.08,8.58,0.0,8.58,85.76,0.0,880.0,0.0,0.0
bf_qcv_045,period_1,1,213,0,1,880.0,7338.81,5302.87,2354.81,2,7218.99,0.0,0.0,0.0,3.07,33.36,0.0,33.36,83.4,0.0,880.0,0.0,0.0
bf_qcv_045,period_1,1,220,0,1,880.0,8484.8,5302.87,2722.52,2,8375.66,0.0,0.0,0.0,3.08,9.64,0.0,9.64,96.42,0.0,880.0,0.0,0.0
bf_qcv_045,period_1,1,222,0,1,880.0,7362.83,5302.87,2362.52,2,7242.63,0.0,0.0,0.0,3.07,33.47,0.0,33.47,83.67,0.0,880.0,0.0,0.0
bf_qcv_045,period_1,1,226,0,1,880.0,6934.29,5302.87,2225.01,2,6820.9,0.0,0.0,0.0,3.07,31.52,0.0,31.52,78.8,0.0,880.0,0.0,0.0
bf_qcv_045,period_1,1,229,0,1,880.0,7358.24,5302.87,2361.04,2,7238.11,0.0,0.0,0.0,3.07,33.45,0.0,33.45,83.62,0.0,880.0,0.0,0.0
bf_qcv_045,period_1,1,234,0,1,880.0,8367.18,5302.87,2684.78,2,8231.0,0.0,0.0,0.0,3.07,38.03,0.0,38.03,95.08,0.0,880.0,0.0,0.0
bf_qcv_045,period_1,1,249,0,1,880.0,7169.03,5302.87,2300.33,2,7076.34,0.0,0.0,0.0,3.08,8.15,0.0,8.15,81.47,0.0,880.0,0.0,0.0
bf_qcv_045,period_1,1,251,0,1,880.0,7522.41,5302.87,2413.72,2,7399.67,0.0,0.0,0.0,3.07,34.19,0.0,34.19,85.48,0.0,880.0,0.0,0.0
bf_qcv_045,period_1,1,252,0,1,880.0,8352.17,5302.87,2679.97,2,8243.36,1.33,0.0,1.33,3.08,9.49,0.0,9.49,94.91,0.0,880.0,0.0,0.0
bf_qcv_045,period_1,1,253,0,1,880.0,7601.37,5302.87,2439.06,2,7503.28,0.0,0.0,0.0,3.08,8.64,0.0,8.64,86.38,0.0,880.0,0.0,0.0
bf_qcv_045,period_1,1,31,0,1,1200.0,6545.91,4819.73,1540.29,2,6454.44,0.0,0.0,0.0,4.19,32.73,0.0,32.73,54.55,0.0,1200.0,0.0,0.0
bf_qcv_045,period_1,1,32,0,1,1200.0,8255.11,4819.73,1942.47,2,8140.85,0.0,0.0,0.0,4.19,41.28,0.0,41.28,68.79,0.0,1200.0,0.0,0.0
bf_qcv_045,period_1,1,4,0,1,1200.0,8025.79,4819.73,1888.51,2,7912.91,1.67,0.0,1.67,4.19,40.13,0.0,40.13,66.88,0.0,1200.0,0.0,0.0
bf_qcv_045,period_1,1,41,0,1,1200.0,7479.34,4819.73,1759.93,2,7375.42,0.0,0.0,0.0,4.19,37.4,0.0,37.4,62.33,0.0,1200.0,0.0,0.0
bf_qcv_045,period_1,1,72,0,1,1200.0,8036.24,4819.73,1890.97,2,7839.28,85.62,85.62,0.0,4.19,40.18,0.0,40.18,66.97,0.0,1200.0,0.0,0.0
bf_qcv_045,period_1,1,74,0,1,1200.0,8054.77,4819.73,1895.33,2,7943.18,0.0,0.0,0.0,4.19,40.27,0.0,40.27,67.12,0.0,1200.0,0.0,0.0
bf_qcv_045,period_1,1,76,0,1,1200.0,7537.46,4819.73,1773.6,2,7432.77,0.0,0.0,0.0,4.19,37.69,0.0,37.69,62.81,0.0,1200.0,0.0,0.0
bf_qcv_045,period_1,1,8,0,1,1200.0,7499.52,4819.73,1764.68,2,7395.33,0.0,0.0,0.0,4.19,37.5,0.0,37.5,62.5,0.0,1200.0,0.0,0.0
bf_qcv_045,period_1,1,83,0,1,1200.0,7994.35,4819.73,1881.11,2,7883.57,0.0,0.0,0.0,4.19,39.97,0.0,39.97,66.62,0.0,1200.0,0.0,0.0
bf_qcv_045,period_1,1,87,0,1,1200.0,7602.58,4819.73,1788.93,2,7497.02,0.0,0.0,0.0,4.19,38.01,0.0,38.01,63.35,0.0,1200.0,0.0,0.0
bf_qcv_045,period_1,1,90,0,1,1000.0,8237.15,5288.27,2325.89,2,8122.85,11.95,11.95,0.0,3.5,16.47,0.0,16.47,82.37,0.0,1000.0,0.0,0.0
bf_qcv_045,period_2,2,106,0,1,1000.0,8151.57,5288.27,2301.73,2,7610.26,0.0,0.0,0.0,3.31,456.49,0.0,456.49,81.52,0.0,1000.0,0.0,0.0
bf_qcv_045,period_2,2,107,0,1,1000.0,9312.83,5288.27,2629.63,2,8694.88,0.0,0.0,0.0,3.31,521.52,0.0,521.52,93.13,0.0,1000.0,0.0,0.0
bf_qcv_045,period_2,2,114,0,1,1000.0,9764.95,5288.27,2757.29,2,9644.27,0.0,0.0,0.0,3.5,19.53,0.0,19.53,97.65,0.0,1000.0,0.0,0.0
bf_qcv_045,period_2,2,126,0,1,1000.0,9551.22,5288.27,2696.94,2,9433.11,0.0,0.0,0.0,3.5,19.1,0.0,19.1,95.51,0.0,1000.0,0.0,0.0
bf_qcv_045,period_2,2,136,0,1,1000.0,9049.37,5288.27,2555.24,2,8448.8,0.0,0.0,0.0,3.31,506.76,0.0,506.76,90.49,0.0,1000.0,0.0,0.0
bf_qcv_045,period_2,2,157,0,1,1000.0,9296.83,5288.27,2625.11,2,8930.85,0.0,0.0,0.0,3.4,269.61,0.0,269.61,92.97,0.0,1000.0,0.0,0.0
bf_qcv_045,period_2,2,165,0,1,1000.0,8589.81,5288.27,2425.47,2,8251.4,0.0,0.0,0.0,3.4,249.1,0.0,249.1,85.9,0.0,1000.0,0.0,0.0
bf_qcv_045,period_2,2,166,0,1,1000.0,8158.41,5288.27,2303.66,2,8057.01,0.0,0.0,0.0,3.5,16.32,0.0,16.32,81.58,0.0,1000.0,0.0,0.0
bf_qcv_045,period_2,2,168,0,1,880.0,8196.89,5302.87,2630.14,2,8091.35,0.0,0.0,0.0,3.08,9.31,0.0,9.31,93.15,0.0,880.0,0.0,0.0
bf_qcv_045,period_2,2,178,0,1,880.0,7891.48,5302.87,2532.14,2,7789.76,0.0,0.0,0.0,3.08,8.97,0.0,8.97,89.68,0.0,880.0,0.0,0.0
bf_qcv_045,period_2,2,180,0,1,880.0,8764.2,5302.87,2812.18,2,8621.7,0.0,0.0,0.0,3.07,39.84,0.0,39.84,99.59,0.0,880.0,0.0,0.0
bf_qcv_045,period_2,2,181,0,1,880.0,7321.08,5302.87,2349.12,2,7223.41,3.08,0.0,3.08,3.08,8.32,0.0,8.32,83.19,0.0,880.0,0.0,0.0
bf_qcv_045,period_2,2,192,0,1,880.0,7480.06,5302.87,2400.13,2,7357.99,0.0,0.0,0.0,3.07,34.0,0.0,34.0,85.0,0.0,880.0,0.0,0.0
bf_qcv_045,period_2,2,198,0,1,880.0,6995.92,5302.87,2244.79,2,6905.39,0.0,0.0,0.0,3.08,7.95,0.0,7.95,79.5,0.0,880.0,0.0,0.0
bf_qcv_045,period_2,2,200,0,1,880.0,6102.49,5302.87,1958.11,2,6002.34,0.0,0.0,0.0,3.07,27.74,0.0,27.74,69.35,0.0,880.0,0.0,0.0
bf_qcv_045,period_2,2,203,0,1,880.0,7636.22,5302.87,2450.24,2,7537.69,0.0,0.0,0.0,3.08,8.68,0.0,8.68,86.78,0.0,880.0,0.0,0.0
bf_qcv_045,period_2,2,21,0,1,1200.0,7985.82,4819.73,1879.1,2,7875.15,0.0,0.0,0.0,4.19,39.93,0.0,39.93,66.55,0.0,1200.0,0.0,0.0
bf_qcv_045,period_2,2,211,0,1,880.0,7672.4,5302.87,2461.85,2,7573.42,0.0,0.0,0.0,3.08,8.72,0.0,8.72,87.19,0.0,880.0,0.0,0.0
bf_qcv_045,period_2,2,229,0,1,880.0,7358.24,5302.87,2361.04,2,7263.18,0.0,0.0,0.0,3.08,8.36,0.0,8.36,83.62,0.0,880.0,0.0,0.0
bf_qcv_045,period_2,2,231,0,1,880.0,7039.14,5302.87,2258.65,2,6948.07,0.0,0.0,0.0,3.08,8.0,0.0,8.0,79.99,0.0,880.0,0.0,0.0
bf_qcv_045,period_2,2,234,0,1,880.0,8367.18,5302.87,2684.78,2,8231.0,0.0,0.0,0.0,3.07,38.03,0.0,38.03,95.08,0.0,880.0,0.0,0.0
bf_qcv_045,period_2,2,243,0,1,880.0,7486.51,5302.87,2402.2,2,7364.34,0.0,0.0,0.0,3.07,34.03,0.0,34.03,85.07,0.0,880.0,0.0,0.0
bf_qcv_045,period_2,2,248,0,1,880.0,8106.4,5302.87,2601.11,2,8001.99,0.0,0.0,0.0,3.08,9.21,0.0,9.21,92.12,0.0,880.0,0.0,0.0
bf_qcv_045,period_2,2,252,0,1,880.0,8352.17,5302.87,2679.97,2,8215.57,0.66,0.0,0.66,3.07,37.96,0.0,37.96,94.91,0.0,880.0,0.0,0.0
bf_qcv_045,period_2,2,253,0,1,880.0,7601.37,5302.87,2439.06,2,7503.28,0.0,0.0,0.0,3.08,8.64,0.0,8.64,86.38,0.0,880.0,0.0,0.0
bf_qcv_045,period_2,2,32,0,1,1200.0,8255.11,4819.73,1942.47,2,8140.85,0.0,0.0,0.0,4.19,41.28,0.0,41.28,68.79,0.0,1200.0,0.0,0.0
bf_qcv_045,period_2,2,4,0,1,1200.0,8025.79,4819.73,1888.51,2,7914.59,0.0,0.0,0.0,4.19,40.13,0.0,40.13,66.88,0.0,1200.0,0.0,0.0
bf_qcv_045,period_2,2,40,0,1,1200.0,7102.11,4819.73,1671.16,2,7001.39,1.83,0.0,1.83,4.19,35.51,0.0,35.51,59.18,0.0,1200.0,0.0,0.0
bf_qcv_045,period_2,2,42,0,1,1200.0,7084.36,4819.73,1666.99,2,6985.71,0.0,0.0,0.0,4.19,35.42,0.0,35.42,59.04,0.0,1200.0,0.0,0.0
bf_qcv_045,period_2,2,48,0,1,1200.0,7701.29,4819.73,1812.15,2,7594.41,0.0,0.0,0.0,4.19,38.51,0.0,38.51,64.18,0.0,1200.0,0.0,0.0
bf_qcv_045,period_2,2,60,0,1,1200.0,7644.47,4819.73,1798.78,2,7538.35,0.0,0.0,0.0,4.19,38.22,0.0,38.22,63.7,0.0,1200.0,0.0,0.0
bf_qcv_045,period_2,2,66,0,1,1200.0,7909.62,4819.73,1861.17,2,7799.97,0.0,0.0,0.0,4.19,39.55,0.0,39.55,65.91,0.0,1200.0,0.0,0.0
bf_qcv_045,period_2,2,7,0,1,1200.0,8064.92,4819.73,1897.72,2,7953.19,0.0,0.0,0.0,4.19,40.32,0.0,40.32,67.21,0.0,1200.0,0.0,0.0
bf_qcv_045,period_2,2,74,0,1,1200.0,8054.77,4819.73,1895.33,2,7943.18,0.0,0.0,0.0,4.19,40.27,0.0,40.27,67.12,0.0,1200.0,0.0,0.0
bf_qcv_045,period_2,2,95,0,1,1000.0,7527.78,5288.27,2125.59,2,7229.35,1.44,0.0,1.44,3.4,218.31,0.0,218.31,75.28,0.0,1000.0,0.0,0.0
bf_qcv_045,period_2,2,256,1,1,717.0,85.62,4819.73,33.72,1,83.08,0.0,0.0,0.0,2.54,0.0,0.0,0.0,0.0,0.0,717.0,0.0,2.54
bf_qcv_045,period_2,2,257,1,1,494.0,11.95,5288.27,6.83,1,10.2,0.0,0.0,0.0,1.75,0.0,0.0,0.0,0.0,0.0,494.0,0.0,1.75
bf_qcv_045,period_3,3,109,0,1,1000.0,8036.79,5288.27,2269.32,2,7719.95,0.0,0.0,0.0,3.4,233.07,0.0,233.07,80.37,0.0,1000.0,0.0,0.0
bf_qcv_045,period_3,3,112,0,1,1000.0,7814.23,5288.27,2206.47,2,7506.07,0.0,0.0,0.0,3.4,226.61,0.0,226.61,78.14,0.0,1000.0,0.0,0.0
bf_qcv_045,period_3,3,113,0,1,1000.0,7882.19,5288.27,2225.66,2,7571.38,0.0,0.0,0.0,3.4,228.58,0.0,228.58,78.82,0.0,1000.0,0.0,0.0
bf_qcv_045,period_3,3,116,0,1,1000.0,8071.26,5288.27,2279.05,2,7753.08,0.0,0.0,0.0,3.4,234.07,0.0,234.07,80.71,0.0,1000.0,0.0,0.0
bf_qcv_045,period_3,3,13,0,1,1200.0,7133.53,4819.73,1678.56,2,7034.22,0.0,0.0,0.0,4.19,35.67,0.0,35.67,59.45,0.0,1200.0,0.0,0.0
bf_qcv_045,period_3,3,130,0,1,1000.0,7440.53,5288.27,2100.95,2,7146.95,0.0,0.0,0.0,3.4,215.78,0.0,215.78,74.41,0.0,1000.0,0.0,0.0
bf_qcv_045,period_3,3,144,0,1,1000.0,7979.66,5288.27,2253.19,2,7665.05,0.0,0.0,0.0,3.4,231.41,0.0,231.41,79.8,0.0,1000.0,0.0,0.0
bf_qcv_045,period_3,3,148,0,1,1000.0,6800.42,5288.27,1920.21,2,6348.28,0.0,0.0,0.0,3.31,380.82,0.0,380.82,68.0,0.0,1000.0,0.0,0.0
bf_qcv_045,period_3,3,155,0,1,1000.0,8064.62,5288.27,2277.18,2,7746.7,0.0,0.0,0.0,3.4,233.87,0.0,233.87,80.65,0.0,1000.0,0.0,0.0
bf_qcv_045,period_3,3,162,0,1,1000.0,8451.68,5288.27,2386.47,2,8118.66,0.0,0.0,0.0,3.4,245.1,0.0,245.1,84.52,0.0,1000.0,0.0,0.0
bf_qcv_045,period_3,3,166,0,1,1000.0,8158.41,5288.27,2303.66,2,7836.83,0.0,0.0,0.0,3.4,236.59,0.0,236.59,81.58,0.0,1000.0,0.0,0.0
bf_qcv_045,period_3,3,168,0,1,880.0,8196.89,5302.87,2630.14,2,8063.42,0.0,0.0,0.0,3.07,37.26,0.0,37.26,93.15,0.0,880.0,0.0,0.0
bf_qcv_045,period_3,3,174,0,1,880.0,7125.05,5302.87,2286.22,2,7032.91,0.0,0.0,0.0,3.08,8.1,0.0,8.1,80.97,0.0,880.0,0.0,0.0
bf_qcv_045,period_3,3,176,0,1,880.0,7459.93,5302.87,2393.67,2,7363.6,0.0,0.0,0.0,3.08,8.48,0.0,8.48,84.77,0.0,880.0,0.0,0.0
bf_qcv_045,period_3,3,178,0,1,880.0,7891.48,5302.87,2532.14,2,7762.87,0.0,0.0,0.0,3.07,35.87,0.0,35.87,89.68,0.0,880.0,0.0,0.0
bf_qcv_045,period_3,3,180,0,1,880.0,8764.2,5302.87,2812.18,2,8621.7,0.0,0.0,0.0,3.07,39.84,0.0,39.84,99.59,0.0,880.0,0.0,0.0
bf_qcv_045,period_3,3,191,0,1,880.0,6582.35,5302.87,2112.08,2,6496.99,0.0,0.0,0.0,3.08,7.48,0.0,7.48,74.8,0.0,880.0,0.0,0.0
bf_qcv_045,period_3,3,192,0,1,880.0,7480.06,5302.87,2400.13,2,7383.48,0.0,0.0,0.0,3.08,8.5,0.0,8.5,85.0,0.0,880.0,0.0,0.0
bf_qcv_045,period_3,3,203,0,1,880.0,7636.22,5302.87,2450.24,2,7511.67,0.0,0.0,0.0,3.07,34.71,0.0,34.71,86.78,0.0,880.0,0.0,0.0
bf_qcv_045,period_3,3,204,0,1,880.0,7616.07,5302.87,2443.77,2,7517.79,0.0,0.0,0.0,3.08,8.65,0.0,8.65,86.55,0.0,880.0,0.0,0.0
bf_qcv_045,period_3,3,21,0,1,1200.0,7985.82,4819.73,1879.1,2,7875.15,0.0,0.0,0.0,4.19,39.93,0.0,39.93,66.55,0.0,1200.0,0.0,0.0
bf_qcv_045,period_3,3,211,0,1,880.0,7672.4,5302.87,2461.85,2,7573.23,0.18,0.0,0.18,3.08,8.72,0.0,8.72,87.19,0.0,880.0,0.0,0.0
bf_qcv_045,period_3,3,212,0,1,880.0,7547.31,5302.87,2421.71,2,7449.89,0.0,0.0,0.0,3.08,8.58,0.0,8.58,85.76,0.0,880.0,0.0,0.0
bf_qcv_045,period_3,3,215,0,1,880.0,7412.93,5302.87,2378.59,2,7291.93,0.0,0.0,0.0,3.07,33.7,0.0,33.7,84.24,0.0,880.0,0.0,0.0
bf_qcv_045,period_3,3,220,0,1,880.0,8484.8,5302.87,2722.52,2,8346.75,0.0,0.0,0.0,3.07,38.57,0.0,38.57,96.42,0.0,880.0,0.0,0.0
bf_qcv_045,period_3,3,222,0,1,880.0,7362.83,5302.87,2362.52,2,7242.63,0.0,0.0,0.0,3.07,33.47,0.0,33.47,83.67,0.0,880.0,0.0,0.0
bf_qcv_045,period_3,3,225,0,1,880.0,7640.29,5302.87,2451.55,2,7515.67,0.0,0.0,0.0,3.07,34.73,0.0,34.73,86.82,0.0,880.0,0.0,0.0
bf_qcv_045,period_3,3,234,0,1,880.0,8367.18,5302.87,2684.78,2,8231.0,0.0,0.0,0.0,3.07,38.03,0.0,38.03,95.08,0.0,880.0,0.0,0.0
bf_qcv_045,period_3,3,235,0,1,880.0,7326.77,5302.87,2350.95,2,7232.11,0.0,0.0,0.0,3.08,8.33,0.0,8.33,83.26,0.0,880.0,0.0,0.0
bf_qcv_045,period_3,3,239,0,1,880.0,7477.33,5302.87,2399.26,2,7355.31,0.0,0.0,0.0,3.07,33.99,0.0,33.99,84.97,0.0,880.0,0.0,0.0
bf_qcv_045,period_3,3,243,0,1,880.0,7486.51,5302.87,2402.2,2,7377.96,11.89,11.89,0.0,3.08,8.51,0.0,8.51,85.07,0.0,880.0,0.0,0.0
bf_qcv_045,period_3,3,248,0,1,880.0,8106.4,5302.87,2601.11,2,8001.99,0.0,0.0,0.0,3.08,9.21,0.0,9.21,92.12,0.0,880.0,0.0,0.0
bf_qcv_045,period_3,3,251,0,1,880.0,7522.41,5302.87,2413.72,2,7425.3,0.0,0.0,0.0,3.08,8.55,0.0,8.55,85.48,0.0,880.0,0.0,0.0
bf_qcv_045,period_3,3,252,0,1,880.0,8352.17,5302.87,2679.97,2,8216.23,0.0,0.0,0.0,3.07,37.96,0.0,37.96,94.91,0.0,880.0,0.0,0.0
bf_qcv_045,period_3,3,253,0,1,880.0,7601.37,5302.87,2439.06,2,7503.28,0.0,0.0,0.0,3.08,8.64,0.0,8.64,86.38,0.0,880.0,0.0,0.0
bf_qcv_045,period_3,3,26,0,1,1200.0,7042.26,4819.73,1657.08,2,6944.17,0.0,0.0,0.0,4.19,35.21,0.0,35.21,58.69,0.0,1200.0,0.0,0.0
bf_qcv_045,period_3,3,32,0,1,1200.0,8255.11,4819.73,1942.47,2,8140.85,0.0,0.0,0.0,4.19,41.28,0.0,41.28,68.79,0.0,1200.0,0.0,0.0
bf_qcv_045,period_3,3,35,0,1,1200.0,7537.9,4819.73,1773.71,2,7433.2,0.0,0.0,0.0,4.19,37.69,0.0,37.69,62.82,0.0,1200.0,0.0,0.0
bf_qcv_045,period_3,3,4,0,1,1200.0,8025.79,4819.73,1888.51,2,7914.59,0.0,0.0,0.0,4.19,40.13,0.0,40.13,66.88,0.0,1200.0,0.0,0.0
bf_qcv_045,period_3,3,48,0,1,1200.0,7701.29,4819.73,1812.15,2,7592.25,2.16,0.0,2.16,4.19,38.51,0.0,38.51,64.18,0.0,1200.0,0.0,0.0
bf_qcv_045,period_3,3,65,0,1,1200.0,7530.92,4819.73,1772.06,2,7426.31,0.0,0.0,0.0,4.19,37.65,0.0,37.65,62.76,0.0,1200.0,0.0,0.0
bf_qcv_045,period_3,3,66,0,1,1200.0,7909.62,4819.73,1861.17,2,7799.97,0.0,0.0,0.0,4.19,39.55,0.0,39.55,65.91,0.0,1200.0,0.0,0.0
bf_qcv_045,period_3,3,67,0,1,1200.0,6914.84,4819.73,1627.1,2,6818.45,0.0,0.0,0.0,4.19,34.57,0.0,34.57,57.62,0.0,1200.0,0.0,0.0
bf_qcv_045,period_3,3,72,0,1,1200.0,8036.24,4819.73,1890.97,2,7924.9,0.0,0.0,0.0,4.19,40.18,0.0,40.18,66.97,0.0,1200.0,0.0,0.0
bf_qcv_045,period_3,3,91,0,1,1000.0,7911.06,5288.27,2233.82,2,7597.46,1.67,0.0,1.67,3.4,229.42,0.0,229.42,79.11,0.0,1000.0,0.0,0.0
bf_qcv_045,period_4,4,107,0,1,1000.0,9312.83,5288.27,2629.63,2,8694.88,0.0,0.0,0.0,3.31,521.52,0.0,521.52,93.13,0.0,1000.0,0.0,0.0
bf_qcv_045,period_4,4,110,0,1,1000.0,7776.67,5288.27,2195.87,2,7679.85,0.0,0.0,0.0,3.5,15.55,0.0,15.55,77.77,0.0,1000.0,0.0,0.0
bf_qcv_045,period_4,4,119,0,1,1000.0,8730.4,5288.27,2465.17,2,8386.51,0.0,0.0,0.0,3.4,253.18,0.0,253.18,87.3,0.0,1000.0,0.0,0.0
bf_qcv_045,period_4,4,123,0,1,1000.0,8934.09,5288.27,2522.69,2,8341.13,0.0,0.0,0.0,3.31,500.31,0.0,500.31,89.34,0.0,1000.0,0.0,0.0
bf_qcv_045,period_4,4,139,0,1,1000.0,8472.39,5288.27,2392.32,2,7909.9,0.0,0.0,0.0,3.31,474.45,0.0,474.45,84.72,0.0,1000.0,0.0,0.0
bf_qcv_045,period_4,4,142,0,1,1000.0,8859.15,5288.27,2501.52,2,8510.24,0.0,0.0,0.0,3.4,256.92,0.0,256.92,88.59,0.0,1000.0,0.0,0.0
bf_qcv_045,period_4,4,165,0,1,1000.0,8589.81,5288.27,2425.47,2,8483.23,0.0,0.0,0.0,3.5,17.18,0.0,17.18,85.9,0.0,1000.0,0.0,0.0
bf_qcv_045,period_4,4,167,0,1,1000.0,8479.08,5288.27,2394.21,2,8373.83,0.0,0.0,0.0,3.5,16.96,0.0,16.96,84.79,0.0,1000.0,0.0,0.0
bf_qcv_045,period_4,4,168,0,1,880.0,8196.89,5302.87,2630.14,2,8091.35,0.0,0.0,0.0,3.08,9.31,-0.0,9.31,93.15,0.0,880.0,0.0,0.0
bf_qcv_045,period_4,4,174,0,1,880.0,7125.05,5302.87,2286.22,2,7032.91,0.0,0.0,0.0,3.08,8.1,0.0,8.1,80.97,0.0,880.0,0.0,0.0
bf_qcv_045,period_4,4,176,0,1,880.0,7459.93,5302.87,2393.67,2,7338.18,0.0,0.0,0.0,3.07,33.91,0.0,33.91,84.77,0.0,880.0,0.0,0.0
bf_qcv_045,period_4,4,178,0,1,880.0,7891.48,5302.87,2532.14,2,7789.76,0.0,0.0,0.0,3.08,8.97,0.0,8.97,89.68,0.0,880.0,0.0,0.0
bf_qcv_045,period_4,4,180,0,1,880.0,8764.2,5302.87,2812.18,2,8651.57,0.0,0.0,0.0,3.08,9.96,-0.0,9.96,99.59,0.0,880.0,0.0,0.0
bf_qcv_045,period_4,4,203,0,1,880.0,7636.22,5302.87,2450.24,2,7536.93,0.76,0.0,0.76,3.08,8.68,0.0,8.68,86.78,0.0,880.0,0.0,0.0
bf_qcv_045,period_4,4,204,0,1,880.0,7616.07,5302.87,2443.77,2,7517.79,0.0,0.0,0.0,3.08,8.65,0.0,8.65,86.55,0.0,880.0,0.0,0.0
bf_qcv_045,period_4,4,216,0,1,880.0,6357.52,5302.87,2039.94,2,6262.42,12.55,12.55,0.0,3.08,7.22,0.0,7.22,72.24,0.0,880.0,0.0,0.0
bf_qcv_045,period_4,4,220,0,1,880.0,8484.8,5302.87,2722.52,2,8346.75,0.0,0.0,0.0,3.07,38.57,0.0,38.57,96.42,0.0,880.0,0.0,0.0
bf_qcv_045,period_4,4,225,0,1,880.0,7640.29,5302.87,2451.55,2,7541.71,0.0,0.0,0.0,3.08,8.68,0.0,8.68,86.82,0.0,880.0,0.0,0.0
bf_qcv_045,period_4,4,241,0,1,880.0,6810.95,5302.87,2185.43,2,6699.53,0.0,0.0,0.0,3.07,30.96,0.0,30.96,77.4,0.0,880.0,0.0,0.0
bf_qcv_045,period_4,4,248,0,1,880.0,8106.4,5302.87,2601.11,2,8001.99,0.0,0.0,0.0,3.08,9.21,0.0,9.21,92.12,0.0,880.0,0.0,0.0
bf_qcv_045,period_4,4,253,0,1,880.0,7601.37,5302.87,2439.06,2,7477.37,0.0,0.0,0.0,3.07,34.55,0.0,34.55,86.38,0.0,880.0,0.0,0.0
bf_qcv_045,period_4,4,254,0,1,880.0,5843.15,5302.87,1874.9,2,5747.12,0.0,0.0,0.0,3.07,26.56,0.0,26.56,66.4,0.0,880.0,0.0,0.0
bf_qcv_045,period_4,4,32,0,1,1200.0,8255.11,4819.73,1942.47,2,8140.85,0.0,0.0,0.0,4.19,41.28,0.0,41.28,68.79,0.0,1200.0,0.0,0.0
bf_qcv_045,period_4,4,45,0,1,1200.0,5935.21,4819.73,1396.59,2,5847.65,4.23,0.0,4.23,4.19,29.68,0.0,29.68,49.46,0.0,1200.0,0.0,0.0
bf_qcv_045,period_4,4,57,0,1,1200.0,6380.48,4819.73,1501.36,2,6291.21,0.0,0.0,0.0,4.19,31.9,0.0,31.9,53.17,0.0,1200.0,0.0,0.0
bf_qcv_045,period_4,4,7,0,1,1200.0,8064.92,4819.73,1897.72,2,7953.19,0.0,0.0,0.0,4.19,40.32,0.0,40.32,67.21,0.0,1200.0,0.0,0.0
bf_qcv_045,period_4,4,72,0,1,1200.0,8036.24,4819.73,1890.97,2,7924.65,0.25,0.0,0.25,4.19,40.18,0.0,40.18,66.97,0.0,1200.0,0.0,0.0
bf_qcv_045,period_4,4,74,0,1,1200.0,8054.77,4819.73,1895.33,2,7943.18,0.0,0.0,0.0,4.19,40.27,0.0,40.27,67.12,0.0,1200.0,0.0,0.0
bf_qcv_045,period_4,4,83,0,1,1200.0,7994.35,4819.73,1881.11,2,7883.57,0.0,0.0,0.0,4.19,39.97,0.0,39.97,66.62,0.0,1200.0,0.0,0.0
bf_qcv_045,period_4,4,92,0,1,1000.0,8593.93,5288.27,2426.64,2,8254.35,1.02,0.0,1.02,3.4,249.22,0.0,249.22,85.94,0.0,1000.0,0.0,0.0
bf_qcv_045,period_4,4,256,1,0,467.0,0.0,4819.73,0.0,0,0.0,0.0,0.0,0.0,0.0,0.0,0.0,0.0,0.0,0.0,467.0,0.0,0.0
bf_qcv_045,period_4,4,257,1,1,436.0,11.89,5302.87,7.7,1,10.35,0.0,0.0,0.0,1.54,0.0,0.0,0.0,0.0,0.0,436.0,0.0,1.54
bf_qcv_045,period_5,5,108,0,1,1000.0,7971.78,5288.27,2250.96,2,7872.62,0.0,0.0,0.0,3.5,15.94,0.0,15.94,79.72,0.0,1000.0,0.0,0.0
bf_qcv_045,period_5,5,11,0,1,1200.0,6642.23,4819.73,1562.95,2,6549.47,0.0,0.0,0.0,4.19,33.21,0.0,33.21,55.35,0.0,1200.0,0.0,0.0
bf_qcv_045,period_5,5,112,0,1,1000.0,7814.23,5288.27,2206.47,2,7506.07,0.0,0.0,0.0,3.4,226.61,0.0,226.61,78.14,0.0,1000.0,0.0,0.0
bf_qcv_045,period_5,5,113,0,1,1000.0,7882.19,5288.27,2225.66,2,7784.1,0.0,0.0,0.0,3.5,15.76,0.0,15.76,78.82,0.0,1000.0,0.0,0.0
bf_qcv_045,period_5,5,124,0,1,1000.0,6736.65,5288.27,1902.2,2,6288.72,0.0,0.0,0.0,3.31,377.25,0.0,377.25,67.37,0.0,1000.0,0.0,0.0
bf_qcv_045,period_5,5,126,0,1,1000.0,9551.22,5288.27,2696.94,2,9432.31,0.8,0.0,0.8,3.5,19.1,0.0,19.1,95.51,0.0,1000.0,0.0,0.0
bf_qcv_045,period_5,5,128,0,1,1000.0,7391.31,5288.27,2087.06,2,6900.18,0.0,0.0,0.0,3.31,413.91,0.0,413.91,73.91,0.0,1000.0,0.0,0.0
bf_qcv_045,period_5,5,133,0,1,1000.0,7002.69,5288.27,1977.32,2,6726.18,0.0,0.0,0.0,3.4,203.08,0.0,203.08,70.03,0.0,1000.0,0.0,0.0
bf_qcv_045,period_5,5,135,0,1,1000.0,7114.63,5288.27,2008.93,2,6641.76,0.0,0.0,0.0,3.31,398.42,0.0,398.42,71.15,0.0,1000.0,0.0,0.0
bf_qcv_045,period_5,5,138,0,1,1000.0,7582.66,5288.27,2141.09,2,7078.9,0.0,0.0,0.0,3.31,424.63,0.0,424.63,75.83,0.0,1000.0,0.0,0.0
bf_qcv_045,period_5,5,168,0,1,880.0,8196.89,5302.87,2630.14,2,8091.35,0.0,0.0,0.0,3.08,9.31,0.0,9.31,93.15,0.0,880.0,0.0,0.0
bf_qcv_045,period_5,5,169,0,1,880.0,6720.93,5302.87,2156.55,2,6610.94,0.0,0.0,0.0,3.07,30.55,0.0,30.55,76.37,0.0,880.0,0.0,0.0
bf_qcv_045,period_5,5,176,0,1,880.0,7459.93,5302.87,2393.67,2,7338.18,0.0,0.0,0.0,3.07,33.91,0.0,33.91,84.77,0.0,880.0,0.0,0.0
bf_qcv_045,period_5,5,178,0,1,880.0,7891.48,5302.87,2532.14,2,7789.76,0.0,0.0,0.0,3.08,8.97,0.0,8.97,89.68,0.0,880.0,0.0,0.0
bf_qcv_045,period_5,5,180,0,1,880.0,8764.2,5302.87,2812.18,2,8621.7,0.0,0.0,0.0,3.07,39.84,0.0,39.84,99.59,0.0,880.0,0.0,0.0
bf_qcv_045,period_5,5,182,0,1,880.0,6299.42,5302.87,2021.3,2,6195.78,0.36,0.0,0.36,3.07,28.63,0.0,28.63,71.58,0.0,880.0,0.0,0.0
bf_qcv_045,period_5,5,183,0,1,880.0,6152.16,5302.87,1974.05,2,6051.22,0.0,0.0,0.0,3.07,27.96,0.0,27.96,69.91,0.0,880.0,0.0,0.0
bf_qcv_045,period_5,5,185,0,1,880.0,6736.03,5302.87,2161.39,2,6625.8,0.0,0.0,0.0,3.07,30.62,0.0,30.62,76.55,0.0,880.0,0.0,0.0
bf_qcv_045,period_5,5,192,0,1,880.0,7480.06,5302.87,2400.13,2,7357.99,0.0,0.0,0.0,3.07,34.0,0.0,34.0,85.0,0.0,880.0,0.0,0.0
bf_qcv_045,period_5,5,196,0,1,880.0,7155.48,5302.87,2295.98,2,7062.96,0.0,0.0,0.0,3.08,8.13,0.0,8.13,81.31,0.0,880.0,0.0,0.0
bf_qcv_045,period_5,5,2,0,1,1200.0,6868.7,4819.73,1616.24,2,6763.51,9.41,0.0,9.41,4.19,34.34,0.0,34.34,57.24,0.0,1200.0,0.0,0.0
bf_qcv_045,period_5,5,203,0,1,880.0,7636.22,5302.87,2450.24,2,7511.67,0.0,0.0,0.0,3.07,34.71,0.0,34.71,86.78,0.0,880.0,0.0,0.0
bf_qcv_045,period_5,5,204,0,1,880.0,7616.07,5302.87,2443.77,2,7517.79,0.0,0.0,0.0,3.08,8.65,0.0,8.65,86.55,0.0,880.0,0.0,0.0
bf_qcv_045,period_5,5,21,0,1,1200.0,7985.82,4819.73,1879.1,2,7875.15,0.0,0.0,0.0,4.19,39.93,0.0,39.93,66.55,0.0,1200.0,0.0,0.0
bf_qcv_045,period_5,5,211,0,1,880.0,7672.4,5302.87,2461.85,2,7573.42,0.0,0.0,0.0,3.08,8.72,0.0,8.72,87.19,0.0,880.0,0.0,0.0
bf_qcv_045,period_5,5,212,0,1,880.0,7547.31,5302.87,2421.71,2,7424.17,0.0,0.0,0.0,3.07,34.31,0.0,34.31,85.76,0.0,880.0,0.0,0.0
bf_qcv_045,period_5,5,215,0,1,880.0,7412.93,5302.87,2378.59,2,7317.19,0.0,0.0,0.0,3.08,8.42,0.0,8.42,84.24,0.0,880.0,0.0,0.0
bf_qcv_045,period_5,5,220,0,1,880.0,8484.8,5302.87,2722.52,2,8375.66,0.0,0.0,0.0,3.08,9.64,0.0,9.64,96.42,0.0,880.0,0.0,0.0
bf_qcv_045,period_5,5,225,0,1,880.0,7640.29,5302.87,2451.55,2,7541.71,0.0,0.0,0.0,3.08,8.68,0.0,8.68,86.82,0.0,880.0,0.0,0.0
bf_qcv_045,period_5,5,229,0,1,880.0,7358.24,5302.87,2361.04,2,7238.11,0.0,0.0,0.0,3.07,33.45,0.0,33.45,83.62,0.0,880.0,0.0,0.0
bf_qcv_045,period_5,5,234,0,1,880.0,8367.18,5302.87,2684.78,2,8259.51,0.0,0.0,0.0,3.08,9.51,0.0,9.51,95.08,0.0,880.0,0.0,0.0
bf_qcv_045,period_5,5,239,0,1,880.0,7477.33,5302.87,2399.26,2,7380.79,0.0,0.0,0.0,3.08,8.5,0.0,8.5,84.97,0.0,880.0,0.0,0.0
bf_qcv_045,period_5,5,243,0,1,880.0,7486.51,5302.87,2402.2,2,7389.85,0.0,0.0,0.0,3.08,8.51,0.0,8.51,85.07,0.0,880.0,0.0,0.0
bf_qcv_045,period_5,5,251,0,1,880.0,7522.41,5302.87,2413.72,2,7425.3,0.0,0.0,0.0,3.08,8.55,0.0,8.55,85.48,0.0,880.0,0.0,0.0
bf_qcv_045,period_5,5,252,0,1,880.0,8352.17,5302.87,2679.97,2,8244.69,0.0,0.0,0.0,3.08,9.49,0.0,9.49,94.91,0.0,880.0,0.0,0.0
bf_qcv_045,period_5,5,253,0,1,880.0,7601.37,5302.87,2439.06,2,7503.28,0.0,0.0,0.0,3.08,8.64,0.0,8.64,86.38,0.0,880.0,0.0,0.0
bf_qcv_045,period_5,5,28,0,1,1200.0,7226.67,4819.73,1700.47,2,7126.12,0.0,0.0,0.0,4.19,36.13,0.0,36.13,60.22,0.0,1200.0,0.0,0.0
bf_qcv_045,period_5,5,4,0,1,1200.0,8025.79,4819.73,1888.51,2,7914.59,0.0,0.0,0.0,4.19,40.13,0.0,40.13,66.88,0.0,1200.0,0.0,0.0
bf_qcv_045,period_5,5,43,0,1,1200.0,6884.45,4819.73,1619.95,2,6788.46,0.0,0.0,0.0,4.19,34.42,0.0,34.42,57.37,0.0,1200.0,0.0,0.0
bf_qcv_045,period_5,5,48,0,1,1200.0,7701.29,4819.73,1812.15,2,7594.41,0.0,0.0,0.0,4.19,38.51,0.0,38.51,64.18,0.0,1200.0,0.0,0.0
bf_qcv_045,period_5,5,54,0,1,1200.0,7391.03,4819.73,1739.15,2,7288.29,0.0,0.0,0.0,4.19,36.96,0.0,36.96,61.59,0.0,1200.0,0.0,0.0
bf_qcv_045,period_5,5,66,0,1,1200.0,7909.62,4819.73,1861.17,2,7799.97,0.0,0.0,0.0,4.19,39.55,0.0,39.55,65.91,0.0,1200.0,0.0,0.0
bf_qcv_045,period_5,5,70,0,1,1200.0,6515.67,4819.73,1533.17,2,6424.6,0.0,0.0,0.0,4.19,32.58,0.0,32.58,54.3,0.0,1200.0,0.0,0.0
bf_qcv_045,period_5,5,71,0,1,1200.0,7216.71,4819.73,1698.13,2,7116.29,0.0,0.0,0.0,4.19,36.08,0.0,36.08,60.14,0.0,1200.0,0.0,0.0
bf_qcv_045,period_5,5,72,0,1,1200.0,8036.24,4819.73,1890.97,2,7924.9,0.0,0.0,0.0,4.19,40.18,0.0,40.18,66.97,0.0,1200.0,0.0,0.0
bf_qcv_045,period_5,5,83,0,1,1200.0,7994.35,4819.73,1881.11,2,7883.57,0.0,0.0,0.0,4.19,39.97,0.0,39.97,66.62,0.0,1200.0,0.0,0.0
bf_qcv_045,period_5,5,86,0,1,1200.0,6615.53,4819.73,1556.67,2,6523.13,0.0,0.0,0.0,4.19,33.08,0.0,33.08,55.13,0.0,1200.0,0.0,0.0
bf_qcv_045,period_5,5,96,0,1,1000.0,6688.34,5288.27,1888.56,2,6424.09,0.0,0.0,0.0,3.4,193.96,0.0,193.96,66.88,0.0,1000.0,0.0,0.0
bf_qcv_045,period_5,5,98,0,1,1000.0,8039.54,5288.27,2270.09,2,7939.57,0.0,0.0,0.0,3.5,16.08,0.0,16.08,80.4,0.0,1000.0,0.0,0.0
bf_qcv_045,period_5,5,99,0,1,1000.0,7839.01,5288.27,2213.47,2,7741.44,0.0,0.0,0.0,3.5,15.68,0.0,15.68,78.39,0.0,1000.0,0.0,0.0
bf_qcv_045,period_5,5,256,1,1,436.0,12.55,5302.87,8.13,1,7.41,3.6,0.0,3.6,1.54,0.0,0.0,0.0,0.0,0.0,436.0,0.0,5.14
bf_sae1006_045,period_1,1,100,0,1,810.0,7717.17,5173.98,2689.52,1,7433.35,0.0,0.0,0.0,2.76,185.78,0.0,185.78,95.27,0.0,810.0,0.0,0.0
bf_sae1006_045,period_1,1,102,0,1,810.0,8652.32,5173.98,3015.43,1,8334.44,0.0,0.0,0.0,2.76,208.3,0.0,208.3,106.82,0.0,810.0,0.0,0.0
bf_sae1006_045,period_1,1,111,0,1,810.0,8429.71,5173.98,2937.85,1,8119.94,0.0,0.0,0.0,2.76,202.94,0.0,202.94,104.07,0.0,810.0,0.0,0.0
bf_sae1006_045,period_1,1,112,0,1,810.0,7772.61,5173.98,2708.85,1,7486.77,0.0,0.0,0.0,2.76,187.12,0.0,187.12,95.96,0.0,810.0,0.0,0.0
bf_sae1006_045,period_1,1,117,0,1,810.0,8397.97,5173.98,2926.79,1,8089.35,0.0,0.0,0.0,2.76,202.17,0.0,202.17,103.68,0.0,810.0,0.0,0.0
bf_sae1006_045,period_1,1,118,0,1,810.0,7935.17,5173.98,2765.5,1,7643.41,0.0,0.0,0.0,2.76,191.03,0.0,191.03,97.97,0.0,810.0,0.0,0.0
bf_sae1006_045,period_1,1,121,0,1,810.0,8058.98,5173.98,2808.65,1,7762.71,0.0,0.0,0.0,2.76,194.01,0.0,194.01,99.49,0.0,810.0,0.0,0.0
bf_sae1006_045,period_1,1,123,0,1,810.0,7976.6,5173.98,2779.94,1,7683.33,0.0,0.0,0.0,2.76,192.03,0.0,192.03,98.48,0.0,810.0,0.0,0.0
bf_sae1006_045,period_1,1,140,0,1,810.0,8199.01,5173.98,2857.45,1,7897.64,0.0,0.0,0.0,2.76,197.38,0.0,197.38,101.22,0.0,810.0,0.0,0.0
bf_sae1006_045,period_1,1,144,0,1,810.0,8560.72,5173.98,2983.51,1,8246.18,0.0,0.0,0.0,2.76,206.09,0.0,206.09,105.69,0.0,810.0,0.0,0.0
bf_sae1006_045,period_1,1,145,0,1,810.0,8343.94,5173.98,2907.96,1,8037.29,0.0,0.0,0.0,2.76,200.87,0.0,200.87,103.01,0.0,810.0,0.0,0.0
bf_sae1006_045,period_1,1,149,0,1,810.0,8069.45,5173.98,2812.3,1,7772.8,0.0,0.0,0.0,2.76,194.26,0.0,194.26,99.62,0.0,810.0,0.0,0.0
bf_sae1006_045,period_1,1,150,0,1,810.0,6413.1,5173.98,2235.04,1,6405.57,4.66,0.0,4.66,2.87,0.0,0.0,0.0,0.0,0.0,810.0,0.0,0.0
bf_sae1006_045,period_1,1,158,0,1,810.0,8164.37,5173.98,2845.38,1,7864.26,0.0,0.0,0.0,2.76,196.55,0.0,196.55,100.79,0.0,810.0,0.0,0.0
bf_sae1006_045,period_1,1,160,0,1,810.0,8253.99,5173.98,2876.61,1,7950.62,0.0,0.0,0.0,2.76,198.71,0.0,198.71,101.9,0.0,810.0,0.0,0.0
bf_sae1006_045,period_1,1,170,0,1,810.0,7358.21,5173.98,2564.42,1,7355.34,0.0,0.0,0.0,2.87,0.0,0.0,0.0,0.0,0.0,810.0,0.0,0.0
bf_sae1006_045,period_1,1,175,0,1,810.0,7775.96,5173.98,2710.01,1,7490.0,0.0,0.0,0.0,2.76,187.2,0.0,187.2,96.0,0.0,810.0,0.0,0.0
bf_sae1006_045,period_1,1,184,0,1,810.0,8492.56,5173.98,2959.76,1,8180.5,0.0,0.0,0.0,2.76,204.45,0.0,204.45,104.85,0.0,810.0,0.0,0.0
bf_sae1006_045,period_1,1,187,0,1,810.0,7249.88,5173.98,2526.67,1,6983.08,0.0,0.0,0.0,2.76,174.53,0.0,174.53,89.5,0.0,810.0,0.0,0.0
bf_sae1006_045,period_1,1,192,0,1,810.0,6721.45,5173.98,2342.5,1,6718.58,0.0,0.0,0.0,2.87,0.0,0.0,0.0,0.0,0.0,810.0,0.0,0.0
bf_sae1006_045,period_1,1,197,0,1,810.0,8068.21,5173.98,2811.87,1,7771.6,0.0,0.0,0.0,2.76,194.23,0.0,194.23,99.61,0.0,810.0,0.0,0.0
bf_sae1006_045,period_1,1,198,0,1,810.0,8265.6,5173.98,2880.66,1,7961.8,0.0,0.0,0.0,2.76,198.99,0.0,198.99,102.04,0.0,810.0,0.0,0.0
bf_sae1006_045,period_1,1,20,0,1,1100.0,8632.48,4947.45,2215.37,2,8281.38,13.82,0.0,13.82,3.75,255.05,0.0,255.05,78.48,0.0,1100.0,0.0,0.0
bf_sae1006_045,period_1,1,211,0,1,1250.0,9821.87,5102.73,2218.13,2,9683.92,0.0,0.0,0.0,4.37,55.0,0.0,55.0,78.57,0.0,1250.0,0.0,0.0
bf_sae1006_045,period_1,1,212,0,1,1250.0,9144.93,5102.73,2065.25,2,9012.16,4.03,0.0,4.03,4.37,51.21,0.0,51.21,73.16,0.0,1250.0,0.0,0.0
bf_sae1006_045,period_1,1,214,0,1,1250.0,9647.75,5102.73,2178.81,2,9435.03,0.0,0.0,0.0,4.33,131.21,0.0,131.21,77.18,0.0,1250.0,0.0,0.0
bf_sae1006_045,period_1,1,224,0,1,1250.0,10008.67,5102.73,2260.31,2,9868.18,0.0,0.0,0.0,4.37,56.05,0.0,56.05,80.07,0.0,1250.0,0.0,0.0
bf_sae1006_045,period_1,1,227,0,1,1250.0,7857.2,5102.73,742.22,3,3024.82,0.0,0.0,0.0,4.08,231.37,0.0,231.37,26.29,4570.63,1250.0,1032.21,0.0
bf_sae1006_045,period_1,1,23,0,1,1100.0,8418.67,4947.45,2160.49,2,7832.61,207.32,207.32,0.0,3.72,298.48,0.0,298.48,76.53,0.0,1100.0,0.0,0.0
bf_sae1006_045,period_1,1,244,0,1,1250.0,8860.64,5102.73,2001.05,2,8575.33,89.59,89.59,0.0,4.33,120.5,0.0,120.5,70.89,0.0,1250.0,0.0,0.0
bf_sae1006_045,period_1,1,261,0,1,1250.0,9249.69,5102.73,2088.91,2,9119.53,0.0,0.0,0.0,4.37,51.8,0.0,51.8,74.0,0.0,1250.0,0.0,0.0
bf_sae1006_045,period_1,1,266,0,1,1250.0,9615.49,5102.73,2171.52,2,9480.35,0.0,0.0,0.0,4.37,53.85,0.0,53.85,76.92,0.0,1250.0,0.0,0.0
bf_sae1006_045,period_1,1,275,0,1,1250.0,9385.4,5102.73,2119.56,2,9228.44,24.95,24.95,0.0,4.37,52.56,0.0,52.56,75.08,0.0,1250.0,0.0,0.0
bf_sae1006_045,period_1,1,282,0,1,1250.0,8050.2,5102.73,1818.02,2,7769.0,0.0,0.0,0.0,4.28,212.53,0.0,212.53,64.4,0.0,1250.0,0.0,0.0
bf_sae1006_045,period_1,1,284,0,1,1250.0,10148.17,5102.73,2291.82,2,10005.79,0.0,0.0,0.0,4.37,56.83,0.0,56.83,81.19,0.0,1250.0,0.0,0.0
bf_sae1006_045,period_1,1,287,0,1,1250.0,9413.5,5102.73,2125.9,2,9205.84,0.0,0.0,0.0,4.33,128.02,0.0,128.02,75.31,0.0,1250.0,0.0,0.0
bf_sae1006_045,period_1,1,294,0,1,1250.0,9812.88,5102.73,2216.1,2,9675.06,0.0,0.0,0.0,4.37,54.95,0.0,54.95,78.5,0.0,1250.0,0.0,0.0
bf_sae1006_045,period_1,1,30,0,1,1100.0,8931.91,4947.45,2292.21,2,8583.07,0.0,0.0,0.0,3.75,263.9,0.0,263.9,81.2,0.0,1100.0,0.0,0.0
bf_sae1006_045,period_1,1,35,0,1,1100.0,8790.23,4947.45,2255.85,2,8446.86,0.0,0.0,0.0,3.75,259.71,0.0,259.71,79.91,0.0,1100.0,0.0,0.0
bf_sae1006_045,period_1,1,36,0,1,1100.0,8573.73,4947.45,2200.29,2,8445.18,0.0,0.0,0.0,3.84,46.77,0.0,46.77,77.94,0.0,1100.0,0.0,0.0
bf_sae1006_045,period_1,1,38,0,1,1100.0,8953.94,4947.45,2297.86,3,8852.41,0.0,0.0,0.0,3.85,16.28,0.0,16.28,81.4,0.0,1100.0,0.0,0.0
bf_sae1006_045,period_1,1,40,0,1,1100.0,8460.11,4947.45,2171.13,2,8129.5,0.0,0.0,0.0,3.75,249.96,0.0,249.96,76.91,0.0,1100.0,0.0,0.0
bf_sae1006_045,period_1,1,61,0,1,1100.0,7665.46,4947.45,1967.2,2,7356.55,9.0,0.0,9.0,3.75,226.48,0.0,226.48,69.69,0.0,1100.0,0.0,0.0
bf_sae1006_045,period_1,1,76,0,1,1100.0,8599.27,4947.45,2206.84,3,8492.15,9.46,9.46,0.0,3.85,15.64,0.0,15.64,78.18,0.0,1100.0,0.0,0.0
bf_sae1006_045,period_1,1,8,0,1,1100.0,9609.36,4947.45,2466.06,2,9096.5,137.84,137.84,0.0,3.75,283.91,0.0,283.91,87.36,0.0,1100.0,0.0,0.0
bf_sae1006_045,period_1,1,83,0,1,1100.0,7264.83,4947.45,1864.38,2,6903.84,145.87,145.87,0.0,3.78,145.3,0.0,145.3,66.04,0.0,1100.0,0.0,0.0
bf_sae1006_045,period_1,1,98,0,1,810.0,8626.33,5173.98,3006.38,1,8309.4,0.0,0.0,0.0,2.76,207.67,0.0,207.67,106.5,0.0,810.0,0.0,0.0
bf_sae1006_045,period_2,2,102,0,1,810.0,8652.32,5173.98,3015.43,1,8649.45,0.0,0.0,0.0,2.87,0.0,0.0,0.0,0.0,0.0,810.0,0.0,0.0
bf_sae1006_045,period_2,2,111,0,1,810.0,8429.71,5173.98,2937.85,1,8119.94,0.0,0.0,0.0,2.76,202.94,0.0,202.94,104.07,0.0,810.0,0.0,0.0
bf_sae1006_045,period_2,2,115,0,1,810.0,7447.16,5173.98,2595.42,1,7173.17,0.0,0.0,0.0,2.76,179.28,0.0,179.28,91.94,0.0,810.0,0.0,0.0
bf_sae1006_045,period_2,2,117,0,1,810.0,8397.97,5173.98,2926.79,1,8089.35,0.0,0.0,0.0,2.76,202.17,0.0,202.17,103.68,0.0,810.0,0.0,0.0
bf_sae1006_045,period_2,2,118,0,1,810.0,7935.17,5173.98,2765.5,1,7643.41,0.0,0.0,0.0,2.76,191.03,0.0,191.03,97.97,0.0,810.0,0.0,0.0
bf_sae1006_045,period_2,2,123,0,1,810.0,7976.6,5173.98,2779.94,1,7683.33,0.0,0.0,0.0,2.76,192.03,0.0,192.03,98.48,0.0,810.0,0.0,0.0
bf_sae1006_045,period_2,2,129,0,1,810.0,7540.1,5173.98,2627.81,1,7262.73,0.0,0.0,0.0,2.76,181.52,0.0,181.52,93.09,0.0,810.0,0.0,0.0
bf_sae1006_045,period_2,2,133,0,1,810.0,7463.15,5173.98,2601.0,1,7188.58,0.0,0.0,0.0,2.76,179.67,0.0,179.67,92.14,0.0,810.0,0.0,0.0
bf_sae1006_045,period_2,2,137,0,1,810.0,8004.9,5173.98,2789.8,1,7710.6,0.0,0.0,0.0,2.76,192.71,0.0,192.71,98.83,0.0,810.0,0.0,0.0
bf_sae1006_045,period_2,2,142,0,1,810.0,7935.07,5173.98,2765.46,1,7643.31,0.0,0.0,0.0,2.76,191.03,0.0,191.03,97.96,0.0,810.0,0.0,0.0
bf_sae1006_045,period_2,2,144,0,1,810.0,8560.72,5173.98,2983.51,1,8246.18,0.0,0.0,0.0,2.76,206.09,0.0,206.09,105.69,0.0,810.0,0.0,0.0
bf_sae1006_045,period_2,2,145,0,1,810.0,8343.94,5173.98,2907.96,1,8037.29,0.0,0.0,0.0,2.76,200.87,0.0,200.87,103.01,0.0,810.0,0.0,0.0
bf_sae1006_045,period_2,2,148,0,1,810.0,7556.09,5173.98,2633.39,1,7278.13,0.0,0.0,0.0,2.76,181.91,0.0,181.91,93.29,0.0,810.0,0.0,0.0
bf_sae1006_045,period_2,2,149,0,1,810.0,8069.45,5173.98,2812.3,1,7772.8,0.0,0.0,0.0,2.76,194.26,0.0,194.26,99.62,0.0,810.0,0.0,0.0
bf_sae1006_045,period_2,2,152,0,1,810.0,7849.27,5173.98,2735.56,1,7560.64,0.0,0.0,0.0,2.76,188.96,0.0,188.96,96.9,0.0,810.0,0.0,0.0
bf_sae1006_045,period_2,2,158,0,1,810.0,8164.37,5173.98,2845.38,1,7864.26,0.0,0.0,0.0,2.76,196.55,0.0,196.55,100.79,0.0,810.0,0.0,0.0
bf_sae1006_045,period_2,2,16,0,1,1100.0,7453.22,4947.45,1515.74,2,5096.24,543.22,543.22,0.0,3.72,209.4,0.0,209.4,53.69,1546.94,1100.0,396.99,0.0
bf_sae1006_045,period_2,2,160,0,1,810.0,8253.99,5173.98,2876.61,1,7950.62,0.0,0.0,0.0,2.76,198.71,0.0,198.71,101.9,0.0,810.0,0.0,0.0
bf_sae1006_045,period_2,2,164,0,1,810.0,7370.61,5173.98,2568.74,1,7099.41,0.0,0.0,0.0,2.76,177.44,0.0,177.44,91.0,0.0,810.0,0.0,0.0
bf_sae1006_045,period_2,2,17,0,1,1100.0,8592.88,4947.45,2205.2,2,8256.03,1.1,0.0,1.1,3.75,253.88,0.0,253.88,78.12,0.0,1100.0,0.0,0.0
bf_sae1006_045,period_2,2,175,0,1,810.0,7775.96,5173.98,2710.01,1,7490.0,0.0,0.0,0.0,2.76,187.2,0.0,187.2,96.0,0.0,810.0,0.0,0.0
bf_sae1006_045,period_2,2,184,0,1,810.0,8492.56,5173.98,2959.76,1,8180.5,0.0,0.0,0.0,2.76,204.45,0.0,204.45,104.85,0.0,810.0,0.0,0.0
bf_sae1006_045,period_2,2,195,0,1,810.0,5464.1,5173.98,1904.3,1,5461.23,0.0,0.0,0.0,2.87,0.0,0.0,0.0,0.0,0.0,810.0,0.0,0.0
bf_sae1006_045,period_2,2,197,0,1,810.0,8068.21,5173.98,2811.87,1,7771.6,0.0,0.0,0.0,2.76,194.23,0.0,194.23,99.61,0.0,810.0,0.0,0.0
bf_sae1006_045,period_2,2,198,0,1,810.0,8265.6,5173.98,2880.66,1,7961.8,0.0,0.0,0.0,2.76,198.99,0.0,198.99,102.04,0.0,810.0,0.0,0.0
bf_sae1006_045,period_2,2,20,0,1,1100.0,8632.48,4947.45,2215.37,2,8295.21,0.0,0.0,0.0,3.75,255.05,0.0,255.05,78.48,0.0,1100.0,0.0,0.0
bf_sae1006_045,period_2,2,223,0,1,1250.0,9182.36,5102.73,2073.7,2,9053.11,0.0,0.0,0.0,4.37,51.42,0.0,51.42,73.46,0.0,1250.0,0.0,0.0
bf_sae1006_045,period_2,2,224,0,1,1250.0,10008.67,5102.73,2260.31,2,9868.18,0.0,0.0,0.0,4.37,56.05,0.0,56.05,80.07,0.0,1250.0,0.0,0.0
bf_sae1006_045,period_2,2,226,0,1,1250.0,8877.12,5102.73,2004.77,2,8752.02,0.0,0.0,0.0,4.37,49.71,0.0,49.71,71.02,0.0,1250.0,0.0,0.0
bf_sae1006_045,period_2,2,230,0,1,1250.0,7677.9,5102.73,1733.94,2,6939.86,27.65,27.65,0.0,4.02,644.94,0.0,644.94,61.42,0.0,1250.0,0.0,0.0
bf_sae1006_045,period_2,2,233,0,1,1250.0,8631.29,5102.73,1949.25,2,8509.54,0.0,0.0,0.0,4.37,48.34,0.0,48.34,69.05,0.0,1250.0,0.0,0.0
bf_sae1006_045,period_2,2,238,0,1,1250.0,9038.83,5102.73,2041.29,2,8839.26,0.0,0.0,0.0,4.33,122.93,0.0,122.93,72.31,0.0,1250.0,0.0,0.0
bf_sae1006_045,period_2,2,24,0,1,1100.0,7263.44,4947.45,1864.03,2,7015.26,33.1,33.1,0.0,3.78,145.27,0.0,145.27,66.03,0.0,1100.0,0.0,0.0
bf_sae1006_045,period_2,2,243,0,1,1250.0,7001.03,5102.73,1581.08,2,6901.45,0.0,0.0,0.0,4.37,39.21,0.0,39.21,56.01,0.0,1250.0,0.0,0.0
bf_sae1006_045,period_2,2,252,0,1,1250.0,7644.01,5102.73,1726.29,2,7474.57,0.0,0.0,0.0,4.33,103.96,0.0,103.96,61.15,0.0,1250.0,0.0,0.0
bf_sae1006_045,period_2,2,258,0,1,1250.0,8443.83,5102.73,1906.92,2,8257.11,0.0,0.0,0.0,4.33,114.84,0.0,114.84,67.55,0.0,1250.0,0.0,0.0
bf_sae1006_045,period_2,2,261,0,1,1250.0,9249.69,5102.73,2088.91,2,9119.53,0.0,0.0,0.0,4.37,51.8,0.0,51.8,74.0,0.0,1250.0,0.0,0.0
bf_sae1006_045,period_2,2,281,0,1,1250.0,8735.5,5102.73,1972.79,2,8542.48,0.0,0.0,0.0,4.33,118.8,0.0,118.8,69.88,0.0,1250.0,0.0,0.0
bf_sae1006_045,period_2,2,285,0,1,1250.0,9136.09,5102.73,2063.25,2,8969.59,37.88,34.19,3.68,4.37,51.16,0.0,51.16,73.09,0.0,1250.0,0.0,0.0
bf_sae1006_045,period_2,2,297,0,1,1250.0,9101.03,5102.73,2055.34,2,8783.68,0.0,0.0,0.0,4.28,240.27,0.0,240.27,72.81,0.0,1250.0,0.0,0.0
bf_sae1006_045,period_2,2,30,0,1,1100.0,8931.91,4947.45,2292.21,2,8583.07,0.0,0.0,0.0,3.75,263.9,0.0,263.9,81.2,0.0,1100.0,0.0,0.0
bf_sae1006_045,period_2,2,47,0,1,1100.0,9577.17,4947.45,2457.8,2,9203.4,0.0,0.0,0.0,3.75,282.96,0.0,282.96,87.07,0.0,1100.0,0.0,0.0
bf_sae1006_045,period_2,2,50,0,1,1100.0,8837.22,4947.45,2267.91,2,8487.35,4.68,0.0,4.68,3.75,261.1,0.0,261.1,80.34,0.0,1100.0,0.0,0.0
bf_sae1006_045,period_2,2,60,0,1,1100.0,7266.21,4947.45,1864.74,2,7051.05,0.0,0.0,0.0,3.78,145.32,0.0,145.32,66.06,0.0,1100.0,0.0,0.0
bf_sae1006_045,period_2,2,76,0,1,1100.0,8599.27,4947.45,2206.84,2,8263.28,0.0,0.0,0.0,3.75,254.07,0.0,254.07,78.18,0.0,1100.0,0.0,0.0
bf_sae1006_045,period_2,2,9,0,1,1100.0,6373.95,4947.45,1635.76,2,6085.07,192.33,192.33,0.0,3.84,34.77,0.0,34.77,57.95,0.0,1100.0,0.0,0.0
bf_sae1006_045,period_2,2,96,0,1,1100.0,9069.31,4947.45,2327.47,2,8715.16,0.0,0.0,0.0,3.75,267.96,0.0,267.96,82.45,0.0,1100.0,0.0,0.0
bf_sae1006_045,period_2,2,98,0,1,810.0,8626.33,5173.98,3006.38,1,8309.4,0.0,0.0,0.0,2.76,207.67,0.0,207.67,106.5,0.0,810.0,0.0,0.0
bf_sae1006_045,period_2,2,298,1,1,277.0,137.84,4947.45,140.47,1,136.86,0.0,0.0,0.0,0.98,0.0,0.0,0.0,0.0,0.0,277.0,0.0,0.98
bf_sae1006_045,period_2,2,299,1,1,726.0,207.32,4947.45,80.61,1,204.75,0.0,0.0,0.0,2.57,0.0,0.0,0.0,0.0,0.0,726.0,0.0,2.57
bf_sae1006_045,period_2,2,300,1,1,534.0,9.46,4947.45,5.0,1,7.57,0.0,0.0,0.0,1.89,0.0,0.0,0.0,0.0,0.0,534.0,0.0,1.89
bf_sae1006_045,period_2,2,301,1,1,534.0,145.87,4947.45,77.11,1,143.98,0.0,0.0,0.0,1.89,0.0,0.0,0.0,0.0,0.0,534.0,0.0,1.89
bf_sae1006_045,period_2,2,302,1,1,1250.0,4570.63,5102.73,1032.21,2,4504.1,0.0,0.0,0.0,4.37,25.6,0.0,25.6,36.57,0.0,1250.0,0.0,66.53
bf_sae1006_045,period_2,2,303,1,1,550.0,89.59,5102.73,45.98,1,87.64,0.0,0.0,0.0,1.95,0.0,0.0,0.0,0.0,0.0,550.0,0.0,1.95
bf_sae1006_045,period_2,2,304,1,1,673.0,24.95,5102.73,10.47,1,22.57,0.0,0.0,0.0,2.38,0.0,0.0,0.0,0.0,0.0,673.0,0.0,2.38
bf_sae1006_045,period_3,3,100,0,1,810.0,7717.17,5173.98,2689.52,1,7433.35,0.0,0.0,0.0,2.76,185.78,0.0,185.78,95.27,0.0,810.0,0.0,0.0
bf_sae1006_045,period_3,3,102,0,1,810.0,8652.32,5173.98,3015.43,1,8334.44,0.0,0.0,0.0,2.76,208.3,0.0,208.3,106.82,0.0,810.0,0.0,0.0
bf_sae1006_045,period_3,3,111,0,1,810.0,8429.71,5173.98,2937.85,1,8119.94,0.0,0.0,0.0,2.76,202.94,0.0,202.94,104.07,0.0,810.0,0.0,0.0
bf_sae1006_045,period_3,3,112,0,1,810.0,7772.61,5173.98,2708.85,1,7486.77,0.0,0.0,0.0,2.76,187.12,0.0,187.12,95.96,0.0,810.0,0.0,0.0
bf_sae1006_045,period_3,3,117,0,1,810.0,8397.97,5173.98,2926.79,1,8089.35,0.0,0.0,0.0,2.76,202.17,0.0,202.17,103.68,0.0,810.0,0.0,0.0
bf_sae1006_045,period_3,3,118,0,1,810.0,7935.17,5173.98,2765.5,1,7643.41,0.0,0.0,0.0,2.76,191.03,0.0,191.03,97.97,0.0,810.0,0.0,0.0
bf_sae1006_045,period_3,3,121,0,1,810.0,8058.98,5173.98,2808.65,1,7762.71,0.0,0.0,0.0,2.76,194.01,0.0,194.01,99.49,0.0,810.0,0.0,0.0
bf_sae1006_045,period_3,3,123,0,1,810.0,7976.6,5173.98,2779.94,1,7683.33,0.0,0.0,0.0,2.76,192.03,0.0,192.03,98.48,0.0,810.0,0.0,0.0
bf_sae1006_045,period_3,3,137,0,1,810.0,8004.9,5173.98,2789.8,1,7710.6,0.0,0.0,0.0,2.76,192.71,0.0,192.71,98.83,0.0,810.0,0.0,0.0
bf_sae1006_045,period_3,3,140,0,1,810.0,8199.01,5173.98,2857.45,1,7897.64,0.0,0.0,0.0,2.76,197.38,0.0,197.38,101.22,0.0,810.0,0.0,0.0
bf_sae1006_045,period_3,3,142,0,1,810.0,7935.07,5173.98,2765.46,1,7643.31,0.0,0.0,0.0,2.76,191.03,0.0,191.03,97.96,0.0,810.0,0.0,0.0
bf_sae1006_045,period_3,3,144,0,1,810.0,8560.72,5173.98,2983.51,1,8246.18,0.0,0.0,0.0,2.76,206.09,0.0,206.09,105.69,0.0,810.0,0.0,0.0
bf_sae1006_045,period_3,3,145,0,1,810.0,8343.94,5173.98,2907.96,1,8037.29,0.0,0.0,0.0,2.76,200.87,0.0,200.87,103.01,0.0,810.0,0.0,0.0
bf_sae1006_045,period_3,3,149,0,1,810.0,8069.45,5173.98,2812.3,1,7772.8,0.0,0.0,0.0,2.76,194.26,0.0,194.26,99.62,0.0,810.0,0.0,0.0
bf_sae1006_045,period_3,3,152,0,1,810.0,7849.27,5173.98,2735.56,1,7560.64,0.0,0.0,0.0,2.76,188.96,0.0,188.96,96.9,0.0,810.0,0.0,0.0
bf_sae1006_045,period_3,3,158,0,1,810.0,8164.37,5173.98,2845.38,1,7864.26,0.0,0.0,0.0,2.76,196.55,0.0,196.55,100.79,0.0,810.0,0.0,0.0
bf_sae1006_045,period_3,3,160,0,1,810.0,8253.99,5173.98,2876.61,1,7950.62,0.0,0.0,0.0,2.76,198.71,0.0,198.71,101.9,0.0,810.0,0.0,0.0
bf_sae1006_045,period_3,3,170,0,1,810.0,7358.21,5173.98,2564.42,1,7087.46,0.0,0.0,0.0,2.76,177.14,0.0,177.14,90.84,0.0,810.0,0.0,0.0
bf_sae1006_045,period_3,3,175,0,1,810.0,7775.96,5173.98,2710.01,1,7490.0,0.0,0.0,0.0,2.76,187.2,0.0,187.2,96.0,0.0,810.0,0.0,0.0
bf_sae1006_045,period_3,3,184,0,1,810.0,8492.56,5173.98,2959.76,1,8180.5,0.0,0.0,0.0,2.76,204.45,0.0,204.45,104.85,0.0,810.0,0.0,0.0
bf_sae1006_045,period_3,3,191,0,1,810.0,7635.68,5173.98,2661.12,1,7632.81,0.0,0.0,0.0,2.87,0.0,0.0,0.0,0.0,0.0,810.0,0.0,0.0
bf_sae1006_045,period_3,3,197,0,1,810.0,8068.21,5173.98,2811.87,1,7771.6,0.0,0.0,0.0,2.76,194.23,0.0,194.23,99.61,0.0,810.0,0.0,0.0
bf_sae1006_045,period_3,3,198,0,1,810.0,8265.6,5173.98,2880.66,1,7961.8,0.0,0.0,0.0,2.76,198.99,0.0,198.99,102.04,0.0,810.0,0.0,0.0
bf_sae1006_045,period_3,3,20,0,1,1100.0,8632.48,4947.45,2215.37,2,8526.61,0.0,0.0,0.0,3.85,23.54,0.0,23.54,78.48,0.0,1100.0,0.0,0.0
bf_sae1006_045,period_3,3,202,0,1,810.0,7892.67,5173.98,2750.69,1,7602.46,0.0,0.0,0.0,2.76,190.01,0.0,190.01,97.44,0.0,810.0,0.0,0.0
bf_sae1006_045,period_3,3,212,0,1,1250.0,9144.93,5102.73,2065.25,2,9016.19,0.0,0.0,0.0,4.37,51.21,0.0,51.21,73.16,0.0,1250.0,0.0,0.0
bf_sae1006_045,period_3,3,214,0,1,1250.0,9647.75,5102.73,2178.81,2,9512.17,0.0,0.0,0.0,4.37,54.03,0.0,54.03,77.18,0.0,1250.0,0.0,0.0
bf_sae1006_045,period_3,3,217,0,1,1250.0,9684.03,5102.73,2187.0,2,9523.84,24.12,24.12,0.0,4.37,54.23,0.0,54.23,77.47,0.0,1250.0,0.0,0.0
bf_sae1006_045,period_3,3,223,0,1,1250.0,9182.36,5102.73,2073.7,2,8862.21,0.0,0.0,0.0,4.28,242.41,0.0,242.41,73.46,0.0,1250.0,0.0,0.0
bf_sae1006_045,period_3,3,224,0,1,1250.0,10008.67,5102.73,2260.31,2,9868.18,0.0,0.0,0.0,4.37,56.05,0.0,56.05,80.07,0.0,1250.0,0.0,0.0
bf_sae1006_045,period_3,3,253,0,1,1250.0,8940.67,5102.73,2019.12,2,8814.71,0.0,0.0,0.0,4.37,50.07,0.0,50.07,71.53,0.0,1250.0,0.0,0.0
bf_sae1006_045,period_3,3,26,0,1,1100.0,8511.86,4947.45,2184.41,2,8375.71,8.51,0.0,8.51,3.84,46.43,0.0,46.43,77.38,0.0,1100.0,0.0,0.0
bf_sae1006_045,period_3,3,261,0,1,1250.0,9249.69,5102.73,2088.91,2,9119.53,0.0,0.0,0.0,4.37,51.8,0.0,51.8,74.0,0.0,1250.0,0.0,0.0
bf_sae1006_045,period_3,3,265,0,1,1250.0,8849.25,5102.73,1998.48,2,8724.53,0.0,0.0,0.0,4.37,49.56,0.0,49.56,70.79,0.0,1250.0,0.0,0.0
bf_sae1006_045,period_3,3,267,0,1,1250.0,6326.83,5102.73,1428.82,2,6101.48,3.44,0.0,3.44,4.28,167.03,0.0,167.03,50.61,0.0,1250.0,0.0,0.0
bf_sae1006_045,period_3,3,275,0,1,1250.0,9385.4,5102.73,2119.56,2,9178.34,0.0,0.0,0.0,4.33,127.64,0.0,127.64,75.08,0.0,1250.0,0.0,0.0
bf_sae1006_045,period_3,3,28,0,1,1100.0,7903.45,4947.45,1699.52,2,6425.98,0.0,0.0,0.0,3.78,132.45,0.0,132.45,60.2,1281.03,1100.0,328.75,0.0
bf_sae1006_045,period_3,3,281,0,1,1250.0,8735.5,5102.73,1972.79,2,8542.48,0.0,0.0,0.0,4.33,118.8,0.0,118.8,69.88,0.0,1250.0,0.0,0.0
bf_sae1006_045,period_3,3,284,0,1,1250.0,10148.17,5102.73,2291.82,2,10005.79,0.0,0.0,0.0,4.37,56.83,0.0,56.83,81.19,0.0,1250.0,0.0,0.0
bf_sae1006_045,period_3,3,287,0,1,1250.0,9413.5,5102.73,2125.9,2,9205.84,0.0,0.0,0.0,4.33,128.02,0.0,128.02,75.31,0.0,1250.0,0.0,0.0
bf_sae1006_045,period_3,3,294,0,1,1250.0,9812.88,5102.73,2216.1,3,9117.94,0.0,0.0,0.0,4.12,612.32,0.0,612.32,78.5,0.0,1250.0,0.0,0.0
bf_sae1006_045,period_3,3,33,0,1,1100.0,7759.86,4947.45,1697.43,2,6027.48,0.0,0.0,0.0,3.55,523.13,0.0,523.13,60.13,1145.57,1100.0,293.99,0.0
bf_sae1006_045,period_3,3,38,0,1,1100.0,8953.94,4947.45,2297.86,2,8841.32,2.95,0.0,2.95,3.85,24.42,0.0,24.42,81.4,0.0,1100.0,0.0,0.0
bf_sae1006_045,period_3,3,40,0,1,1100.0,8460.11,4947.45,2171.13,2,8129.49,0.0,0.0,0.0,3.75,249.96,0.0,249.96,76.91,0.0,1100.0,0.0,0.0
bf_sae1006_045,period_3,3,53,0,1,1100.0,8417.65,4947.45,2160.23,2,8088.68,0.0,0.0,0.0,3.75,248.7,0.0,248.7,76.52,0.0,1100.0,0.0,0.0
bf_sae1006_045,period_3,3,56,0,1,1100.0,7980.04,4947.45,2047.93,2,7630.0,37.98,37.98,0.0,3.75,235.77,0.0,235.77,72.55,0.0,1100.0,0.0,0.0
bf_sae1006_045,period_3,3,6,0,1,1100.0,9176.13,4947.45,2150.62,3,8284.9,0.0,0.0,0.0,3.85,15.24,0.0,15.24,76.18,795.96,1100.0,204.27,0.0
bf_sae1006_045,period_3,3,76,0,1,1100.0,8599.27,4947.45,2206.84,2,8263.28,0.0,0.0,0.0,3.75,254.07,0.0,254.07,78.18,0.0,1100.0,0.0,0.0
bf_sae1006_045,period_3,3,8,0,1,1100.0,9609.36,4947.45,2466.06,2,9465.75,0.0,0.0,0.0,3.84,52.41,0.0,52.41,87.36,0.0,1100.0,0.0,0.0
bf_sae1006_045,period_3,3,85,0,1,1100.0,9133.93,4947.45,2344.05,2,8777.28,0.0,0.0,0.0,3.75,269.87,0.0,269.87,83.04,0.0,1100.0,0.0,0.0
bf_sae1006_045,period_3,3,90,0,1,1100.0,8097.48,4947.45,2078.07,2,7780.88,0.0,0.0,0.0,3.75,239.24,0.0,239.24,73.61,0.0,1100.0,0.0,0.0
bf_sae1006_045,period_3,3,98,0,1,810.0,8626.33,5173.98,3006.38,1,8309.4,0.0,0.0,0.0,2.76,207.67,0.0,207.67,106.5,0.0,810.0,0.0,0.0
bf_sae1006_045,period_3,3,298,1,1,550.0,192.33,4947.45,98.72,1,190.38,0.0,0.0,0.0,1.95,0.0,0.0,0.0,0.0,0.0,550.0,0.0,1.95
bf_sae1006_045,period_3,3,299,1,1,325.0,543.22,4947.45,471.84,1,491.93,50.14,50.14,0.0,1.15,0.0,0.0,0.0,0.0,0.0,325.0,0.0,51.29
bf_sae1006_045,period_3,3,300,1,1,1100.0,1546.94,4947.45,396.99,2,1474.31,0.0,0.0,0.0,3.72,54.85,0.0,54.85,14.06,0.0,1100.0,0.0,72.63
bf_sae1006_045,period_3,3,301,1,1,534.0,33.1,4947.45,17.5,1,31.21,0.0,0.0,0.0,1.89,0.0,0.0,0.0,0.0,0.0,534.0,0.0,1.89
bf_sae1006_045,period_3,3,302,1,1,810.0,27.65,5102.73,9.64,1,24.78,0.0,0.0,0.0,2.87,0.0,0.0,0.0,0.0,0.0,810.0,0.0,2.87
bf_sae1006_045,period_3,3,303,1,1,560.0,34.19,5102.73,17.24,1,32.21,0.0,0.0,0.0,1.98,0.0,0.0,0.0,0.0,0.0,560.0,0.0,1.98
bf_sae1006_045,period_4,4,102,0,1,810.0,8652.32,5173.98,3015.43,1,8334.44,0.0,0.0,0.0,2.76,208.3,0.0,208.3,106.82,0.0,810.0,0.0,0.0
bf_sae1006_045,period_4,4,111,0,1,810.0,8429.71,5173.98,2937.85,1,8119.94,0.0,0.0,0.0,2.76,202.94,0.0,202.94,104.07,0.0,810.0,0.0,0.0
bf_sae1006_045,period_4,4,117,0,1,810.0,8397.97,5173.98,2926.79,1,8089.35,0.0,0.0,0.0,2.76,202.17,0.0,202.17,103.68,0.0,810.0,0.0,0.0
bf_sae1006_045,period_4,4,14,0,1,1100.0,7755.17,4947.45,1990.22,2,7451.79,0.0,0.0,0.0,3.75,229.13,0.0,229.13,70.5,0.0,1100.0,0.0,0.0
bf_sae1006_045,period_4,4,144,0,1,810.0,8560.72,5173.98,2983.51,1,8246.18,0.0,0.0,0.0,2.76,206.09,0.0,206.09,105.69,0.0,810.0,0.0,0.0
bf_sae1006_045,period_4,4,145,0,1,810.0,8343.94,5173.98,2907.96,1,8037.29,0.0,0.0,0.0,2.76,200.87,0.0,200.87,103.01,0.0,810.0,0.0,0.0
bf_sae1006_045,period_4,4,149,0,1,810.0,8069.45,5173.98,2812.3,1,7772.8,0.0,0.0,0.0,2.76,194.26,0.0,194.26,99.62,0.0,810.0,0.0,0.0
bf_sae1006_045,period_4,4,16,0,1,1100.0,7453.22,4947.45,1912.73,2,7161.51,0.0,0.0,0.0,3.75,220.21,0.0,220.21,67.76,0.0,1100.0,0.0,0.0
bf_sae1006_045,period_4,4,160,0,1,810.0,8253.99,5173.98,2876.61,1,7950.62,0.0,0.0,0.0,2.76,198.71,0.0,198.71,101.9,0.0,810.0,0.0,0.0
bf_sae1006_045,period_4,4,169,0,1,810.0,7573.33,5173.98,2639.39,1,7294.75,0.0,0.0,0.0,2.76,182.32,0.0,182.32,93.5,0.0,810.0,0.0,0.0
bf_sae1006_045,period_4,4,175,0,1,810.0,7775.96,5173.98,2710.01,1,7765.88,7.21,0.0,7.21,2.87,0.0,0.0,0.0,0.0,0.0,810.0,0.0,0.0
bf_sae1006_045,period_4,4,18,0,1,1100.0,8202.76,4947.45,2105.09,2,7882.09,0.0,0.0,0.0,3.75,242.35,0.0,242.35,74.57,0.0,1100.0,0.0,0.0
bf_sae1006_045,period_4,4,184,0,1,810.0,8492.56,5173.98,2959.76,1,8180.5,0.0,0.0,0.0,2.76,204.45,0.0,204.45,104.85,0.0,810.0,0.0,0.0
bf_sae1006_045,period_4,4,198,0,1,810.0,8265.6,5173.98,2880.66,1,7961.8,0.0,0.0,0.0,2.76,198.99,0.0,198.99,102.04,0.0,810.0,0.0,0.0
bf_sae1006_045,period_4,4,202,0,1,810.0,7892.67,5173.98,2750.69,1,7889.8,0.0,0.0,0.0,2.87,0.0,0.0,0.0,0.0,0.0,810.0,0.0,0.0
bf_sae1006_045,period_4,4,205,0,1,1250.0,7053.94,5102.73,1593.03,2,6897.24,0.0,0.0,0.0,4.33,95.93,0.0,95.93,56.43,0.0,1250.0,0.0,0.0
bf_sae1006_045,period_4,4,208,0,1,1250.0,7208.74,5102.73,1627.99,2,7048.7,0.0,0.0,0.0,4.33,98.04,0.0,98.04,57.67,0.0,1250.0,0.0,0.0
bf_sae1006_045,period_4,4,236,0,1,1250.0,7641.28,5102.73,1725.67,2,7471.9,0.0,0.0,0.0,4.33,103.92,0.0,103.92,61.13,0.0,1250.0,0.0,0.0
bf_sae1006_045,period_4,4,238,0,1,1250.0,9038.83,5102.73,2041.29,2,8911.53,0.0,0.0,0.0,4.37,50.62,0.0,50.62,72.31,0.0,1250.0,0.0,0.0
bf_sae1006_045,period_4,4,239,0,1,1250.0,8824.97,5102.73,1992.99,2,8700.58,0.0,0.0,0.0,4.37,49.42,0.0,49.42,70.6,0.0,1250.0,0.0,0.0
bf_sae1006_045,period_4,4,244,0,1,1250.0,8860.64,5102.73,2001.05,2,8708.87,26.9,26.9,0.0,4.37,49.62,0.0,49.62,70.89,0.0,1250.0,0.0,0.0
bf_sae1006_045,period_4,4,25,0,1,1100.0,7476.34,4947.45,1918.66,2,7183.74,0.0,0.0,0.0,3.75,220.89,0.0,220.89,67.97,0.0,1100.0,0.0,0.0
bf_sae1006_045,period_4,4,265,0,1,1250.0,8849.25,5102.73,1998.48,2,8724.53,0.0,0.0,0.0,4.37,49.56,0.0,49.56,70.79,0.0,1250.0,0.0,0.0
bf_sae1006_045,period_4,4,266,0,1,1250.0,9615.49,5102.73,2171.52,2,9479.96,0.39,0.0,0.39,4.37,53.85,0.0,53.85,76.92,0.0,1250.0,0.0,0.0
bf_sae1006_045,period_4,4,277,0,1,1250.0,8687.72,5102.73,1962.0,2,8565.2,0.0,0.0,0.0,4.37,48.65,0.0,48.65,69.5,0.0,1250.0,0.0,0.0
bf_sae1006_045,period_4,4,284,0,1,1250.0,10148.17,5102.73,2291.82,2,10005.79,0.0,0.0,0.0,4.37,56.83,0.0,56.83,81.19,0.0,1250.0,0.0,0.0
bf_sae1006_045,period_4,4,30,0,1,1100.0,8931.91,4947.45,2292.21,2,8662.24,6.05,0.0,6.05,3.78,178.64,0.0,178.64,81.2,0.0,1100.0,0.0,0.0
bf_sae1006_045,period_4,4,68,0,1,1100.0,7546.94,4947.45,1936.78,2,7251.61,0.0,0.0,0.0,3.75,222.98,0.0,222.98,68.61,0.0,1100.0,0.0,0.0
bf_sae1006_045,period_4,4,76,0,1,1100.0,8599.27,4947.45,2206.84,2,8263.28,0.0,0.0,0.0,3.75,254.07,0.0,254.07,78.18,0.0,1100.0,0.0,0.0
bf_sae1006_045,period_4,4,79,0,1,1100.0,7126.0,4947.45,1828.76,2,6748.41,270.1,260.64,9.46,3.84,38.87,0.0,38.87,64.78,0.0,1100.0,0.0,0.0
bf_sae1006_045,period_4,4,81,0,1,1100.0,7691.38,4947.45,1973.85,2,7385.38,5.09,5.09,0.0,3.75,227.25,0.0,227.25,69.92,0.0,1100.0,0.0,0.0
bf_sae1006_045,period_4,4,88,0,1,1100.0,8466.59,4947.45,2172.79,2,8207.05,9.46,0.0,9.46,3.78,169.33,0.0,169.33,76.97,0.0,1100.0,0.0,0.0
bf_sae1006_045,period_4,4,9,0,1,1100.0,6373.95,4947.45,1635.76,2,5903.58,182.72,182.72,0.0,3.72,225.99,0.0,225.99,57.95,0.0,1100.0,0.0,0.0
bf_sae1006_045,period_4,4,95,0,1,1100.0,8314.41,4947.45,2133.74,2,7989.43,0.0,0.0,0.0,3.75,245.65,0.0,245.65,75.59,0.0,1100.0,0.0,0.0
bf_sae1006_045,period_4,4,96,0,1,1100.0,9069.31,4947.45,2327.47,2,8715.16,0.0,0.0,0.0,3.75,267.96,0.0,267.96,82.45,0.0,1100.0,0.0,0.0
bf_sae1006_045,period_4,4,98,0,1,810.0,8626.33,5173.98,3006.38,1,8309.4,0.0,0.0,0.0,2.76,207.67,0.0,207.67,106.5,0.0,810.0,0.0,0.0
bf_sae1006_045,period_4,4,298,1,1,1100.0,795.96,4947.45,204.27,2,761.46,0.0,0.0,0.0,3.75,23.52,0.0,23.52,7.24,0.0,1100.0,0.0,34.5
bf_sae1006_045,period_4,4,299,1,1,1100.0,1281.03,4947.45,328.75,3,1132.0,0.0,0.0,0.0,3.45,133.93,0.0,133.93,11.65,0.0,1100.0,0.0,149.03
bf_sae1006_045,period_4,4,300,1,1,1100.0,1145.57,4947.45,293.99,2,1097.28,0.28,0.0,0.28,3.75,33.85,0.0,33.85,10.41,0.0,1100.0,0.0,48.29
bf_sae1006_045,period_4,4,301,1,1,780.5,37.98,4947.45,13.74,1,35.22,0.0,0.0,0.0,2.76,0.0,0.0,0.0,0.0,0.0,780.5,0.0,2.76
bf_sae1006_045,period_4,4,302,1,1,560.0,24.12,5102.73,12.16,1,22.14,0.0,0.0,0.0,1.98,0.0,0.0,0.0,0.0,0.0,560.0,0.0,1.98
bf_sae1006_045,period_5,5,100,0,1,810.0,7717.17,5173.98,2689.52,1,7433.35,0.0,0.0,0.0,2.76,185.78,0.0,185.78,95.27,0.0,810.0,0.0,0.0
bf_sae1006_045,period_5,5,102,0,1,810.0,8652.32,5173.98,3015.43,1,8334.44,0.0,0.0,0.0,2.76,208.3,0.0,208.3,106.82,0.0,810.0,0.0,0.0
bf_sae1006_045,period_5,5,104,0,1,810.0,6501.97,5173.98,2266.01,1,6499.1,0.0,0.0,0.0,2.87,0.0,0.0,0.0,0.0,0.0,810.0,0.0,0.0
bf_sae1006_045,period_5,5,111,0,1,810.0,8429.71,5173.98,2937.85,1,8119.94,0.0,0.0,0.0,2.76,202.94,0.0,202.94,104.07,0.0,810.0,0.0,0.0
bf_sae1006_045,period_5,5,117,0,1,810.0,8397.97,5173.98,2926.79,1,8089.35,0.0,0.0,0.0,2.76,202.17,0.0,202.17,103.68,0.0,810.0,0.0,0.0
bf_sae1006_045,period_5,5,118,0,1,810.0,7935.17,5173.98,2765.5,1,7643.41,0.0,0.0,0.0,2.76,191.03,0.0,191.03,97.97,0.0,810.0,0.0,0.0
bf_sae1006_045,period_5,5,121,0,1,810.0,8058.98,5173.98,2808.65,1,7762.71,0.0,0.0,0.0,2.76,194.01,0.0,194.01,99.49,0.0,810.0,0.0,0.0
bf_sae1006_045,period_5,5,123,0,1,810.0,7976.6,5173.98,2779.94,1,7683.33,0.0,0.0,0.0,2.76,192.03,0.0,192.03,98.48,0.0,810.0,0.0,0.0
bf_sae1006_045,period_5,5,137,0,1,810.0,8004.9,5173.98,2789.8,1,7710.6,0.0,0.0,0.0,2.76,192.71,0.0,192.71,98.83,0.0,810.0,0.0,0.0
bf_sae1006_045,period_5,5,140,0,1,810.0,8199.01,5173.98,2857.45,1,7897.64,0.0,0.0,0.0,2.76,197.38,0.0,197.38,101.22,0.0,810.0,0.0,0.0
bf_sae1006_045,period_5,5,142,0,1,810.0,7935.07,5173.98,2765.46,1,7643.31,0.0,0.0,0.0,2.76,191.03,0.0,191.03,97.96,0.0,810.0,0.0,0.0
bf_sae1006_045,period_5,5,144,0,1,810.0,8560.72,5173.98,2983.51,1,8246.18,0.0,0.0,0.0,2.76,206.09,0.0,206.09,105.69,0.0,810.0,0.0,0.0
bf_sae1006_045,period_5,5,145,0,1,810.0,8343.94,5173.98,2907.96,1,8037.29,0.0,0.0,0.0,2.76,200.87,0.0,200.87,103.01,0.0,810.0,0.0,0.0
bf_sae1006_045,period_5,5,147,0,1,810.0,7787.62,5173.98,2714.08,1,7501.23,0.0,0.0,0.0,2.76,187.48,0.0,187.48,96.14,0.0,810.0,0.0,0.0
bf_sae1006_045,period_5,5,149,0,1,810.0,8069.45,5173.98,2812.3,1,7772.8,0.0,0.0,0.0,2.76,194.26,0.0,194.26,99.62,0.0,810.0,0.0,0.0
bf_sae1006_045,period_5,5,152,0,1,810.0,7849.27,5173.98,2735.56,1,7560.64,0.0,0.0,0.0,2.76,188.96,0.0,188.96,96.9,0.0,810.0,0.0,0.0
bf_sae1006_045,period_5,5,158,0,1,810.0,8164.37,5173.98,2845.38,1,7864.26,0.0,0.0,0.0,2.76,196.55,0.0,196.55,100.79,0.0,810.0,0.0,0.0
bf_sae1006_045,period_5,5,160,0,1,810.0,8253.99,5173.98,2876.61,1,7950.62,0.0,0.0,0.0,2.76,198.71,0.0,198.71,101.9,0.0,810.0,0.0,0.0
bf_sae1006_045,period_5,5,17,0,1,1100.0,8592.88,4947.45,2205.2,2,8257.14,0.0,0.0,0.0,3.75,253.88,0.0,253.88,78.12,0.0,1100.0,0.0,0.0
bf_sae1006_045,period_5,5,184,0,1,810.0,8492.56,5173.98,2959.76,1,8180.5,0.0,0.0,0.0,2.76,204.45,0.0,204.45,104.85,0.0,810.0,0.0,0.0
bf_sae1006_045,period_5,5,197,0,1,810.0,8068.21,5173.98,2811.87,1,7771.6,0.0,0.0,0.0,2.76,194.23,0.0,194.23,99.61,0.0,810.0,0.0,0.0
bf_sae1006_045,period_5,5,198,0,1,810.0,8265.6,5173.98,2880.66,1,7961.8,0.0,0.0,0.0,2.76,198.99,0.0,198.99,102.04,0.0,810.0,0.0,0.0
bf_sae1006_045,period_5,5,2,0,1,1100.0,7975.28,4947.45,2046.71,2,7663.4,0.0,0.0,0.0,3.75,235.63,0.0,235.63,72.5,0.0,1100.0,0.0,0.0
bf_sae1006_045,period_5,5,20,0,1,1100.0,8632.48,4947.45,2215.37,2,8295.21,0.0,0.0,0.0,3.75,255.05,0.0,255.05,78.48,0.0,1100.0,0.0,0.0
bf_sae1006_045,period_5,5,202,0,1,810.0,7892.67,5173.98,2750.69,1,7602.46,0.0,0.0,0.0,2.76,190.01,0.0,190.01,97.44,0.0,810.0,0.0,0.0
bf_sae1006_045,period_5,5,204,0,1,810.0,6419.76,5173.98,2237.36,1,6402.54,14.35,0.0,14.35,2.87,0.0,0.0,0.0,0.0,0.0,810.0,0.0,0.0
bf_sae1006_045,period_5,5,210,0,1,1250.0,7495.07,5102.73,1692.65,2,7232.96,0.0,0.0,0.0,4.28,197.87,0.0,197.87,59.96,0.0,1250.0,0.0,0.0
bf_sae1006_045,period_5,5,219,0,1,1250.0,7532.3,5102.73,1701.06,2,7425.49,0.0,0.0,0.0,4.37,42.18,0.0,42.18,60.26,0.0,1250.0,0.0,0.0
bf_sae1006_045,period_5,5,225,0,1,1250.0,7228.64,5102.73,1632.48,2,6975.7,0.0,0.0,0.0,4.28,190.84,0.0,190.84,57.83,0.0,1250.0,0.0,0.0
bf_sae1006_045,period_5,5,229,0,1,1250.0,7906.15,5102.73,1785.49,2,7629.9,0.0,0.0,0.0,4.28,208.72,0.0,208.72,63.25,0.0,1250.0,0.0,0.0
bf_sae1006_045,period_5,5,231,0,1,1250.0,8444.78,5102.73,1907.13,2,8325.56,0.0,0.0,0.0,4.37,47.29,0.0,47.29,67.56,0.0,1250.0,0.0,0.0
bf_sae1006_045,period_5,5,233,0,1,1250.0,8631.29,5102.73,1949.25,2,8440.52,0.0,0.0,0.0,4.33,117.39,0.0,117.39,69.05,0.0,1250.0,0.0,0.0
bf_sae1006_045,period_5,5,241,0,1,1250.0,8487.48,5102.73,1916.78,2,8298.58,1.23,0.0,1.23,4.33,115.43,0.0,115.43,67.9,0.0,1250.0,0.0,0.0
bf_sae1006_045,period_5,5,248,0,1,1250.0,6887.18,5102.73,1555.37,2,6645.99,0.0,0.0,0.0,4.28,181.82,0.0,181.82,55.1,0.0,1250.0,0.0,0.0
bf_sae1006_045,period_5,5,249,0,1,1250.0,7036.21,5102.73,1589.03,2,6785.22,4.66,0.0,4.66,4.28,185.76,0.0,185.76,56.29,0.0,1250.0,0.0,0.0
bf_sae1006_045,period_5,5,250,0,1,1250.0,8444.41,5102.73,1907.05,2,8325.2,0.0,0.0,0.0,4.37,47.29,0.0,47.29,67.56,0.0,1250.0,0.0,0.0
bf_sae1006_045,period_5,5,260,0,1,1250.0,8080.82,5102.73,1824.94,2,7008.42,958.13,958.13,0.0,4.37,45.25,0.0,45.25,64.65,0.0,1250.0,0.0,0.0
bf_sae1006_045,period_5,5,261,0,1,1250.0,9249.69,5102.73,2088.91,2,9119.53,0.0,0.0,0.0,4.37,51.8,0.0,51.8,74.0,0.0,1250.0,0.0,0.0
bf_sae1006_045,period_5,5,275,0,1,1250.0,9385.4,5102.73,2119.56,2,9058.27,0.0,0.0,0.0,4.28,247.77,0.0,247.77,75.08,0.0,1250.0,0.0,0.0
bf_sae1006_045,period_5,5,276,0,1,1250.0,8617.82,5102.73,1946.21,2,8496.25,0.0,0.0,0.0,4.37,48.26,0.0,48.26,68.94,0.0,1250.0,0.0,0.0
bf_sae1006_045,period_5,5,277,0,1,1250.0,8687.72,5102.73,1962.0,2,8565.2,0.0,0.0,0.0,4.37,48.65,0.0,48.65,69.5,0.0,1250.0,0.0,0.0
bf_sae1006_045,period_5,5,287,0,1,1250.0,9413.5,5102.73,2125.9,2,9281.11,0.0,0.0,0.0,4.37,52.72,0.0,52.72,75.31,0.0,1250.0,0.0,0.0
bf_sae1006_045,period_5,5,294,0,1,1250.0,9812.88,5102.73,2216.1,2,9675.06,0.0,0.0,0.0,4.37,54.95,0.0,54.95,78.5,0.0,1250.0,0.0,0.0
bf_sae1006_045,period_5,5,3,0,1,1100.0,7614.83,4947.45,1954.2,2,7316.87,0.0,0.0,0.0,3.75,224.98,0.0,224.98,69.23,0.0,1100.0,0.0,0.0
bf_sae1006_045,period_5,5,4,0,1,1100.0,8009.91,4947.45,2055.59,2,7696.69,0.0,0.0,0.0,3.75,236.66,0.0,236.66,72.82,0.0,1100.0,0.0,0.0
bf_sae1006_045,period_5,5,44,0,1,1100.0,7996.82,4947.45,2052.23,2,7675.22,8.89,0.0,8.89,3.75,236.27,0.0,236.27,72.7,0.0,1100.0,0.0,0.0
bf_sae1006_045,period_5,5,47,0,1,1100.0,9577.17,4947.45,2457.8,2,9189.57,13.82,0.0,13.82,3.75,282.96,0.0,282.96,87.07,0.0,1100.0,0.0,0.0
bf_sae1006_045,period_5,5,51,0,1,1100.0,8547.0,4947.45,2193.43,2,8213.03,0.0,0.0,0.0,3.75,252.52,0.0,252.52,77.7,0.0,1100.0,0.0,0.0
bf_sae1006_045,period_5,5,54,0,1,1100.0,7910.3,4947.45,2030.03,2,7600.93,0.0,0.0,0.0,3.75,233.71,0.0,233.71,71.91,0.0,1100.0,0.0,0.0
bf_sae1006_045,period_5,5,55,0,1,1100.0,7209.37,4947.45,1850.15,2,6884.5,0.0,0.0,0.0,3.72,255.6,0.0,255.6,65.54,0.0,1100.0,0.0,0.0
bf_sae1006_045,period_5,5,56,0,1,1100.0,7980.04,4947.45,2047.93,2,7850.39,9.74,0.0,9.74,3.84,43.53,0.0,43.53,72.55,0.0,1100.0,0.0,0.0
bf_sae1006_045,period_5,5,58,0,1,1100.0,8692.29,4947.45,2230.71,2,8352.71,0.0,0.0,0.0,3.75,256.82,0.0,256.82,79.02,0.0,1100.0,0.0,0.0
bf_sae1006_045,period_5,5,61,0,1,1100.0,7665.46,4947.45,1967.2,2,7365.55,0.0,0.0,0.0,3.75,226.48,0.0,226.48,69.69,0.0,1100.0,0.0,0.0
bf_sae1006_045,period_5,5,69,0,1,1100.0,8103.78,4947.45,2079.68,2,7972.33,9.74,0.0,9.74,3.84,44.2,0.0,44.2,73.67,0.0,1100.0,0.0,0.0
bf_sae1006_045,period_5,5,76,0,1,1100.0,8599.27,4947.45,2206.84,2,8263.28,0.0,0.0,0.0,3.75,254.07,0.0,254.07,78.18,0.0,1100.0,0.0,0.0
bf_sae1006_045,period_5,5,78,0,1,1100.0,7904.94,4947.45,2028.66,2,7456.54,139.23,139.23,0.0,3.75,233.56,0.0,233.56,71.86,0.0,1100.0,0.0,0.0
bf_sae1006_045,period_5,5,8,0,1,1100.0,9609.36,4947.45,2466.06,2,9234.34,0.0,0.0,0.0,3.75,283.91,0.0,283.91,87.36,0.0,1100.0,0.0,0.0
bf_sae1006_045,period_5,5,85,0,1,1100.0,9133.93,4947.45,2081.95,2,7981.02,9.74,0.0,9.74,3.84,44.25,0.0,44.25,73.75,1021.33,1100.0,262.1,0.0
bf_sae1006_045,period_5,5,94,0,1,1100.0,7939.41,4947.45,2037.5,2,5168.82,2413.2,2413.2,0.0,3.72,281.49,0.0,281.49,72.18,0.0,1100.0,0.0,0.0
bf_sae1006_045,period_5,5,98,0,1,810.0,8626.33,5173.98,3006.38,1,8614.96,8.51,0.0,8.51,2.87,0.0,0.0,0.0,0.0,0.0,810.0,0.0,0.0
bf_sae1006_045,period_5,5,298,1,1,726.0,42.53,4947.45,16.54,1,39.96,0.0,0.0,0.0,2.57,0.0,0.0,0.0,0.0,0.0,726.0,0.0,2.57
bf_sae1006_045,period_5,5,299,1,1,325.0,140.2,4947.45,121.78,1,133.51,5.54,0.0,5.54,1.15,0.0,0.0,0.0,0.0,0.0,325.0,0.0,6.69
bf_sae1006_045,period_5,5,300,1,1,550.0,260.64,4947.45,133.78,1,248.95,9.74,0.0,9.74,1.95,0.0,0.0,0.0,0.0,0.0,550.0,0.0,11.69
bf_sae1006_045,period_5,5,301,1,1,277.0,5.09,4947.45,5.19,1,4.11,0.0,0.0,0.0,0.98,0.0,0.0,0.0,0.0,0.0,277.0,0.0,0.98
bf_sae1006_045,period_5,5,302,1,1,673.0,26.9,5102.73,11.28,1,12.6,11.92,0.0,11.92,2.38,0.0,0.0,0.0,0.0,0.0,673.0,0.0,14.3
bf_sae1006_050,period_1,1,1,0,1,1200.0,8758.05,5164.94,1854.26,4,7812.34,0.0,0.0,0.0,4.22,868.51,868.51,0.0,72.98,0.0,1200.0,0.0,0.0
bf_sae1006_050,period_1,1,3,0,1,1200.0,7815.78,5164.94,1454.76,4,6118.78,9.5,9.5,0.0,4.22,681.39,681.39,0.0,57.26,944.64,1200.0,200.0,0.0
bf_sae1006_050,period_1,1,5,0,1,1200.0,8920.81,5164.94,1888.72,7,7898.17,0.0,0.0,0.0,4.18,944.12,944.12,0.0,74.34,0.0,1200.0,0.0,0.0
bf_sae1006_050,period_1,1,6,0,1,1200.0,8903.34,5164.94,1227.61,4,5170.71,0.0,0.0,0.0,4.22,574.99,574.99,0.0,48.32,3105.1,1200.0,657.42,0.0
bf_sae1006_050,period_2,2,1,0,1,1200.0,8758.05,5164.94,1854.26,4,7799.11,13.24,13.24,0.0,4.22,868.51,868.51,0.0,72.98,0.0,1200.0,0.0,0.0
bf_sae1006_050,period_2,2,3,0,1,1200.0,7815.78,5164.94,1388.45,3,3500.51,0.0,0.0,0.0,2.52,3000.26,3000.26,0.0,54.65,1257.84,1200.0,266.31,0.0
bf_sae1006_050,period_2,2,6,0,1,1200.0,8903.34,5164.94,1885.02,4,7942.02,0.0,0.0,0.0,4.22,882.91,882.91,0.0,74.19,0.0,1200.0,0.0,0.0
bf_sae1006_050,period_2,2,10,1,1,119.0,681.39,5164.94,1454.77,1,603.67,0.0,0.0,0.0,0.42,20.04,0.0,20.04,57.26,0.0,119.0,0.0,77.72
bf_sae1006_050,period_2,2,11,1,1,127.0,944.12,5164.94,1888.72,1,783.87,0.0,0.0,0.0,0.42,85.49,0.0,85.49,74.34,0.0,127.0,0.0,160.25
bf_sae1006_050,period_2,2,12,1,1,1200.0,3105.1,5164.94,657.41,5,3039.66,0.0,0.0,0.0,4.63,34.93,0.0,34.93,25.88,0.0,1200.0,0.0,65.44
bf_sae1006_050,period_2,2,13,1,1,119.0,574.99,5164.94,1227.6,1,509.34,0.0,0.0,0.0,0.42,16.91,0.0,16.91,48.32,0.0,119.0,0.0,65.65
bf_sae1006_050,period_2,2,7,1,1,119.0,868.51,5164.94,1854.27,1,769.57,0.0,0.0,0.0,0.42,25.54,0.0,25.54,72.98,0.0,119.0,0.0,98.94
bf_sae1006_050,period_2,2,8,1,1,430.0,9.5,5164.94,5.61,1,7.81,0.0,0.0,0.0,1.69,0.0,0.0,0.0,0.0,0.0,430.0,0.0,1.69
bf_sae1006_050,period_2,2,9,1,1,1200.0,944.64,5164.94,200.0,5,921.51,0.0,0.0,0.0,4.63,10.63,0.0,10.63,7.87,0.0,1200.0,0.0,23.13
bf_sae1006_050,period_3,3,1,0,1,1200.0,8758.05,5164.94,1854.26,5,8399.59,182.31,182.31,0.0,4.63,98.53,0.0,98.53,72.98,0.0,1200.0,0.0,0.0
bf_sae1006_050,period_3,3,3,0,1,1200.0,7815.78,5164.94,1654.76,5,7641.17,16.92,16.92,0.0,4.63,87.93,0.0,87.93,65.13,0.0,1200.0,0.0,0.0
bf_sae1006_050,period_3,3,6,0,1,1200.0,8903.34,5164.94,1885.02,4,7671.23,270.79,270.79,0.0,4.22,882.91,882.91,0.0,74.19,0.0,1200.0,0.0,0.0
bf_sae1006_050,period_3,3,10,1,1,549.0,3000.26,5164.94,1388.45,2,2924.38,0.0,0.0,0.0,2.11,19.13,0.0,19.13,54.65,0.0,549.0,0.0,75.88
bf_sae1006_050,period_3,3,11,1,1,119.0,882.91,5164.94,1885.01,1,782.33,0.0,0.0,0.0,0.42,25.97,0.0,25.97,74.19,0.0,119.0,0.0,100.58
bf_sae1006_050,period_3,3,7,1,1,430.0,13.24,5164.94,7.82,1,11.55,0.0,0.0,0.0,1.69,0.0,0.0,0.0,0.0,0.0,430.0,0.0,1.69
bf_sae1006_050,period_3,3,8,1,1,119.0,868.51,5164.94,1854.27,1,769.57,0.0,0.0,0.0,0.42,25.54,0.0,25.54,72.98,0.0,119.0,0.0,98.94
bf_sae1006_050,period_3,3,9,1,1,1200.0,1257.84,5164.94,266.31,8,1220.22,0.0,0.0,0.0,4.6,22.54,0.0,22.54,10.48,0.0,1200.0,0.0,37.62
bf_sae1006_050,period_4,4,1,0,1,1200.0,8758.05,5164.94,1854.26,4,7681.08,131.27,131.27,0.0,4.22,868.51,868.51,0.0,72.98,0.0,1200.0,0.0,0.0
bf_sae1006_050,period_4,4,3,0,1,1200.0,7815.78,5164.94,1654.76,7,6709.11,210.18,210.18,0.0,4.18,827.17,827.17,0.0,65.13,0.0,1200.0,0.0,0.0
bf_sae1006_050,period_4,4,6,0,1,1200.0,8903.34,5164.94,1885.02,4,7942.02,0.0,0.0,0.0,4.22,882.91,882.91,0.0,74.19,0.0,1200.0,0.0,0.0
bf_sae1006_050,period_4,4,10,1,1,430.0,8.46,5164.94,5.0,1,6.77,0.0,0.0,0.0,1.69,0.0,0.0,0.0,0.0,0.0,430.0,0.0,1.69
bf_sae1006_050,period_4,4,11,1,1,430.0,8.46,5164.94,5.0,1,6.77,0.0,0.0,0.0,1.69,0.0,0.0,0.0,0.0,0.0,430.0,0.0,1.69
bf_sae1006_050,period_4,4,12,1,1,430.0,8.46,5164.94,5.0,1,6.77,0.0,0.0,0.0,1.69,0.0,0.0,0.0,0.0,0.0,430.0,0.0,1.69
bf_sae1006_050,period_4,4,13,1,1,105.5,253.87,5164.94,611.37,1,253.45,0.0,0.0,0.0,0.42,0.0,0.0,0.0,0.0,0.0,105.5,0.0,0.42
bf_sae1006_050,period_4,4,14,1,1,119.0,882.91,5164.94,1885.01,1,782.33,0.0,0.0,0.0,0.42,25.97,0.0,25.97,74.19,0.0,119.0,0.0,100.58
bf_sae1006_050,period_4,4,7,1,1,430.0,8.46,5164.94,5.0,1,6.77,0.0,0.0,0.0,1.69,0.0,0.0,0.0,0.0,0.0,430.0,0.0,1.69
bf_sae1006_050,period_4,4,8,1,1,430.0,173.85,5164.94,102.72,1,172.16,0.0,0.0,0.0,1.69,0.0,0.0,0.0,0.0,0.0,430.0,0.0,1.69
bf_sae1006_050,period_4,4,9,1,1,430.0,8.46,5164.94,5.0,1,6.77,0.0,0.0,0.0,1.69,0.0,0.0,0.0,0.0,0.0,430.0,0.0,1.69
bf_sae1006_050,period_5,5,1,0,1,1200.0,8758.05,5164.94,1854.26,5,8520.66,61.25,61.25,0.0,4.63,98.53,0.0,98.53,72.98,0.0,1200.0,0.0,0.0
bf_sae1006_050,period_5,5,2,0,1,1200.0,9053.57,5164.94,1916.83,5,8871.64,0.0,0.0,0.0,4.63,101.85,0.0,101.85,75.45,0.0,1200.0,0.0,0.0
bf_sae1006_050,period_5,5,5,0,1,1200.0,8920.81,5164.94,1888.72,5,8316.32,425.16,425.16,0.0,4.63,100.36,0.0,100.36,74.34,0.0,1200.0,0.0,0.0
bf_sae1006_050,period_5,5,6,0,1,1200.0,8903.34,5164.94,1885.02,5,8724.35,0.0,0.0,0.0,4.63,100.16,0.0,100.16,74.19,0.0,1200.0,0.0,0.0
bf_sae1006_050,period_5,5,10,1,1,127.0,827.17,5164.94,1654.76,1,686.72,0.0,0.0,0.0,0.42,74.9,0.0,74.9,65.13,0.0,127.0,0.0,140.45
bf_sae1006_050,period_5,5,11,1,1,119.0,882.91,5164.94,1885.01,1,782.33,0.0,0.0,0.0,0.42,25.97,0.0,25.97,74.19,0.0,119.0,0.0,100.58
bf_sae1006_050,period_5,5,7,1,1,430.0,131.27,5164.94,77.56,1,129.58,0.0,0.0,0.0,1.69,0.0,0.0,0.0,0.0,0.0,430.0,0.0,1.69
bf_sae1006_050,period_5,5,8,1,1,119.0,868.51,5164.94,1854.27,1,769.57,0.0,0.0,0.0,0.42,25.54,0.0,25.54,72.98,0.0,119.0,0.0,98.94
bf_sae1006_050,period_5,5,9,1,1,105.5,210.18,5164.94,506.16,1,209.76,0.0,0.0,0.0,0.42,0.0,0.0,0.0,0.0,0.0,105.5,0.0,0.42
bz_nbr7008_043,period_1,1,103,0,1,1020.0,11056.39,5742.24,3203.1,2,10687.37,7.97,0.0,7.97,3.34,249.31,0.0,249.31,108.4,0.0,1020.0,0.0,0.0
bz_nbr7008_043,period_1,1,106,0,1,1020.0,10894.26,5742.24,3156.13,2,10549.14,0.0,0.0,0.0,3.34,234.97,0.0,234.97,106.81,0.0,1020.0,0.0,0.0
bz_nbr7008_043,period_1,1,108,0,1,1020.0,11121.22,5742.24,3221.88,2,10768.98,0.0,0.0,0.0,3.34,239.87,0.0,239.87,109.03,0.0,1020.0,0.0,0.0
bz_nbr7008_043,period_1,1,12,0,1,900.0,6783.42,5465.22,2227.22,1,6597.04,2.53,0.0,2.53,2.96,105.52,0.0,105.52,75.37,0.0,900.0,0.0,0.0
bz_nbr7008_043,period_1,1,14,0,1,900.0,5459.02,5465.22,1792.38,1,4134.42,0.0,0.0,0.0,2.31,1261.64,1261.64,0.0,60.66,0.0,900.0,0.0,0.0
bz_nbr7008_043,period_1,1,19,0,1,900.0,5325.41,5465.22,1748.51,2,4721.54,399.75,399.75,0.0,2.93,142.01,0.0,142.01,59.17,0.0,900.0,0.0,0.0
bz_nbr7008_043,period_1,1,2,0,1,900.0,5647.27,5465.22,1854.18,1,4277.07,0.0,0.0,0.0,2.31,1305.15,1305.15,0.0,62.75,0.0,900.0,0.0,0.0
bz_nbr7008_043,period_1,1,24,0,1,900.0,6122.76,5465.22,2010.3,1,4637.38,0.0,0.0,0.0,2.31,1415.04,1415.04,0.0,68.03,0.0,900.0,0.0,0.0
bz_nbr7008_043,period_1,1,37,0,1,900.0,5924.76,5465.22,1945.29,1,5763.8,0.0,0.0,0.0,2.96,92.16,0.0,92.16,65.83,0.0,900.0,0.0,0.0
bz_nbr7008_043,period_1,1,4,0,1,900.0,6302.43,5465.22,2069.29,1,6131.4,0.0,0.0,0.0,2.96,98.04,0.0,98.04,70.03,0.0,900.0,0.0,0.0
bz_nbr7008_043,period_1,1,50,0,1,1200.0,7063.03,5944.29,1739.27,2,5373.01,156.51,156.51,0.0,3.18,1471.46,1471.46,0.0,58.86,0.0,1200.0,0.0,0.0
bz_nbr7008_043,period_1,1,51,0,1,1200.0,7580.63,5944.29,1866.73,4,7148.77,301.52,301.52,0.0,3.99,63.17,0.0,63.17,63.17,0.0,1200.0,0.0,0.0
bz_nbr7008_043,period_1,1,52,0,1,1200.0,7307.11,5944.29,1799.37,2,6006.76,0.0,0.0,0.0,3.34,1236.12,1236.12,0.0,60.89,0.0,1200.0,0.0,0.0
bz_nbr7008_043,period_1,1,72,0,1,1200.0,8488.08,5944.29,1842.14,3,7139.19,206.71,206.71,0.0,3.99,68.57,0.0,68.57,62.34,1007.28,1200.0,248.04,0.0
bz_nbr7008_043,period_1,1,79,0,1,1200.0,7062.24,5944.29,1739.07,2,5905.34,0.0,0.0,0.0,3.4,1094.65,1094.65,0.0,58.85,0.0,1200.0,0.0,0.0
bz_nbr7008_043,period_1,1,8,0,1,900.0,6168.47,5465.22,2025.31,2,5916.65,2.15,0.0,2.15,2.92,178.2,0.0,178.2,68.54,0.0,900.0,0.0,0.0
bz_nbr7008_043,period_1,1,81,0,1,1200.0,8718.14,5944.29,2146.84,2,8514.89,39.44,39.44,0.0,3.99,87.18,0.0,87.18,72.65,0.0,1200.0,0.0,0.0
bz_nbr7008_043,period_1,1,82,0,1,1020.0,9316.86,5742.24,2699.14,1,6227.2,0.0,0.0,0.0,2.31,2996.01,2996.01,0.0,91.34,0.0,1020.0,0.0,0.0
bz_nbr7008_043,period_1,1,89,0,1,1020.0,11111.48,5742.24,3219.06,2,10756.73,2.81,0.0,2.81,3.34,239.66,0.0,239.66,108.94,0.0,1020.0,0.0,0.0
bz_nbr7008_043,period_1,1,90,0,1,1020.0,10644.79,5742.24,3083.85,2,10297.06,0.0,0.0,0.0,3.34,240.03,0.0,240.03,104.36,0.0,1020.0,0.0,0.0
bz_nbr7008_043,period_2,2,1,0,1,900.0,5947.1,5465.22,1952.63,1,5782.8,2.75,0.0,2.75,2.96,92.51,0.0,92.51,66.08,0.0,900.0,0.0,0.0
bz_nbr7008_043,period_2,2,103,0,1,1020.0,11056.39,5742.24,3203.1,2,10706.18,0.0,0.0,0.0,3.34,238.47,0.0,238.47,108.4,0.0,1020.0,0.0,0.0
bz_nbr7008_043,period_2,2,105,0,1,1020.0,9853.38,5742.24,2854.58,2,9531.25,0.0,0.0,0.0,3.34,222.18,0.0,222.18,96.6,0.0,1020.0,0.0,0.0
bz_nbr7008_043,period_2,2,19,0,1,900.0,5325.41,5465.22,1748.51,1,5180.43,0.0,0.0,0.0,2.96,82.84,0.0,82.84,59.17,0.0,900.0,0.0,0.0
bz_nbr7008_043,period_2,2,25,0,1,900.0,6703.85,5465.22,2201.09,1,5077.72,0.0,0.0,0.0,2.31,1549.33,1549.33,0.0,74.49,0.0,900.0,0.0,0.0
bz_nbr7008_043,period_2,2,27,0,1,900.0,6973.57,5465.22,2289.65,1,5282.11,0.0,0.0,0.0,2.31,1611.67,1611.67,0.0,77.48,0.0,900.0,0.0,0.0
bz_nbr7008_043,period_2,2,31,0,1,900.0,6304.62,5465.22,2070.01,1,4775.19,0.0,0.0,0.0,2.31,1457.07,1457.07,0.0,70.05,0.0,900.0,0.0,0.0
bz_nbr7008_043,period_2,2,32,0,1,900.0,6276.23,5465.22,2060.69,1,6105.9,0.0,0.0,0.0,2.96,97.63,0.0,97.63,69.74,0.0,900.0,0.0,0.0
bz_nbr7008_043,period_2,2,43,0,1,900.0,7210.13,5465.22,2159.16,1,4980.95,0.0,0.0,0.0,2.31,1519.82,1519.82,0.0,73.07,633.99,900.0,208.16,0.0
bz_nbr7008_043,period_2,2,46,0,1,900.0,7048.48,5465.22,2314.25,2,6686.46,77.16,77.16,0.0,2.92,203.62,0.0,203.62,78.32,0.0,900.0,0.0,0.0
bz_nbr7008_043,period_2,2,58,0,1,1200.0,7788.84,5944.29,1918.0,2,7642.06,0.0,0.0,0.0,3.99,77.89,0.0,77.89,64.91,0.0,1200.0,0.0,0.0
bz_nbr7008_043,period_2,2,6,0,1,900.0,5206.75,5465.22,689.9,2,1723.07,174.62,174.62,0.0,2.75,177.44,0.0,177.44,23.35,3105.52,900.0,1019.65,0.0
bz_nbr7008_043,period_2,2,63,0,1,1200.0,7911.9,5944.29,1948.3,2,7762.86,0.0,0.0,0.0,3.99,79.12,0.0,79.12,65.93,0.0,1200.0,0.0,0.0
bz_nbr7008_043,period_2,2,69,0,1,1200.0,8726.3,5944.29,2148.85,2,8082.61,0.0,0.0,0.0,3.76,567.21,0.0,567.21,72.72,0.0,1200.0,0.0,0.0
bz_nbr7008_043,period_2,2,71,0,1,1200.0,7965.55,5944.29,1961.51,2,7390.92,0.0,0.0,0.0,3.77,504.48,0.0,504.48,66.38,0.0,1200.0,0.0,0.0
bz_nbr7008_043,period_2,2,79,0,1,1200.0,7062.24,5944.29,1739.07,2,6552.34,0.0,0.0,0.0,3.77,447.28,0.0,447.28,58.85,0.0,1200.0,0.0,0.0
bz_nbr7008_043,period_2,2,80,0,1,1200.0,6940.45,5944.29,1446.0,2,5242.11,0.0,0.0,0.0,3.63,577.42,577.42,0.0,48.93,1068.36,1200.0,263.08,0.0
bz_nbr7008_043,period_2,2,84,0,1,1020.0,8460.46,5742.24,2451.04,2,8183.4,0.0,0.0,0.0,3.34,190.78,0.0,190.78,82.95,0.0,1020.0,0.0,0.0
bz_nbr7008_043,period_2,2,95,0,1,1020.0,10624.15,5742.24,2706.12,2,9035.39,0.0,0.0,0.0,3.34,210.63,0.0,210.63,91.58,1283.21,1020.0,371.75,0.0
bz_nbr7008_043,period_2,2,109,1,0,208.0,1305.15,5465.22,0.0,0,0.0,0.0,0.0,0.0,0.0,0.0,0.0,0.0,0.0,0.0,208.0,0.0,1305.15
bz_nbr7008_043,period_2,2,110,1,1,208.0,1261.64,5465.22,1792.38,1,0.0,648.65,648.65,0.0,0.36,551.97,0.0,551.97,60.66,0.0,208.0,0.0,1261.64
bz_nbr7008_043,period_2,2,111,1,1,120.0,399.75,5465.22,984.38,1,0.0,399.34,399.34,0.0,0.41,0.0,0.0,0.0,0.0,0.0,120.0,0.0,399.75
bz_nbr7008_043,period_2,2,112,1,1,208.0,1415.04,5465.22,2010.31,1,0.0,727.57,727.57,0.0,0.36,619.08,0.0,619.08,68.03,0.0,208.0,0.0,1415.04
bz_nbr7008_043,period_2,2,113,1,1,682.0,156.51,5944.29,67.81,1,154.2,0.0,0.0,0.0,2.31,0.0,0.0,0.0,0.0,0.0,682.0,0.0,2.31
bz_nbr7008_043,period_2,2,114,1,1,250.0,1471.46,5944.29,1739.26,2,538.49,796.83,796.83,0.0,0.77,76.52,0.0,76.52,58.86,0.0,250.0,0.0,932.97
bz_nbr7008_043,period_2,2,115,1,1,258.0,301.52,5944.29,345.35,1,300.65,0.0,0.0,0.0,0.87,0.0,0.0,0.0,0.0,0.0,258.0,0.0,0.87
bz_nbr7008_043,period_2,2,116,1,1,203.0,1236.12,5944.29,1799.37,1,728.27,2.03,0.0,2.03,0.41,444.52,0.0,444.52,60.89,0.0,203.0,0.0,507.85
bz_nbr7008_043,period_2,2,117,1,1,107.0,206.71,5944.29,570.87,1,206.35,0.0,0.0,0.0,0.36,0.0,0.0,0.0,0.0,0.0,107.0,0.0,0.36
bz_nbr7008_043,period_2,2,118,1,1,1200.0,1007.28,5944.29,248.04,2,984.83,0.0,0.0,0.0,3.99,10.07,0.0,10.07,8.39,0.0,1200.0,0.0,22.45
bz_nbr7008_043,period_2,2,119,1,1,186.0,1094.65,5944.29,1739.08,1,703.79,2.03,0.0,2.03,0.41,329.57,0.0,329.57,58.85,0.0,186.0,0.0,390.86
bz_nbr7008_043,period_2,2,120,1,1,746.0,39.44,5944.29,15.62,1,31.44,5.47,0.0,5.47,2.52,0.0,0.0,0.0,0.0,0.0,746.0,0.0,8.0
bz_nbr7008_043,period_2,2,121,1,1,328.0,2996.01,5742.24,2699.15,1,2355.74,0.0,0.0,0.0,0.87,548.05,0.0,548.05,91.34,0.0,328.0,0.0,640.27
bz_nbr7008_043,period_3,3,15,0,1,900.0,5455.81,5465.22,1791.32,1,5294.0,13.36,0.0,13.36,2.96,84.87,0.0,84.87,60.62,0.0,900.0,0.0,0.0
bz_nbr7008_043,period_3,3,24,0,1,900.0,6122.76,5465.22,2010.3,1,5956.52,0.0,0.0,0.0,2.96,95.24,0.0,95.24,68.03,0.0,900.0,0.0,0.0
bz_nbr7008_043,period_3,3,25,0,1,900.0,6703.85,5465.22,2201.09,1,5077.72,0.0,0.0,0.0,2.31,1549.33,1549.33,0.0,74.49,0.0,900.0,0.0,0.0
bz_nbr7008_043,period_3,3,27,0,1,900.0,6973.57,5465.22,2289.65,2,6691.7,0.0,0.0,0.0,2.92,201.46,0.0,201.46,77.48,0.0,900.0,0.0,0.0
bz_nbr7008_043,period_3,3,46,0,1,900.0,7048.48,5465.22,1982.25,1,4572.64,0.0,0.0,0.0,2.31,1395.29,1395.29,0.0,67.08,1011.16,900.0,332.0,0.0
bz_nbr7008_043,period_3,3,53,0,1,1200.0,9660.37,5944.29,2378.86,2,8964.27,0.0,0.0,0.0,3.77,611.82,0.0,611.82,80.5,0.0,1200.0,0.0,0.0
bz_nbr7008_043,period_3,3,62,0,1,1200.0,8022.45,5944.29,1975.53,2,7443.74,0.0,0.0,0.0,3.77,508.09,0.0,508.09,66.85,0.0,1200.0,0.0,0.0
bz_nbr7008_043,period_3,3,64,0,1,1200.0,8804.41,5944.29,2168.08,2,8147.66,0.0,0.0,0.0,3.76,579.62,0.0,579.62,73.37,0.0,1200.0,0.0,0.0
bz_nbr7008_043,period_3,3,77,0,1,1200.0,9082.29,5944.29,2236.51,2,8427.62,0.0,0.0,0.0,3.77,575.21,0.0,575.21,75.69,0.0,1200.0,0.0,0.0
bz_nbr7008_043,period_3,3,80,0,1,1200.0,6940.45,5944.29,1509.08,2,5685.3,0.0,0.0,0.0,3.77,388.12,0.0,388.12,51.07,812.18,1200.0,200.0,0.0
bz_nbr7008_043,period_3,3,81,0,1,1200.0,8718.14,5944.29,2146.84,2,8075.05,0.0,0.0,0.0,3.76,566.68,0.0,566.68,72.65,0.0,1200.0,0.0,0.0
bz_nbr7008_043,period_3,3,82,0,1,1020.0,9316.86,5742.24,2498.28,2,8341.17,0.0,0.0,0.0,3.34,194.45,0.0,194.45,84.54,693.36,1020.0,200.87,0.0
bz_nbr7008_043,period_3,3,84,0,1,1020.0,8460.46,5742.24,2451.04,2,8191.69,0.0,0.0,0.0,3.34,182.48,0.0,182.48,82.95,0.0,1020.0,0.0,0.0
bz_nbr7008_043,period_3,3,85,0,1,1020.0,12497.66,5742.24,3620.64,2,11645.7,211.54,211.54,0.0,3.28,514.61,0.0,514.61,122.53,0.0,1020.0,0.0,0.0
bz_nbr7008_043,period_3,3,9,0,1,900.0,5999.95,5465.22,1969.98,1,5836.99,0.0,0.0,0.0,2.96,93.33,0.0,93.33,66.67,0.0,900.0,0.0,0.0
bz_nbr7008_043,period_3,3,94,0,1,1020.0,10296.48,5742.24,2982.95,2,9942.34,17.68,17.68,0.0,3.34,232.18,0.0,232.18,100.95,0.0,1020.0,0.0,0.0
bz_nbr7008_043,period_3,3,97,0,1,1020.0,8857.69,5742.24,2566.12,2,8715.35,0.0,0.0,0.0,3.4,52.1,0.0,52.1,86.84,0.0,1020.0,0.0,0.0
bz_nbr7008_043,period_3,3,98,0,1,1020.0,9244.46,5742.24,2678.17,2,8991.62,104.43,104.43,0.0,3.4,54.38,0.0,54.38,90.63,0.0,1020.0,0.0,0.0
bz_nbr7008_043,period_3,3,109,1,1,556.0,174.62,5465.22,92.81,1,167.71,5.03,0.0,5.03,1.88,0.0,0.0,0.0,0.0,0.0,556.0,0.0,6.91
bz_nbr7008_043,period_3,3,110,1,1,900.0,3105.52,5465.22,1019.64,1,3019.74,0.0,0.0,0.0,2.96,48.31,0.0,48.31,34.51,0.0,900.0,0.0,85.78
bz_nbr7008_043,period_3,3,111,1,1,208.0,1549.33,5465.22,2201.09,1,893.44,0.0,0.0,0.0,0.41,581.0,0.0,581.0,74.49,0.0,208.0,0.0,655.89
bz_nbr7008_043,period_3,3,112,1,1,208.0,1611.67,5465.22,2289.65,1,128.37,801.03,801.03,0.0,0.41,604.38,0.0,604.38,77.48,0.0,208.0,0.0,1483.3
bz_nbr7008_043,period_3,3,113,1,1,208.0,1457.07,5465.22,2070.02,1,840.21,0.0,0.0,0.0,0.41,546.4,0.0,546.4,70.05,0.0,208.0,0.0,616.86
bz_nbr7008_043,period_3,3,114,1,1,900.0,633.99,5465.22,208.16,1,614.12,0.0,0.0,0.0,2.96,9.86,0.0,9.86,7.04,0.0,900.0,0.0,19.87
bz_nbr7008_043,period_3,3,115,1,1,208.0,1519.82,5465.22,2159.16,1,8.93,772.54,772.54,0.0,0.36,664.92,0.0,664.92,73.07,0.0,208.0,0.0,1510.89
bz_nbr7008_043,period_3,3,116,1,1,432.0,77.16,5465.22,52.78,1,75.7,0.0,0.0,0.0,1.46,0.0,0.0,0.0,0.0,0.0,432.0,0.0,1.46
bz_nbr7008_043,period_3,3,117,1,1,1200.0,1068.36,5944.29,263.08,2,986.25,0.0,0.0,0.0,3.76,69.44,0.0,69.44,8.9,0.0,1200.0,0.0,82.11
bz_nbr7008_043,period_3,3,118,1,1,118.0,577.42,5944.29,1445.99,1,523.23,0.0,0.0,0.0,0.36,4.89,0.0,4.89,48.93,0.0,118.0,0.0,54.19
bz_nbr7008_043,period_3,3,119,1,1,1020.0,1283.21,5742.24,371.75,2,1259.68,0.0,0.0,0.0,3.4,7.55,0.0,7.55,12.58,0.0,1020.0,0.0,23.53
bz_nbr7008_043,period_4,4,104,0,1,1020.0,10108.27,5742.24,2677.74,2,8959.84,134.75,134.75,0.0,3.4,54.37,0.0,54.37,90.62,865.29,1020.0,250.68,0.0
bz_nbr7008_043,period_4,4,105,0,1,1020.0,9853.38,5742.24,2854.58,2,9540.91,0.0,0.0,0.0,3.34,212.52,0.0,212.52,96.6,0.0,1020.0,0.0,0.0
bz_nbr7008_043,period_4,4,14,0,1,900.0,5459.02,5465.22,1792.38,1,4134.42,0.0,0.0,0.0,2.31,1261.64,1261.64,0.0,60.66,0.0,900.0,0.0,0.0
bz_nbr7008_043,period_4,4,19,0,1,900.0,5325.41,5465.22,1748.51,1,5153.58,26.85,26.85,0.0,2.96,82.84,0.0,82.84,59.17,0.0,900.0,0.0,0.0
bz_nbr7008_043,period_4,4,22,0,1,900.0,4577.23,5465.22,1502.85,1,4452.21,0.0,0.0,0.0,2.96,71.2,0.0,71.2,50.86,0.0,900.0,0.0,0.0
bz_nbr7008_043,period_4,4,30,0,1,900.0,7880.35,5465.22,2587.38,1,5969.25,0.0,0.0,0.0,2.31,1821.24,1821.24,0.0,87.56,0.0,900.0,0.0,0.0
bz_nbr7008_043,period_4,4,32,0,1,900.0,6276.23,5465.22,2060.69,1,4753.68,0.0,0.0,0.0,2.31,1450.51,1450.51,0.0,69.74,0.0,900.0,0.0,0.0
bz_nbr7008_043,period_4,4,37,0,1,900.0,5924.76,5465.22,1945.29,1,4487.34,0.0,0.0,0.0,2.31,1369.28,1369.28,0.0,65.83,0.0,900.0,0.0,0.0
bz_nbr7008_043,period_4,4,39,0,1,900.0,5926.91,5465.22,1946.0,2,5682.83,4.08,0.0,4.08,2.92,171.22,0.0,171.22,65.85,0.0,900.0,0.0,0.0
bz_nbr7008_043,period_4,4,44,0,1,900.0,4606.0,5465.22,1512.3,1,4480.21,0.0,0.0,0.0,2.96,71.65,0.0,71.65,51.18,0.0,900.0,0.0,0.0
bz_nbr7008_043,period_4,4,51,0,1,1200.0,7580.63,5944.29,1866.73,2,7437.67,0.0,0.0,0.0,3.99,75.81,0.0,75.81,63.17,0.0,1200.0,0.0,0.0
bz_nbr7008_043,period_4,4,66,0,1,1200.0,7923.29,5944.29,1469.72,2,5526.98,0.0,0.0,0.0,3.76,387.95,0.0,387.95,49.74,1954.86,1200.0,481.38,0.0
bz_nbr7008_043,period_4,4,72,0,1,1200.0,8488.08,5944.29,1795.85,2,5709.5,0.0,0.0,0.0,3.18,1519.33,1519.33,0.0,60.77,1195.3,1200.0,294.34,0.0
bz_nbr7008_043,period_4,4,80,0,1,1200.0,6940.45,5944.29,1401.96,3,5415.36,174.24,174.24,0.0,3.99,52.19,0.0,52.19,47.44,1247.22,1200.0,307.13,0.0
bz_nbr7008_043,period_4,4,86,0,1,1020.0,10910.47,5742.24,3160.82,2,10554.14,0.0,0.0,0.0,3.34,246.02,0.0,246.02,106.97,0.0,1020.0,0.0,0.0
bz_nbr7008_043,period_4,4,88,0,1,1020.0,10102.75,5742.24,2926.82,2,9772.56,0.0,0.0,0.0,3.34,227.81,0.0,227.81,99.05,0.0,1020.0,0.0,0.0
bz_nbr7008_043,period_4,4,97,0,1,1020.0,8857.69,5742.24,2566.12,2,8576.46,0.0,0.0,0.0,3.34,191.05,0.0,191.05,86.84,0.0,1020.0,0.0,0.0
bz_nbr7008_043,period_4,4,109,1,1,208.0,1549.33,5465.22,2201.09,1,893.44,0.0,0.0,0.0,0.41,581.0,0.0,581.0,74.49,0.0,208.0,0.0,655.89
bz_nbr7008_043,period_4,4,110,1,1,900.0,1011.16,5465.22,332.0,1,981.23,0.0,0.0,0.0,2.96,15.73,0.0,15.73,11.24,0.0,900.0,0.0,29.93
bz_nbr7008_043,period_4,4,111,1,1,208.0,1395.29,5465.22,1982.25,1,638.76,165.81,165.81,0.0,0.41,523.23,0.0,523.23,67.08,0.0,208.0,0.0,756.53
bz_nbr7008_043,period_4,4,112,1,0,1200.0,812.18,5944.29,-0.0,0,0.0,0.0,0.0,0.0,0.0,0.0,0.0,0.0,0.0,0.0,1200.0,0.0,812.18
bz_nbr7008_043,period_4,4,113,1,1,1020.0,693.36,5742.24,200.87,2,668.26,0.0,0.0,0.0,3.34,14.95,0.0,14.95,6.8,0.0,1020.0,0.0,25.1
bz_nbr7008_043,period_4,4,114,1,1,536.0,211.54,5742.24,116.62,1,209.73,0.0,0.0,0.0,1.81,0.0,0.0,0.0,0.0,0.0,536.0,0.0,1.81
bz_nbr7008_043,period_4,4,115,1,1,555.0,17.68,5742.24,9.41,1,10.46,5.34,0.0,5.34,1.88,0.0,0.0,0.0,0.0,0.0,555.0,0.0,7.22
bz_nbr7008_043,period_4,4,116,1,1,258.0,89.33,5742.24,102.31,1,88.46,0.0,0.0,0.0,0.87,0.0,0.0,0.0,0.0,0.0,258.0,0.0,0.87
bz_nbr7008_043,period_4,4,117,1,1,746.0,15.11,5742.24,5.99,1,12.59,0.0,0.0,0.0,2.52,0.0,0.0,0.0,0.0,0.0,746.0,0.0,2.52
bz_nbr7008_043,period_5,5,103,0,1,1020.0,11056.39,5742.24,3203.1,2,10695.34,0.0,0.0,0.0,3.34,249.31,0.0,249.31,108.4,0.0,1020.0,0.0,0.0
bz_nbr7008_043,period_5,5,25,0,1,900.0,6703.85,5465.22,2201.09,1,5062.0,15.72,15.72,0.0,2.31,1549.33,1549.33,0.0,74.49,0.0,900.0,0.0,0.0
bz_nbr7008_043,period_5,5,43,0,1,900.0,7210.13,5465.22,2367.32,1,7014.9,0.0,0.0,0.0,2.96,112.16,0.0,112.16,80.11,0.0,900.0,0.0,0.0
bz_nbr7008_043,period_5,5,45,0,1,900.0,6951.6,5465.22,2282.44,1,6730.13,33.13,33.13,0.0,2.96,108.14,0.0,108.14,77.24,0.0,900.0,0.0,0.0
bz_nbr7008_043,period_5,5,48,0,1,1200.0,7938.31,5944.29,1954.81,3,7418.52,0.0,0.0,0.0,3.8,449.84,0.0,449.84,66.15,0.0,1200.0,0.0,0.0
bz_nbr7008_043,period_5,5,49,0,1,1200.0,7914.68,5944.29,1948.99,2,6942.66,387.85,387.85,0.0,3.76,514.45,0.0,514.45,65.96,0.0,1200.0,0.0,0.0
bz_nbr7008_043,period_5,5,59,0,1,1200.0,8622.27,5944.29,2123.23,2,8000.57,0.0,0.0,0.0,3.77,546.08,0.0,546.08,71.85,0.0,1200.0,0.0,0.0
bz_nbr7008_043,period_5,5,61,0,1,1200.0,8806.08,5944.29,2168.49,2,8171.21,0.0,0.0,0.0,3.77,557.72,0.0,557.72,73.38,0.0,1200.0,0.0,0.0
bz_nbr7008_043,period_5,5,64,0,1,1200.0,8804.41,5944.29,2168.08,2,8639.01,0.0,0.0,0.0,3.99,88.04,0.0,88.04,73.37,0.0,1200.0,0.0,0.0
bz_nbr7008_043,period_5,5,67,0,1,1200.0,9172.97,5944.29,2038.38,2,7391.13,0.0,0.0,0.0,3.63,813.97,813.97,0.0,68.98,895.26,1200.0,220.46,0.0
bz_nbr7008_043,period_5,5,7,0,1,900.0,7226.15,5465.22,2372.58,1,7030.49,0.0,0.0,0.0,2.96,112.41,0.0,112.41,80.29,0.0,900.0,0.0,0.0
bz_nbr7008_043,period_5,5,74,0,1,1200.0,8979.55,5944.29,2211.21,2,8810.94,0.0,0.0,0.0,3.99,89.8,0.0,89.8,74.83,0.0,1200.0,0.0,0.0
bz_nbr7008_043,period_5,5,75,0,1,1200.0,8068.01,5944.29,1986.74,2,7486.03,0.0,0.0,0.0,3.77,510.97,0.0,510.97,67.23,0.0,1200.0,0.0,0.0
bz_nbr7008_043,period_5,5,76,0,1,1200.0,7790.32,5944.29,1918.36,2,7208.78,0.0,0.0,0.0,3.76,512.86,0.0,512.86,64.92,0.0,1200.0,0.0,0.0
bz_nbr7008_043,period_5,5,77,0,1,1200.0,9082.29,5944.29,2236.51,2,8911.79,0.0,0.0,0.0,3.99,90.82,0.0,90.82,75.69,0.0,1200.0,0.0,0.0
bz_nbr7008_043,period_5,5,78,0,1,1200.0,7641.03,5944.29,1881.6,2,7089.65,0.0,0.0,0.0,3.77,483.93,0.0,483.93,63.68,0.0,1200.0,0.0,0.0
bz_nbr7008_043,period_5,5,80,0,1,1200.0,6940.45,5944.29,1709.08,2,6439.28,0.0,0.0,0.0,3.77,439.56,0.0,439.56,57.84,0.0,1200.0,0.0,0.0
bz_nbr7008_043,period_5,5,83,0,1,1020.0,12560.0,5742.24,3638.7,2,12161.28,1.33,0.0,1.33,3.34,270.9,0.0,270.9,123.14,0.0,1020.0,0.0,0.0
bz_nbr7008_043,period_5,5,89,0,1,1020.0,11111.48,5742.24,3219.06,2,10236.81,0.0,0.0,0.0,3.18,762.55,0.0,762.55,108.94,0.0,1020.0,0.0,0.0
bz_nbr7008_043,period_5,5,94,0,1,1020.0,10296.48,5742.24,2982.95,2,9970.11,0.0,0.0,0.0,3.34,222.08,0.0,222.08,100.95,0.0,1020.0,0.0,0.0
bz_nbr7008_043,period_5,5,99,0,1,1020.0,11479.18,5742.24,3325.58,2,10976.41,128.04,128.04,0.0,3.34,258.84,0.0,258.84,112.54,0.0,1020.0,0.0,0.0
bz_nbr7008_043,period_5,5,109,1,1,208.0,1261.64,5465.22,1792.38,1,725.43,2.03,0.0,2.03,0.41,473.11,0.0,473.11,60.66,0.0,208.0,0.0,536.21
bz_nbr7008_043,period_5,5,110,1,1,876.0,26.85,5465.22,9.06,1,23.89,0.0,0.0,0.0,2.96,0.0,0.0,0.0,0.0,0.0,876.0,0.0,2.96
bz_nbr7008_043,period_5,5,111,1,1,208.0,1821.24,5465.22,2587.38,1,394.92,655.39,655.39,0.0,0.41,682.96,0.0,682.96,87.56,0.0,208.0,0.0,1426.32
bz_nbr7008_043,period_5,5,112,1,0,208.0,1450.51,5465.22,0.0,0,0.0,0.0,0.0,0.0,0.0,0.0,0.0,0.0,0.0,0.0,208.0,0.0,1450.51
bz_nbr7008_043,period_5,5,113,1,1,208.0,1369.28,5465.22,1945.3,1,376.15,327.88,327.88,0.0,0.36,599.06,0.0,599.06,65.83,0.0,208.0,0.0,993.13
bz_nbr7008_043,period_5,5,114,1,1,1200.0,1954.86,5944.29,481.38,2,1773.6,0.0,0.0,0.0,3.69,161.28,0.0,161.28,16.29,0.0,1200.0,0.0,181.26
bz_nbr7008_043,period_5,5,115,1,1,1200.0,1195.3,5944.29,294.34,2,1083.03,0.0,0.0,0.0,3.69,98.61,0.0,98.61,9.96,0.0,1200.0,0.0,112.27
bz_nbr7008_043,period_5,5,116,1,1,250.0,1519.33,5944.29,1795.85,2,1457.74,0.0,0.0,0.0,0.81,0.0,0.0,0.0,60.77,0.0,250.0,0.0,61.59
bz_nbr7008_043,period_5,5,117,1,1,107.0,174.24,5944.29,481.19,1,173.88,0.0,0.0,0.0,0.36,0.0,0.0,0.0,0.0,0.0,107.0,0.0,0.36
bz_nbr7008_043,period_5,5,118,1,1,1200.0,1247.22,5944.29,307.13,2,1220.37,0.0,0.0,0.0,3.99,12.47,0.0,12.47,10.39,0.0,1200.0,0.0,26.85
bz_nbr7008_043,period_5,5,119,1,1,258.0,134.75,5742.24,154.34,1,133.88,0.0,0.0,0.0,0.87,0.0,0.0,0.0,0.0,0.0,258.0,0.0,0.87
bz_nbr7008_043,period_5,5,120,1,1,1020.0,865.29,5742.24,250.68,2,839.16,9.16,0.0,9.16,3.4,5.09,0.0,5.09,8.48,0.0,1020.0,0.0,26.13
bz_nbr7008_075,period_1,1,1,0,1,1000.0,6006.21,5355.26,656.03,5,3312.56,286.98,286.98,0.0,5.5,228.46,228.46,0.0,38.72,2133.99,1000.0,361.54,0.0
bz_nbr7008_075,period_1,1,2,0,1,1000.0,6606.91,5355.26,1119.34,2,6520.23,1.57,0.0,1.57,5.83,13.21,0.0,13.21,66.07,0.0,1000.0,0.0,0.0
bz_nbr7008_075,period_1,1,4,0,1,1000.0,7071.97,5355.26,1198.13,2,6529.05,0.0,0.0,0.0,5.45,466.75,466.75,0.0,70.72,0.0,1000.0,0.0,0.0
bz_nbr7008_075,period_1,1,6,0,1,1000.0,7251.61,5355.26,1228.57,5,6738.51,0.0,0.0,0.0,5.49,435.1,435.1,0.0,72.52,0.0,1000.0,0.0,0.0
bz_nbr7008_075,period_1,1,7,0,1,1000.0,6173.57,5355.26,1045.92,2,6093.66,0.0,0.0,0.0,5.83,12.35,0.0,12.35,61.74,0.0,1000.0,0.0,0.0
bz_nbr7008_075,period_1,1,8,0,1,1000.0,7395.89,5355.26,1253.01,2,6772.97,55.37,55.37,0.0,5.45,488.13,488.13,0.0,73.96,0.0,1000.0,0.0,0.0
bz_nbr7008_075,period_2,2,1,0,1,1000.0,6006.21,5355.26,773.12,2,4211.05,0.0,0.0,0.0,5.45,301.18,301.18,0.0,45.63,1442.89,1000.0,244.45,0.0
bz_nbr7008_075,period_2,2,10,0,1,1000.0,7523.85,5355.26,1274.69,2,7312.91,114.82,114.82,0.0,5.83,15.05,0.0,15.05,75.24,0.0,1000.0,0.0,0.0
bz_nbr7008_075,period_2,2,2,0,1,1000.0,6606.91,5355.26,807.53,5,4284.52,0.0,0.0,0.0,5.31,428.98,428.98,0.0,47.66,1840.44,1000.0,311.81,0.0
bz_nbr7008_075,period_2,2,6,0,1,1000.0,7251.61,5355.26,1228.57,2,7158.76,0.0,0.0,0.0,5.83,14.5,0.0,14.5,72.52,0.0,1000.0,0.0,0.0
bz_nbr7008_075,period_2,2,7,0,1,1000.0,6173.57,5355.26,1045.92,2,5698.92,0.0,0.0,0.0,5.45,407.46,407.46,0.0,61.74,0.0,1000.0,0.0,0.0
bz_nbr7008_075,period_2,2,12,1,1,495.0,190.82,5355.26,65.31,1,0.0,187.9,187.9,0.0,2.92,0.0,0.0,0.0,0.0,0.0,495.0,0.0,190.82
bz_nbr7008_075,period_2,2,13,1,1,38.0,96.16,5355.26,428.72,1,94.81,1.12,1.12,0.0,0.22,0.0,0.0,0.0,0.0,0.0,38.0,0.0,1.35
bz_nbr7008_075,period_2,2,14,1,1,1000.0,2133.99,5355.26,361.54,2,1680.03,426.78,426.78,0.0,5.84,0.0,0.0,0.0,21.34,0.0,1000.0,0.0,453.96
bz_nbr7008_075,period_2,2,15,1,1,59.0,228.46,5355.26,656.03,1,145.8,1.12,0.0,1.12,0.22,42.59,0.0,42.59,38.72,0.0,59.0,0.0,82.66
bz_nbr7008_075,period_2,2,16,1,1,66.0,466.75,5355.26,1198.13,1,187.62,80.89,80.89,0.0,0.22,127.3,0.0,127.3,70.72,0.0,66.0,0.0,279.13
bz_nbr7008_075,period_2,2,17,1,1,60.0,435.1,5355.26,1228.58,1,274.22,1.12,0.0,1.12,0.22,87.02,0.0,87.02,72.52,0.0,60.0,0.0,160.88
bz_nbr7008_075,period_2,2,18,1,1,744.0,55.37,5355.26,12.61,1,50.98,0.0,0.0,0.0,4.39,0.0,0.0,0.0,0.0,0.0,744.0,0.0,4.39
bz_nbr7008_075,period_2,2,19,1,1,66.0,488.13,5355.26,1253.01,1,0.0,280.82,280.82,0.0,0.22,133.13,0.0,133.13,73.96,0.0,66.0,0.0,488.13
bz_nbr7008_075,period_3,3,1,0,1,1000.0,6006.21,5355.26,1017.57,6,5052.5,575.79,575.79,0.0,5.54,312.32,312.32,0.0,60.06,0.0,1000.0,0.0,0.0
bz_nbr7008_075,period_3,3,10,0,1,1000.0,7523.85,5355.26,1274.69,2,7427.73,0.0,0.0,0.0,5.83,15.05,0.0,15.05,75.24,0.0,1000.0,0.0,0.0
bz_nbr7008_075,period_3,3,2,0,1,1000.0,6606.91,5355.26,1119.34,2,6065.43,33.9,33.9,0.0,5.45,436.06,436.06,0.0,66.07,0.0,1000.0,0.0,0.0
bz_nbr7008_075,period_3,3,6,0,1,1000.0,7251.61,5355.26,1228.57,2,7092.47,66.29,66.29,0.0,5.83,14.5,0.0,14.5,72.52,0.0,1000.0,0.0,0.0
bz_nbr7008_075,period_3,3,9,0,1,1000.0,7560.04,5355.26,1280.82,2,6980.02,0.0,0.0,0.0,5.45,498.96,498.96,0.0,75.6,0.0,1000.0,0.0,0.0
bz_nbr7008_075,period_3,3,12,1,1,1000.0,1442.89,5355.26,244.45,2,1422.62,0.0,0.0,0.0,5.84,0.0,0.0,0.0,14.43,0.0,1000.0,0.0,20.27
bz_nbr7008_075,period_3,3,13,1,1,66.0,301.18,5355.26,773.12,1,173.18,0.0,0.0,0.0,0.22,82.14,0.0,82.14,45.63,0.0,66.0,0.0,128.0
bz_nbr7008_075,period_3,3,14,1,1,1000.0,1840.44,5355.26,311.81,2,1418.31,396.04,396.04,0.0,5.84,1.84,0.0,1.84,18.4,0.0,1000.0,0.0,422.13
bz_nbr7008_075,period_3,3,15,1,1,90.0,428.98,5355.26,807.53,2,361.8,0.0,0.0,0.0,0.45,19.07,0.0,19.07,47.66,0.0,90.0,0.0,67.18
bz_nbr7008_075,period_3,3,16,1,1,66.0,407.46,5355.26,1045.94,1,234.37,0.0,0.0,0.0,0.22,111.13,0.0,111.13,61.74,0.0,66.0,0.0,173.09
bz_nbr7008_075,period_3,3,17,1,1,494.0,114.82,5355.26,39.38,1,111.9,0.0,0.0,0.0,2.92,0.0,0.0,0.0,0.0,0.0,494.0,0.0,2.92
bz_nbr7008_075,period_4,4,1,0,1,1000.0,6006.21,5355.26,1017.57,2,4456.45,1087.83,1087.83,0.0,5.45,396.41,396.41,0.0,60.06,0.0,1000.0,0.0,0.0
bz_nbr7008_075,period_4,4,11,0,1,1000.0,7895.06,5355.26,1337.58,3,6737.34,0.0,0.0,0.0,5.04,1073.73,1073.73,0.0,78.95,0.0,1000.0,0.0,0.0
bz_nbr7008_075,period_4,4,3,0,1,1000.0,6948.64,5355.26,1177.24,2,6415.09,0.0,0.0,0.0,5.45,458.61,458.61,0.0,69.49,0.0,1000.0,0.0,0.0
bz_nbr7008_075,period_4,4,5,0,1,1000.0,7567.23,5355.26,1282.04,2,7470.59,0.0,0.0,0.0,5.83,15.13,0.0,15.13,75.67,0.0,1000.0,0.0,0.0
bz_nbr7008_075,period_4,4,7,0,1,1000.0,6173.57,5355.26,536.04,2,2933.04,190.28,190.28,0.0,5.84,3.16,0.0,3.16,31.64,3009.61,1000.0,509.89,0.0
bz_nbr7008_075,period_4,4,12,1,1,180.0,5.31,5355.26,5.0,1,4.25,0.0,0.0,0.0,1.06,0.0,0.0,0.0,0.0,0.0,180.0,0.0,1.06
bz_nbr7008_075,period_4,4,13,1,1,180.0,482.99,5355.26,454.6,1,481.93,0.0,0.0,0.0,1.06,0.0,0.0,0.0,0.0,0.0,180.0,0.0,1.06
bz_nbr7008_075,period_4,4,14,1,1,38.0,87.49,5355.26,390.07,1,86.14,1.12,1.12,0.0,0.22,0.0,0.0,0.0,0.0,0.0,38.0,0.0,1.35
bz_nbr7008_075,period_4,4,15,1,1,52.0,312.32,5355.26,1017.56,1,228.01,0.0,0.0,0.0,0.22,24.02,0.0,24.02,60.06,0.0,52.0,0.0,84.31
bz_nbr7008_075,period_4,4,16,1,1,744.0,33.9,5355.26,7.72,1,29.51,0.0,0.0,0.0,4.39,0.0,0.0,0.0,0.0,0.0,744.0,0.0,4.39
bz_nbr7008_075,period_4,4,17,1,1,66.0,436.06,5355.26,1119.35,1,250.84,0.0,0.0,0.0,0.22,118.93,0.0,118.93,66.07,0.0,66.0,0.0,185.22
bz_nbr7008_075,period_4,4,18,1,1,494.0,66.29,5355.26,22.73,1,63.37,0.0,0.0,0.0,2.92,0.0,0.0,0.0,0.0,0.0,494.0,0.0,2.92
bz_nbr7008_075,period_4,4,19,1,1,66.0,498.96,5355.26,1280.81,1,89.86,197.2,197.2,0.0,0.22,136.08,0.0,136.08,75.6,0.0,66.0,0.0,409.1
bz_nbr7008_075,period_5,5,1,0,1,1000.0,6006.21,5355.26,1017.57,5,5273.03,127.25,127.25,0.0,5.31,540.56,540.56,0.0,60.06,0.0,1000.0,0.0,0.0
bz_nbr7008_075,period_5,5,10,0,1,1000.0,7523.85,5355.26,1274.69,2,6946.58,0.0,0.0,0.0,5.45,496.57,496.57,0.0,75.24,0.0,1000.0,0.0,0.0
bz_nbr7008_075,period_5,5,2,0,1,1000.0,6606.91,5355.26,1119.34,2,6521.8,0.0,0.0,0.0,5.83,13.21,0.0,13.21,66.07,0.0,1000.0,0.0,0.0
bz_nbr7008_075,period_5,5,6,0,1,1000.0,7251.61,5355.26,1228.57,2,7158.76,0.0,0.0,0.0,5.83,14.5,0.0,14.5,72.52,0.0,1000.0,0.0,0.0
bz_nbr7008_075,period_5,5,7,0,1,1000.0,6173.57,5355.26,647.61,2,3658.95,115.67,115.67,0.0,5.84,3.82,0.0,3.82,38.23,2351.06,1000.0,398.32,0.0
bz_nbr7008_075,period_5,5,9,0,1,1000.0,7560.04,5355.26,1280.82,2,6979.1,0.92,0.0,0.92,5.45,498.96,498.96,0.0,75.6,0.0,1000.0,0.0,0.0
bz_nbr7008_075,period_5,5,12,1,1,180.0,14.12,5355.26,13.29,1,13.06,0.0,0.0,0.0,1.06,0.0,0.0,0.0,0.0,0.0,180.0,0.0,1.06
bz_nbr7008_075,period_5,5,13,1,1,744.0,1073.71,5355.26,244.5,1,1069.32,0.0,0.0,0.0,4.39,0.0,0.0,0.0,0.0,0.0,744.0,0.0,4.39
bz_nbr7008_075,period_5,5,14,1,1,66.0,396.41,5355.26,1017.57,1,0.0,228.01,228.01,0.0,0.22,108.11,0.0,108.11,60.06,0.0,66.0,0.0,396.41
bz_nbr7008_075,period_5,5,15,1,1,66.0,458.61,5355.26,1177.24,1,263.82,0.0,0.0,0.0,0.22,125.08,0.0,125.08,69.49,0.0,66.0,0.0,194.79
bz_nbr7008_075,period_5,5,16,1,1,495.0,190.28,5355.26,65.13,1,187.36,0.0,0.0,0.0,2.92,0.0,0.0,0.0,0.0,0.0,495.0,0.0,2.92
bz_nbr7008_075,period_5,5,17,1,1,1000.0,3009.61,5355.26,509.89,2,2967.66,0.0,0.0,0.0,5.83,6.02,0.0,6.02,30.1,0.0,1000.0,0.0,41.95
bz_nbr7008_075,period_5,5,18,1,1,136.0,1073.73,5355.26,1337.58,3,606.44,292.93,291.81,1.12,0.67,94.74,0.0,94.74,78.95,0.0,136.0,0.0,467.29
bz_nbr7008_095,period_1,1,10,0,1,1000.0,8416.52,5412.45,1125.73,4,6727.23,0.0,0.0,0.0,5.98,1599.14,1599.14,0.0,84.17,0.0,1000.0,0.0,0.0
bz_nbr7008_095,period_1,1,2,0,1,1000.0,9411.76,5412.45,1258.85,3,9294.61,15.63,15.63,0.0,7.4,0.0,0.0,0.0,94.12,0.0,1000.0,0.0,0.0
bz_nbr7008_095,period_1,1,4,0,1,1000.0,9000.68,5412.45,1203.86,3,7659.03,111.1,111.1,0.0,6.46,1134.09,1134.09,0.0,90.01,0.0,1000.0,0.0,0.0
bz_nbr7008_095,period_1,1,7,0,1,1000.0,11315.34,5412.45,1513.45,3,11194.78,0.0,0.0,0.0,7.4,0.0,0.0,0.0,113.15,0.0,1000.0,0.0,0.0
bz_nbr7008_095,period_1,1,8,0,1,1000.0,10079.29,5412.45,1348.13,3,8453.93,248.12,248.12,0.0,6.46,1269.99,1269.99,0.0,100.79,0.0,1000.0,0.0,0.0
bz_nbr7008_095,period_1,1,9,0,1,1000.0,10904.98,5412.45,1458.57,5,10788.53,0.0,0.0,0.0,7.4,0.0,0.0,0.0,109.05,0.0,1000.0,0.0,0.0
bz_nbr7008_095,period_2,2,10,0,1,1000.0,8416.52,5412.45,1125.73,3,8210.68,114.27,114.27,0.0,7.4,0.0,0.0,0.0,84.17,0.0,1000.0,0.0,0.0
bz_nbr7008_095,period_2,2,2,0,1,1000.0,9411.76,5412.45,1258.85,3,9310.24,0.0,0.0,0.0,7.4,0.0,0.0,0.0,94.12,0.0,1000.0,0.0,0.0
bz_nbr7008_095,period_2,2,4,0,1,1000.0,9000.68,5412.45,1203.86,4,6925.29,269.27,269.27,0.0,5.98,1710.13,1710.13,0.0,90.01,0.0,1000.0,0.0,0.0
bz_nbr7008_095,period_2,2,5,0,1,1000.0,9700.28,5412.45,1297.44,3,9595.88,0.0,0.0,0.0,7.4,0.0,0.0,0.0,97.0,0.0,1000.0,0.0,0.0
bz_nbr7008_095,period_2,2,6,0,1,1000.0,9450.33,5412.45,922.81,3,5616.86,337.74,337.74,0.0,6.46,869.32,869.32,0.0,68.99,2550.96,1000.0,341.2,0.0
bz_nbr7008_095,period_2,2,8,0,1,1000.0,10079.29,5412.45,1348.13,3,8702.05,0.0,0.0,0.0,6.46,1269.99,1269.99,0.0,100.79,0.0,1000.0,0.0,0.0
bz_nbr7008_095,period_2,2,12,1,1,330.0,15.63,5412.45,6.34,1,13.16,0.0,0.0,0.0,2.47,0.0,0.0,0.0,0.0,0.0,330.0,0.0,2.47
bz_nbr7008_095,period_2,2,13,1,1,554.0,20.71,5412.45,5.0,1,16.57,0.0,0.0,0.0,4.14,0.0,0.0,0.0,0.0,0.0,554.0,0.0,4.14
bz_nbr7008_095,period_2,2,14,1,1,200.0,90.39,5412.45,60.45,1,88.89,0.0,0.0,0.0,1.5,0.0,0.0,0.0,0.0,0.0,200.0,0.0,1.5
bz_nbr7008_095,period_2,2,15,1,1,126.0,1134.09,5412.45,1203.87,1,989.26,0.0,0.0,0.0,0.82,54.0,0.0,54.0,90.01,0.0,126.0,0.0,144.83
bz_nbr7008_095,period_2,2,16,1,1,554.0,81.22,5412.45,19.61,1,77.08,0.0,0.0,0.0,4.14,0.0,0.0,0.0,0.0,0.0,554.0,0.0,4.14
bz_nbr7008_095,period_2,2,17,1,1,110.0,166.9,5412.45,202.94,1,166.08,0.0,0.0,0.0,0.82,0.0,0.0,0.0,0.0,0.0,110.0,0.0,0.82
bz_nbr7008_095,period_2,2,18,1,1,126.0,1269.99,5412.45,1348.13,1,1107.9,0.0,0.0,0.0,0.82,60.48,0.0,60.48,100.79,0.0,126.0,0.0,162.09
bz_nbr7008_095,period_2,2,19,1,1,190.0,1599.14,5412.45,1125.73,1,925.0,0.0,0.0,0.0,0.82,589.16,0.0,589.16,84.17,0.0,190.0,0.0,674.14
bz_nbr7008_095,period_3,3,10,0,1,1000.0,8416.52,5412.45,896.69,3,5560.39,225.48,225.48,0.0,6.46,844.71,844.71,0.0,67.04,1712.44,1000.0,229.04,0.0
bz_nbr7008_095,period_3,3,11,0,1,1000.0,10148.98,5412.45,1357.45,3,10040.09,0.0,0.0,0.0,7.4,0.0,0.0,0.0,101.49,0.0,1000.0,0.0,0.0
bz_nbr7008_095,period_3,3,2,0,1,1000.0,9411.76,5412.45,1258.85,3,8971.69,0.0,0.0,0.0,7.13,338.82,0.0,338.82,94.12,0.0,1000.0,0.0,0.0
bz_nbr7008_095,period_3,3,4,0,1,1000.0,9000.68,5412.45,1203.86,3,8903.27,0.0,0.0,0.0,7.4,0.0,0.0,0.0,90.01,0.0,1000.0,0.0,0.0
bz_nbr7008_095,period_3,3,5,0,1,1000.0,9700.28,5412.45,1297.44,4,8085.21,56.74,56.74,0.0,6.28,1455.04,1455.04,0.0,97.0,0.0,1000.0,0.0,0.0
bz_nbr7008_095,period_3,3,6,0,1,1000.0,9450.33,5412.45,1264.0,3,8158.63,0.0,0.0,0.0,6.46,1190.74,1190.74,0.0,94.5,0.0,1000.0,0.0,0.0
bz_nbr7008_095,period_3,3,8,0,1,1000.0,10079.29,5412.45,1348.13,3,9971.1,0.0,0.0,0.0,7.4,0.0,0.0,0.0,100.79,0.0,1000.0,0.0,0.0
bz_nbr7008_095,period_3,3,12,1,1,200.0,269.27,5412.45,180.08,1,267.77,0.0,0.0,0.0,1.5,0.0,0.0,0.0,0.0,0.0,200.0,0.0,1.5
bz_nbr7008_095,period_3,3,13,1,1,190.0,1710.13,5412.45,1203.86,1,989.25,0.0,0.0,0.0,0.82,630.05,0.0,630.05,90.01,0.0,190.0,0.0,720.88
bz_nbr7008_095,period_3,3,14,1,1,110.0,337.74,5412.45,410.67,1,336.92,0.0,0.0,0.0,0.82,0.0,0.0,0.0,0.0,0.0,110.0,0.0,0.82
bz_nbr7008_095,period_3,3,15,1,1,1000.0,2550.96,5412.45,341.2,3,2518.05,0.0,0.0,0.0,7.4,0.0,0.0,0.0,25.51,0.0,1000.0,0.0,32.91
bz_nbr7008_095,period_3,3,16,1,1,126.0,869.32,5412.45,922.81,1,758.11,0.0,0.0,0.0,0.82,41.4,0.0,41.4,68.99,0.0,126.0,0.0,111.21
bz_nbr7008_095,period_3,3,17,1,1,126.0,1269.99,5412.45,1348.13,1,1107.9,0.0,0.0,0.0,0.82,60.48,0.0,60.48,100.79,0.0,126.0,0.0,162.09
bz_nbr7008_095,period_3,3,18,1,1,330.0,114.27,5412.45,46.31,1,110.25,1.55,0.0,1.55,2.47,0.0,0.0,0.0,0.0,0.0,330.0,0.0,4.02
bz_nbr7008_095,period_4,4,10,0,1,1000.0,8416.52,5412.45,1125.73,3,6955.78,309.63,309.63,0.0,6.46,1060.48,1060.48,0.0,84.17,0.0,1000.0,0.0,0.0
bz_nbr7008_095,period_4,4,2,0,1,1000.0,9411.76,5412.45,1258.85,3,8915.07,56.61,56.61,0.0,7.13,338.82,0.0,338.82,94.12,0.0,1000.0,0.0,0.0
bz_nbr7008_095,period_4,4,4,0,1,1000.0,9000.68,5412.45,1203.86,3,7734.16,0.0,0.0,0.0,6.43,1170.09,1170.09,0.0,90.01,0.0,1000.0,0.0,0.0
bz_nbr7008_095,period_4,4,5,0,1,1000.0,9700.28,5412.45,1297.44,3,9517.4,78.47,78.47,0.0,7.4,0.0,0.0,0.0,97.0,0.0,1000.0,0.0,0.0
bz_nbr7008_095,period_4,4,6,0,1,1000.0,9450.33,5412.45,1264.0,3,9348.42,0.0,0.0,0.0,7.4,0.0,0.0,0.0,94.5,0.0,1000.0,0.0,0.0
bz_nbr7008_095,period_4,4,12,1,1,200.0,56.74,5412.45,37.95,1,55.24,0.0,0.0,0.0,1.5,0.0,0.0,0.0,0.0,0.0,200.0,0.0,1.5
bz_nbr7008_095,period_4,4,13,1,1,150.0,1455.04,5412.45,1297.43,1,1066.21,0.0,0.0,0.0,0.82,291.01,0.0,291.01,97.0,0.0,150.0,0.0,388.83
bz_nbr7008_095,period_4,4,14,1,1,126.0,1190.74,5412.45,1264.0,1,1038.71,0.0,0.0,0.0,0.82,56.7,0.0,56.7,94.5,0.0,126.0,0.0,152.03
bz_nbr7008_095,period_4,4,15,1,1,110.0,225.48,5412.45,274.17,1,224.66,0.0,0.0,0.0,0.82,0.0,0.0,0.0,0.0,0.0,110.0,0.0,0.82
bz_nbr7008_095,period_4,4,16,1,1,1000.0,1712.44,5412.45,229.04,5,1619.72,0.0,0.0,0.0,7.1,68.5,0.0,68.5,17.12,0.0,1000.0,0.0,92.72
bz_nbr7008_095,period_4,4,17,1,1,126.0,844.71,5412.45,896.68,1,736.62,0.0,0.0,0.0,0.82,40.22,0.0,40.22,67.04,0.0,126.0,0.0,108.09
bz_nbr7008_095,period_5,5,10,0,1,1000.0,8416.52,5412.45,1125.73,4,8190.41,0.0,0.0,0.0,7.28,134.66,0.0,134.66,84.17,0.0,1000.0,0.0,0.0
bz_nbr7008_095,period_5,5,11,0,1,1000.0,10148.98,5412.45,1357.45,3,10003.64,36.45,36.45,0.0,7.4,0.0,0.0,0.0,101.49,0.0,1000.0,0.0,0.0
bz_nbr7008_095,period_5,5,2,0,1,1000.0,9411.76,5412.45,1258.85,4,7523.43,0.0,0.0,0.0,5.98,1788.23,1788.23,0.0,94.12,0.0,1000.0,0.0,0.0
bz_nbr7008_095,period_5,5,3,0,1,1000.0,11126.31,5412.45,1488.17,3,11007.65,0.0,0.0,0.0,7.4,0.0,0.0,0.0,111.26,0.0,1000.0,0.0,0.0
bz_nbr7008_095,period_5,5,7,0,1,1000.0,11315.34,5412.45,1513.45,3,11194.78,0.0,0.0,0.0,7.4,0.0,0.0,0.0,113.15,0.0,1000.0,0.0,0.0
bz_nbr7008_095,period_5,5,9,0,1,1000.0,10904.98,5412.45,1458.57,4,10236.18,377.99,377.99,0.0,7.28,174.48,0.0,174.48,109.05,0.0,1000.0,0.0,0.0
bz_nbr7008_095,period_5,5,12,1,1,200.0,56.61,5412.45,37.86,1,55.11,0.0,0.0,0.0,1.5,0.0,0.0,0.0,0.0,0.0,200.0,0.0,1.5
bz_nbr7008_095,period_5,5,13,1,1,130.0,1170.09,5412.45,1203.86,1,989.25,0.0,0.0,0.0,0.82,90.01,0.0,90.01,90.01,0.0,130.0,0.0,180.84
bz_nbr7008_095,period_5,5,14,1,1,330.0,78.47,5412.45,31.8,1,76.0,0.0,0.0,0.0,2.47,0.0,0.0,0.0,0.0,0.0,330.0,0.0,2.47
bz_nbr7008_095,period_5,5,15,1,1,554.0,178.71,5412.45,43.15,1,168.71,5.86,0.0,5.86,4.14,0.0,0.0,0.0,0.0,0.0,554.0,0.0,10.0
bz_nbr7008_095,period_5,5,16,1,1,110.0,130.92,5412.45,159.19,1,130.1,0.0,0.0,0.0,0.82,0.0,0.0,0.0,0.0,0.0,110.0,0.0,0.82
bz_nbr7008_095,period_5,5,17,1,1,126.0,1060.48,5412.45,1125.73,1,924.99,0.0,0.0,0.0,0.82,50.5,0.0,50.5,84.17,0.0,126.0,0.0,135.49
